Unnamed: 0,id,subj,prop,obj,subj_id,prop_id,obj_id,s_aliases,o_aliases,s_uri,o_uri,s_wiki_title,o_wiki_title,s_pop,o_pop,problem,answer,raw_responses,responses,confidences,accuracies
1361,2045837,Nothing,genre,comedy-drama,896063,91,2852854,[],"[""dramedy"",""comedic drama"",""tragicomedy"",""seriocomedy"",""comedy drama"",""dramatic comedy"",""Comedy-drama, dramedy""]",http://www.wikidata.org/entity/Q2662206,http://www.wikidata.org/entity/Q859369,Nothing (film),Comedy-drama,1521,36819,What genre is Nothing?,"[""comedy-drama"", ""dramedy"", ""comedic drama"", ""tragicomedy"", ""seriocomedy"", ""comedy drama"", ""dramatic comedy"", ""Comedy-drama, dramedy""]","{""answer"":""Insufficient context to determine which work titled 'Nothing' is meant (there are songs, albums, films, and books across genres), please specify the artist, author, or medium."",""confidence_score"":45}","Insufficient context to determine which work titled 'Nothing' is meant (there are songs, albums, films, and books across genres), please specify the artist, author, or medium.",0.45,NOT_ATTEMPTED
3390,6542674,Eustace,country,United States of America,2935228,182,988513,"[""Eustace, Texas""]","[""the United States of America"",""America"",""U.S.A."",""USA"",""U.S."",""US"",""the US"",""the USA"",""US of A"",""the United States"",""U. S. A."",""U. S."",""the States"",""the U.S."",""'Merica"",""U.S"",""United States"",""'Murica""]",http://www.wikidata.org/entity/Q982672,http://www.wikidata.org/entity/Q30,"Eustace, Texas",United States,482,1629691,In what country is Eustace?,"[""United States of America"", ""the United States of America"", ""America"", ""U.S.A."", ""USA"", ""U.S."", ""US"", ""the US"", ""the USA"", ""US of A"", ""the United States"", ""U. S. A."", ""U. S."", ""the States"", ""the U.S."", ""'Merica"", ""U.S"", ""United States"", ""'Murica""]","{""answer"":""Eustace is in the United States (Eustace, Texas)."",""confidence_score"":85}","Eustace is in the United States (Eustace, Texas).",0.85,CORRECT
7604,1904708,A Hole in the Head,director,Frank Capra,836903,526,1640521,"[""Hole in the Head""]","[""Frank Robert Capra"",""Frank Russell Capra"",""Francesco Capra"",""Francesco Rosario Capra""]",http://www.wikidata.org/entity/Q2468401,http://www.wikidata.org/entity/Q51492,A Hole in the Head,Frank Capra,2018,20822,Who was the director of A Hole in the Head?,"[""Frank Capra"", ""Frank Robert Capra"", ""Frank Russell Capra"", ""Francesco Capra"", ""Francesco Rosario Capra""]","{
""answer"": ""Frank Capra directed the 1959 film A Hole in the Head."",
""confidence_score"": 98
}",Frank Capra directed the 1959 film A Hole in the Head.,0.98,CORRECT
6902,908444,Since,director,Andy Warhol,385998,526,1878164,[],"[""Andrew Warhola"",""Andrew Warhol"",""Drella"",""Andrej Varchol"",""Andrej Warhol""]",http://www.wikidata.org/entity/Q16167442,http://www.wikidata.org/entity/Q5603,Since (film),Andy Warhol,407,218598,Who was the director of Since?,"[""Andy Warhol"", ""Andrew Warhola"", ""Andrew Warhol"", ""Drella"", ""Andrej Varchol"", ""Andrej Warhol""]","{
""answer"": ""The director of Since (2015 South Korean film) is Chang Yu-kai (also credited as Zhang Yuke)."",
""confidence_score"": 45
}",The director of Since (2015 South Korean film) is Chang Yu-kai (also credited as Zhang Yuke).,0.45,INCORRECT
6503,136561,The Inspector General,director,Henry Koster,54700,526,2057383,"[""Inspector General""]",[],http://www.wikidata.org/entity/Q1089010,http://www.wikidata.org/entity/Q61859,The Inspector General (1949 film),Henry Koster,1494,1520,Who was the director of The Inspector General?,"[""Henry Koster""]","{""answer"":""The director of the 1949 film The Inspector General (also released as The Government Inspector) was Henry Koster."",""confidence_score"":60}",The director of the 1949 film The Inspector General (also released as The Government Inspector) was Henry Koster.,0.6,CORRECT
8551,4408311,Cover Up,screenwriter,William Tannen,1937339,533,1166139,[],[],http://www.wikidata.org/entity/Q576456,http://www.wikidata.org/entity/Q3568991,Cover Up (1991 film),,1862,-2,Who was the screenwriter for Cover Up?,"[""William Tannen""]","{""answer"":""The screenwriter for the 1949 film Cover Up was Walter Bullock (story) and William H. Wright (screenplay) — main screenplay credit: William H. Wright."",""confidence_score"":75}",The screenwriter for the 1949 film Cover Up was Walter Bullock (story) and William H. Wright (screenplay) — main screenplay credit: William H. Wright.,0.75,INCORRECT
1359,737419,The Who by Numbers,genre,rock music,313628,91,82098,"[""By Numbers""]","[""rock and roll"",""rock"",""Rock""]",http://www.wikidata.org/entity/Q1543160,http://www.wikidata.org/entity/Q11399,The Who by Numbers,Rock music,7506,140450,What genre is The Who by Numbers?,"[""rock music"", ""rock and roll"", ""rock"", ""Rock""]","{
""answer"": ""The Who by Numbers is a rock album (specifically classic rock / hard rock with elements of pop rock) by The Who."",
""confidence_score"": 95
}",The Who by Numbers is a rock album (specifically classic rock / hard rock with elements of pop rock) by The Who.,0.95,CORRECT
6559,5944662,The Night Has Eyes,director,Leslie Arliss,2667421,526,602481,"[""Night Has Eyes""]",[],http://www.wikidata.org/entity/Q7754078,http://www.wikidata.org/entity/Q1820755,The Night Has Eyes,Leslie Arliss,595,343,Who was the director of The Night Has Eyes?,"[""Leslie Arliss""]","{
""answer"": ""The director of The Night Has Eyes (1942) was Leslie Arliss."",
""confidence_score"": 95
}",The director of The Night Has Eyes (1942) was Leslie Arliss.,0.95,CORRECT
14014,56722,Sierra Leone,capital,Freetown,22615,422,1213549,"[""Republic of Sierra Leone"",""sl"",""\ud83c\uddf8\ud83c\uddf1"",""SLE""]",[],http://www.wikidata.org/entity/Q1044,http://www.wikidata.org/entity/Q3780,Sierra Leone,Freetown,85082,15648,What is the capital of Sierra Leone?,"[""Freetown""]","{
""answer"": ""The capital of Sierra Leone is Freetown."",
""confidence_score"": 100
}",The capital of Sierra Leone is Freetown.,1.0,CORRECT
2816,5215769,Mother Mary Alphonsa,father,Nathaniel Hawthorne,2309613,257,2315556,"[""Rose Hawthorne Lathrop"",""Rose Hawthorne""]","[""Nathaniel Hathorne"",""Monsieur de l'Aub\u00e9pine"",""N. H.""]",http://www.wikidata.org/entity/Q6917390,http://www.wikidata.org/entity/Q69339,Mother Mary Alphonsa,Nathaniel Hawthorne,1332,45978,Who is the father of Mother Mary Alphonsa?,"[""Nathaniel Hawthorne"", ""Nathaniel Hathorne"", ""Monsieur de l'Aubépine"", ""N. H.""]","{
""answer"": ""Mother Mary Alphonsa's father was Joseph Puthenparampil."",
""confidence_score"": 65
}",Mother Mary Alphonsa's father was Joseph Puthenparampil.,0.65,INCORRECT
10763,312836,Mother,composer,Tikhon Khrennikov,126538,639,1188215,[],"[""Tikhon Nikolayevich Khrennikov""]",http://www.wikidata.org/entity/Q1214957,http://www.wikidata.org/entity/Q367830,Mother (1926 film),Tikhon Khrennikov,1084,871,Who was the composer of Mother?,"[""Tikhon Khrennikov"", ""Tikhon Nikolayevich Khrennikov""]","{""answer"":""The composer of the song “Mother” depends on which work you mean; for the 1970 song “Mother” by Pink Floyd the composer is Roger Waters (credited to Pink Floyd), while the 1920s/early 20th-century song “Mother” (popularized by Cliff Edwards and others) was composed by George W. Meyer with lyrics by Joe Young and Sam M. Lewis."",""confidence_score"":55}","The composer of the song “Mother” depends on which work you mean; for the 1970 song “Mother” by Pink Floyd the composer is Roger Waters (credited to Pink Floyd), while the 1920s/early 20th-century song “Mother” (popularized by Cliff Edwards and others) was composed by George W. Meyer with lyrics by Joe Young and Sam M. Lewis.",0.55,INCORRECT
13970,6499110,Mexico,capital,Mexico City,2919374,422,273682,"[""MX"",""mx"",""United Mexican States"",""Mexican Republic"",""MEX"",""\ud83c\uddf2\ud83c\uddfd""]","[""Mexico D.F."",""Ciudad de M\u00e9xico"",""City of Mexico"",""Mexico City, Mexico"",""CDMX"",""Mexico""]",http://www.wikidata.org/entity/Q96,http://www.wikidata.org/entity/Q1489,Mexico,Mexico City,367408,156078,What is the capital of Mexico?,"[""Mexico City"", ""Mexico D.F."", ""Ciudad de México"", ""City of Mexico"", ""Mexico City, Mexico"", ""CDMX"", ""Mexico""]","{
""answer"": ""The capital of Mexico is Mexico City."",
""confidence_score"": 100
}",The capital of Mexico is Mexico City.,1.0,CORRECT
2668,780319,Dex,genre,action role-playing game,332681,91,231165,[],"[""action role-playing video game"",""action RPG"",""ARPG"",""action\/RPG""]",http://www.wikidata.org/entity/Q15710454,http://www.wikidata.org/entity/Q1422746,Dex (video game),Action role-playing game,1491,40299,What genre is Dex?,"[""action role-playing game"", ""action role-playing video game"", ""action RPG"", ""ARPG"", ""action/RPG""]","{""answer"":""If you mean the video game 'Dex' (2015), its genre is a 2D cyberpunk action RPG with platforming and metroidvania elements."",""confidence_score"":85}","If you mean the video game 'Dex' (2015), its genre is a 2D cyberpunk action RPG with platforming and metroidvania elements.",0.85,CORRECT
4295,604577,Young Adult,producer,Diablo Cody,247371,164,790310,[],[],http://www.wikidata.org/entity/Q1460394,http://www.wikidata.org/entity/Q230795,Young Adult (film),Diablo Cody,17774,30370,Who was the producer of Young Adult?,"[""Diablo Cody""]","{
""answer"": ""The producer of the 2011 film Young Adult was Megan Ellison (primary producer) alongside producers Jody Klein and Anthony Bregman as credited producers."",
""confidence_score"": 85
}",The producer of the 2011 film Young Adult was Megan Ellison (primary producer) alongside producers Jody Klein and Anthony Bregman as credited producers.,0.85,INCORRECT
5959,2358241,Green Tea,director,Zhang Yuan,1027423,526,694210,[],"[""Yuan Zhang""]",http://www.wikidata.org/entity/Q3116114,http://www.wikidata.org/entity/Q197331,Green Tea (film),Zhang Yuan (director),300,659,Who was the director of Green Tea?,"[""Zhang Yuan"", ""Yuan Zhang""]","{
""answer"": ""The director of the 2003 Chinese film Green Tea is Zhang Yuan."",
""confidence_score"": 90
}",The director of the 2003 Chinese film Green Tea is Zhang Yuan.,0.9,CORRECT
7170,3558671,Outbreak,director,Wolfgang Petersen,1538574,526,2184798,"[""Outbreak (film)""]",[],http://www.wikidata.org/entity/Q495513,http://www.wikidata.org/entity/Q65321,Outbreak (film),Wolfgang Petersen,27608,18634,Who was the director of Outbreak?,"[""Wolfgang Petersen""]","{
""answer"": ""Outbreak (1995) was directed by Wolfgang Petersen."",
""confidence_score"": 100
}",Outbreak (1995) was directed by Wolfgang Petersen.,1.0,CORRECT
1935,2953719,Evil Dead: Hail to the King,genre,survival horror,1264710,91,1096850,[],"[""survival horror video game""]",http://www.wikidata.org/entity/Q4038405,http://www.wikidata.org/entity/Q333967,Evil Dead: Hail to the King,Survival horror,3618,44973,What genre is Evil Dead: Hail to the King?,"[""survival horror"", ""survival horror video game""]","{
""answer"": ""Evil Dead: Hail to the King is an action-adventure third-person shooter video game with elements of survival horror and hack-and-slash."",
""confidence_score"": 92
}",Evil Dead: Hail to the King is an action-adventure third-person shooter video game with elements of survival horror and hack-and-slash.,0.92,INCORRECT
190,503998,Ivan Mládek,occupation,composer,207169,22,1189033,"[""Ivan Mladek""]",[],http://www.wikidata.org/entity/Q1369539,http://www.wikidata.org/entity/Q36834,Ivan Mládek,Composer,990,28389,What is Ivan Mládek's occupation?,"[""composer"", ""songwriter"", ""song writer""]","{
""answer"": ""Ivan Mládek is a Czech musician, comedian, songwriter and television presenter best known as a guitarist and leader of the Banjo Band Jiřího Mládk (Banjo Band Ivan Mládek)."",
""confidence_score"": 87
}","Ivan Mládek is a Czech musician, comedian, songwriter and television presenter best known as a guitarist and leader of the Banjo Band Jiřího Mládk (Banjo Band Ivan Mládek).",0.87,CORRECT
12424,5325447,Odds On,author,Michael Crichton,2365028,484,534524,[],"[""John Michael Crichton"",""Michael Douglas"",""Jeffery Hudson"",""John Lange""]",http://www.wikidata.org/entity/Q7077532,http://www.wikidata.org/entity/Q172140,Odds On,Michael Crichton,739,77167,Who is the author of Odds On?,"[""Michael Crichton"", ""John Michael Crichton"", ""Michael Douglas"", ""Jeffery Hudson"", ""John Lange""]","{
""answer"": ""Odds On is a novel by American author Robert B. Parker."",
""confidence_score"": 85
}",Odds On is a novel by American author Robert B. Parker.,0.85,INCORRECT
9808,2933561,The Garden,screenwriter,Sam Bozzo,1256489,533,2530491,"[""River to Havilah"",""Garden""]",[],http://www.wikidata.org/entity/Q3987179,http://www.wikidata.org/entity/Q7407251,The Garden (2006 film),Sam Bozzo,371,98,Who was the screenwriter for The Garden?,"[""Sam Bozzo""]","{""answer"":""If you mean the 2008 documentary film The Garden, the screenwriter (writer) was Scott Hamilton Kennedy; if you mean the 1990 British film The Garden, the screenplay was by Derek Jarman and Tilda Swinton (co-writers)."",""confidence_score"":50}","If you mean the 2008 documentary film The Garden, the screenwriter (writer) was Scott Hamilton Kennedy; if you mean the 1990 British film The Garden, the screenplay was by Derek Jarman and Tilda Swinton (co-writers).",0.5,INCORRECT
7529,643465,Into the Woods,director,Rob Marshall,270854,526,1155958,[],[],http://www.wikidata.org/entity/Q14847067,http://www.wikidata.org/entity/Q353501,Into the Woods (film),Rob Marshall,39224,16786,Who was the director of Into the Woods?,"[""Rob Marshall""]","{
""answer"": ""Rob Marshall directed the 2014 film adaptation of Into the Woods."",
""confidence_score"": 95
}",Rob Marshall directed the 2014 film adaptation of Into the Woods.,0.95,CORRECT
13479,1726487,Esau,mother,Rebecca,762977,292,1267809,"[""Edom"",""Esav"",""Eisav""]","[""Rivka"",""Rivkah"",""Rebecka"",""Rebeccah""]",http://www.wikidata.org/entity/Q220822,http://www.wikidata.org/entity/Q40520,Esau,Rebecca,29079,20300,Who is the mother of Esau?,"[""Rebecca"", ""Rivka"", ""Rivkah"", ""Rebecka"", ""Rebeccah""]","{
""answer"": ""The mother of Esau is Rebekah (also spelled Rebecca), wife of Isaac and mother of Esau and Jacob."",
""confidence_score"": 100
}","The mother of Esau is Rebekah (also spelled Rebecca), wife of Isaac and mother of Esau and Jacob.",1.0,CORRECT
2005,4042471,Epidemic,genre,thrash metal,1767409,91,1473789,[],"[""trash metal"",""thrash"",""Thrash Metal"",""Best early thrash metal""]",http://www.wikidata.org/entity/Q5382695,http://www.wikidata.org/entity/Q483352,Epidemic (band),Thrash metal,292,34872,What genre is Epidemic?,"[""thrash metal"", ""trash metal"", ""thrash"", ""Thrash Metal"", ""Best early thrash metal""]","{
""answer"": ""Epidemic is an instrumental progressive metal song by the band Slayer (often described as thrash metal), featured on their 1986 album Reign in Blood."",
""confidence_score"": 65
}","Epidemic is an instrumental progressive metal song by the band Slayer (often described as thrash metal), featured on their 1986 album Reign in Blood.",0.65,CORRECT
5042,6427649,The Detective,producer,Aaron Rosenberg,2892707,164,997667,"[""Detective""]",[],http://www.wikidata.org/entity/Q925809,http://www.wikidata.org/entity/Q302605,The Detective (1968 film),Aaron Rosenberg,6208,589,Who was the producer of The Detective?,"[""Aaron Rosenberg""]","{
""answer"": ""The producer of the 1968 film The Detective was Joseph H. Levin."",
""confidence_score"": 92
}",The producer of the 1968 film The Detective was Joseph H. Levin.,0.92,INCORRECT
14155,5407282,Polkowice County,capital,Polkowice,2403912,422,836383,[],[],http://www.wikidata.org/entity/Q715538,http://www.wikidata.org/entity/Q246685,Polkowice County,Polkowice,386,776,What is the capital of Polkowice County?,"[""Polkowice""]","{
""answer"": ""The administrative seat (capital) of Polkowice County is the town of Polkowice."",
""confidence_score"": 100
}",The administrative seat (capital) of Polkowice County is the town of Polkowice.,1.0,CORRECT
7768,4912247,Lille,capital of,Nord,2165757,97,145424,"[""Rijsel"",""Lile"",""Rysel""]","[""Northern Department"",""North"",""D\u00e9partement du Nord"",""59""]",http://www.wikidata.org/entity/Q648,http://www.wikidata.org/entity/Q12661,Lille,Nord (French department),30367,5603,What is Lille the capital of?,"[""Nord"", ""Northern Department"", ""North"", ""Département du Nord"", ""59""]","{
""answer"": ""Lille is the capital of the Hauts-de-France region and the prefecture of the Nord department in northern France."",
""confidence_score"": 98
}",Lille is the capital of the Hauts-de-France region and the prefecture of the Nord department in northern France.,0.98,CORRECT
10738,2013955,We'll Meet Again,composer,Hughie Charles,883324,639,539002,[],"[""Hugh Charles"",""Charles Hugh Owen Ferry""]",http://www.wikidata.org/entity/Q2624195,http://www.wikidata.org/entity/Q17318675,We'll Meet Again,Hughie Charles,11488,390,Who was the composer of We'll Meet Again?,"[""Hughie Charles"", ""Hugh Charles"", ""Charles Hugh Owen Ferry"", ""Ross Parker"", ""Albert Rostron Parker""]","{
""answer"": ""The composer of 'We’ll Meet Again' was Ross Parker (born Albert Rostron Parker), who co-wrote the song with lyricist Hughie Charles."",
""confidence_score"": 92
}","The composer of 'We’ll Meet Again' was Ross Parker (born Albert Rostron Parker), who co-wrote the song with lyricist Hughie Charles.",0.92,CORRECT
13200,2584513,The Walking Dead,author,Robert Kirkman,1114705,484,1028373,[],[],http://www.wikidata.org/entity/Q340181,http://www.wikidata.org/entity/Q311891,The Walking Dead (comic book),Robert Kirkman,38079,23367,Who is the author of The Walking Dead?,"[""Robert Kirkman""]","{""answer"":""The creator and primary author of The Walking Dead comic series is Robert Kirkman."",""confidence_score"":95}",The creator and primary author of The Walking Dead comic series is Robert Kirkman.,0.95,CORRECT
11871,5165475,Dimitri Pätzold,sport,ice hockey,2285333,560,1279430,[],[],http://www.wikidata.org/entity/Q68416,http://www.wikidata.org/entity/Q41466,Dimitri Pätzold,Ice hockey,130,59363,What sport does Dimitri Pätzold play?,"[""ice hockey""]","{
""answer"": ""Dimitri Pätzold is a professional ice hockey goaltender."",
""confidence_score"": 95
}",Dimitri Pätzold is a professional ice hockey goaltender.,0.95,CORRECT
10693,5865971,list of symphonies by Pyotr Ilyich Tchaikovsky,composer,Pyotr Ilyich Tchaikovsky,2627418,639,2478661,"[""symphonies by Pyotr Ilyich Tchaikovsky""]","[""Pyotr Il'yich Tchaikovsky"",""Pyotr Tchaikovsky"",""Peter Ilich Tchaikovsky"",""Tchaikovsky"",""Peter Tchaikovsky"",""Pyotr Il'ich Chaikovskiy"",""Tschaikowski"",""Tschaikowsky"",""Chajkovskij"",""Chaikovsky"",""Piotr Ilyitch Tchaikovsky""]",http://www.wikidata.org/entity/Q7661444,http://www.wikidata.org/entity/Q7315,Symphonies by Pyotr Ilyich Tchaikovsky,Pyotr Ilyich Tchaikovsky,1375,76736,Who was the composer of list of symphonies by Pyotr Ilyich Tchaikovsky?,"[""Pyotr Ilyich Tchaikovsky"", ""Pyotr Il'yich Tchaikovsky"", ""Pyotr Tchaikovsky"", ""Peter Ilich Tchaikovsky"", ""Tchaikovsky"", ""Peter Tchaikovsky"", ""Pyotr Il'ich Chaikovskiy"", ""Tschaikowski"", ""Tschaikowsky"", ""Chajkovskij"", ""Chaikovsky"", ""Piotr Ilyitch Tchaikovsky""]","{
""answer"": ""Pyotr Ilyich Tchaikovsky himself was the composer of the list of symphonies by Pyotr Ilyich Tchaikovsky."",
""confidence_score"": 100
}",Pyotr Ilyich Tchaikovsky himself was the composer of the list of symphonies by Pyotr Ilyich Tchaikovsky.,1.0,CORRECT
8317,4018598,The Well,screenwriter,Elizabeth Jolley,1756220,533,1356600,"[""Well""]","[""Monica Elizabeth Jolley"",""Monica Elizabeth Knight""]",http://www.wikidata.org/entity/Q5361998,http://www.wikidata.org/entity/Q461902,The Well (1997 film),Elizabeth Jolley,534,537,Who was the screenwriter for The Well?,"[""Elizabeth Jolley"", ""Monica Elizabeth Jolley"", ""Monica Elizabeth Knight""]","{
""answer"": ""The screenwriter for the 1951 film The Well was Russell Rouse (who co-wrote the screenplay with Clarence Greene)."",
""confidence_score"": 85
}",The screenwriter for the 1951 film The Well was Russell Rouse (who co-wrote the screenplay with Clarence Greene).,0.85,INCORRECT
3625,5048690,Ladomirová,country,Slovakia,2230458,182,746755,"[""Ladomirova""]","[""Slovak Republic"",""sk"",""\ud83c\uddf8\ud83c\uddf0"",""SVK""]",http://www.wikidata.org/entity/Q672362,http://www.wikidata.org/entity/Q214,Ladomirová,Slovakia,129,136530,In what country is Ladomirová?,"[""Slovakia"", ""Slovak Republic"", ""sk"", ""🇸🇰"", ""SVK""]","{
""answer"": ""Ladomirová is in Slovakia."",
""confidence_score"": 100
}",Ladomirová is in Slovakia.,1.0,CORRECT
9156,3009152,"The Crown of the Russian Empire, or Once Again the Elusive Avengers",screenwriter,Edmond Keosayan,1288597,533,693612,"[""Crown of the Russian Empire, or Once Again the Elusive Avengers""]","[""Edmond Gareginovich Keosayan"",""E. Keosayan""]",http://www.wikidata.org/entity/Q4233949,http://www.wikidata.org/entity/Q1971498,"The Crown of the Russian Empire, or Once Again the Elusive Avengers",Edmond Keosayan,216,220,"Who was the screenwriter for The Crown of the Russian Empire, or Once Again the Elusive Avengers?","[""Edmond Keosayan"", ""Edmond Gareginovich Keosayan"", ""E. Keosayan""]","{""answer"":""The screenwriter for The Crown of the Russian Empire, or Once Again the Elusive Avengers was Eduard Volodarsky."",""confidence_score"":75}","The screenwriter for The Crown of the Russian Empire, or Once Again the Elusive Avengers was Eduard Volodarsky.",0.75,INCORRECT
11477,82683,Housain Al-Mogahwi,sport,association football,31976,560,920845,[],"[""football"",""soccer""]",http://www.wikidata.org/entity/Q10558666,http://www.wikidata.org/entity/Q2736,Housain Al-Mogahwi,Association football,354,197767,What sport does Housain Al-Mogahwi play?,"[""association football"", ""football"", ""soccer""]","{
""answer"": ""Housain Al-Mogahwi is a professional football (soccer) player."",
""confidence_score"": 92
}",Housain Al-Mogahwi is a professional football (soccer) player.,0.92,CORRECT
117,2201087,Jacopo Melani,occupation,composer,961760,22,1189033,[],[],http://www.wikidata.org/entity/Q2897491,http://www.wikidata.org/entity/Q36834,Jacopo Melani,Composer,112,28389,What is Jacopo Melani's occupation?,"[""composer""]","{
""answer"": ""Jacopo Melani was an Italian composer and violinist (Baroque era)."",
""confidence_score"": 85
}",Jacopo Melani was an Italian composer and violinist (Baroque era).,0.85,CORRECT
1879,6402164,The Switch,genre,romantic comedy,2883016,91,2853587,"[""Switch""]","[""romedy"",""romcom""]",http://www.wikidata.org/entity/Q911520,http://www.wikidata.org/entity/Q860626,The Switch (2010 film),Romantic comedy,13004,64579,What genre is The Switch?,"[""comedy-drama"", ""dramedy"", ""comedic drama"", ""tragicomedy"", ""seriocomedy"", ""comedy drama"", ""dramatic comedy"", ""Comedy-drama, dramedy"", ""romantic comedy"", ""romedy"", ""romcom""]","{
""answer"": ""The Switch is a 2010 romantic comedy film (romantic comedy-drama is sometimes used),"",
""confidence_score"": 90
}","The Switch is a 2010 romantic comedy film (romantic comedy-drama is sometimes used),",0.9,CORRECT
9923,2019633,Harper,screenwriter,William Goldman,885456,533,1596968,"[""The Moving Target""]","[""S. Morgenstern"",""Harry Longbaugh""]",http://www.wikidata.org/entity/Q262980,http://www.wikidata.org/entity/Q506885,Harper (film),William Goldman,3706,17712,Who was the screenwriter for Harper?,"[""William Goldman"", ""S. Morgenstern"", ""Harry Longbaugh""]","{
""answer"": ""Screenwriter William Goldman wrote the screenplay for the 1966 film Harper."",
""confidence_score"": 95
}",Screenwriter William Goldman wrote the screenplay for the 1966 film Harper.,0.95,CORRECT
9322,3021617,Mac,screenwriter,John Turturro,1293676,533,828326,[],"[""John Michael Turturro""]",http://www.wikidata.org/entity/Q4275209,http://www.wikidata.org/entity/Q244234,Mac (film),John Turturro,1168,105143,Who was the screenwriter for Mac?,"[""John Turturro"", ""John Michael Turturro""]","{
""answer"": ""The screenwriter for the 1927 film Mac (also known as 'Mac the Knife') was D. W. Griffith collaborator and screenwriter Forrest Halsey."", 
""confidence_score"": 40
}",The screenwriter for the 1927 film Mac (also known as 'Mac the Knife') was D. W. Griffith collaborator and screenwriter Forrest Halsey.,0.4,INCORRECT
3112,1554686,Koxinga,father,Zheng Zhilong,695137,257,2180359,"[""Chenggong"",""Zheng Chenggong"",""Zheng Sen"",""Guoxingye"",""Zhongjie"",""Zhuchenggong"",""Sen"",""Mingyan"",""Senshe"",""Yanping Junwang"",""Damu""]","[""Nigulasi?Yiguan"",""Feihuang"",""Nigulasi?Jiasibade"",""Nicholas Iquan Gaspard"",""Cheng Chih-lung"",""Yiguan"",""Feihong"",""Yuejia""]",http://www.wikidata.org/entity/Q197615,http://www.wikidata.org/entity/Q652211,Koxinga,Zheng Zhilong,9747,4031,Who is the father of Koxinga?,"[""Zheng Zhilong"", ""Nigulasi?Yiguan"", ""Feihuang"", ""Nigulasi?Jiasibade"", ""Nicholas Iquan Gaspard"", ""Cheng Chih-lung"", ""Yiguan"", ""Feihong"", ""Yuejia""]","{
""answer"": ""Koxinga's father was Zheng Zhilong (also spelled Cheng Chih-lung)."",
""confidence_score"": 100
}",Koxinga's father was Zheng Zhilong (also spelled Cheng Chih-lung).,1.0,CORRECT
3868,151719,Japan at the 1952 Winter Olympics,country,Japan,61285,182,502871,[],"[""State of Japan"",""Land of the Rising Sun"",""Nihon"",""Nippon"",""JP"",""Nippon-koku"",""Nihon-koku"",""JA"",""JPN"",""jp"",""JAP"",""Ja"",""Jap""]",http://www.wikidata.org/entity/Q1099897,http://www.wikidata.org/entity/Q17,Japan at the 1952 Winter Olympics,Japan,100,702414,In what country is Japan at the 1952 Winter Olympics?,"[""Japan"", ""State of Japan"", ""Land of the Rising Sun"", ""Nihon"", ""Nippon"", ""JP"", ""Nippon-koku"", ""Nihon-koku"", ""JA"", ""JPN"", ""jp"", ""JAP"", ""Ja"", ""Jap""]","{
""answer"": ""Japan competed at the 1952 Winter Olympics in Norway (the Games were held in Oslo)."",
""confidence_score"": 100
}",Japan competed at the 1952 Winter Olympics in Norway (the Games were held in Oslo).,1.0,INCORRECT
6066,2447881,The Last Stage,director,Wanda Jakubowska,1060868,526,1309214,"[""Last Stage""]",[],http://www.wikidata.org/entity/Q322105,http://www.wikidata.org/entity/Q437696,The Last Stage,Wanda Jakubowska,746,364,Who was the director of The Last Stage?,"[""Wanda Jakubowska""]","{""answer"":""The Last Stage (1948) was directed by Wanda Jakubowska."",""confidence_score"":90}",The Last Stage (1948) was directed by Wanda Jakubowska.,0.9,CORRECT
830,5130344,Wayne Cooper,place of birth,Milan,2268292,218,926781,"[""Artis Wayne Cooper"",""Coop""]","[""Milan, Georgia""]",http://www.wikidata.org/entity/Q680038,http://www.wikidata.org/entity/Q2752635,Wayne Cooper (basketball),"Milan, Georgia",406,406,In what city was Wayne Cooper born?,"[""Milan"", ""Milan, Georgia""]","{
""answer"": ""Wayne Cooper (basketball player) was born in Oakland, California."",
""confidence_score"": 85
}","Wayne Cooper (basketball player) was born in Oakland, California.",0.85,INCORRECT
1501,1442188,DOS MZ executable,genre,executable,644947,91,2681758,"[""MS-DOS MZ executable"","".exe""]","[""executable file"",""binary"",""executable program"","".exe""]",http://www.wikidata.org/entity/Q1882110,http://www.wikidata.org/entity/Q778586,DOS MZ executable,Executable,2937,8428,What genre is DOS MZ executable?,"[""executable"", ""executable file"", ""binary"", ""executable program"", "".exe""]","{
""answer"": ""A DOS MZ executable is not a genre but a file format/executable format for DOS programs (the MZ header identifies an MS-DOS/PC DOS portable executable), i.e., a DOS executable file format."",
""confidence_score"": 95
}","A DOS MZ executable is not a genre but a file format/executable format for DOS programs (the MZ header identifies an MS-DOS/PC DOS portable executable), i.e., a DOS executable file format.",0.95,CORRECT
8574,1997153,The Passion of Anna,screenwriter,Ingmar Bergman,876394,533,2581863,"[""En passion"",""A Passion"",""Passion of Anna""]","[""Ernst Ingmar Bergman""]",http://www.wikidata.org/entity/Q260365,http://www.wikidata.org/entity/Q7546,The Passion of Anna,Ingmar Bergman,2035,93841,Who was the screenwriter for The Passion of Anna?,"[""Ingmar Bergman"", ""Ernst Ingmar Bergman""]","{
""answer"": ""The screenwriter for The Passion of Anna (1969) was Ingmar Bergman."",
""confidence_score"": 99
}",The screenwriter for The Passion of Anna (1969) was Ingmar Bergman.,0.99,CORRECT
7699,6305405,Garissa,capital of,Garissa County,2844695,97,276706,[],"[""Garissa District""]",http://www.wikidata.org/entity/Q845717,http://www.wikidata.org/entity/Q1494292,Garissa,Garissa County,2162,1712,What is Garissa the capital of?,"[""Garissa County"", ""Garissa District""]","{
""answer"": ""Garissa is the capital of Garissa County in northeastern Kenya."",
""confidence_score"": 95
}",Garissa is the capital of Garissa County in northeastern Kenya.,0.95,CORRECT
5214,1638066,Memories,producer,David Guetta,728127,164,2834709,[],"[""Pierre David Guetta"",""Jack Back""]",http://www.wikidata.org/entity/Q2074141,http://www.wikidata.org/entity/Q8298,Memories (David Guetta song),David Guetta,2419,54212,Who was the producer of Memories?,"[""David Guetta"", ""Pierre David Guetta"", ""Jack Back""]","{""answer"":""There are many works titled \""Memories\"" — for the 1995 anime film \""Memories\"" the producers included Bandai Visual and Studio 4°C (producer credit often given to Bandai Visual); for the 1979 song \""Memories\"" by Hugh Hopper produced by Mike Oldfield; please specify which \""Memories\"" you mean."",""confidence_score"":30}","There are many works titled \""Memories\"" — for the 1995 anime film \""Memories\"" the producers included Bandai Visual and Studio 4°C (producer credit often given to Bandai Visual); for the 1979 song \""Memories\"" by Hugh Hopper produced by Mike Oldfield; please specify which \""Memories\"" you mean.",0.3,NOT_ATTEMPTED
2701,2490460,Haddaway,genre,Eurodance,1077501,91,754547,"[""The Album""]","[""Euro-dance"",""Euro dance""]",http://www.wikidata.org/entity/Q3283144,http://www.wikidata.org/entity/Q216961,The Album (Haddaway album),Eurodance,1395,22159,What genre is Haddaway?,"[""Eurodance"", ""Euro-dance"", ""Euro dance""]","{""answer"":""Haddaway is primarily a Eurodance artist (dance-pop/Eurodance), best known for the 1993 dance hit \""What Is Love\""."",""confidence_score"":92}","Haddaway is primarily a Eurodance artist (dance-pop/Eurodance), best known for the 1993 dance hit \""What Is Love\"".",0.92,CORRECT
2118,672773,As Time Goes By,genre,documentary film,284669,91,2898005,[],"[""documentary movie"",""doc"",""film documentary"",""motion picture documentary"",""documentary"",""factual film""]",http://www.wikidata.org/entity/Q15052427,http://www.wikidata.org/entity/Q93204,As Time Goes By (1997 film),Documentary film,116,42565,What genre is As Time Goes By?,"[""documentary film"", ""documentary movie"", ""doc"", ""film documentary"", ""motion picture documentary"", ""documentary"", ""factual film""]","{""answer"":""As Time Goes By is a romantic comedy (romantic sitcom/romcom) television series."",""confidence_score"":85}",As Time Goes By is a romantic comedy (romantic sitcom/romcom) television series.,0.85,INCORRECT
6558,990579,The Take,director,Avi Lewis,423176,526,1470697,"[""Take""]",[],http://www.wikidata.org/entity/Q1630461,http://www.wikidata.org/entity/Q4828471,The Take (2004 film),Avi Lewis,711,2404,Who was the director of The Take?,"[""Naomi Klein"", ""Avi Lewis""]","{""answer"":""The director of the 2004 documentary film The Take is Avi Lewis."",""confidence_score"":85}",The director of the 2004 documentary film The Take is Avi Lewis.,0.85,CORRECT
1728,3842870,Danny Ray,genre,reggae,1676552,91,2932736,[],"[""reggae music""]",http://www.wikidata.org/entity/Q5220762,http://www.wikidata.org/entity/Q9794,Danny Ray (singer),Reggae,322,47326,What genre is Danny Ray?,"[""reggae"", ""reggae music""]","{
""answer"": ""Danny Ray is primarily known as a reggae and ska singer (Jamaican reggae/ska artist)."",
""confidence_score"": 60
}",Danny Ray is primarily known as a reggae and ska singer (Jamaican reggae/ska artist).,0.6,CORRECT
8122,5240651,Persona,screenwriter,Ingmar Bergman,2322482,533,2581863,[],"[""Ernst Ingmar Bergman""]",http://www.wikidata.org/entity/Q695255,http://www.wikidata.org/entity/Q7546,Persona (1966 film),Ingmar Bergman,19543,93841,Who was the screenwriter for Persona?,"[""Ingmar Bergman"", ""Ernst Ingmar Bergman""]","{
""answer"": ""Ingmar Bergman wrote the screenplay for the 1966 film Persona (he is credited as the screenwriter)."",
""confidence_score"": 98
}",Ingmar Bergman wrote the screenplay for the 1966 film Persona (he is credited as the screenwriter).,0.98,CORRECT
723,775412,Claudio Costamagna,place of birth,Milan,330454,218,1508594,[],"[""Milano"",""Milan, Italy"",""Milano, Italy"",""Milano, Italia"",""Mailand"",""Milan Records""]",http://www.wikidata.org/entity/Q15676279,http://www.wikidata.org/entity/Q490,Claudio Costamagna,Milan,421,110644,In what city was Claudio Costamagna born?,"[""Milan"", ""Milano"", ""Milan, Italy"", ""Milano, Italy"", ""Milano, Italia"", ""Mailand"", ""Milan Records""]","{
""answer"": ""Claudio Costamagna was born in Turin, Italy."",
""confidence_score"": 90
}","Claudio Costamagna was born in Turin, Italy.",0.9,INCORRECT
11534,6388189,Mark Jonas,sport,association football,2877348,560,920845,[],"[""football"",""soccer""]",http://www.wikidata.org/entity/Q9029280,http://www.wikidata.org/entity/Q2736,Mark Jonas,Association football,141,197767,What sport does Mark Jonas play?,"[""association football"", ""football"", ""soccer""]","{
""answer"": ""Mark Jonas is a former professional footballer (soccer player)."",
""confidence_score"": 75
}",Mark Jonas is a former professional footballer (soccer player).,0.75,CORRECT
13196,3237369,After the End,author,Dennis Kelly,1388700,484,111639,[],[],http://www.wikidata.org/entity/Q4690633,http://www.wikidata.org/entity/Q1189253,After the End,Dennis Kelly,487,5428,Who is the author of After the End?,"[""Dennis Kelly""]","{""answer"":""After the End is a play written by British playwright Dennis Kelly."",""confidence_score"":90}",After the End is a play written by British playwright Dennis Kelly.,0.9,CORRECT
11114,1404476,Valparaiso University,religion,Lutheranism,628155,106,2595152,"[""Valpo"",""VU"",""Valparaiso Male and Female College"",""Northern Indiana Normal School and Business Institute"",""Valparaiso College""]","[""Lutheran Church"",""Lutherans""]",http://www.wikidata.org/entity/Q186047,http://www.wikidata.org/entity/Q75809,Valparaiso University,Lutheranism,8242,81663,What is the religion of Valparaiso University?,"[""Lutheranism"", ""Lutheran Church"", ""Lutherans""]","{
""answer"": ""Valparaiso University is affiliated with the Lutheran Church–Missouri Synod (Lutheran)."",
""confidence_score"": 95
}",Valparaiso University is affiliated with the Lutheran Church–Missouri Synod (Lutheran).,0.95,CORRECT
7728,1446983,Rodez,capital of,Aveyron,646961,97,1059698,"[""Rodez (France)""]","[""Aveyron Department""]",http://www.wikidata.org/entity/Q188780,http://www.wikidata.org/entity/Q3216,Rodez,Aveyron,6748,3931,What is Rodez the capital of?,"[""Aveyron"", ""Aveyron Department""]","{
""answer"": ""Rodez is the prefecture (administrative capital) of the Aveyron department in the Occitanie region of southern France."",
""confidence_score"": 95
}",Rodez is the prefecture (administrative capital) of the Aveyron department in the Occitanie region of southern France.,0.95,CORRECT
13389,2669682,Tarr,author,Wyndham Lewis,1149794,484,2690138,[],"[""Percy Wyndham Lewis"",""Percy William Lewis"",""Percy Lewis"",""Wyndham Percy Lewis""]",http://www.wikidata.org/entity/Q3515799,http://www.wikidata.org/entity/Q780102,Tarr,Wyndham Lewis,646,5318,Who is the author of Tarr?,"[""Wyndham Lewis"", ""Percy Wyndham Lewis"", ""Percy William Lewis"", ""Percy Lewis"", ""Wyndham Percy Lewis""]","{
""answer"": ""Tarr was written by Wyndham Lewis."",
""confidence_score"": 95
}",Tarr was written by Wyndham Lewis.,0.95,CORRECT
8119,6513495,Holes,screenwriter,Louis Sachar,2924619,533,1842250,"[""Holes""]",[],http://www.wikidata.org/entity/Q967018,http://www.wikidata.org/entity/Q553137,Holes (film),Louis Sachar,41620,9189,Who was the screenwriter for Holes?,"[""Louis Sachar""]","{
""answer"": ""Louis Sachar wrote the screenplay for the 2003 film Holes (adapted from his own 1998 novel)."",
""confidence_score"": 95
}",Louis Sachar wrote the screenplay for the 2003 film Holes (adapted from his own 1998 novel).,0.95,CORRECT
4090,1587765,Park metro station,country,Belgium,708602,182,1021279,[],"[""Kingdom of Belgium"",""BEL"",""be"",""\ud83c\udde7\ud83c\uddea"",""BE""]",http://www.wikidata.org/entity/Q2016757,http://www.wikidata.org/entity/Q31,Parc metro station (Brussels),Belgium,102,249550,In what country is Park metro station?,"[""Belgium"", ""Kingdom of Belgium"", ""BEL"", ""be"", ""🇧🇪"", ""BE""]","{
""answer"": ""Park metro station is in Dhaka, Bangladesh."",
""confidence_score"": 65
}","Park metro station is in Dhaka, Bangladesh.",0.65,INCORRECT
3982,6505048,Middletown,country,United States of America,2921504,182,988513,"[""Middletown, Missouri""]","[""the United States of America"",""America"",""U.S.A."",""USA"",""U.S."",""US"",""the US"",""the USA"",""US of A"",""the United States"",""U. S. A."",""U. S."",""the States"",""the U.S."",""'Merica"",""U.S"",""United States"",""'Murica""]",http://www.wikidata.org/entity/Q962920,http://www.wikidata.org/entity/Q30,"Middletown, Missouri",United States,147,1629691,In what country is Middletown?,"[""United States of America"", ""the United States of America"", ""America"", ""U.S.A."", ""USA"", ""U.S."", ""US"", ""the US"", ""the USA"", ""US of A"", ""the United States"", ""U. S. A."", ""U. S."", ""the States"", ""the U.S."", ""'Merica"", ""U.S"", ""United States"", ""'Murica""]","{""answer"":""There are many places named Middletown in different countries (notably the United States, the United Kingdom, Canada, and Ireland); without more context the most common reference is Middletown, USA (United States)."",""confidence_score"":40}","There are many places named Middletown in different countries (notably the United States, the United Kingdom, Canada, and Ireland); without more context the most common reference is Middletown, USA (United States).",0.4,CORRECT
6378,5269026,Nelson,director,Walter Summers,2337479,526,2767384,[],"[""Walter George Thomas Summers""]",http://www.wikidata.org/entity/Q6990331,http://www.wikidata.org/entity/Q7966231,Nelson (1926 film),Walter Summers,151,208,Who was the director of Nelson?,"[""Walter Summers"", ""Walter George Thomas Summers""]","{
""answer"": ""Nelson (2014 Norwegian biographical film) was directed by Yngvar Sætre and Nils Gaup."", 
""confidence_score"": 45
}",Nelson (2014 Norwegian biographical film) was directed by Yngvar Sætre and Nils Gaup.,0.45,INCORRECT
6821,4134021,Framed,director,Dean Parisot,1812911,526,106290,[],"[""Aldo L. Parisot"",""Aldo Luis Parisot""]",http://www.wikidata.org/entity/Q5477943,http://www.wikidata.org/entity/Q1181116,Framed (1990 film),Dean Parisot,443,3092,Who was the director of Framed?,"[""Dean Parisot"", ""Aldo L. Parisot"", ""Aldo Luis Parisot""]","{""answer"":""There are multiple films titled 'Framed'; the 1975 British TV film 'Framed' was directed by Eric Till, while the 1990 film 'Framed' was directed by Dean Hargrove (TV) — clarification on which specific 'Framed' you mean would raise confidence."",""confidence_score"":60}","There are multiple films titled 'Framed'; the 1975 British TV film 'Framed' was directed by Eric Till, while the 1990 film 'Framed' was directed by Dean Hargrove (TV) — clarification on which specific 'Framed' you mean would raise confidence.",0.6,INCORRECT
7236,4743355,The Sting,director,George Roy Hill,2086276,526,1643389,"[""Sting""]",[],http://www.wikidata.org/entity/Q62665,http://www.wikidata.org/entity/Q51570,The Sting,George Roy Hill,29042,6569,Who was the director of The Sting?,"[""George Roy Hill""]","{
""answer"": ""The director of The Sting (1973) was George Roy Hill."",
""confidence_score"": 100
}",The director of The Sting (1973) was George Roy Hill.,1.0,CORRECT
6765,5453507,Pilot,director,Gene Reynolds,2425238,526,1778082,"[""M*A*S*H pilot""]",[],http://www.wikidata.org/entity/Q7194354,http://www.wikidata.org/entity/Q540613,Pilot (M*A*S*H),Gene Reynolds,849,3020,Who was the director of Pilot?,"[""Gene Reynolds""]","{""answer"":""There are many films/TV episodes titled \""Pilot,\"" but the most commonly referenced 1968 film \""Pilot\"" (also known as \""The Pilot\"") was directed by Cliff Owen; if you meant a different \""Pilot,\"" please specify."",""confidence_score"":52}","There are many films/TV episodes titled \""Pilot,\"" but the most commonly referenced 1968 film \""Pilot\"" (also known as \""The Pilot\"") was directed by Cliff Owen; if you meant a different \""Pilot,\"" please specify.",0.52,INCORRECT
10606,975936,Drushyam,composer,Sharreth,416710,639,2561108,"[""Visual""]",[],http://www.wikidata.org/entity/Q16248158,http://www.wikidata.org/entity/Q7490467,Drushyam,Sharreth,6071,4542,Who was the composer of Drushyam?,"[""Sharreth""]","{
""answer"": ""M. M. Keeravani composed the music for the 2014 Telugu film Drushyam (he also composed for remakes titled Drushyam in other languages),"",
""confidence_score"": 92
}","M. M. Keeravani composed the music for the 2014 Telugu film Drushyam (he also composed for remakes titled Drushyam in other languages),",0.92,INCORRECT
2310,6269047,Gold,genre,science fiction film,2830078,91,1406377,[],"[""sci-fi film"",""science fiction movie"",""sci-fi movie"",""scifi film"",""scifi movie"",""sci fi film"",""sci fi movie"",""scifi-film"",""scifi""]",http://www.wikidata.org/entity/Q820645,http://www.wikidata.org/entity/Q471839,Gold (1934 film),Science fiction film,428,41996,What genre is Gold?,"[""science fiction film"", ""sci-fi film"", ""science fiction movie"", ""sci-fi movie"", ""scifi film"", ""scifi movie"", ""sci fi film"", ""sci fi movie"", ""scifi-film"", ""scifi""]","{""answer"":""Gold is a song by British singer-songwriter Kiiara that blends electropop and trap-pop elements (often described as electropop/alternative pop)."",""confidence_score"":82}",Gold is a song by British singer-songwriter Kiiara that blends electropop and trap-pop elements (often described as electropop/alternative pop).,0.82,INCORRECT
13024,1282883,The Pretenders,author,Henrik Ibsen,571198,484,1186020,"[""Kongs-Emnerne""]","[""Henrik Johan Ibsen"",""Henrich Johan Ibsen"",""Henrich Ibsen""]",http://www.wikidata.org/entity/Q1774386,http://www.wikidata.org/entity/Q36661,The Pretenders (play),Henrik Ibsen,308,31741,Who is the author of The Pretenders?,"[""Henrik Ibsen"", ""Henrik Johan Ibsen"", ""Henrich Johan Ibsen"", ""Henrich Ibsen""]","{""answer"":""There are several works titled The Pretenders; the most widely known novel The Pretenders (1926) was written by F. S. Fitzgerald—more precisely The Pretenders (1915) is a play by Henrik Ibsen; please specify which work you mean."",""confidence_score"":20}",There are several works titled The Pretenders; the most widely known novel The Pretenders (1926) was written by F. S. Fitzgerald—more precisely The Pretenders (1915) is a play by Henrik Ibsen; please specify which work you mean.,0.2,CORRECT
2589,588438,Born American,genre,action film,240688,91,645780,"[""Arctic Heat"",""J\u00e4\u00e4t\u00e4v\u00e4 polte""]","[""action movie"",""film action"",""movie action"",""action""]",http://www.wikidata.org/entity/Q1444134,http://www.wikidata.org/entity/Q188473,Born American,Action film,1148,99831,What genre is Born American?,"[""action film"", ""action movie"", ""film action"", ""movie action"", ""action""]","{""answer"":""Born American is an action film (1986 Finnish–American action thriller)."",""confidence_score"":90}",Born American is an action film (1986 Finnish–American action thriller).,0.9,CORRECT
2362,5646945,Rugby League,genre,sports video game,2516395,91,2857701,"[""NRL Rugby League""]","[""sports game"",""sports video games"",""sport video game""]",http://www.wikidata.org/entity/Q7378187,http://www.wikidata.org/entity/Q868217,Rugby League (video game),Sports video game,281,7649,What genre is Rugby League?,"[""sports video game"", ""sports game"", ""sports video games"", ""sport video game""]","{
""answer"": ""Rugby League is a full-contact team sport (a code of rugby) played between two teams of thirteen players, categorized as a form of rugby football and a sport."",
""confidence_score"": 95
}","Rugby League is a full-contact team sport (a code of rugby) played between two teams of thirteen players, categorized as a form of rugby football and a sport.",0.95,INCORRECT
2094,585660,London,genre,punk rock,239634,91,1011970,[],"[""punk"",""punk music""]",http://www.wikidata.org/entity/Q1442133,http://www.wikidata.org/entity/Q3071,London (punk band),Punk rock,534,83910,What genre is London?,"[""punk rock"", ""punk"", ""punk music""]","{
""answer"": ""London is not a genre; it is a city (capital of the United Kingdom)."",
""confidence_score"": 100
}",London is not a genre; it is a city (capital of the United Kingdom).,1.0,INCORRECT
5326,4443970,Little Man,producer,Shawn Wayans nemo,1954735,164,1192191,[],"[""Shawn Mathis Wayans amigo"",""Shawn Mathis Wayans""]",http://www.wikidata.org/entity/Q581736,http://www.wikidata.org/entity/Q370102,Little Man (2006 film),Shawn Wayans,17771,79746,Who was the producer of Little Man?,"[""Marlon Wayans"", ""Marlon Lamont Wayans"", ""Keenen Ivory Wayans"", ""Keenen Ivory Desuma Wayans Sr."", ""Keenen Ivory Desuma Wayans"", ""Shawn Wayans nemo"", ""Shawn Mathis Wayans amigo"", ""Shawn Mathis Wayans""]","{""answer"":""The producers of the 2006 comedy film Little Man were Keenen Ivory Wayans, Marlon Wayans, Shawn Wayans, and Randy Lake (with Chris and Paul Weitz as executive producers)."",""confidence_score"":75}","The producers of the 2006 comedy film Little Man were Keenen Ivory Wayans, Marlon Wayans, Shawn Wayans, and Randy Lake (with Chris and Paul Weitz as executive producers).",0.75,INCORRECT
5352,5235974,My Trip Back to the Dark Side,producer,Shane Stanley,2320068,164,2559866,[],[],http://www.wikidata.org/entity/Q6946539,http://www.wikidata.org/entity/Q7488283,My Trip Back to the Dark Side,Shane Stanley,233,1545,Who was the producer of My Trip Back to the Dark Side?,"[""Shane Stanley""]","{
""answer"": ""The producer of 'My Trip Back to the Dark Side' is Hoshino Hidehiko (Hidehiko Hoshino)."",
""confidence_score"": 65
}",The producer of 'My Trip Back to the Dark Side' is Hoshino Hidehiko (Hidehiko Hoshino).,0.65,INCORRECT
12479,1882219,The Zombie Survival Guide,author,Max Brooks,827466,484,938780,"[""The Zombie Survival Guide: Complete Protection from the Living Dead""]","[""Maximillian Michael Brooks""]",http://www.wikidata.org/entity/Q2439688,http://www.wikidata.org/entity/Q28170,The Zombie Survival Guide,Max Brooks,5791,32975,Who is the author of The Zombie Survival Guide?,"[""Max Brooks"", ""Maximillian Michael Brooks""]","{
""answer"": ""The author of The Zombie Survival Guide is Max Brooks."",
""confidence_score"": 100
}",The author of The Zombie Survival Guide is Max Brooks.,1.0,CORRECT
7115,3156774,Monster,director,Patty Jenkins,1347541,526,1339644,[],"[""Patricia Lea \""Patty\"" Jenkins"",""Patricia Lea Jenkins""]",http://www.wikidata.org/entity/Q459057,http://www.wikidata.org/entity/Q456910,Monster (2003 film),Patty Jenkins,50709,19603,Who was the director of Monster?,"[""Patty Jenkins"", ""Patricia Lea \""Patty\"" Jenkins"", ""Patricia Lea Jenkins""]","{""answer"":""The director of the 2003 South Korean film Monster (existing title Goemul) was Hwang In-ho."",""confidence_score"":70}",The director of the 2003 South Korean film Monster (existing title Goemul) was Hwang In-ho.,0.7,INCORRECT
14104,302854,North Dakota,capital,Bismarck,122953,422,1193785,"[""ND"",""North Dakota, United States"",""State of North Dakota"",""NoDak"",""N. Dakota"",""N. Dak."",""N.D.""]","[""Bismarck, North Dakota"",""Bismarck, ND"",""West Bismarck, North Dakota"",""Edwinton, North Dakota"",""Edwinton, ND""]",http://www.wikidata.org/entity/Q1207,http://www.wikidata.org/entity/Q37066,North Dakota,"Bismarck, North Dakota",198493,17068,What is the capital of North Dakota?,"[""Bismarck"", ""Bismarck, North Dakota"", ""Bismarck, ND"", ""West Bismarck, North Dakota"", ""Edwinton, North Dakota"", ""Edwinton, ND""]","{
""answer"": ""The capital of North Dakota is Bismarck."",
""confidence_score"": 100
}",The capital of North Dakota is Bismarck.,1.0,CORRECT
4466,2448445,The Dentist,producer,Mack Sennett,1061074,164,1046458,"[""Dentist""]",[],http://www.wikidata.org/entity/Q3222119,http://www.wikidata.org/entity/Q317574,The Dentist (1932 film),Mack Sennett,482,6667,Who was the producer of The Dentist?,"[""Mack Sennett""]","{""answer"":""The producer of the 1996 horror film The Dentist was Wes Craven (producer credited as Joe Augustin is incorrect—Wes Craven produced it)."",""confidence_score"":12}",The producer of the 1996 horror film The Dentist was Wes Craven (producer credited as Joe Augustin is incorrect—Wes Craven produced it).,0.12,INCORRECT
9614,236553,Elephant,screenwriter,Gus Van Sant,95559,533,852606,[],"[""Gus Greene Van Sant Junior"",""Gus Green Van Sant Jr,""]",http://www.wikidata.org/entity/Q1163943,http://www.wikidata.org/entity/Q25186,Elephant (2003 film),Gus Van Sant,20315,38778,Who was the screenwriter for Elephant?,"[""Gus Van Sant"", ""Gus Greene Van Sant Junior"", ""Gus Green Van Sant Jr,""]","{""answer"":""Gus Van Sant wrote the screenplay for the 2003 film Elephant (screenplay credited to him)."",""confidence_score"":85}",Gus Van Sant wrote the screenplay for the 2003 film Elephant (screenplay credited to him).,0.85,CORRECT
5073,1661668,Beat It,producer,Michael Jackson,737309,164,942710,[],"[""MJ"",""The King of Pop"",""Michael Joe Jackson"",""Michael Joseph Jackson"",""M.J."",""M. J."",""King of Pop"",""King of Music"",""The King""]",http://www.wikidata.org/entity/Q210218,http://www.wikidata.org/entity/Q2831,Beat It,Michael Jackson,25688,753723,Who was the producer of Beat It?,"[""Michael Jackson"", ""MJ"", ""The King of Pop"", ""Michael Joe Jackson"", ""Michael Joseph Jackson"", ""M.J."", ""M. J."", ""King of Pop"", ""King of Music"", ""The King""]","{
""answer"": ""Beat It was produced by Quincy Jones (with Michael Jackson as co-producer)."",
""confidence_score"": 99
}",Beat It was produced by Quincy Jones (with Michael Jackson as co-producer).,0.99,INCORRECT
4305,2148183,Singles,producer,Cameron Crowe,939739,164,1050174,[],"[""Cameron Bruce Crowe""]",http://www.wikidata.org/entity/Q282041,http://www.wikidata.org/entity/Q318287,Singles (1992 film),Cameron Crowe,14654,38791,Who was the producer of Singles?,"[""Cameron Crowe"", ""Cameron Bruce Crowe""]","{""answer"":""The producer of the 1992 film Singles was Cameron Crowe (producer: Marc Platt and co-producer: Neal H. Moritz; Crowe also wrote and directed)."",""confidence_score"":65}",The producer of the 1992 film Singles was Cameron Crowe (producer: Marc Platt and co-producer: Neal H. Moritz; Crowe also wrote and directed).,0.65,CORRECT
13530,6366281,"Constantine I, King of Armenia",mother,"Keran, Queen of Armenia",2868635,292,1222690,[],[],http://www.wikidata.org/entity/Q888130,http://www.wikidata.org/entity/Q3814737,"Constantine I, King of Armenia","Keran, Queen of Armenia",161,198,"Who is the mother of Constantine I, King of Armenia?","[""Keran, Queen of Armenia""]","{
""answer"": ""The mother of Constantine I, King of Armenia (also known as Constantine I of Cilicia), was Princess Zabel (Isabella) of Armenia."",
""confidence_score"": 60
}","The mother of Constantine I, King of Armenia (also known as Constantine I of Cilicia), was Princess Zabel (Isabella) of Armenia.",0.6,INCORRECT
1829,5780410,Snow,genre,documentary film,2582539,91,2898005,[],"[""documentary movie"",""doc"",""film documentary"",""motion picture documentary"",""documentary"",""factual film""]",http://www.wikidata.org/entity/Q7548151,http://www.wikidata.org/entity/Q93204,Snow (1963 film),Documentary film,230,42565,What genre is Snow?,"[""documentary film"", ""documentary movie"", ""doc"", ""film documentary"", ""motion picture documentary"", ""documentary"", ""factual film""]","{
""answer"": ""Without additional context, 'Snow' most commonly refers to the 2004 graphic novel by Orhan Pamuk? (If you mean the 2004 novel by Orhan Pamuk, its genre is literary fiction; if you mean the 2017 Canadian film 'Snow' or other works titled 'Snow,' genres vary.)"",
""confidence_score"": 20
}","Without additional context, 'Snow' most commonly refers to the 2004 graphic novel by Orhan Pamuk? (If you mean the 2004 novel by Orhan Pamuk, its genre is literary fiction; if you mean the 2017 Canadian film 'Snow' or other works titled 'Snow,' genres vary.)",0.2,NOT_ATTEMPTED
12715,1156997,Weekend,author,William McIlvanney,511925,484,1056510,[],[],http://www.wikidata.org/entity/Q17034987,http://www.wikidata.org/entity/Q320327,Weekend (novel),William McIlvanney,75,4412,Who is the author of Weekend?,"[""William McIlvanney""]","{
""answer"": ""If you mean the play 'Weekend' (1968), the author is Gore Vidal."",
""confidence_score"": 70
}","If you mean the play 'Weekend' (1968), the author is Gore Vidal.",0.7,INCORRECT
7190,3350204,Zookeeper,director,Frank Coraci,1439370,526,1812979,"[""'' Zookeeper ''""]",[],http://www.wikidata.org/entity/Q477070,http://www.wikidata.org/entity/Q547811,Zookeeper (film),Frank Coraci,12141,4053,Who was the director of Zookeeper?,"[""Frank Coraci""]","{
""answer"": ""The director of the 2011 film Zookeeper was Frank Coraci."",
""confidence_score"": 95
}",The director of the 2011 film Zookeeper was Frank Coraci.,0.95,CORRECT
13549,4573623,Sydney Chaplin,mother,Hannah Chaplin,2017243,292,309729,"[""Syd Chaplin"",""Sydney John Hill""]","[""Hannah Harriet Pedlingham Hill"",""Lily Harley"",""Hannah Pedlingham"",""Hannah Harriet Pedlingham Chaplin""]",http://www.wikidata.org/entity/Q606780,http://www.wikidata.org/entity/Q153658,Sydney Chaplin,Hannah Chaplin,5827,8962,Who is the mother of Sydney Chaplin?,"[""Hannah Chaplin"", ""Hannah Harriet Pedlingham Hill"", ""Lily Harley"", ""Hannah Pedlingham"", ""Hannah Harriet Pedlingham Chaplin""]","{""answer"":""The mother of Sydney Chaplin (the actor, son of Charlie Chaplin) is Lita Grey."",""confidence_score"":85}","The mother of Sydney Chaplin (the actor, son of Charlie Chaplin) is Lita Grey.",0.85,INCORRECT
13017,5938513,The Living Room,author,Graham Greene,2664227,484,155079,[],"[""Henry Graham Greene""]",http://www.wikidata.org/entity/Q7747874,http://www.wikidata.org/entity/Q128560,The Living Room (play),Graham Greene,249,41226,Who is the author of The Living Room?,"[""Graham Greene"", ""Henry Graham Greene""]","{
""answer"": ""Graham Swift"",
""confidence_score"": 30
}",Graham Swift,0.3,INCORRECT
14140,6083018,Egypt,capital,Cairo,2736167,422,2847541,"[""Republic of Egypt"",""eg"",""EGY"",""\ud83c\uddea\ud83c\uddec"",""Arab Republic of Egypt"",""Arab Rep. Egypt"",""Rep. Egypt""]","[""Cairo, Egypt""]",http://www.wikidata.org/entity/Q79,http://www.wikidata.org/entity/Q85,Egypt,Cairo,271405,75001,What is the capital of Egypt?,"[""Cairo"", ""Cairo, Egypt""]","{
""answer"": ""The capital of Egypt is Cairo."",
""confidence_score"": 100
}",The capital of Egypt is Cairo.,1.0,CORRECT
3559,2053574,Kansas,country,United States of America,899589,182,988513,[],"[""the United States of America"",""America"",""U.S.A."",""USA"",""U.S."",""US"",""the US"",""the USA"",""US of A"",""the United States"",""U. S. A."",""U. S."",""the States"",""the U.S."",""'Merica"",""U.S"",""United States"",""'Murica""]",http://www.wikidata.org/entity/Q2671926,http://www.wikidata.org/entity/Q30,"Kansas, Illinois",United States,672,1629691,In what country is Kansas?,"[""United States of America"", ""the United States of America"", ""America"", ""U.S.A."", ""USA"", ""U.S."", ""US"", ""the US"", ""the USA"", ""US of A"", ""the United States"", ""U. S. A."", ""U. S."", ""the States"", ""the U.S."", ""'Merica"", ""U.S"", ""United States"", ""'Murica""]","{""answer"":""Kansas is a state in the United States of America."",""confidence_score"":100}",Kansas is a state in the United States of America.,1.0,CORRECT
4921,2802082,Fast Workers,producer,Tod Browning,1202904,164,1639837,[],"[""Charles Albert Browning""]",http://www.wikidata.org/entity/Q3739991,http://www.wikidata.org/entity/Q51476,Fast Workers,Tod Browning,283,11881,Who was the producer of Fast Workers?,"[""Tod Browning"", ""Charles Albert Browning""]","{
""answer"": ""The producer of the 1933 film Fast Workers was William LeBaron."",
""confidence_score"": 86
}",The producer of the 1933 film Fast Workers was William LeBaron.,0.86,INCORRECT
14093,4978804,Katsina State,capital,Katsina,2196714,422,2903016,"[""Kastina state""]",[],http://www.wikidata.org/entity/Q657821,http://www.wikidata.org/entity/Q937487,Katsina State,Katsina,6648,2935,What is the capital of Katsina State?,"[""Katsina""]","{
""answer"": ""The capital of Katsina State is Katsina."",
""confidence_score"": 100
}",The capital of Katsina State is Katsina.,1.0,CORRECT
11028,3486328,York City F.C.,color,red,1505931,472,1036579,"[""York City Football Club"",""York City FC"",""York City"",""York"",""City"",""YCFC"",""The Minstermen""]","[""red color""]",http://www.wikidata.org/entity/Q48954,http://www.wikidata.org/entity/Q3142,York City F.C.,Red,14374,51772,What color is York City F.C.?,"[""red"", ""red color""]","{
""answer"": ""York City F.C.'s traditional home colors are red shirts and navy blue shorts (often described simply as red and navy), with alternate kits varying."",
""confidence_score"": 95
}","York City F.C.'s traditional home colors are red shirts and navy blue shorts (often described simply as red and navy), with alternate kits varying.",0.95,CORRECT
11130,751049,Bede,religion,Christianity,319208,106,1582175,"[""Saint Bede"",""Venerable Bede"",""Beda"",""Saint Bede the Venerable"",""Bede the Venerable"",""Beda Anglicus"",""Bede le Venerable"",""Doctor of the English"",""Doctor Anglorum""]","[""Christian faith""]",http://www.wikidata.org/entity/Q154938,http://www.wikidata.org/entity/Q5043,Bede,Christianity,24314,213455,What is the religion of Bede?,"[""Christianity"", ""Christian faith""]","{
""answer"": ""Bede was a Christian (a monk of the Anglo-Saxon Church)."",
""confidence_score"": 95
}",Bede was a Christian (a monk of the Anglo-Saxon Church).,0.95,CORRECT
5315,147798,BE,producer,Dave Sitek,59667,164,994075,[],"[""David Andrew Sitek""]",http://www.wikidata.org/entity/Q10965815,http://www.wikidata.org/entity/Q3017392,Be (Beady Eye album),Dave Sitek,619,2766,Who was the producer of BE?,"[""Dave Sitek"", ""David Andrew Sitek""]","{""answer"":""The producer of BE (the 2020 album by BTS) was Pdogg (along with additional production contributions from Hiss Noise, RM, and Suga)."",""confidence_score"":85}","The producer of BE (the 2020 album by BTS) was Pdogg (along with additional production contributions from Hiss Noise, RM, and Suga).",0.85,INCORRECT
1629,975023,Conversations,genre,contemporary Christian music,416205,91,212294,[],"[""inspirational music"",""CCM"",""Contemporary Christian music""]",http://www.wikidata.org/entity/Q16246667,http://www.wikidata.org/entity/Q1379958,Conversations (Sara Groves album),Contemporary Christian music,99,15249,What genre is Conversations?,"[""contemporary Christian music"", ""inspirational music"", ""CCM"", ""Contemporary Christian music""]","{
""answer"": ""Without additional context, 'Conversations' most commonly refers to a podcast or interview-style talk show, so its genre would be 'talk/interview' (if you mean a specific work, please specify)."",
""confidence_score"": 40
}","Without additional context, 'Conversations' most commonly refers to a podcast or interview-style talk show, so its genre would be 'talk/interview' (if you mean a specific work, please specify).",0.4,NOT_ATTEMPTED
8479,1633865,The Doll,screenwriter,Wojciech Jerzy Has,726531,533,59350,"[""Doll""]",[],http://www.wikidata.org/entity/Q2069873,http://www.wikidata.org/entity/Q1095790,The Doll (1968 film),Wojciech Has,351,668,Who was the screenwriter for The Doll?,"[""Wojciech Jerzy Has""]","{
""answer"": ""Assuming you mean the 1968 Italian film The Doll (La bambola), the screenwriter was Ettore Scola (co-written with Rodolfo Sonego); confidence depends on interpretation of which film is meant."",
""confidence_score"": 65
}","Assuming you mean the 1968 Italian film The Doll (La bambola), the screenwriter was Ettore Scola (co-written with Rodolfo Sonego); confidence depends on interpretation of which film is meant.",0.65,INCORRECT
12474,5909525,The Baby Squad,author,Andrew Neiderman,2649491,484,1594763,[],"[""Virginia C. Andrews""]",http://www.wikidata.org/entity/Q7715189,http://www.wikidata.org/entity/Q506539,The Baby Squad,Andrew Neiderman,158,4682,Who is the author of The Baby Squad?,"[""Andrew Neiderman"", ""Virginia C. Andrews""]","{
""answer"": ""The author of The Baby Squad is Kate Harper."",
""confidence_score"": 65
}",The author of The Baby Squad is Kate Harper.,0.65,INCORRECT
5934,3719469,Choices,director,David Lowell Rich,1615905,526,994575,[],[],http://www.wikidata.org/entity/Q5104051,http://www.wikidata.org/entity/Q3018326,Choices (1986 film),David Lowell Rich,217,557,Who was the director of Choices?,"[""David Lowell Rich""]","{""answer"":""Choices (1986 TV movie) was directed by Alan J. Levi."",""confidence_score"":40}",Choices (1986 TV movie) was directed by Alan J. Levi.,0.4,INCORRECT
12399,1387463,Revolution,author,Russell Brand,620814,484,980840,[],"[""Russell Edward Brand""]",http://www.wikidata.org/entity/Q18394192,http://www.wikidata.org/entity/Q296609,Revolution (book),Russell Brand,796,193217,Who is the author of Revolution?,"[""Russell Brand"", ""Russell Edward Brand""]","{""answer"":""There are many works titled 'Revolution'; without more context I cannot definitively identify the author (possible examples include Russell Brand (book 'Revolution'), Jennifer Donnelly (young-adult novel 'Revolution'), or Mark Steel (play/TV 'Revolution'))"",""confidence_score"":30}","There are many works titled 'Revolution'; without more context I cannot definitively identify the author (possible examples include Russell Brand (book 'Revolution'), Jennifer Donnelly (young-adult novel 'Revolution'), or Mark Steel (play/TV 'Revolution'))",0.3,NOT_ATTEMPTED
7205,732205,Three Men and a Baby,director,Leonard Nimoy,311364,526,425281,[],"[""Leonard Simon Nimoy""]",http://www.wikidata.org/entity/Q1540124,http://www.wikidata.org/entity/Q16345,Three Men and a Baby,Leonard Nimoy,30165,191743,Who was the director of Three Men and a Baby?,"[""Leonard Nimoy"", ""Leonard Simon Nimoy""]","{
""answer"": ""Three Men and a Baby was directed by Leonard Nimoy."",
""confidence_score"": 95
}",Three Men and a Baby was directed by Leonard Nimoy.,0.95,CORRECT
10918,1121628,Big Foot,composer,Charlie Parker,491014,639,18758,"[""Giant Swing"",""Air Conditioning"",""Drifting on a Reed""]","[""Yardbird"",""Bird"",""Charles Parker Jr."",""Charlie Parker Jr."",""Charles Christopher Parker, Jr.""]",http://www.wikidata.org/entity/Q16962831,http://www.wikidata.org/entity/Q103767,Drifting on a Reed,Charlie Parker,73,65135,Who was the composer of Big Foot?,"[""Charlie Parker"", ""Yardbird"", ""Bird"", ""Charles Parker Jr."", ""Charlie Parker Jr."", ""Charles Christopher Parker, Jr.""]","{
""answer"": ""The composer of the jazz composition \""Big Foot\"" (also known as \""Drifting on a Reed\"") was trumpeter and composer Charlie Parker."", 
""confidence_score"": 85
}","The composer of the jazz composition \""Big Foot\"" (also known as \""Drifting on a Reed\"") was trumpeter and composer Charlie Parker.",0.85,CORRECT
3529,3146871,Rong,country,Norway,1342449,182,702887,[],"[""Kingdom of Norway"",""Norge"",""Norv\u00e8ge\u200f"",""NO"",""NOR"",""no"",""Noreg"",""Norwegen\u200f"",""\ud83c\uddf3\ud83c\uddf4""]",http://www.wikidata.org/entity/Q4576620,http://www.wikidata.org/entity/Q20,"Rong, Norway",Norway,10212,293715,In what country is Rong?,"[""Norway"", ""Kingdom of Norway"", ""Norge"", ""Norvège‏"", ""NO"", ""NOR"", ""no"", ""Noreg"", ""Norwegen‏"", ""🇳🇴""]","{""answer"":""Rong is in Norway (Rong is a village on the island of Rongøy in Øygarden municipality, Vestland county)."",""confidence_score"":85}","Rong is in Norway (Rong is a village on the island of Rongøy in Øygarden municipality, Vestland county).",0.85,CORRECT
8086,201734,The Robe,screenwriter,Gina Kaus,81525,533,2870895,"[""Robe""]",[],http://www.wikidata.org/entity/Q1139023,http://www.wikidata.org/entity/Q89265,The Robe (film),Gina Kaus,9797,232,Who was the screenwriter for The Robe?,"[""Lloyd C. Douglas"", ""Lloyd Cassel Douglas"", ""Philip Dunne"", ""Philip Ives Dunne"", ""Albert Maltz"", ""Gina Kaus""]","{
""answer"": ""The screenwriter for the 1953 film The Robe was Philip Yordan (screenplay), with additional adaptation and uncredited work by Jay Dratler and Eric Ambler; the story was by Franklin Coen and Philip Yordan."", 
""confidence_score"": 90
}","The screenwriter for the 1953 film The Robe was Philip Yordan (screenplay), with additional adaptation and uncredited work by Jay Dratler and Eric Ambler; the story was by Franklin Coen and Philip Yordan.",0.9,INCORRECT
3790,1735717,Hawi,country,United States of America,767082,182,988513,"[""Hawi, Hawaii""]","[""the United States of America"",""America"",""U.S.A."",""USA"",""U.S."",""US"",""the US"",""the USA"",""US of A"",""the United States"",""U. S. A."",""U. S."",""the States"",""the U.S."",""'Merica"",""U.S"",""United States"",""'Murica""]",http://www.wikidata.org/entity/Q2221102,http://www.wikidata.org/entity/Q30,"Hawi, Hawaii",United States,861,1629691,In what country is Hawi?,"[""United States of America"", ""the United States of America"", ""America"", ""U.S.A."", ""USA"", ""U.S."", ""US"", ""the US"", ""the USA"", ""US of A"", ""the United States"", ""U. S. A."", ""U. S."", ""the States"", ""the U.S."", ""'Merica"", ""U.S"", ""United States"", ""'Murica""]","{
""answer"": ""Hawi is in the United States (it is a village in the North Kohala district on the Big Island of Hawaiʻi)."",
""confidence_score"": 95
}",Hawi is in the United States (it is a village in the North Kohala district on the Big Island of Hawaiʻi).,0.95,CORRECT
13626,1888323,Nan,capital,Nan,829966,422,6047,[],[],http://www.wikidata.org/entity/Q244698,http://www.wikidata.org/entity/Q1014345,Nan Province,"Nan, Thailand",1673,1312,What is the capital of Nan?,"[""Nan""]","{
""answer"": ""The capital of Nan province in northern Thailand is the town of Nan (Na Mueang), often simply called Nan."",
""confidence_score"": 95
}","The capital of Nan province in northern Thailand is the town of Nan (Na Mueang), often simply called Nan.",0.95,CORRECT
8123,1754705,Human Resources,screenwriter,Laurent Cantet,776210,533,99944,"[""Ressources humaines""]",[],http://www.wikidata.org/entity/Q2254393,http://www.wikidata.org/entity/Q117071,Human Resources (film),Laurent Cantet,565,949,Who was the screenwriter for Human Resources?,"[""Laurent Cantet""]","{""answer"":""The screenwriter for the film Human Resources (original title: Ressources humaines, 1999) was Laurent Cantet (story) and Robin Campillo (screenplay), with the screenplay credited to Robin Campillo and Laurent Cantet."",""confidence_score"":88}","The screenwriter for the film Human Resources (original title: Ressources humaines, 1999) was Laurent Cantet (story) and Robin Campillo (screenplay), with the screenplay credited to Robin Campillo and Laurent Cantet.",0.88,INCORRECT
11335,5873364,Tabor College,religion,Mennonite Brethren Church,2631450,106,2880386,"[""Tabor"",""TC""]",[],http://www.wikidata.org/entity/Q7673530,http://www.wikidata.org/entity/Q907453,Tabor College (Kansas),Mennonite Brethren Church,1232,1158,What is the religion of Tabor College?,"[""Mennonite Brethren Church""]","{
""answer"": ""Tabor College (located in Hillsboro, Kansas) is a Christian college affiliated with the Mennonite Brethren and broader evangelical Christian tradition."",
""confidence_score"": 90
}","Tabor College (located in Hillsboro, Kansas) is a Christian college affiliated with the Mennonite Brethren and broader evangelical Christian tradition.",0.9,CORRECT
11313,857871,Rama,religion,Jainism,364508,106,2890814,"[""Ram"",""Ramachandra"",""Ramchandra"",""Shri Ram"",""Lord Ram"",""Shri Ramchandra"",""R\u00e2ma""]","[""nirgrantha"",""Jain dharma"",""Jainatva"",""Jaina"",""Jain mata"",""Jaini"",""Jainy"",""jainas""]",http://www.wikidata.org/entity/Q160213,http://www.wikidata.org/entity/Q9232,Rama,Jainism,93777,114980,What is the religion of Rama?,"[""Hinduism"", ""Hindu Dharma"", ""Sanatan Dharma"", ""Hindu religion"", ""Hindoo dharam"", ""🛕"", ""ॐ"", ""Jainism"", ""nirgrantha"", ""Jain dharma"", ""Jainatva"", ""Jaina"", ""Jain mata"", ""Jaini"", ""Jainy"", ""jainas""]","{
""answer"": ""Rama is a major deity in Hinduism and is worshipped as an avatar of the god Vishnu, so his religion is Hinduism."",
""confidence_score"": 95
}","Rama is a major deity in Hinduism and is worshipped as an avatar of the god Vishnu, so his religion is Hinduism.",0.95,CORRECT
2681,3151252,1986,genre,print news magazine,1344683,91,462676,[],[],http://www.wikidata.org/entity/Q4582810,http://www.wikidata.org/entity/Q1684600,1986 (American TV series),News magazine,125,5612,What genre is 1986?,"[""print news magazine""]","{""answer"":""1986 is a country song by Randy Travis (from the album Storms of Life)."",""confidence_score"":60}",1986 is a country song by Randy Travis (from the album Storms of Life).,0.6,INCORRECT
4966,4498733,The Bachelor,producer,Chris O'Donnell,1982534,164,40906,"[""Bachelor""]",[],http://www.wikidata.org/entity/Q590869,http://www.wikidata.org/entity/Q107069,The Bachelor (1999 film),Chris O'Donnell,5284,72924,Who was the producer of The Bachelor?,"[""Chris O'Donnell""]","{
""answer"": ""The Bachelor was created and produced by Mike Fleiss (executive producer) through his company Next Entertainment and later by Warner Horizon Television/ABC Signature for the network; primary original producer credited is Mike Fleiss."",
""confidence_score"": 90
}",The Bachelor was created and produced by Mike Fleiss (executive producer) through his company Next Entertainment and later by Warner Horizon Television/ABC Signature for the network; primary original producer credited is Mike Fleiss.,0.9,INCORRECT
8557,149940,Pilot,screenwriter,Paul Scheuring,60507,533,1037526,"[""Prison Break pilot""]",[],http://www.wikidata.org/entity/Q1098262,http://www.wikidata.org/entity/Q314506,Pilot (Prison Break),Paul Scheuring,1841,3155,Who was the screenwriter for Pilot?,"[""Paul Scheuring""]","{
""answer"": ""The screenwriter for the Pilot episode was David Lynch and Mark Frost (they co-wrote it)."",
""confidence_score"": 90
}",The screenwriter for the Pilot episode was David Lynch and Mark Frost (they co-wrote it).,0.9,INCORRECT
11172,6449515,Loyalist,religion,Anglicanism,2901116,106,2145926,"[""Tory""]","[""Anglicanism, Anglican Church""]",http://www.wikidata.org/entity/Q935481,http://www.wikidata.org/entity/Q6423963,Loyalist (American Revolution),Anglicanism,21579,56744,What is the religion of Loyalist?,"[""Anglicanism"", ""Anglicanism, Anglican Church""]","{""answer"":""Loyalist (the British political/sectarian term used especially in Northern Ireland) is typically associated with Protestantism/Ulster Protestant identity."",""confidence_score"":85}",Loyalist (the British political/sectarian term used especially in Northern Ireland) is typically associated with Protestantism/Ulster Protestant identity.,0.85,INCORRECT
5739,4329546,Happy End,director,Jeong Ji-u,1901709,526,2101947,[],"[""Jung Ji-woo"",""Chung Ji-woo""]",http://www.wikidata.org/entity/Q5652658,http://www.wikidata.org/entity/Q6312611,Happy End (1999 film),,4734,-2,Who was the director of Happy End?,"[""Jeong Ji-u"", ""Jung Ji-woo"", ""Chung Ji-woo""]","{""answer"":""The director of the 2017 film Happy End was Michael Haneke."",""confidence_score"":85}",The director of the 2017 film Happy End was Michael Haneke.,0.85,INCORRECT
2792,1780093,Chelsea Clinton,father,Bill Clinton,786906,257,72430,"[""Chelsea Victoria Clinton""]","[""William Jefferson Clinton"",""William Jefferson Blythe III"",""William Jefferson Blythe"",""William J. Clinton"",""Clinton"",""William Jefferson \""Bill\"" Clinton"",""William Clinton"",""President Clinton"",""President Bill Clinton"",""Kelindun"",""William Jefferson, IV Blythe"",""Bill Klinton"",""WJC""]",http://www.wikidata.org/entity/Q229671,http://www.wikidata.org/entity/Q1124,Chelsea Clinton,Bill Clinton,100666,495298,Who is the father of Chelsea Clinton?,"[""Bill Clinton"", ""William Jefferson Clinton"", ""William Jefferson Blythe III"", ""William Jefferson Blythe"", ""William J. Clinton"", ""Clinton"", ""William Jefferson \""Bill\"" Clinton"", ""William Clinton"", ""President Clinton"", ""President Bill Clinton"", ""Kelindun"", ""William Jefferson, IV Blythe"", ""Bill Klinton"", ""WJC""]","{
""answer"": ""The father of Chelsea Clinton is William Jefferson \""Bill\"" Clinton, the 42nd President of the United States."",
""confidence_score"": 100
}","The father of Chelsea Clinton is William Jefferson \""Bill\"" Clinton, the 42nd President of the United States.",1.0,CORRECT
11459,2161656,Julián Lalinde,sport,association football,944975,560,920845,"[""Julian Lalinde""]","[""football"",""soccer""]",http://www.wikidata.org/entity/Q2838461,http://www.wikidata.org/entity/Q2736,Julián Lalinde,Association football,56,197767,What sport does Julián Lalinde play?,"[""association football"", ""football"", ""soccer""]","{""answer"":""Julián Lalinde is a professional football (soccer) player."",""confidence_score"":90}",Julián Lalinde is a professional football (soccer) player.,0.9,CORRECT
5585,6381763,Curtains,producer,John Frusciante,2874699,164,647761,[],"[""Trickfinger"",""John Anthony Frusciante""]",http://www.wikidata.org/entity/Q899625,http://www.wikidata.org/entity/Q188980,Curtains (John Frusciante album),John Frusciante,1294,117346,Who was the producer of Curtains?,"[""John Frusciante"", ""Trickfinger"", ""John Anthony Frusciante""]","{
""answer"": ""The producer of the 1983 Canadian slasher film Curtains was Peter R. Simpson."",
""confidence_score"": 89
}",The producer of the 1983 Canadian slasher film Curtains was Peter R. Simpson.,0.89,INCORRECT
781,2738040,Joachim Olsen,place of birth,Aalborg,1176463,218,858406,"[""Joachim Br\u00f8chner Olsen""]","[""\u00c5lborg""]",http://www.wikidata.org/entity/Q362151,http://www.wikidata.org/entity/Q25410,Joachim B. Olsen,Aalborg,329,10657,In what city was Joachim Olsen born?,"[""Aalborg"", ""Ålborg""]","{
""answer"": ""Joachim B. Olsen was born in Copenhagen, Denmark."",
""confidence_score"": 95
}","Joachim B. Olsen was born in Copenhagen, Denmark.",0.95,INCORRECT
145,2376692,Tachibana no Moroe,occupation,poet,1034028,22,1548606,[],"[""poetess"",""bard""]",http://www.wikidata.org/entity/Q3135863,http://www.wikidata.org/entity/Q49757,Tachibana no Moroe,Poet,267,16182,What is Tachibana no Moroe's occupation?,"[""poet"", ""poetess"", ""bard""]","{
""answer"": ""Tachibana no Moroe was a Japanese politician and court noble (kuge) who served as a high-ranking statesman in the Nara period, including the position of sadaijin (Minister of the Left)."",
""confidence_score"": 95
}","Tachibana no Moroe was a Japanese politician and court noble (kuge) who served as a high-ranking statesman in the Nara period, including the position of sadaijin (Minister of the Left).",0.95,INCORRECT
5340,339797,Friday the 13th Part 2,producer,Steve Miner,136805,164,43366,[],[],http://www.wikidata.org/entity/Q1243009,http://www.wikidata.org/entity/Q107404,Friday the 13th Part 2,Steve Miner,83503,12576,Who was the producer of Friday the 13th Part 2?,"[""Steve Miner""]","{
""answer"": ""The producer of Friday the 13th Part 2 was Steve Miner (produced by Sean S. Cunningham as executive producer and produced by Steve Miner)."",
""confidence_score"": 85
}",The producer of Friday the 13th Part 2 was Steve Miner (produced by Sean S. Cunningham as executive producer and produced by Steve Miner).,0.85,CORRECT
3242,6395978,Moses,father,Amram,2880569,257,1441837,"[""Moshe"",""Moshe Rabbeinu""]","[""Imran"",""Amran""]",http://www.wikidata.org/entity/Q9077,http://www.wikidata.org/entity/Q477527,Moses,Amram,131794,6864,Who is the father of Moses?,"[""Amram"", ""Imran"", ""Amran""]","{
""answer"": ""According to the Hebrew Bible and traditional sources, Moses' father is Amram (also spelled Amram or Amramus)."",
""confidence_score"": 95
}","According to the Hebrew Bible and traditional sources, Moses' father is Amram (also spelled Amram or Amramus).",0.95,CORRECT
7778,1398683,Ho Chi Minh City,capital of,South Vietnam,625763,97,584561,"[""Ho Chi Minh"",""S\u00e0i G\u00f2n"",""Sa\u00efgon"",""HCMC"",""Sai Gon"",""yo mum"",""Saigon""]","[""Republic of Vietnam""]",http://www.wikidata.org/entity/Q1854,http://www.wikidata.org/entity/Q180573,Ho Chi Minh City,South Vietnam,69663,41474,What is Ho Chi Minh City the capital of?,"[""State of Vietnam"", ""Associated State of Vietnam"", ""State of Vietnam"", ""State of Viet-Nam"", ""Independent State of Viet Nam"", ""Vietnam"", ""Việt Nam"", ""South Vietnam"", ""Republic of Vietnam"", ""Cochinchina"", ""Cochin-China""]","{""answer"":""Ho Chi Minh City is the largest city and a municipality in Vietnam but it is not the national capital—Hanoi is the capital of Vietnam."",""confidence_score"":95}",Ho Chi Minh City is the largest city and a municipality in Vietnam but it is not the national capital—Hanoi is the capital of Vietnam.,0.95,CORRECT
7937,1223423,Vienna,capital of,Austria-Hungary,544306,97,948831,"[""Wien"",""Vienna, Austria"",""W""]","[""Austro-Hungarian Empire"",""Dual Monarchy"",""Austria Hungary""]",http://www.wikidata.org/entity/Q1741,http://www.wikidata.org/entity/Q28513,Vienna,Austria-Hungary,122060,145879,What is Vienna the capital of?,"[""Holy Roman Empire"", ""Holy Roman Empire of the German Nation"", ""First Reich"", ""Reich"", ""Austrian Empire"", ""Austria"", ""Habsburg Monarchy"", ""Habsburg Empire"", ""Austria-Hungary"", ""Austro-Hungarian Empire"", ""Dual Monarchy"", ""Austria Hungary"", ""Austria"", ""Österreich"", ""Republic of Austria"", ""Republik Österreich"", ""AT"", ""at"", ""AUT"", ""🇦🇹"", ""aut"", ""Lower Austria"", ""Niederösterreich""]","{
""answer"": ""Vienna is the capital of Austria."",
""confidence_score"": 100
}",Vienna is the capital of Austria.,1.0,CORRECT
1990,1861734,The Icicle Works,genre,alternative rock,818946,91,79782,"[""Icicle Works""]","[""alternative music"",""alt-rock"",""alternative"",""alt rock"",""pop\/rock"",""Alternative Rock""]",http://www.wikidata.org/entity/Q2412078,http://www.wikidata.org/entity/Q11366,The Icicle Works,Alternative rock,4577,138822,What genre is The Icicle Works?,"[""alternative rock"", ""alternative music"", ""alt-rock"", ""alternative"", ""alt rock"", ""pop/rock"", ""Alternative Rock""]","{
""answer"": ""The Icicle Works are an English alternative rock band with post-punk and neo-psychedelic influences."",
""confidence_score"": 92
}",The Icicle Works are an English alternative rock band with post-punk and neo-psychedelic influences.,0.92,CORRECT
7668,649127,Tokyo,capital of,Japan,273933,97,502871,"[""T\u014dky\u014d"",""T\u00f4ky\u00f4"",""Tokyo-to"",""Tokyo Metropolitan prefecture"",""T\u014dky\u014d-to"",""T\u00f4ky\u00f4-to"",""Tokyo Metropolis"",""Tokio"",""Tokyo Prefecture""]","[""State of Japan"",""Land of the Rising Sun"",""Nihon"",""Nippon"",""JP"",""Nippon-koku"",""Nihon-koku"",""JA"",""JPN"",""jp"",""JAP"",""Ja"",""Jap""]",http://www.wikidata.org/entity/Q1490,http://www.wikidata.org/entity/Q17,Tokyo,Japan,205487,702414,What is Tokyo the capital of?,"[""Japan"", ""State of Japan"", ""Land of the Rising Sun"", ""Nihon"", ""Nippon"", ""JP"", ""Nippon-koku"", ""Nihon-koku"", ""JA"", ""JPN"", ""jp"", ""JAP"", ""Ja"", ""Jap"", ""Empire of Japan"", ""Japanese Empire"", ""Imperial Japan"", ""Great Empire of Japan"", ""Great Japanese Empire"", ""Αυτοκρατορία της Ιαπωνίας"", ""Japan"", ""occupation of Japan"", ""Japan"", ""Allied occupation of Japan"", ""Occupied Japan""]","{
""answer"": ""Tokyo is the capital of Japan."",
""confidence_score"": 100
}",Tokyo is the capital of Japan.,1.0,CORRECT
8776,1324871,Weekend,screenwriter,Jean-Luc Godard,588656,533,1722988,"[""Week-end""]","[""Jean Luc Godard""]",http://www.wikidata.org/entity/Q1812267,http://www.wikidata.org/entity/Q53001,Weekend (1967 film),Jean-Luc Godard,3108,38520,Who was the screenwriter for Weekend?,"[""Jean-Luc Godard"", ""Jean Luc Godard""]","{
""answer"": ""Jean-Luc Godard was the screenwriter of the 1967 film Weekend (he also directed and co-wrote the screenplay)."",
""confidence_score"": 95
}",Jean-Luc Godard was the screenwriter of the 1967 film Weekend (he also directed and co-wrote the screenplay).,0.95,CORRECT
10891,3953811,Dream On (An Indian Lullaby),composer,Victor Herbert,1726728,639,150469,"[""Dream On""]","[""Victor August Herbert""]",http://www.wikidata.org/entity/Q5306416,http://www.wikidata.org/entity/Q1275145,Dream On (An Indian Lullaby),Victor Herbert,152,2653,Who was the composer of Dream On (An Indian Lullaby)?,"[""Victor Herbert"", ""Victor August Herbert""]","{
""answer"": ""The composer of 'Dream On (An Indian Lullaby)' is Amy Beach."",
""confidence_score"": 95
}",The composer of 'Dream On (An Indian Lullaby)' is Amy Beach.,0.95,INCORRECT
14197,44382,Rwanda,capital,Kigali,18425,422,1233866,"[""Republic of Rwanda"",""rw"",""\ud83c\uddf7\ud83c\uddfc""]",[],http://www.wikidata.org/entity/Q1037,http://www.wikidata.org/entity/Q3859,Rwanda,Kigali,121103,20964,What is the capital of Rwanda?,"[""Kigali""]","{
""answer"": ""The capital of Rwanda is Kigali."",
""confidence_score"": 100
}",The capital of Rwanda is Kigali.,1.0,CORRECT
6733,2026207,Second Skin,director,Gerardo Vera,888026,526,1302933,"[""Segunda piel""]","[""Gerardo Vera Perales""]",http://www.wikidata.org/entity/Q2636032,http://www.wikidata.org/entity/Q434588,Second Skin (1999 film),Gerardo Vera,423,140,Who was the director of Second Skin?,"[""Gerardo Vera"", ""Gerardo Vera Perales""]","{""answer"":""The director of the 2008 documentary Second Skin is Neil LaBute."",""confidence_score"":20}",The director of the 2008 documentary Second Skin is Neil LaBute.,0.2,INCORRECT
6810,312835,Mother,director,Vsevolod Pudovkin,126538,526,1835148,[],"[""Vsevolod Illarionovich Pudovkin"",""Wsewolod Illarionowitsch Pudowkin""]",http://www.wikidata.org/entity/Q1214957,http://www.wikidata.org/entity/Q55195,Mother (1926 film),Vsevolod Pudovkin,1084,1976,Who was the director of Mother?,"[""Vsevolod Pudovkin"", ""Vsevolod Illarionovich Pudovkin"", ""Wsewolod Illarionowitsch Pudowkin""]","{""answer"":""If you mean the 2010 South Korean film Mother, it was directed by Bong Joon-ho."",""confidence_score"":85}","If you mean the 2010 South Korean film Mother, it was directed by Bong Joon-ho.",0.85,INCORRECT
6479,2145986,4:30,director,Royston Tan,938763,526,1128863,[],"[""\u9648\u5b50\u8c26"",""Ch\u00e9n Z\u01d0qi\u0101n"",""T\u00e2n J\u00ed-khiam"",""Tan Ji-khiam""]",http://www.wikidata.org/entity/Q2816931,http://www.wikidata.org/entity/Q3446323,4:30,Royston Tan,460,1131,Who was the director of 4:30?,"[""Royston Tan"", ""陈子谦"", ""Chén Zǐqiān"", ""Tân Jí-khiam"", ""Tan Ji-khiam""]","{
""answer"": ""The director of the film 4:30 is Royston Tan."",
""confidence_score"": 95
}",The director of the film 4:30 is Royston Tan.,0.95,CORRECT
3449,3824884,Dakhan,country,Iran,1668972,182,2753763,[],"[""Islamic Republic of Iran"",""Persia"",""ir"",""Islamic Rep. Iran"",""\ud83c\uddee\ud83c\uddf7""]",http://www.wikidata.org/entity/Q5209938,http://www.wikidata.org/entity/Q794,Dakhan,Iran,100,317291,In what country is Dakhan?,"[""Iran"", ""Islamic Republic of Iran"", ""Persia"", ""ir"", ""Islamic Rep. Iran"", ""🇮🇷""]","{""answer"":""Dakhan is a village in the Gedo region of Somalia."",""confidence_score"":65}",Dakhan is a village in the Gedo region of Somalia.,0.65,INCORRECT
10157,1574139,New Age,composer,Lou Reed,703103,639,648091,[],"[""Lewis Allen Reed"",""Lewis Allan Reed""]",http://www.wikidata.org/entity/Q2000508,http://www.wikidata.org/entity/Q189080,New Age (The Velvet Underground song),Lou Reed,766,191320,Who was the composer of New Age?,"[""Lou Reed"", ""Lewis Allen Reed"", ""Lewis Allan Reed""]","{
""answer"": ""The composer of the song \""New Age\"" was Marillion's keyboardist and main composer, Mark Kelly, with music credited to the band Marillion and lyrics by Pete Trewavas on the 1984 album Fugazi."", 
""confidence_score"": 25
}","The composer of the song \""New Age\"" was Marillion's keyboardist and main composer, Mark Kelly, with music credited to the band Marillion and lyrics by Pete Trewavas on the 1984 album Fugazi.",0.25,INCORRECT
7468,1249018,The Saint,director,Phillip Noyce,556579,526,1791491,"[""Saint""]",[],http://www.wikidata.org/entity/Q1753817,http://www.wikidata.org/entity/Q543563,The Saint (1997 film),Phillip Noyce,17262,7382,Who was the director of The Saint?,"[""Phillip Noyce""]","{
""answer"": ""The 1997 film The Saint was directed by Phillip Noyce."",
""confidence_score"": 95
}",The 1997 film The Saint was directed by Phillip Noyce.,0.95,CORRECT
507,4331418,Harding of Bristol,occupation,magistrate,1902618,22,1349099,"[""Harding (?)""]",[],http://www.wikidata.org/entity/Q5656139,http://www.wikidata.org/entity/Q4594605,Harding of Bristol,Magistrate,216,15457,What is Harding of Bristol's occupation?,"[""magistrate""]","{""answer"":""Harding of Bristol was a medieval landowner and merchant (a wealthy Anglo-Saxon landholder and trader in Bristol)."",""confidence_score"":70}",Harding of Bristol was a medieval landowner and merchant (a wealthy Anglo-Saxon landholder and trader in Bristol).,0.7,INCORRECT
12832,997764,Victoria,author,Knut Hamsun,426101,484,1271146,[],"[""Knut Pedersen Hamsun"",""Hamsun""]",http://www.wikidata.org/entity/Q1636184,http://www.wikidata.org/entity/Q40826,Victoria (novel),Knut Hamsun,530,9959,Who is the author of Victoria?,"[""Knut Hamsun"", ""Knut Pedersen Hamsun"", ""Hamsun""]","{""answer"":""If you mean the novel 'Victoria' (1992) it was written by Knut Hamsun; if you mean the 19th-century novel 'Victoria' (1898) it's by Julia Margaret Cameron (photobook) — most commonly 'Victoria' refers to the 1898 novel by Knut Hamsun."",""confidence_score"":15}",If you mean the novel 'Victoria' (1992) it was written by Knut Hamsun; if you mean the 19th-century novel 'Victoria' (1898) it's by Julia Margaret Cameron (photobook) — most commonly 'Victoria' refers to the 1898 novel by Knut Hamsun.,0.15,CORRECT
4129,3864448,Monti della Tolfa,country,Italy,1685963,182,1218153,[],"[""Italia"",""Italian Republic"",""IT"",""\ud83c\uddee\ud83c\uddf9"",""ITA""]",http://www.wikidata.org/entity/Q523409,http://www.wikidata.org/entity/Q38,Monti della Tolfa,Italy,182,403188,In what country is Monti della Tolfa?,"[""Italy"", ""Italia"", ""Italian Republic"", ""IT"", ""🇮🇹"", ""ITA""]","{
""answer"": ""Monti della Tolfa is in Italy."",
""confidence_score"": 100
}",Monti della Tolfa is in Italy.,1.0,CORRECT
14013,2440723,Cao Wei,capital,Luoyang,1058007,422,638073,"[""Wei"",""Ngai""]","[""Loyang"",""Jingluo"",""Luoyi"",""Shendu"",""Xijing""]",http://www.wikidata.org/entity/Q320930,http://www.wikidata.org/entity/Q187136,Cao Wei,Luoyang,11868,13819,What is the capital of Cao Wei?,"[""Luoyang"", ""Loyang"", ""Jingluo"", ""Luoyi"", ""Shendu"", ""Xijing""]","{
""answer"": ""The capital of Cao Wei was Luoyang (after Cao Pi established the state in 220–221 AD; earlier Cao Cao had used Xuchang as his administrative center)."",
""confidence_score"": 95
}",The capital of Cao Wei was Luoyang (after Cao Pi established the state in 220–221 AD; earlier Cao Cao had used Xuchang as his administrative center).,0.95,CORRECT
8043,4885842,Timecode,screenwriter,Mike Figgis,2152528,533,2376782,[],"[""Michael Lawrence Dundus Figgis"",""Michael Figgis""]",http://www.wikidata.org/entity/Q643771,http://www.wikidata.org/entity/Q710131,Timecode (2000 film),Mike Figgis,2348,12792,Who was the screenwriter for Timecode?,"[""Mike Figgis"", ""Michael Lawrence Dundus Figgis"", ""Michael Figgis""]","{""answer"":""Timecode (2000) was written and directed by Mike Figgis."",""confidence_score"":82}",Timecode (2000) was written and directed by Mike Figgis.,0.82,CORRECT
8159,2423920,Le Journal d'une femme en blanc,screenwriter,Jean Aurenche,1051566,533,2932026,"[""Journal d'une femme en blanc""]",[],http://www.wikidata.org/entity/Q3186821,http://www.wikidata.org/entity/Q978299,A Woman in White,Jean Aurenche,145,270,Who was the screenwriter for Le Journal d'une femme en blanc?,"[""Jean Aurenche""]","{
""answer"": ""The screenwriter for Le Journal d'une femme en blanc (1965) was Jean Valmore, who adapted the screenplay from a story by Louis Daquin and Jean Vautrin."",
""confidence_score"": 35
}","The screenwriter for Le Journal d'une femme en blanc (1965) was Jean Valmore, who adapted the screenplay from a story by Louis Daquin and Jean Vautrin.",0.35,INCORRECT
8325,1924737,Pilot,screenwriter,Bill Prady,846063,533,2854650,"[""Aired Pilot"",""The Big Bang Theory pilot""]","[""William Scott Prady""]",http://www.wikidata.org/entity/Q2495939,http://www.wikidata.org/entity/Q862389,Pilot (The Big Bang Theory),Bill Prady,2993,8470,Who was the screenwriter for Pilot?,"[""Chuck Lorre"", ""Charles Michael Levine"", ""Bill Prady"", ""William Scott Prady""]","{
""answer"": ""There are many episodes titled 'Pilot' — without the TV show or film name specified, the screenwriter cannot be determined; please specify which 'Pilot' you mean."",
""confidence_score"": 92
}","There are many episodes titled 'Pilot' — without the TV show or film name specified, the screenwriter cannot be determined; please specify which 'Pilot' you mean.",0.92,CORRECT
5733,2619693,A Matter of Honor,director,Rob Bowman,1128346,526,2314294,"[""mt""]","[""Rob Stanton Bowman"",""Rob S. Bowman""]",http://www.wikidata.org/entity/Q3444506,http://www.wikidata.org/entity/Q693016,A Matter of Honor,Rob Bowman (director),2423,3487,Who was the director of A Matter of Honor?,"[""Rob Bowman"", ""Rob Stanton Bowman"", ""Rob S. Bowman""]","{
""answer"": ""The director of the Star Trek: The Next Generation episode “A Matter of Honor” was Patrick Stewart."",
""confidence_score"": 95
}",The director of the Star Trek: The Next Generation episode “A Matter of Honor” was Patrick Stewart.,0.95,INCORRECT
7509,2268833,Mother,director,Mikio Naruse,989730,526,208046,[],[],http://www.wikidata.org/entity/Q3005765,http://www.wikidata.org/entity/Q1371306,Mother (1952 film),Mikio Naruse,365,2582,Who was the director of Mother?,"[""Mikio Naruse""]","{""answer"":""If you mean the 2009 South Korean film Mother, the director was Bong Joon-ho."",""confidence_score"":85}","If you mean the 2009 South Korean film Mother, the director was Bong Joon-ho.",0.85,INCORRECT
702,1349825,Fahd Ananta,place of birth,Dhaka,601498,218,193716,[],"[""Dacca"",""Dhaka City""]",http://www.wikidata.org/entity/Q18205178,http://www.wikidata.org/entity/Q1354,Fahd Ananta,Dhaka,127,81518,In what city was Fahd Ananta born?,"[""Dhaka"", ""Dacca"", ""Dhaka City""]","{
""answer"": ""Fahd Ananta was born in Sylhet, Bangladesh."",
""confidence_score"": 65
}","Fahd Ananta was born in Sylhet, Bangladesh.",0.65,INCORRECT
8410,1450554,Exit the Vamp,screenwriter,Clara Beranger,648453,533,982645,[],"[""Clara Strouse"",""Clara S. Beranger""]",http://www.wikidata.org/entity/Q18914963,http://www.wikidata.org/entity/Q2975468,Exit the Vamp,Clara Beranger,74,308,Who was the screenwriter for Exit the Vamp?,"[""Clara Beranger"", ""Clara Strouse"", ""Clara S. Beranger""]","{
""answer"": ""The screenwriter for the 1921 film Exit the Vamp was Robert A. Dillon."",
""confidence_score"": 85
}",The screenwriter for the 1921 film Exit the Vamp was Robert A. Dillon.,0.85,INCORRECT
1838,5503612,Punishment,genre,soap opera,2450705,91,808453,[],"[""soap"",""soapie"",""soapopera""]",http://www.wikidata.org/entity/Q7260220,http://www.wikidata.org/entity/Q23739,Punishment (TV series),Soap opera,491,50456,What genre is Punishment?,"[""soap opera"", ""soap"", ""soapie"", ""soapopera""]","{
""answer"": ""Punishment is a drill/rap song (UK drill) by British rapper D-Block Europe & Headie One."", 
""confidence_score"": 45
}",Punishment is a drill/rap song (UK drill) by British rapper D-Block Europe & Headie One.,0.45,INCORRECT
4069,612520,Joy,country,United States of America,250917,182,988513,[],"[""the United States of America"",""America"",""U.S.A."",""USA"",""U.S."",""US"",""the US"",""the USA"",""US of A"",""the United States"",""U. S. A."",""U. S."",""the States"",""the U.S."",""'Merica"",""U.S"",""United States"",""'Murica""]",http://www.wikidata.org/entity/Q14680988,http://www.wikidata.org/entity/Q30,"Joy, Arkansas",United States,63,1629691,In what country is Joy?,"[""United States of America"", ""the United States of America"", ""America"", ""U.S.A."", ""USA"", ""U.S."", ""US"", ""the US"", ""the USA"", ""US of A"", ""the United States"", ""U. S. A."", ""U. S."", ""the States"", ""the U.S."", ""'Merica"", ""U.S"", ""United States"", ""'Murica""]","{
""answer"": ""I don't have enough information to determine which country 'Joy' is in."",
""confidence_score"": 85
}",I don't have enough information to determine which country 'Joy' is in.,0.85,NOT_ATTEMPTED
3676,4965470,Likiep Airport,country,Marshall Islands,2190206,182,2371940,"[""LIK""]","[""Republic of the Marshall Islands"",""Aolep\u0101n Aor\u014dkin M\u0327aje\u013c"",""mh"",""\ud83c\uddf2\ud83c\udded"",""MHL""]",http://www.wikidata.org/entity/Q6547308,http://www.wikidata.org/entity/Q709,Likiep Airport,Marshall Islands,126,81710,In what country is Likiep Airport?,"[""Marshall Islands"", ""Republic of the Marshall Islands"", ""Aolepān Aorōkin M̧ajeļ"", ""mh"", ""🇲🇭"", ""MHL""]","{
""answer"": ""Likiep Airport is in the Marshall Islands."",
""confidence_score"": 95
}",Likiep Airport is in the Marshall Islands.,0.95,CORRECT
13604,3406780,August Coppola,mother,Italia Coppola,1466316,292,362129,"[""August Floyd Coppola""]","[""Italia Pennino"",""Italia Pennino Coppola""]",http://www.wikidata.org/entity/Q4820677,http://www.wikidata.org/entity/Q16016103,August Coppola,Italia Coppola,16762,5994,Who is the mother of August Coppola?,"[""Italia Coppola"", ""Italia Pennino"", ""Italia Pennino Coppola""]","{
""answer"": ""The mother of August Coppola is Elsie (née Bonas) Coppola."",
""confidence_score"": 92
}",The mother of August Coppola is Elsie (née Bonas) Coppola.,0.92,INCORRECT
10038,2073588,Love,composer,John Lennon,908320,639,120017,[],"[""John Winston Ono Lennon"",""John Winston Lennon"",""Lennon John"",""John Ono Lennon""]",http://www.wikidata.org/entity/Q2703182,http://www.wikidata.org/entity/Q1203,Love (John Lennon song),John Lennon,1635,453988,Who was the composer of Love?,"[""John Lennon"", ""John Winston Ono Lennon"", ""John Winston Lennon"", ""Lennon John"", ""John Ono Lennon""]","{""answer"":""If you mean the song \""Love\"" popularized by Nat King Cole, it was composed by Matt Dennis (music) with lyrics by Karl Suessdorf; if you mean the Beatles' song \""Love\""—there is no Beatles song simply titled \""Love\"" as a standalone composition by them."",""confidence_score"":60}","If you mean the song \""Love\"" popularized by Nat King Cole, it was composed by Matt Dennis (music) with lyrics by Karl Suessdorf; if you mean the Beatles' song \""Love\""—there is no Beatles song simply titled \""Love\"" as a standalone composition by them.",0.6,NOT_ATTEMPTED
8528,6525032,Loft,screenwriter,Kiyoshi Kurosawa,2928844,533,1767793,[],[],http://www.wikidata.org/entity/Q973377,http://www.wikidata.org/entity/Q53834,Loft (2005 film),Kiyoshi Kurosawa,1062,21199,Who was the screenwriter for Loft?,"[""Kiyoshi Kurosawa""]","{""answer"":""The screenplay for the 2008 Belgian film Loft was written by Bart De Pauw."",""confidence_score"":85}",The screenplay for the 2008 Belgian film Loft was written by Bart De Pauw.,0.85,INCORRECT
4918,1239812,Our Love,producer,Dan Snaith,551234,164,17982,[],"[""Caribou"",""Daphni"",""Manitoba"",""Daniel Snaith"",""Daniel Victor Snaith""]",http://www.wikidata.org/entity/Q17508598,http://www.wikidata.org/entity/Q1036131,Our Love (Caribou album),Dan Snaith,1142,10057,Who was the producer of Our Love?,"[""Dan Snaith"", ""Caribou"", ""Daphni"", ""Manitoba"", ""Daniel Snaith"", ""Daniel Victor Snaith""]","{""answer"":""If you mean the 1977 song “Our Love” by Natalie Cole, the producer was Chuck Jackson (with Marvin Yancy as co-producer)."",""confidence_score"":65}","If you mean the 1977 song “Our Love” by Natalie Cole, the producer was Chuck Jackson (with Marvin Yancy as co-producer).",0.65,INCORRECT
10642,4203116,Gentleman,composer,Lou Bega,1843312,639,2010319,[],"[""David Lubega""]",http://www.wikidata.org/entity/Q5533714,http://www.wikidata.org/entity/Q60268,Gentleman (Lou Bega song),Lou Bega,137,17152,Who was the composer of Gentleman?,"[""Lou Bega"", ""David Lubega""]","{""answer"":""The composer of the song \""Gentleman\"" (2013) is Psy (Park Jae-sang), who is credited as its composer."",""confidence_score"":90}","The composer of the song \""Gentleman\"" (2013) is Psy (Park Jae-sang), who is credited as its composer.",0.9,INCORRECT
9875,5964017,The Weekend,screenwriter,Meredith Stiehm,2677473,533,1800655,[],[],http://www.wikidata.org/entity/Q7774125,http://www.wikidata.org/entity/Q545377,The Weekend (Homeland),Meredith Stiehm,797,733,Who was the screenwriter for The Weekend?,"[""Meredith Stiehm""]","{
""answer"": ""The screenwriter for The Weekend (2018 film) was Stella Meghie."",
""confidence_score"": 90
}",The screenwriter for The Weekend (2018 film) was Stella Meghie.,0.9,INCORRECT
6409,1126309,The Fog,director,Rupert Wainwright,494160,526,2927785,"[""Fog""]",[],http://www.wikidata.org/entity/Q1697426,http://www.wikidata.org/entity/Q971738,The Fog (2005 film),Rupert Wainwright,28646,3517,Who was the director of The Fog?,"[""Rupert Wainwright""]","{
""answer"": ""John Carpenter directed the 1980 horror film The Fog."",
""confidence_score"": 99
}",John Carpenter directed the 1980 horror film The Fog.,0.99,INCORRECT
4927,5240458,The Mist,producer,Frank Darabont,2322393,164,978304,"[""Mist""]",[],http://www.wikidata.org/entity/Q695209,http://www.wikidata.org/entity/Q295445,The Mist (film),Frank Darabont,76264,33406,Who was the producer of The Mist?,"[""Frank Darabont""]","{
""answer"": ""Frank Darabont was the producer of the 2007 film The Mist (he also directed and wrote the screenplay)."",
""confidence_score"": 95
}",Frank Darabont was the producer of the 2007 film The Mist (he also directed and wrote the screenplay).,0.95,CORRECT
2198,2781298,Studio,genre,electronic music,1193805,91,2931668,[],"[""electrosonic""]",http://www.wikidata.org/entity/Q3706724,http://www.wikidata.org/entity/Q9778,Studio (band),Electronic music,277,77084,What genre is Studio?,"[""electronic music"", ""electrosonic""]","{
""answer"": ""Studio is a jazz fusion/experimental rock band (often categorized as jazz-rock fusion)."",
""confidence_score"": 78
}",Studio is a jazz fusion/experimental rock band (often categorized as jazz-rock fusion).,0.78,INCORRECT
5506,1291661,Last Night,producer,Massy Tadjedin,574714,164,1390342,[],[],http://www.wikidata.org/entity/Q1783318,http://www.wikidata.org/entity/Q469357,Last Night (2010 film),Massy Tadjedin,6232,449,Who was the producer of Last Night?,"[""Massy Tadjedin""]","{""answer"":""Assuming you mean the 2010 film Last Night, it was produced by Christine Vachon and David Hinojosa (produced by Christine Vachon via Killer Films)."",""confidence_score"":60}","Assuming you mean the 2010 film Last Night, it was produced by Christine Vachon and David Hinojosa (produced by Christine Vachon via Killer Films).",0.6,INCORRECT
8952,99233,Crisis,screenwriter,Ingmar Bergman,38244,533,2581863,[],"[""Ernst Ingmar Bergman""]",http://www.wikidata.org/entity/Q1066211,http://www.wikidata.org/entity/Q7546,Crisis (1946 film),Ingmar Bergman,847,93841,Who was the screenwriter for Crisis?,"[""Ingmar Bergman"", ""Ernst Ingmar Bergman""]","{""answer"":""The screenwriter for the 2021 film Crisis (directed by Nicholas Jarecki) was Rory Haines and Sohrab Noshirvani (screenplay by Rory Haines and Sohrab Noshirvani; story by Nicholas Jarecki, Sam Maydew, and David C. Cooper)."",""confidence_score"":85}","The screenwriter for the 2021 film Crisis (directed by Nicholas Jarecki) was Rory Haines and Sohrab Noshirvani (screenplay by Rory Haines and Sohrab Noshirvani; story by Nicholas Jarecki, Sam Maydew, and David C. Cooper).",0.85,INCORRECT
6718,1009462,The Wonders,director,Alice Rohrwacher,431337,526,1614617,"[""Wonders"",""Le meraviglie""]",[],http://www.wikidata.org/entity/Q16448753,http://www.wikidata.org/entity/Q510194,The Wonders (film),Alice Rohrwacher,1586,2069,Who was the director of The Wonders?,"[""Alice Rohrwacher""]","{
""answer"": ""The director of The Wonders (2014) is Alice Rohrwacher."",
""confidence_score"": 95
}",The director of The Wonders (2014) is Alice Rohrwacher.,0.95,CORRECT
3117,3022488,Ludmila Zeman,father,Karel Zeman,1294001,257,939598,"[""Ludmila Spalena"",""Ludmila Zemanova""]","[""\u0417\u0435\u043c\u0430\u043d \u041a\u0430\u0440\u0435\u043b"",""Karla Zemana"",""\u041a\u0430\u0440\u0435\u043b \u0417\u0435\u043c\u0430\u043d""]",http://www.wikidata.org/entity/Q4276792,http://www.wikidata.org/entity/Q282000,Ludmila Zeman,Karel Zeman,241,1515,Who is the father of Ludmila Zeman?,"[""Karel Zeman"", ""Земан Карел"", ""Karla Zemana"", ""Карел Земан""]","{
""answer"": ""Ludmila Zeman's father was Karel Zeman, the noted Czech filmmaker and animator."",
""confidence_score"": 95
}","Ludmila Zeman's father was Karel Zeman, the noted Czech filmmaker and animator.",0.95,CORRECT
7896,1627734,Roma,capital of,Maranoa Region,724068,97,38702,"[""Roma, Queensland"",""Roma, Queensland, Australia""]","[""Maranoa Regional""]",http://www.wikidata.org/entity/Q2063327,http://www.wikidata.org/entity/Q1066859,"Roma, Queensland",Maranoa Region,3378,628,What is Roma the capital of?,"[""Maranoa Region"", ""Maranoa Regional""]","{
""answer"": ""Roma is the capital of Italy (in English, Rome is the capital city of the country of Italy)."",
""confidence_score"": 100
}","Roma is the capital of Italy (in English, Rome is the capital city of the country of Italy).",1.0,INCORRECT
7754,1361418,Windsor,capital of,Essex County,606794,97,2914364,"[""Windsor, Ontario""]","[""Essex County, Ontario""]",http://www.wikidata.org/entity/Q182625,http://www.wikidata.org/entity/Q953088,"Windsor, Ontario","Essex County, Ontario",24969,2830,What is Windsor the capital of?,"[""Essex County"", ""Essex County, Ontario""]","{
""answer"": ""Windsor is the county town (administrative capital) of Berkshire, England."",
""confidence_score"": 90
}","Windsor is the county town (administrative capital) of Berkshire, England.",0.9,INCORRECT
10899,5686757,Sandhya,composer,Baburaj,2535719,639,1475684,[],[],http://www.wikidata.org/entity/Q7416288,http://www.wikidata.org/entity/Q4838100,Sandhya (film),M. S. Baburaj,138,3987,Who was the composer of Sandhya?,"[""Baburaj""]","{""answer"":""If you mean the 1969 Malayalam film Sandhya, its composer was G. Devarajan."",""confidence_score"":85}","If you mean the 1969 Malayalam film Sandhya, its composer was G. Devarajan.",0.85,INCORRECT
4219,3509583,Billions,producer,Alla Nazimova,1516061,164,801117,[],"[""Nazimova""]",http://www.wikidata.org/entity/Q4912006,http://www.wikidata.org/entity/Q234795,Billions (film),Alla Nazimova,196,15944,Who was the producer of Billions?,"[""Alla Nazimova"", ""Nazimova""]","{
""answer"": ""Billions was created by Brian Koppelman, David Levien, and financial journalist Andrew Ross Sorkin, with executive producers including Koppelman, Levien, Sorkin, and Michael Uppendahl among others (primary creators/executive producers: Brian Koppelman, David Levien, Andrew Ross Sorkin)."",
""confidence_score"": 85
}","Billions was created by Brian Koppelman, David Levien, and financial journalist Andrew Ross Sorkin, with executive producers including Koppelman, Levien, Sorkin, and Michael Uppendahl among others (primary creators/executive producers: Brian Koppelman, David Levien, Andrew Ross Sorkin).",0.85,INCORRECT
8545,5965570,The Woods,screenwriter,Matthew Lessner,2678220,533,2263602,"[""Woods""]",[],http://www.wikidata.org/entity/Q7775747,http://www.wikidata.org/entity/Q6790861,The Woods (2011 film),Matthew Lessner,124,234,Who was the screenwriter for The Woods?,"[""Matthew Lessner""]","{""answer"":""The screenwriter for The Woods (2011 Polish film) was Bartłomiej Szczyrba; for the 2006 American film The Woods it was David Ross and the screenplay was written by Adam Alleca (story by Matthew Parkhill) — likely referring to the 2006 film written by Adam Alleca."",""confidence_score"":35}",The screenwriter for The Woods (2011 Polish film) was Bartłomiej Szczyrba; for the 2006 American film The Woods it was David Ross and the screenplay was written by Adam Alleca (story by Matthew Parkhill) — likely referring to the 2006 film written by Adam Alleca.,0.35,INCORRECT
2760,1350703,Gevherhan Hatun,father,Mehmed the Conqueror,601921,257,1129557,"[""Gevher Sultan""]","[""Mehmed bin Murad Khan"",""Mehmed II"",""Mehmet II""]",http://www.wikidata.org/entity/Q18206133,http://www.wikidata.org/entity/Q34503,Gevherhan Hatun,Mehmed the Conqueror,1032,72588,Who is the father of Gevherhan Hatun?,"[""Mehmed the Conqueror"", ""Mehmed bin Murad Khan"", ""Mehmed II"", ""Mehmet II""]","{
""answer"": ""Gevherhan Hatun was the daughter of Sultan Bayezid II of the Ottoman Empire."",
""confidence_score"": 85
}",Gevherhan Hatun was the daughter of Sultan Bayezid II of the Ottoman Empire.,0.85,INCORRECT
13189,5409905,Pearl,author,John Arden,2405147,484,1856701,[],[],http://www.wikidata.org/entity/Q7158026,http://www.wikidata.org/entity/Q555621,Pearl (radio play),John Arden,70,1033,Who is the author of Pearl?,"[""John Arden""]","{""answer"":""The author of the medieval English poem 'Pearl' is unknown and conventionally referred to as the 'Pearl Poet' (also called the Gawain Poet)."",""confidence_score"":90}",The author of the medieval English poem 'Pearl' is unknown and conventionally referred to as the 'Pearl Poet' (also called the Gawain Poet).,0.9,INCORRECT
8644,3440084,The Classic,screenwriter,Kwak Jae-yong,1483725,533,1479507,"[""'' The Classic ''"",""Classic""]",[],http://www.wikidata.org/entity/Q485525,http://www.wikidata.org/entity/Q484686,The Classic,Kwak Jae-yong,8797,1594,Who was the screenwriter for The Classic?,"[""Kwak Jae-yong""]","{""answer"":""The screenwriter for the 2003 South Korean film The Classic (Keullaesik) was Kim Ji-woon."",""confidence_score"":35}",The screenwriter for the 2003 South Korean film The Classic (Keullaesik) was Kim Ji-woon.,0.35,INCORRECT
2034,4427910,Caprica,genre,science fiction,1946851,91,844831,[],"[""SF"",""scifi"",""sci Fi"",""sci-Fi"",""science-fiction"",""sci fi"",""sciencefiction""]",http://www.wikidata.org/entity/Q579554,http://www.wikidata.org/entity/Q24925,Caprica,Science fiction,11466,155784,What genre is Caprica?,"[""science fiction"", ""SF"", ""scifi"", ""sci Fi"", ""sci-Fi"", ""science-fiction"", ""sci fi"", ""sciencefiction""]","{
""answer"": ""Caprica is a science fiction drama television series with elements of space opera and cyberpunk."",
""confidence_score"": 95
}",Caprica is a science fiction drama television series with elements of space opera and cyberpunk.,0.95,CORRECT
8662,1856052,Teresa,screenwriter,Stewart Stern,816640,533,801112,[],"[""Stewart Henry Stern""]",http://www.wikidata.org/entity/Q2404559,http://www.wikidata.org/entity/Q2347934,Teresa (1951 film),Stewart Stern,845,1212,Who was the screenwriter for Teresa?,"[""Stewart Stern"", ""Stewart Henry Stern""]","{
""answer"": ""The screenwriter for the 1951 Mexican film Teresa was Luis Alcoriza."",
""confidence_score"": 90
}",The screenwriter for the 1951 Mexican film Teresa was Luis Alcoriza.,0.9,INCORRECT
5826,5927641,The Gamble,director,Tom Ricketts,2658768,526,1154752,"[""Gamble""]",[],http://www.wikidata.org/entity/Q7735669,http://www.wikidata.org/entity/Q3530860,The Gamble (1916 film),Tom Ricketts,61,979,Who was the director of The Gamble?,"[""Tom Ricketts""]","{
""answer"": ""The director of the 1971 Italian film The Gamble (original title: La partita) was Carlo Vanzina."",
""confidence_score"": 20
}",The director of the 1971 Italian film The Gamble (original title: La partita) was Carlo Vanzina.,0.2,INCORRECT
13681,488408,Cordillera Administrative Region,capital,Baguio,200168,422,605251,"[""CAR""]","[""City of Baguio"",""Baguio City"",""Baguio, Benguet""]",http://www.wikidata.org/entity/Q13606,http://www.wikidata.org/entity/Q1822,Cordillera Administrative Region,Baguio,25227,27318,What is the capital of Cordillera Administrative Region?,"[""Baguio"", ""City of Baguio"", ""Baguio City"", ""Baguio, Benguet""]","{
""answer"": ""The capital of the Cordillera Administrative Region (CAR) in the Philippines is Baguio City."",
""confidence_score"": 95
}",The capital of the Cordillera Administrative Region (CAR) in the Philippines is Baguio City.,0.95,CORRECT
9513,1371350,Daughter,screenwriter,Koo Hye-sun,611611,533,809138,[],"[""Goo Hye-sun"",""Ku Hye-sun"",""Ku Hye-seon"",""Koo Hye-sun"",""Goo Hye-seon"",""Gu hye- seon""]",http://www.wikidata.org/entity/Q18350443,http://www.wikidata.org/entity/Q237673,Daughter (2014 film),Koo Hye-sun,490,24582,Who was the screenwriter for Daughter?,"[""Koo Hye-sun"", ""Goo Hye-sun"", ""Ku Hye-sun"", ""Ku Hye-seon"", ""Koo Hye-sun"", ""Goo Hye-seon"", ""Gu hye- seon""]","{""answer"":""If you mean the 2014 short film Daughter (original title: 'Daughter') the screenwriter is Daria Zhuk (also credited as scriptwriter); if you mean another film titled 'Daughter', please specify the year or country."",""confidence_score"":40}","If you mean the 2014 short film Daughter (original title: 'Daughter') the screenwriter is Daria Zhuk (also credited as scriptwriter); if you mean another film titled 'Daughter', please specify the year or country.",0.4,INCORRECT
9444,1050467,Fly,screenwriter,Sam Catlin,449721,533,2530522,[],[],http://www.wikidata.org/entity/Q16745119,http://www.wikidata.org/entity/Q7407299,Fly (Breaking Bad),Sam Catlin,10510,2176,Who was the screenwriter for Fly?,"[""Moira Walley-Beckett"", ""Moira Walley"", ""Moira Walley-Becket"", ""Moira Wally"", ""Moria Wally"", ""Sam Catlin""]","{
""answer"": ""If you mean the 1986 short film 'The Fly' remake's screenplay was by David Cronenberg (screenplay) and George Langelaan (short story), but the 1958 film 'The Fly' was written by James Clavell (screenplay), with the original 1957 short story by George Langelaan; specify which film for greater accuracy."",
""confidence_score"": 70
}","If you mean the 1986 short film 'The Fly' remake's screenplay was by David Cronenberg (screenplay) and George Langelaan (short story), but the 1958 film 'The Fly' was written by James Clavell (screenplay), with the original 1957 short story by George Langelaan; specify which film for greater accuracy.",0.7,INCORRECT
4682,1646720,10 Years,producer,Armin van Buuren,731268,164,2084529,[],"[""AvB"",""Armin Jozef Jacobus Dani\u00ebl van Buuren"",""Amsterdance"",""Perpetuous Dreamer"",""AVB"",""Problem Boy"",""Rising Star"",""The Shoeshine Factory""]",http://www.wikidata.org/entity/Q2083096,http://www.wikidata.org/entity/Q62617,10 Years (Armin van Buuren album),Armin van Buuren,145,16100,Who was the producer of 10 Years?,"[""Armin van Buuren"", ""AvB"", ""Armin Jozef Jacobus Daniël van Buuren"", ""Amsterdance"", ""Perpetuous Dreamer"", ""AVB"", ""Problem Boy"", ""Rising Star"", ""The Shoeshine Factory""]","{""answer"":""The film 10 Years (2011) was produced by Mason Novick, Alison Greenspan, and Mark Johnson."",""confidence_score"":85}","The film 10 Years (2011) was produced by Mason Novick, Alison Greenspan, and Mark Johnson.",0.85,INCORRECT
13593,2865292,Lincoln Stedman,mother,Myrtle Stedman,1227666,292,720316,[],[],http://www.wikidata.org/entity/Q3832582,http://www.wikidata.org/entity/Q2052520,Lincoln Stedman,Myrtle Stedman,147,348,Who is the mother of Lincoln Stedman?,"[""Myrtle Stedman""]","{
""answer"": ""The mother of Lincoln Stedman was silent film actress Myrtle Stedman."",
""confidence_score"": 90
}",The mother of Lincoln Stedman was silent film actress Myrtle Stedman.,0.9,CORRECT
5607,2378618,Anonymous,producer,John Orloff,1034784,164,1220737,[],[],http://www.wikidata.org/entity/Q313819,http://www.wikidata.org/entity/Q3809522,Anonymous (2011 film),John Orloff,9186,1373,Who was the producer of Anonymous?,"[""John Orloff"", ""Roland Emmerich""]","{""answer"":""The 2011 film Anonymous was produced by Tim Bevan, Eric Fellner, and Paul Webster (with Tim Bevan and Eric Fellner credited as producers via Working Title Films and Paul Webster for Film4/First Look),"",""confidence_score"":86}","The 2011 film Anonymous was produced by Tim Bevan, Eric Fellner, and Paul Webster (with Tim Bevan and Eric Fellner credited as producers via Working Title Films and Paul Webster for Film4/First Look),",0.86,INCORRECT
10892,3374639,Arkansas,composer,Wayland Holyfield,1451058,639,175278,"[""Arkansas (You Run Deep In Me)""]",[],http://www.wikidata.org/entity/Q4791724,http://www.wikidata.org/entity/Q13308624,Arkansas (You Run Deep in Me),Wayland Holyfield,267,598,Who was the composer of Arkansas?,"[""Wayland Holyfield""]","{
""answer"": ""The state song 'Arkansas' (official state anthem, lyrics by J. Will Callahan and music composed by Eva Ware Barnett) was composed by Eva Ware Barnett."",
""confidence_score"": 85
}","The state song 'Arkansas' (official state anthem, lyrics by J. Will Callahan and music composed by Eva Ware Barnett) was composed by Eva Ware Barnett.",0.85,INCORRECT
8013,1853187,Brussels Capital Region,capital of,Western European Union,815434,97,652727,"[""Brussels Region"",""Brussels"",""BE-BRU"",""Bruxelles-Capitale"",""BXL"",""20e"",""04000"",""BHG"",""Brussel"",""Brussels Gewest"",""Bruxelles"",""Brussel-Hoofdstad"",""R\u00e9gion Bruxellois"",""Brussels-Capital Region""]",[],http://www.wikidata.org/entity/Q240,http://www.wikidata.org/entity/Q189946,Brussels,Western European Union,76663,6300,What is Brussels Capital Region the capital of?,"[""Burgundian Netherlands"", ""Western European Union"", ""European Economic Community"", ""EEC"", ""Common Market"", ""European Community"", ""Spanish Netherlands"", ""Austrian Netherlands""]","{
""answer"": ""The Brussels-Capital Region is the capital of Belgium and serves as the primary seat of the Belgian federal government as well as the de facto capital of the European Union (hosting major EU institutions)."",
""confidence_score"": 95
}",The Brussels-Capital Region is the capital of Belgium and serves as the primary seat of the Belgian federal government as well as the de facto capital of the European Union (hosting major EU institutions).,0.95,INCORRECT
3682,6258787,Eschbronn,country,Germany,2826106,182,607728,[],"[""FRG"",""BRD"",""Bundesrepublik Deutschland"",""Federal Republic of Germany"",""de"",""Deutschland"",""GER"",""BR Deutschland"",""DE""]",http://www.wikidata.org/entity/Q81251,http://www.wikidata.org/entity/Q183,Eschbronn,Germany,83,556493,In what country is Eschbronn?,"[""Germany"", ""FRG"", ""BRD"", ""Bundesrepublik Deutschland"", ""Federal Republic of Germany"", ""de"", ""Deutschland"", ""GER"", ""BR Deutschland"", ""DE""]","{
""answer"": ""Eschbronn is a municipality in the state of Baden-Württemberg in southwestern Germany."",
""confidence_score"": 95
}",Eschbronn is a municipality in the state of Baden-Württemberg in southwestern Germany.,0.95,CORRECT
5349,280292,The Assault,producer,Fons Rademakers,113334,164,1399022,"[""Assault""]",[],http://www.wikidata.org/entity/Q1192213,http://www.wikidata.org/entity/Q470831,The Assault (1986 film),Fons Rademakers,1150,620,Who was the producer of The Assault?,"[""Fons Rademakers""]","{""answer"":""The producer of the 1986 Dutch film The Assault (De Aanslag) was Rob Houwer."",""confidence_score"":72}",The producer of the 1986 Dutch film The Assault (De Aanslag) was Rob Houwer.,0.72,INCORRECT
10972,2754334,Calling You,composer,Bob Telson,1183043,639,1527907,[],[],http://www.wikidata.org/entity/Q3650880,http://www.wikidata.org/entity/Q4934165,Calling You,Bob Telson,1725,539,Who was the composer of Calling You?,"[""Bob Telson""]","{
""answer"": ""The composer of the song \""Calling You\"" (from the 1987 film Bagdad Café) is Bob Telson."",
""confidence_score"": 95
}","The composer of the song \""Calling You\"" (from the 1987 film Bagdad Café) is Bob Telson.",0.95,CORRECT
898,2018481,Dawson Turner,place of birth,Great Yarmouth,885017,218,808055,"[""Turner""]","[""Yarmouth""]",http://www.wikidata.org/entity/Q2628753,http://www.wikidata.org/entity/Q237253,Dawson Turner,Great Yarmouth,265,11985,In what city was Dawson Turner born?,"[""Great Yarmouth"", ""Yarmouth""]","{
""answer"": ""Dawson Turner (1775–1858), the English botanist and banker, was born in Yarmouth (Great Yarmouth), Norfolk, England."",
""confidence_score"": 95
}","Dawson Turner (1775–1858), the English botanist and banker, was born in Yarmouth (Great Yarmouth), Norfolk, England.",0.95,CORRECT
10020,5056791,Friday,screenwriter,Ice Cube,2234455,533,540575,[],"[""O'Shea Jackson""]",http://www.wikidata.org/entity/Q673486,http://www.wikidata.org/entity/Q173637,Friday (1995 film),Ice Cube,48491,189587,Who was the screenwriter for Friday?,"[""Ice Cube"", ""O'Shea Jackson""]","{
""answer"": ""The screenplay for the 1995 film Friday was written by Ice Cube and DJ Pooh (with story by Ice Cube and co-writing credit to DJ Pooh)."",
""confidence_score"": 95
}",The screenplay for the 1995 film Friday was written by Ice Cube and DJ Pooh (with story by Ice Cube and co-writing credit to DJ Pooh).,0.95,INCORRECT
12361,6037440,Trouble,author,Cat Stevens,2711890,484,312391,[],"[""Steven Demetre Georgiou"",""Yusuf Islam"",""Yusuf"",""00029617177 IPI""]",http://www.wikidata.org/entity/Q7846388,http://www.wikidata.org/entity/Q154216,Trouble (Cat Stevens song),Cat Stevens,660,148420,Who is the author of Trouble?,"[""Cat Stevens"", ""Steven Demetre Georgiou"", ""Yusuf Islam"", ""Yusuf"", ""00029617177 IPI""]","{""answer"":""Trouble is a novel written by Kate Christensen."",""confidence_score"":60}",Trouble is a novel written by Kate Christensen.,0.6,INCORRECT
4055,1344035,Lincoln,country,United States of America,599055,182,988513,"[""Lincoln, Rhode Island""]","[""the United States of America"",""America"",""U.S.A."",""USA"",""U.S."",""US"",""the US"",""the USA"",""US of A"",""the United States"",""U. S. A."",""U. S."",""the States"",""the U.S."",""'Merica"",""U.S"",""United States"",""'Murica""]",http://www.wikidata.org/entity/Q1816735,http://www.wikidata.org/entity/Q30,"Lincoln, Rhode Island",United States,1752,1629691,In what country is Lincoln?,"[""United States of America"", ""the United States of America"", ""America"", ""U.S.A."", ""USA"", ""U.S."", ""US"", ""the US"", ""the USA"", ""US of A"", ""the United States"", ""U. S. A."", ""U. S."", ""the States"", ""the U.S."", ""'Merica"", ""U.S"", ""United States"", ""'Murica""]","{
""answer"": ""Lincoln is a city in the county of Lincolnshire, England, United Kingdom."",
""confidence_score"": 90
}","Lincoln is a city in the county of Lincolnshire, England, United Kingdom.",0.9,INCORRECT
3183,1782512,George Washington,father,Augustine Washington,787893,257,2636090,"[""Washington"",""President Washington"",""G. Washington"",""Father of the United States"",""The American Fabius""]","[""Augustine Washington Sr.""]",http://www.wikidata.org/entity/Q23,http://www.wikidata.org/entity/Q768342,George Washington,Augustine Washington,350454,11495,Who is the father of George Washington?,"[""Augustine Washington"", ""Augustine Washington Sr.""]","{
""answer"": ""Augustine Washington was the father of George Washington."",
""confidence_score"": 100
}",Augustine Washington was the father of George Washington.,1.0,CORRECT
4225,383822,Gladiator,producer,Ridley Scott,154952,164,1877257,[],"[""Sir Ridley Scott""]",http://www.wikidata.org/entity/Q128518,http://www.wikidata.org/entity/Q56005,Gladiator (2000 film),Ridley Scott,326466,306528,Who was the producer of Gladiator?,"[""Ridley Scott"", ""Sir Ridley Scott""]","{
""answer"": ""The producer of the 2000 film Gladiator was Douglas Wick (with Walter F. Parkes and Branko Lustig also credited as producers)."",
""confidence_score"": 95
}",The producer of the 2000 film Gladiator was Douglas Wick (with Walter F. Parkes and Branko Lustig also credited as producers).,0.95,INCORRECT
12673,908143,Reflex,author,Steven Gould,385873,484,236628,[],"[""Steven Charles Gould""]",http://www.wikidata.org/entity/Q16165991,http://www.wikidata.org/entity/Q1434925,Reflex (novel),Steven Gould,4740,5418,Who is the author of Reflex?,"[""Steven Gould"", ""Steven Charles Gould""]","{
""answer"": ""Reflex is a novel by Steven Gould."",
""confidence_score"": 95
}",Reflex is a novel by Steven Gould.,0.95,CORRECT
7438,6074502,The Greatest,director,Monte Hellman,2731151,526,2908927,"[""Greatest""]","[""Monte Jay Himmelman"",""Monte Himmelbaum""]",http://www.wikidata.org/entity/Q788767,http://www.wikidata.org/entity/Q945188,The Greatest (1977 film),Monte Hellman,7252,4082,Who was the director of The Greatest?,"[""Tom Gries"", ""Thomas Stephen Gries"", ""Monte Hellman"", ""Monte Jay Himmelman"", ""Monte Himmelbaum""]","{""answer"":""The director of the 2009 film The Greatest was Shana Feste."",""confidence_score"":85}",The director of the 2009 film The Greatest was Shana Feste.,0.85,INCORRECT
3895,1714799,Neodesha,country,United States of America,757908,182,988513,"[""Neodesha, Kansas""]","[""the United States of America"",""America"",""U.S.A."",""USA"",""U.S."",""US"",""the US"",""the USA"",""US of A"",""the United States"",""U. S. A."",""U. S."",""the States"",""the U.S."",""'Merica"",""U.S"",""United States"",""'Murica""]",http://www.wikidata.org/entity/Q2184904,http://www.wikidata.org/entity/Q30,"Neodesha, Kansas",United States,846,1629691,In what country is Neodesha?,"[""United States of America"", ""the United States of America"", ""America"", ""U.S.A."", ""USA"", ""U.S."", ""US"", ""the US"", ""the USA"", ""US of A"", ""the United States"", ""U. S. A."", ""U. S."", ""the States"", ""the U.S."", ""'Merica"", ""U.S"", ""United States"", ""'Murica""]","{
""answer"": ""Neodesha is in the United States."",
""confidence_score"": 95
}",Neodesha is in the United States.,0.95,CORRECT
6244,5772019,Six Weeks,director,Tony Bill,2578008,526,1978240,[],"[""Gerard Anthony Bill""]",http://www.wikidata.org/entity/Q7532915,http://www.wikidata.org/entity/Q588745,Six Weeks,Tony Bill,1457,5899,Who was the director of Six Weeks?,"[""Tony Bill"", ""Gerard Anthony Bill""]","{""answer"":""The director of the 1982 film Six Weeks was Tony Bill."",""confidence_score"":90}",The director of the 1982 film Six Weeks was Tony Bill.,0.9,CORRECT
10760,247503,The Telephone,composer,Gian Carlo Menotti,99671,639,909867,"[""The Telephone, or L'amour \u00e0 trois""]",[],http://www.wikidata.org/entity/Q1170527,http://www.wikidata.org/entity/Q270662,The Telephone (opera),Gian Carlo Menotti,578,12324,Who was the composer of The Telephone?,"[""Gian Carlo Menotti""]","{
""answer"": ""The composer of the one-act comic opera The Telephone (also known as L'Amour à trois) is Gian Carlo Menotti."",
""confidence_score"": 95
}",The composer of the one-act comic opera The Telephone (also known as L'Amour à trois) is Gian Carlo Menotti.,0.95,CORRECT
7265,4914151,Lan,director,Jiang Wenli,2166704,526,1212424,[],[],http://www.wikidata.org/entity/Q6482785,http://www.wikidata.org/entity/Q377593,Lan (film),Jiang Wenli,238,1226,Who was the director of Lan?,"[""Jiang Wenli""]","{""answer"":""If you mean the 2009 Chinese film 'Lan' (also titled 'Blue'), the director is Shui Hua."",""confidence_score"":35}","If you mean the 2009 Chinese film 'Lan' (also titled 'Blue'), the director is Shui Hua.",0.35,INCORRECT
99,5586772,Rinaldo del Mel,occupation,composer,2489918,22,1189033,"[""Renato de Melle""]",[],http://www.wikidata.org/entity/Q7334576,http://www.wikidata.org/entity/Q36834,Rinaldo del Mel,Composer,62,28389,What is Rinaldo del Mel's occupation?,"[""composer""]","{
""answer"": ""Rinaldo del Mel was a Flemish composer of the late Renaissance."",
""confidence_score"": 85
}",Rinaldo del Mel was a Flemish composer of the late Renaissance.,0.85,CORRECT
4494,4634648,A Beginning,producer,George Martin,2042467,164,658529,[],"[""Sir George Henry Martin"",""Sir George Martin""]",http://www.wikidata.org/entity/Q614577,http://www.wikidata.org/entity/Q191819,A Beginning,George Martin,455,39606,Who was the producer of A Beginning?,"[""George Martin"", ""Sir George Henry Martin"", ""Sir George Martin""]","{""answer"":""A Beginning (2011 film) was produced by Ronit Elkabetz and Shlomi Elkabetz (producers) with Sarah Federman listed as a producer on some credits; primary producers are Ronit and Shlomi Elkabetz."",""confidence_score"":75}",A Beginning (2011 film) was produced by Ronit Elkabetz and Shlomi Elkabetz (producers) with Sarah Federman listed as a producer on some credits; primary producers are Ronit and Shlomi Elkabetz.,0.75,INCORRECT
9723,1312124,15 Minutes,screenwriter,John Herzfeld,583345,533,1079665,[],[],http://www.wikidata.org/entity/Q180395,http://www.wikidata.org/entity/Q328814,15 Minutes,John Herzfeld,4878,1601,Who was the screenwriter for 15 Minutes?,"[""John Herzfeld""]","{
""answer"": ""The screenwriter for the 2001 film 15 Minutes was Robert Tannen."",
""confidence_score"": 90
}",The screenwriter for the 2001 film 15 Minutes was Robert Tannen.,0.9,INCORRECT
1641,481133,Micro,genre,techno-thriller,196688,91,1951477,[],"[""technothriller""]",http://www.wikidata.org/entity/Q1356447,http://www.wikidata.org/entity/Q580850,Micro (novel),Techno-thriller,2251,6571,What genre is Micro?,"[""techno-thriller"", ""technothriller""]","{""answer"":""Micro is a techno and electronic music genre (often referring to minimal techno/subgenre 'microhouse'),"",""confidence_score"":65}","Micro is a techno and electronic music genre (often referring to minimal techno/subgenre 'microhouse'),",0.65,INCORRECT
3816,4997958,Forbes Shire,country,Australia,2205947,182,1270922,"[""Forbes""]","[""Commonwealth of Australia"",""AU"",""AUS"",""au"",""British Colony of Australia"",""\ud83c\udde6\ud83c\uddfa"",""Straya"",""Aussieland""]",http://www.wikidata.org/entity/Q664896,http://www.wikidata.org/entity/Q408,Forbes Shire,Australia,235,713574,In what country is Forbes Shire?,"[""Australia"", ""Commonwealth of Australia"", ""AU"", ""AUS"", ""au"", ""British Colony of Australia"", ""🇦🇺"", ""Straya"", ""Aussieland""]","{
""answer"": ""Forbes Shire is in Australia."",
""confidence_score"": 95
}",Forbes Shire is in Australia.,0.95,CORRECT
8646,5919049,The Cost,screenwriter,David Simon,2654381,533,2430282,[],"[""David Judah Simon""]",http://www.wikidata.org/entity/Q7727706,http://www.wikidata.org/entity/Q720435,The Cost (The Wire),David Simon,2820,28666,Who was the screenwriter for The Cost?,"[""Ed Burns"", ""David Simon"", ""David Judah Simon""]","{""answer"":""The screenwriter for The Cost (2009 film) was Gregory Mackenzie."",""confidence_score"":80}",The screenwriter for The Cost (2009 film) was Gregory Mackenzie.,0.8,INCORRECT
9144,5360356,Out of Time,screenwriter,Rob Grant,2382577,533,2492983,[],"[""Robert Grant""]",http://www.wikidata.org/entity/Q7111653,http://www.wikidata.org/entity/Q7340163,Out of Time (Red Dwarf),Rob Grant,367,1839,Who was the screenwriter for Out of Time?,"[""Rob Grant"", ""Robert Grant""]","{
""answer"": ""The screenwriter for the 2003 film Out of Time was David Collard."",
""confidence_score"": 85
}",The screenwriter for the 2003 film Out of Time was David Collard.,0.85,INCORRECT
11553,4637050,Shuto Suzuki,sport,association football,2043455,560,920845,[],"[""football"",""soccer""]",http://www.wikidata.org/entity/Q6148375,http://www.wikidata.org/entity/Q2736,Shuto Suzuki,Association football,39,197767,What sport does Shuto Suzuki play?,"[""association football"", ""football"", ""soccer""]","{
""answer"": ""Shuto Suzuki is a Japanese football (soccer) player."",
""confidence_score"": 90
}",Shuto Suzuki is a Japanese football (soccer) player.,0.9,CORRECT
11699,5324216,Cam Ward,sport,ice hockey,2364400,560,1279430,[],[],http://www.wikidata.org/entity/Q707642,http://www.wikidata.org/entity/Q41466,Cam Ward,Ice hockey,2355,59363,What sport does Cam Ward play?,"[""ice hockey""]","{
""answer"": ""Cam Ward is an ice hockey goaltender who played professionally in the National Hockey League (NHL)."",
""confidence_score"": 95
}",Cam Ward is an ice hockey goaltender who played professionally in the National Hockey League (NHL).,0.95,CORRECT
237,4402552,Alan Huckle,occupation,diplomat,1934357,22,665281,"[""Alan Edden Huckle""]",[],http://www.wikidata.org/entity/Q575354,http://www.wikidata.org/entity/Q193391,Alan Huckle,Diplomat,188,14886,What is Alan Huckle's occupation?,"[""diplomat""]","{
""answer"": ""Alan Huckle is a British diplomat and former colonial governor who served as Governor of Anguilla, the Falkland Islands, and the Turks and Caicos Islands."", 
""confidence_score"": 90
}","Alan Huckle is a British diplomat and former colonial governor who served as Governor of Anguilla, the Falkland Islands, and the Turks and Caicos Islands.",0.9,CORRECT
1600,475726,In Hell,genre,action film,194463,91,645780,[],"[""action movie"",""film action"",""movie action"",""action""]",http://www.wikidata.org/entity/Q1355015,http://www.wikidata.org/entity/Q188473,In Hell,Action film,4980,99831,What genre is In Hell?,"[""action film"", ""action movie"", ""film action"", ""movie action"", ""action""]","{""answer"":""In Hell is an action drama film (with elements of crime and thriller)."",""confidence_score"":85}",In Hell is an action drama film (with elements of crime and thriller).,0.85,CORRECT
3740,4589572,Katmai National Park and Preserve,country,United States of America,2024141,182,988513,[],"[""the United States of America"",""America"",""U.S.A."",""USA"",""U.S."",""US"",""the US"",""the USA"",""US of A"",""the United States"",""U. S. A."",""U. S."",""the States"",""the U.S."",""'Merica"",""U.S"",""United States"",""'Murica""]",http://www.wikidata.org/entity/Q609902,http://www.wikidata.org/entity/Q30,Katmai National Park and Preserve,United States,6479,1629691,In what country is Katmai National Park and Preserve?,"[""United States of America"", ""the United States of America"", ""America"", ""U.S.A."", ""USA"", ""U.S."", ""US"", ""the US"", ""the USA"", ""US of A"", ""the United States"", ""U. S. A."", ""U. S."", ""the States"", ""the U.S."", ""'Merica"", ""U.S"", ""United States"", ""'Murica""]","{
""answer"": ""Katmai National Park and Preserve is in the United States (Alaska)."",
""confidence_score"": 100
}",Katmai National Park and Preserve is in the United States (Alaska).,1.0,CORRECT
10591,4298867,Guru,composer,Ilaiyaraaja,1886111,639,915691,[],"[""Ilayaraja"",""Ilaya Raja"",""Raja""]",http://www.wikidata.org/entity/Q5620328,http://www.wikidata.org/entity/Q2720141,Guru (1997 film),Ilaiyaraaja,4464,46605,Who was the composer of Guru?,"[""Ilaiyaraaja"", ""Ilayaraja"", ""Ilaya Raja"", ""Raja""]","{
""answer"": ""The composer of the 2007 Hindi film 'Guru' is A. R. Rahman."",
""confidence_score"": 95
}",The composer of the 2007 Hindi film 'Guru' is A. R. Rahman.,0.95,INCORRECT
12380,6161418,What's Become of Waring,author,Anthony Powell,2778317,484,1929635,[],[],http://www.wikidata.org/entity/Q7990742,http://www.wikidata.org/entity/Q573813,What's Become of Waring,Anthony Powell,124,4689,Who is the author of What's Become of Waring?,"[""Anthony Powell""]","{
""answer"": ""What's Become of Waring? was written by British author John Bingham (also published as John Bingham, 7th Baron Clanmorris)."",
""confidence_score"": 85
}","What's Become of Waring? was written by British author John Bingham (also published as John Bingham, 7th Baron Clanmorris).",0.85,INCORRECT
10699,3772899,Forever Young,composer,Jerry Goldsmith,1642004,639,801898,[],"[""Jerrald King Goldsmith""]",http://www.wikidata.org/entity/Q515218,http://www.wikidata.org/entity/Q235077,Forever Young (1992 film),Jerry Goldsmith,12336,23921,Who was the composer of Forever Young?,"[""Jerry Goldsmith"", ""Jerrald King Goldsmith""]","{""answer"":""If you mean the 1984 song “Forever Young,” it was composed by Bob Dylan."",""confidence_score"":85}","If you mean the 1984 song “Forever Young,” it was composed by Bob Dylan.",0.85,INCORRECT
1469,5291073,Nightdreamers,genre,novella,2348024,91,279622,[],[],http://www.wikidata.org/entity/Q7033783,http://www.wikidata.org/entity/Q149537,Nightdreamers,Novella,63,22512,What genre is Nightdreamers?,"[""novella""]","{
""answer"": ""Nightdreamers is a science fiction novel (Doctor Who tie-in)."",
""confidence_score"": 95
}",Nightdreamers is a science fiction novel (Doctor Who tie-in).,0.95,INCORRECT
11528,4727928,John Muse,sport,polo,2080110,560,182982,[],"[""equestrian polo""]",http://www.wikidata.org/entity/Q6250003,http://www.wikidata.org/entity/Q134211,John Muse (businessman),Polo,1534,27553,What sport does John Muse play?,"[""polo"", ""equestrian polo""]","{
""answer"": ""John Muse is a professional ice hockey goaltender."",
""confidence_score"": 90
}",John Muse is a professional ice hockey goaltender.,0.9,INCORRECT
9034,5925571,The Fight,screenwriter,Gene Stupnitsky,2657714,533,1842342,[],[],http://www.wikidata.org/entity/Q7733796,http://www.wikidata.org/entity/Q5531483,The Fight (The Office),Gene Stupnitsky,1852,5769,Who was the screenwriter for The Fight?,"[""Gene Stupnitsky"", ""Lee Eisenberg""]","{""answer"":""The screenwriter for the 2016 documentary film The Fight (directed by Elyse Steinberg) is Elyse Steinberg; if you mean the 2018 short The Fight, writer credit goes to Elizabeth Wood, and if you mean the 2017 British film or other similarly titled films the screenwriter(s) vary—please specify which version for a definitive single credit."",""confidence_score"":40}","The screenwriter for the 2016 documentary film The Fight (directed by Elyse Steinberg) is Elyse Steinberg; if you mean the 2018 short The Fight, writer credit goes to Elizabeth Wood, and if you mean the 2017 British film or other similarly titled films the screenwriter(s) vary—please specify which version for a definitive single credit.",0.4,INCORRECT
1392,6378580,Brand New,genre,alternative rock,2873429,91,79782,[],"[""alternative music"",""alt-rock"",""alternative"",""alt rock"",""pop\/rock"",""Alternative Rock""]",http://www.wikidata.org/entity/Q897754,http://www.wikidata.org/entity/Q11366,Brand New (band),Alternative rock,20832,138822,What genre is Brand New?,"[""alternative rock"", ""alternative music"", ""alt-rock"", ""alternative"", ""alt rock"", ""pop/rock"", ""Alternative Rock""]","{
""answer"": ""Brand New is an American rock band whose music spans alternative rock, emo, and indie rock (with elements of post-hardcore and experimental rock)."",
""confidence_score"": 95
}","Brand New is an American rock band whose music spans alternative rock, emo, and indie rock (with elements of post-hardcore and experimental rock).",0.95,CORRECT
13341,1442210,Cool,author,Dallas Austin,644956,484,2913151,[],"[""Dallas L. Austin""]",http://www.wikidata.org/entity/Q1882159,http://www.wikidata.org/entity/Q951373,Cool (Gwen Stefani song),Dallas Austin,5804,12618,Who is the author of Cool?,"[""Gwen Stefani"", ""Gwen Renée Stefani"", ""Gwen Renee Stefani"", ""Dallas Austin"", ""Dallas L. Austin""]","{
""answer"": ""There are multiple works titled 'Cool'; if you mean the novel 'Cool' (2007) it was written by Michael Morpurgo, while the song 'Cool' has several authors (e.g., by Gwen Stefani 2004 or by the band The Time 1981) — please specify which 'Cool' you mean."",
""confidence_score"": 60
}","There are multiple works titled 'Cool'; if you mean the novel 'Cool' (2007) it was written by Michael Morpurgo, while the song 'Cool' has several authors (e.g., by Gwen Stefani 2004 or by the band The Time 1981) — please specify which 'Cool' you mean.",0.6,NOT_ATTEMPTED
10543,6383571,In the Garden,composer,Van Morrison,2875477,639,916431,[],"[""George Morrison"",""George Ivan Morrison"",""Sir George Morrison"",""Sir George Ivan Morrison"",""Van the Man""]",http://www.wikidata.org/entity/Q9008229,http://www.wikidata.org/entity/Q272203,In the Garden (Van Morrison song),Van Morrison,312,171213,Who was the composer of In the Garden?,"[""Van Morrison"", ""George Morrison"", ""George Ivan Morrison"", ""Sir George Morrison"", ""Sir George Ivan Morrison"", ""Van the Man""]","{
""answer"": ""The hymn 'In the Garden' (also known as 'I Come to the Garden Alone') was composed by C. Austin Miles (Charles Austin Miles) in 1912."",
""confidence_score"": 95
}",The hymn 'In the Garden' (also known as 'I Come to the Garden Alone') was composed by C. Austin Miles (Charles Austin Miles) in 1912.,0.95,INCORRECT
13256,5922043,The Discarded,author,Harlan Ellison,2655897,484,1026086,[],"[""Harlan Jay Ellison""]",http://www.wikidata.org/entity/Q7730297,http://www.wikidata.org/entity/Q311253,The Discarded,Harlan Ellison,341,28055,Who is the author of The Discarded?,"[""Harlan Ellison"", ""Harlan Jay Ellison""]","{
""answer"": ""The Discarded is a short story by Harlan Ellison."",
""confidence_score"": 90
}",The Discarded is a short story by Harlan Ellison.,0.9,CORRECT
13566,3004935,Adrestia,mother,Aphrodite,1286966,292,1160342,[],"[""Cytherea""]",http://www.wikidata.org/entity/Q4217252,http://www.wikidata.org/entity/Q35500,Adrestia,Aphrodite,950,129569,Who is the mother of Adrestia?,"[""Aphrodite"", ""Cytherea""]","{
""answer"": ""Adrestia's mother is the Greek goddess Aphrodite."",
""confidence_score"": 85
}",Adrestia's mother is the Greek goddess Aphrodite.,0.85,CORRECT
13269,2707685,Two Women,author,Alberto Moravia,1165046,484,389633,"[""La Ciociara""]","[""Alberto Pincherle""]",http://www.wikidata.org/entity/Q3566664,http://www.wikidata.org/entity/Q161933,Two Women (novel),Alberto Moravia,696,4642,Who is the author of Two Women?,"[""Alberto Moravia"", ""Alberto Pincherle""]","{""answer"":""The author of the novel Two Women (Italian: La Ciociara) is Alberto Moravia."",""confidence_score"":85}",The author of the novel Two Women (Italian: La Ciociara) is Alberto Moravia.,0.85,CORRECT
7452,1460181,Chicago,director,Rob Marshall,652522,526,1155958,[],[],http://www.wikidata.org/entity/Q189889,http://www.wikidata.org/entity/Q353501,Chicago (2002 film),Rob Marshall,35498,16786,Who was the director of Chicago?,"[""Rob Marshall""]","{
""answer"": ""The 2002 film Chicago was directed by Rob Marshall."",
""confidence_score"": 98
}",The 2002 film Chicago was directed by Rob Marshall.,0.98,CORRECT
2855,1401999,Arjuna,father,Indra,627111,257,154112,[],"[""Ahih\u00e1n"",""Indran"",""Ahihan"",""Indiran"",""Meghavahana"",""Vritrahan"",""Sakra"",""Sakka"",""Vajrapani"",""Vasava"",""\u0907\u0928\u094d\u0926\u094d\u0930""]",http://www.wikidata.org/entity/Q185790,http://www.wikidata.org/entity/Q128335,Arjuna,Indra,50033,55202,Who is the father of Arjuna?,"[""Indra"", ""Ahihán"", ""Indran"", ""Ahihan"", ""Indiran"", ""Meghavahana"", ""Vritrahan"", ""Sakra"", ""Sakka"", ""Vajrapani"", ""Vasava"", ""इन्द्र""]","{
""answer"": ""Arjuna's father is King Pandu (biologically he was fathered by the god Indra through divine intervention)."",
""confidence_score"": 95
}",Arjuna's father is King Pandu (biologically he was fathered by the god Indra through divine intervention).,0.95,CORRECT
12593,4544503,Ignition City,author,Warren Ellis,2003760,484,1778905,[],"[""Warren Girard Ellis""]",http://www.wikidata.org/entity/Q5992987,http://www.wikidata.org/entity/Q540787,Ignition City,Warren Ellis,401,18145,Who is the author of Ignition City?,"[""Warren Ellis"", ""Warren Girard Ellis""]","{
""answer"": ""Ignition City was written by Warren Ellis."",
""confidence_score"": 95
}",Ignition City was written by Warren Ellis.,0.95,CORRECT
3899,5189030,Contest,country,France,2296189,182,230035,[],"[""fr"",""FR"",""R\u00e9publique fran\u00e7aise"",""La France"",""Republic of France"",""French Republic"",""FRA"",""the Hexagon""]",http://www.wikidata.org/entity/Q687442,http://www.wikidata.org/entity/Q142,"Contest, Mayenne",France,44,486947,In what country is Contest?,"[""France"", ""fr"", ""FR"", ""République française"", ""La France"", ""Republic of France"", ""French Republic"", ""FRA"", ""the Hexagon""]","{""answer"":""Contest is a commune in the department of Mayenne in the Pays de la Loire region of France."",""confidence_score"":85}",Contest is a commune in the department of Mayenne in the Pays de la Loire region of France.,0.85,CORRECT
2311,1185931,Let It Go,genre,indie pop,528218,91,2842318,[],"[""indie pop music"",""indie-pop"",""indiepop""]",http://www.wikidata.org/entity/Q17135078,http://www.wikidata.org/entity/Q842324,Let It Go (Fe song),Indie pop,77,49297,What genre is Let It Go?,"[""indie pop"", ""indie pop music"", ""indie-pop"", ""indiepop""]","{""answer"":""“Let It Go” (from Disney’s Frozen) is a pop power ballad with elements of musical theatre and contemporary pop, often described as an anthemic show-tune;"",""confidence_score"":95}","“Let It Go” (from Disney’s Frozen) is a pop power ballad with elements of musical theatre and contemporary pop, often described as an anthemic show-tune;",0.95,INCORRECT
878,3080072,Franklin Rosemont,place of birth,Chicago,1315035,218,159094,[],"[""Chicago, Illinois"",""The Windy City"",""City by the Lake"",""The Queen of the West"",""Chi-Town"",""Chitown"",""The Second City"",""City of Chicago"",""City of Broad Shoulders"",""Chi-Raq"",""Chicago, IL""]",http://www.wikidata.org/entity/Q441809,http://www.wikidata.org/entity/Q1297,Franklin Rosemont,Chicago,345,327551,In what city was Franklin Rosemont born?,"[""Chicago"", ""Chicago, Illinois"", ""The Windy City"", ""City by the Lake"", ""The Queen of the West"", ""Chi-Town"", ""Chitown"", ""The Second City"", ""City of Chicago"", ""City of Broad Shoulders"", ""Chi-Raq"", ""Chicago, IL""]","{
""answer"": ""Franklin Rosemont was born in Chicago, Illinois."",
""confidence_score"": 92
}","Franklin Rosemont was born in Chicago, Illinois.",0.92,CORRECT
5398,1583014,1983... (A Merman I Should Turn to Be),producer,Jimi Hendrix,706691,164,1986667,[],"[""Johnny Allen Hendrix"",""James Marshall Hendrix"",""Hendrix""]",http://www.wikidata.org/entity/Q2010682,http://www.wikidata.org/entity/Q5928,1983... (A Merman I Should Turn to Be),Jimi Hendrix,1514,243967,Who was the producer of 1983... (A Merman I Should Turn to Be)?,"[""Jimi Hendrix"", ""Johnny Allen Hendrix"", ""James Marshall Hendrix"", ""Hendrix""]","{
""answer"": ""The producer of '1983... (A Merman I Should Turn to Be)' was David Bowie and Tony Visconti (Tony Visconti is credited as producer while Bowie is credited as co-producer)."",
""confidence_score"": 90
}",The producer of '1983... (A Merman I Should Turn to Be)' was David Bowie and Tony Visconti (Tony Visconti is credited as producer while Bowie is credited as co-producer).,0.9,INCORRECT
10525,2856836,Virginia,composer,Saverio Mercadante,1224378,639,1035569,[],"[""Giuseppe Saverio Raffaele Mercadante""]",http://www.wikidata.org/entity/Q3820061,http://www.wikidata.org/entity/Q313980,Virginia (Mercadante),Saverio Mercadante,155,1058,Who was the composer of Virginia?,"[""Saverio Mercadante"", ""Giuseppe Saverio Raffaele Mercadante""]","{""answer"":""If you mean the state song 'Carry Me Back to Old Virginny' often associated with Virginia, it was composed by James A. Bland; if you mean the hymn 'Virginia' by Jerry Reed or another work titled 'Virginia', please specify which piece."",""confidence_score"":60}","If you mean the state song 'Carry Me Back to Old Virginny' often associated with Virginia, it was composed by James A. Bland; if you mean the hymn 'Virginia' by Jerry Reed or another work titled 'Virginia', please specify which piece.",0.6,INCORRECT
3373,1726340,Boca,country,Italy,762908,182,1218153,[],"[""Italia"",""Italian Republic"",""IT"",""\ud83c\uddee\ud83c\uddf9"",""ITA""]",http://www.wikidata.org/entity/Q22079,http://www.wikidata.org/entity/Q38,"Boca, Novara",Italy,125,403188,In what country is Boca?,"[""Italy"", ""Italia"", ""Italian Republic"", ""IT"", ""🇮🇹"", ""ITA""]","{
""answer"": ""Boca is in Honduras (Boca del Río de La Ceiba/Boca in Honduras)."",
""confidence_score"": 50
}",Boca is in Honduras (Boca del Río de La Ceiba/Boca in Honduras).,0.5,INCORRECT
4967,6389822,Green Lantern,producer,Greg Berlanti,2878036,164,2932249,[],"[""Gregory Berlanti"",""Berlanti Productions""]",http://www.wikidata.org/entity/Q903885,http://www.wikidata.org/entity/Q978649,Green Lantern (film),Greg Berlanti,82433,44533,Who was the producer of Green Lantern?,"[""Greg Berlanti"", ""Gregory Berlanti"", ""Berlanti Productions""]","{
""answer"": ""The producer of the 2011 film Green Lantern was Roy Lee (among producers also were Deborah Snyder, Emma Thomas, Charles Roven, and Joel Silver)."",
""confidence_score"": 90
}","The producer of the 2011 film Green Lantern was Roy Lee (among producers also were Deborah Snyder, Emma Thomas, Charles Roven, and Joel Silver).",0.9,INCORRECT
6793,3555485,Boys,director,Nils Malmros,1537113,526,1704066,"[""Drenge""]",[],http://www.wikidata.org/entity/Q4952641,http://www.wikidata.org/entity/Q526540,Boys (1977 film),Nils Malmros,134,383,Who was the director of Boys?,"[""Nils Malmros""]","{
""answer"": ""There are multiple films titled \""Boys,\"" but the 1996 Indian Malayalam film \""Boys\"" was directed by Siddique, while the 2003 American film \""Boys\"" was directed by Stacy Title; please specify which film you mean if neither is the one you want."",
""confidence_score"": 65
}","There are multiple films titled \""Boys,\"" but the 1996 Indian Malayalam film \""Boys\"" was directed by Siddique, while the 2003 American film \""Boys\"" was directed by Stacy Title; please specify which film you mean if neither is the one you want.",0.65,INCORRECT
1465,1045293,Irwin Goodman,genre,rock music,447159,91,82098,"[""Antti Hammarberg"",""Antti Yrj\u00f6 Hammarberg""]","[""rock and roll"",""rock"",""Rock""]",http://www.wikidata.org/entity/Q1673308,http://www.wikidata.org/entity/Q11399,Irwin Goodman,Rock music,1051,140450,What genre is Irwin Goodman?,"[""rock music"", ""rock and roll"", ""rock"", ""Rock""]","{""answer"":""Irwin Goodman was a Finnish singer-songwriter primarily associated with Finnish popular music and schlager (iskelmä) with strong elements of protest and folk-influenced pop."",""confidence_score"":85}",Irwin Goodman was a Finnish singer-songwriter primarily associated with Finnish popular music and schlager (iskelmä) with strong elements of protest and folk-influenced pop.,0.85,INCORRECT
7979,5785486,Cambridge,capital of,Dorchester County,2585378,97,1566726,"[""Cambridge, Maryland""]","[""Dorchester County, Maryland""]",http://www.wikidata.org/entity/Q755862,http://www.wikidata.org/entity/Q501263,"Cambridge, Maryland","Dorchester County, Maryland",3069,2884,What is Cambridge the capital of?,"[""Dorchester County"", ""Dorchester County, Maryland""]","{
""answer"": ""Cambridge is the capital of the county of Cambridgeshire in England (and separately, Cambridge is the capital city of the province of Cambridge in some fictional or historical contexts, but commonly refers to Cambridgeshire)."",
""confidence_score"": 75
}","Cambridge is the capital of the county of Cambridgeshire in England (and separately, Cambridge is the capital city of the province of Cambridge in some fictional or historical contexts, but commonly refers to Cambridgeshire).",0.75,INCORRECT
12260,4487895,Hollywood,author,Gore Vidal,1977303,484,453486,[],"[""Eugene Luther Gore Vidal"",""Gor Vidal"",""Cameron Kay"",""Eugene Luther Vidal"",""Edgar Box"",""Katherine Everard"",""Eugene Vidal""]",http://www.wikidata.org/entity/Q5882568,http://www.wikidata.org/entity/Q167821,Hollywood (Vidal novel),Gore Vidal,449,51430,Who is the author of Hollywood?,"[""Gore Vidal"", ""Eugene Luther Gore Vidal"", ""Gor Vidal"", ""Cameron Kay"", ""Eugene Luther Vidal"", ""Edgar Box"", ""Katherine Everard"", ""Eugene Vidal""]","{""answer"":""If you mean the book 'Hollywood' (short story collection) it was written by Charles Bukowski; if you mean the TV miniseries 'Hollywood' (2020) it was created by Ryan Murphy, Ian Brennan, and Brad Falchuk."",""confidence_score"":70}","If you mean the book 'Hollywood' (short story collection) it was written by Charles Bukowski; if you mean the TV miniseries 'Hollywood' (2020) it was created by Ryan Murphy, Ian Brennan, and Brad Falchuk.",0.7,INCORRECT
13044,3559809,Branches,author,Mitch Cullin,1539139,484,1771676,[],[],http://www.wikidata.org/entity/Q4956415,http://www.wikidata.org/entity/Q539020,Branches (novel),Mitch Cullin,89,554,Who is the author of Branches?,"[""Mitch Cullin""]","{""answer"":""Branches is a poetry collection by American poet Carol Ann Duffy."",""confidence_score"":60}",Branches is a poetry collection by American poet Carol Ann Duffy.,0.6,INCORRECT
10143,1422910,Lion,composer,Mani Sharma,636417,639,2240414,[],"[""Yanamandra Venkata Subrahmanya Sharma""]",http://www.wikidata.org/entity/Q18702328,http://www.wikidata.org/entity/Q6749421,Lion (2015 film),Mani Sharma,3157,16944,Who was the composer of Lion?,"[""Mani Sharma"", ""Yanamandra Venkata Subrahmanya Sharma""]","{""answer"":""If you mean the 2016 film 'Lion', the composer was Dustin O'Halloran (with contributions by Hauschka [Volker Bertelmann]); if you mean the song 'Lion' by (please specify artist) this may differ."",""confidence_score"":60}","If you mean the 2016 film 'Lion', the composer was Dustin O'Halloran (with contributions by Hauschka [Volker Bertelmann]); if you mean the song 'Lion' by (please specify artist) this may differ.",0.6,INCORRECT
8215,2693969,Cell Phone,screenwriter,Liu Zhenyun,1159462,533,2358691,[],[],http://www.wikidata.org/entity/Q3546648,http://www.wikidata.org/entity/Q706370,Cell Phone (film),Liu Zhenyun,2234,377,Who was the screenwriter for Cell Phone?,"[""Liu Zhenyun""]","{""answer"":""The screenwriter for the 2003 Chinese film Cell Phone (Shouji) was Liu Zhenyun."",""confidence_score"":80}",The screenwriter for the 2003 Chinese film Cell Phone (Shouji) was Liu Zhenyun.,0.8,CORRECT
7246,4281027,The Visit,director,Bernhard Wicki,1877267,526,2733004,"[""Visit"",""La Rancune""]",[],http://www.wikidata.org/entity/Q560053,http://www.wikidata.org/entity/Q78924,The Visit (1964 film),Bernhard Wicki,1161,1245,Who was the director of The Visit?,"[""Bernhard Wicki""]","{""answer"":""If you mean the 2015 horror film The Visit, it was directed by M. Night Shyamalan."",""confidence_score"":90}","If you mean the 2015 horror film The Visit, it was directed by M. Night Shyamalan.",0.9,INCORRECT
13152,1648061,1985,author,Anthony Burgess,731800,484,756044,"[""Nineteen Eighty-Five""]","[""John Anthony Burgess Wilson"",""John Burgess Wilson"",""Joseph Kell""]",http://www.wikidata.org/entity/Q208461,http://www.wikidata.org/entity/Q217619,1985 (Burgess novel),Anthony Burgess,1897,24098,Who is the author of 1985?,"[""Anthony Burgess"", ""John Anthony Burgess Wilson"", ""John Burgess Wilson"", ""Joseph Kell""]","{""answer"":""If you mean the novel 1985, it was written by Anthony Burgess (1985 novel) — confidence depends on which work titled '1985' you mean."",""confidence_score"":45}","If you mean the novel 1985, it was written by Anthony Burgess (1985 novel) — confidence depends on which work titled '1985' you mean.",0.45,CORRECT
3355,647040,CIKR-FM,country,Canada,272884,182,355510,[],"[""Dominion of Canada"",""British North America"",""CAN"",""CA"",""ca"",""can"",""Can.""]",http://www.wikidata.org/entity/Q14875103,http://www.wikidata.org/entity/Q16,CIKR-FM,Canada,266,816653,In what country is CIKR-FM?,"[""Canada"", ""Dominion of Canada"", ""British North America"", ""CAN"", ""CA"", ""ca"", ""can"", ""Can.""]","{
""answer"": ""CIKR-FM is a radio station in Canada (K-Rock 105.7, Kingston, Ontario)."",
""confidence_score"": 95
}","CIKR-FM is a radio station in Canada (K-Rock 105.7, Kingston, Ontario).",0.95,CORRECT
5527,2548103,On Record,producer,Jesse Louis Lasky,1100378,164,214706,[],"[""Jesse L. Lasky"",""Jesse Lasky"",""Jesse Louis Lasky Sr.""]",http://www.wikidata.org/entity/Q3352153,http://www.wikidata.org/entity/Q1384661,On Record (film),Jesse L. Lasky,111,3076,Who was the producer of On Record?,"[""Jesse Louis Lasky"", ""Jesse L. Lasky"", ""Jesse Lasky"", ""Jesse Louis Lasky Sr.""]","{
""answer"": ""On Record was produced by David Attenborough."",
""confidence_score"": 85
}",On Record was produced by David Attenborough.,0.85,INCORRECT
10102,1391764,Harp Concerto,composer,Alberto Ginastera,622680,639,1026634,[],"[""Alberto Evaristo Ginastera""]",http://www.wikidata.org/entity/Q1845547,http://www.wikidata.org/entity/Q311389,Harp Concerto (Ginastera),Alberto Ginastera,135,3259,Who was the composer of Harp Concerto?,"[""Alberto Ginastera"", ""Alberto Evaristo Ginastera""]","{""answer"":""There are many Harp Concertos by different composers; a well-known Harp Concerto was composed by Joaquín Rodrigo (Concierto serenata for harp and orchestra), and another famous Harp Concerto was composed by Reinhold Glière (Concerto for Harp and Orchestra in E-flat major, Op. 74)."",""confidence_score"":45}","There are many Harp Concertos by different composers; a well-known Harp Concerto was composed by Joaquín Rodrigo (Concierto serenata for harp and orchestra), and another famous Harp Concerto was composed by Reinhold Glière (Concerto for Harp and Orchestra in E-flat major, Op. 74).",0.45,INCORRECT
8990,2001045,Fire,screenwriter,Chris Carter,878030,533,1308704,[],"[""Christopher Carl Carter""]",http://www.wikidata.org/entity/Q2607777,http://www.wikidata.org/entity/Q437267,Fire (The X-Files),Chris Carter (screenwriter),2622,12152,Who was the screenwriter for Fire?,"[""Chris Carter"", ""Christopher Carl Carter""]","{
""answer"": ""If you mean the 1996 Canadian film 'Fire', the screenwriter was Deepa Mehta; if you mean another film titled 'Fire', please specify which one."",
""confidence_score"": 85
}","If you mean the 1996 Canadian film 'Fire', the screenwriter was Deepa Mehta; if you mean another film titled 'Fire', please specify which one.",0.85,INCORRECT
6997,2935404,The Unknown,director,Henry Levin,1257149,526,2904891,"[""Unknown""]",[],http://www.wikidata.org/entity/Q3989787,http://www.wikidata.org/entity/Q939550,The Unknown (1946 film),Henry Levin (film director),202,734,Who was the director of The Unknown?,"[""Henry Levin""]","{""answer"":""If you mean the 1927 silent film The Unknown, it was directed by Tod Browning."",""confidence_score"":85}","If you mean the 1927 silent film The Unknown, it was directed by Tod Browning.",0.85,INCORRECT
880,914940,Julia Jones,place of birth,Droitwich Spa,388717,218,142603,[],"[""Droitwich Spa, Worcestershire"",""Droitwich""]",http://www.wikidata.org/entity/Q1619033,http://www.wikidata.org/entity/Q1260116,Julia Jones (conductor),Droitwich Spa,211,4009,In what city was Julia Jones born?,"[""Droitwich Spa"", ""Droitwich Spa, Worcestershire"", ""Droitwich""]","{
""answer"": ""Julia Jones was born in Boston, Massachusetts."",
""confidence_score"": 85
}","Julia Jones was born in Boston, Massachusetts.",0.85,INCORRECT
13617,5366171,Crispian Mills,mother,Hayley Mills,2385420,292,809480,"[""Crispian John David Boulting"",""Krishna Kantha Das"",""Crispin Mills""]","[""Hayley Catherine Rose Vivien Mills""]",http://www.wikidata.org/entity/Q711920,http://www.wikidata.org/entity/Q237805,Crispian Mills,Hayley Mills,19871,136061,Who is the mother of Crispian Mills?,"[""Hayley Mills"", ""Hayley Catherine Rose Vivien Mills""]","{
""answer"": ""Crispian Mills's mother is actress Hayley Mills."",
""confidence_score"": 95
}",Crispian Mills's mother is actress Hayley Mills.,0.95,CORRECT
2346,1535064,Poison,genre,horror film,686059,91,703275,[],"[""horror movie""]",http://www.wikidata.org/entity/Q1962503,http://www.wikidata.org/entity/Q200092,Poison (film),Horror film,3984,90942,What genre is Poison?,"[""horror film"", ""horror movie"", ""science fiction film"", ""sci-fi film"", ""science fiction movie"", ""sci-fi movie"", ""scifi film"", ""scifi movie"", ""sci fi film"", ""sci fi movie"", ""scifi-film"", ""scifi""]","{
""answer"": ""Poison is an American glam metal (hair metal) band from Philadelphia, Pennsylvania, known for 1980s hard rock and glam metal music."",
""confidence_score"": 95
}","Poison is an American glam metal (hair metal) band from Philadelphia, Pennsylvania, known for 1980s hard rock and glam metal music.",0.95,INCORRECT
10245,2673987,The Light,composer,Philip Glass,1151422,639,651715,[],"[""Philip Morris Glass""]",http://www.wikidata.org/entity/Q3521577,http://www.wikidata.org/entity/Q189729,The Light (Glass),Philip Glass,140,45173,Who was the composer of The Light?,"[""Philip Glass"", ""Philip Morris Glass""]","{""answer"":""If you mean the song “The Light” (2003) by Common, it was produced by Kanye West (composer credited as Kanye West); confidence depends on which work you mean."",""confidence_score"":55}","If you mean the song “The Light” (2003) by Common, it was produced by Kanye West (composer credited as Kanye West); confidence depends on which work you mean.",0.55,NOT_ATTEMPTED
2393,1595711,RCA Records,genre,pop music,711726,91,1193964,"[""RCA"",""RCA Records, Inc.""]","[""pop"",""Pop""]",http://www.wikidata.org/entity/Q202585,http://www.wikidata.org/entity/Q37073,RCA Records,Pop music,65507,286065,What genre is RCA Records?,"[""rock music"", ""rock and roll"", ""rock"", ""Rock"", ""pop music"", ""pop"", ""Pop"", ""rhythm and blues"", ""R&B"", ""RnB"", ""RNB"", ""R and B"", ""R & B"", ""jazz"", ""jazz music"", ""jass"", ""jas"", ""jaz"", ""Jazz""]","{""answer"":""RCA Records is not limited to a single genre; it is a major record label that releases music across many genres including pop, rock, R&B, hip hop, country, and electronic."",""confidence_score"":92}","RCA Records is not limited to a single genre; it is a major record label that releases music across many genres including pop, rock, R&B, hip hop, country, and electronic.",0.92,CORRECT
2726,6399551,The Thing,genre,science fiction film,2882024,91,1406377,"[""The Thing (2011 film)""]","[""sci-fi film"",""science fiction movie"",""sci-fi movie"",""scifi film"",""scifi movie"",""sci fi film"",""sci fi movie"",""scifi-film"",""scifi""]",http://www.wikidata.org/entity/Q909749,http://www.wikidata.org/entity/Q471839,The Thing (2011 film),Science fiction film,79535,41996,What genre is The Thing?,"[""horror film"", ""horror movie"", ""science fiction film"", ""sci-fi film"", ""science fiction movie"", ""sci-fi movie"", ""scifi film"", ""scifi movie"", ""sci fi film"", ""sci fi movie"", ""scifi-film"", ""scifi""]","{
""answer"": ""The Thing is a science fiction horror film (often described as sci‑fi horror and body horror)."",
""confidence_score"": 95
}",The Thing is a science fiction horror film (often described as sci‑fi horror and body horror).,0.95,CORRECT
11137,1306567,Shenandoah University,religion,United Methodist Church,581131,106,1082443,"[""SU""]","[""UMC""]",http://www.wikidata.org/entity/Q1799245,http://www.wikidata.org/entity/Q329646,Shenandoah University,United Methodist Church,3669,25243,What is the religion of Shenandoah University?,"[""United Methodist Church"", ""UMC""]","{
""answer"": ""Shenandoah University is affiliated with the United Methodist Church and identifies with the Christian (Methodist) tradition."",
""confidence_score"": 90
}",Shenandoah University is affiliated with the United Methodist Church and identifies with the Christian (Methodist) tradition.,0.9,CORRECT
5392,1705344,The Rock,producer,Don Simpson,754039,164,2446053,"[""Rock""]","[""Donald Clarence Simpson"",""Donald Clarence \""Don\"" Simpson""]",http://www.wikidata.org/entity/Q216720,http://www.wikidata.org/entity/Q725170,The Rock (film),Don Simpson,56027,14821,Who was the producer of The Rock?,"[""Jerry Bruckheimer"", ""Jerome Leon Bruckheimer"", ""Don Simpson"", ""Donald Clarence Simpson"", ""Donald Clarence \""Don\"" Simpson""]","{
""answer"": ""The Rock (1996) was produced by Don Simpson and Jerry Bruckheimer (with Don Simpson credited as co-producer alongside Jerry Bruckheimer and Mark Canton); the primary credited producer is Jerry Bruckheimer."",
""confidence_score"": 95
}",The Rock (1996) was produced by Don Simpson and Jerry Bruckheimer (with Don Simpson credited as co-producer alongside Jerry Bruckheimer and Mark Canton); the primary credited producer is Jerry Bruckheimer.,0.95,CORRECT
4241,5909714,The Bait,producer,Hope Hampton,2649575,164,2875184,"[""Bait""]",[],http://www.wikidata.org/entity/Q7715351,http://www.wikidata.org/entity/Q9004686,The Bait (1921 film),Hope Hampton,114,518,Who was the producer of The Bait?,"[""Hope Hampton""]","{""answer"":""The producer of The Bait (1921 silent film) was William Fox."",""confidence_score"":70}",The producer of The Bait (1921 silent film) was William Fox.,0.7,INCORRECT
10861,5897050,Maria,composer,Richard Rodgers,2643473,639,904146,"[""How Do You Solve a Problem Like Maria?""]","[""Richard Charles Rodgers""]",http://www.wikidata.org/entity/Q770157,http://www.wikidata.org/entity/Q269094,Maria (Rodgers and Hammerstein song),Richard Rodgers,722,19255,Who was the composer of Maria?,"[""Richard Rodgers"", ""Richard Charles Rodgers""]","{
""answer"": ""If you mean the song 'Maria' from the 1957 musical West Side Story, it was composed by Leonard Bernstein (lyrics by Stephen Sondheim)."",
""confidence_score"": 95
}","If you mean the song 'Maria' from the 1957 musical West Side Story, it was composed by Leonard Bernstein (lyrics by Stephen Sondheim).",0.95,INCORRECT
10583,1942871,The Washington Post,composer,John Philip Sousa,854180,639,979194,"[""The Washington Post March""]","[""John Phillip Sousa"",""John Philip Sousa I""]",http://www.wikidata.org/entity/Q2524763,http://www.wikidata.org/entity/Q295935,The Washington Post (march),John Philip Sousa,1883,17437,Who was the composer of The Washington Post?,"[""John Philip Sousa"", ""John Phillip Sousa"", ""John Philip Sousa I""]","{""answer"":""The composer of the march \""The Washington Post\"" was John Philip Sousa."",""confidence_score"":100}","The composer of the march \""The Washington Post\"" was John Philip Sousa.",1.0,CORRECT
14054,3640232,Niger State,capital,Minna,1579531,422,2941293,"[""Niger""]",[],http://www.wikidata.org/entity/Q503932,http://www.wikidata.org/entity/Q994105,Niger State,Minna,7742,2141,What is the capital of Niger State?,"[""Minna""]","{
""answer"": ""The capital of Niger State (Nigeria) is Minna."",
""confidence_score"": 95
}",The capital of Niger State (Nigeria) is Minna.,0.95,CORRECT
11850,2379460,Waltteri Immonen,sport,ice hockey,1035147,560,1279430,[],[],http://www.wikidata.org/entity/Q3139022,http://www.wikidata.org/entity/Q41466,Waltteri Immonen,Ice hockey,103,59363,What sport does Waltteri Immonen play?,"[""ice hockey""]","{""answer"":""Waltteri Immonen is an ice hockey player."",""confidence_score"":95}",Waltteri Immonen is an ice hockey player.,0.95,CORRECT
3506,1081675,Chalhuacocha,country,Peru,466102,182,1283964,[],"[""pe"",""Republic of Peru"",""Rep\u00fablica del Per\u00fa"",""\ud83c\uddf5\ud83c\uddea"",""Republica del Peru""]",http://www.wikidata.org/entity/Q16858901,http://www.wikidata.org/entity/Q419,Chalhuacocha (Junín),Peru,22,136982,In what country is Chalhuacocha?,"[""Peru"", ""pe"", ""Republic of Peru"", ""República del Perú"", ""🇵🇪"", ""Republica del Peru""]","{
""answer"": ""Chalhuacocha is in Peru."",
""confidence_score"": 90
}",Chalhuacocha is in Peru.,0.9,CORRECT
9569,1829968,The Late Show,screenwriter,Robert Benton,805927,533,1982494,"[""Late Show""]","[""Robert Douglas Benton""]",http://www.wikidata.org/entity/Q2364650,http://www.wikidata.org/entity/Q59085,The Late Show (film),Robert Benton,1621,3835,Who was the screenwriter for The Late Show?,"[""Robert Benton"", ""Robert Douglas Benton""]","{""answer"":""The screenwriter for the 1977 film The Late Show was Robert Benton."",""confidence_score"":70}",The screenwriter for the 1977 film The Late Show was Robert Benton.,0.7,CORRECT
2600,2120797,Bethany Dillon,genre,contemporary Christian music,927882,91,212294,[],"[""inspirational music"",""CCM"",""Contemporary Christian music""]",http://www.wikidata.org/entity/Q275667,http://www.wikidata.org/entity/Q1379958,Bethany Dillon,Contemporary Christian music,1922,15249,What genre is Bethany Dillon?,"[""contemporary Christian music"", ""inspirational music"", ""CCM"", ""Contemporary Christian music""]","{
""answer"": ""Bethany Dillon is a contemporary Christian singer-songwriter who performs primarily in Christian pop/folk and contemporary worship genres."",
""confidence_score"": 92
}",Bethany Dillon is a contemporary Christian singer-songwriter who performs primarily in Christian pop/folk and contemporary worship genres.,0.92,CORRECT
1717,350025,The Brides of Dracula,genre,horror film,140626,91,703275,"[""Brides of Dracula""]","[""horror movie""]",http://www.wikidata.org/entity/Q1254451,http://www.wikidata.org/entity/Q200092,The Brides of Dracula,Horror film,11036,90942,What genre is The Brides of Dracula?,"[""horror film"", ""horror movie""]","{
""answer"": ""The Brides of Dracula is a 1960 British Hammer Horror film (horror genre) with Gothic and supernatural elements."", 
""confidence_score"": 95
}",The Brides of Dracula is a 1960 British Hammer Horror film (horror genre) with Gothic and supernatural elements.,0.95,CORRECT
5307,5941738,The Metro,producer,Dileep (Gopalakrishnan P Pillai),2665853,164,1709845,"[""Metro""]",[],http://www.wikidata.org/entity/Q7751194,http://www.wikidata.org/entity/Q5276736,The Metro (film),Dileep,970,46038,Who was the producer of The Metro?,"[""Dileep (Gopalakrishnan P Pillai)""]","{""answer"":""The producer of the song \""The Metro\"" (by Berlin) was John Crawford (band member) and the track was produced by Daniel Miller and Giorgio Moroder for various versions—most commonly credited producer for Berlin's notable 1982/1983 recordings is Daniel Miller."",""confidence_score"":45}","The producer of the song \""The Metro\"" (by Berlin) was John Crawford (band member) and the track was produced by Daniel Miller and Giorgio Moroder for various versions—most commonly credited producer for Berlin's notable 1982/1983 recordings is Daniel Miller.",0.45,INCORRECT
291,5134878,Meg McCall,occupation,politician,2270826,22,2834605,[],"[""political leader"",""political figure"",""polit."",""pol""]",http://www.wikidata.org/entity/Q6808000,http://www.wikidata.org/entity/Q82955,Meg McCall,Politician,218,25692,What is Meg McCall's occupation?,"[""politician"", ""political leader"", ""political figure"", ""polit."", ""pol""]","{
""answer"": ""Meg McCall is a writer and former White House speechwriter who served as Chief Speechwriter for Prime Minister Justin Trudeau of Canada."",
""confidence_score"": 45
}",Meg McCall is a writer and former White House speechwriter who served as Chief Speechwriter for Prime Minister Justin Trudeau of Canada.,0.45,INCORRECT
12059,1759510,Glue,author,Irvine Welsh,778305,484,574962,[],[],http://www.wikidata.org/entity/Q2262510,http://www.wikidata.org/entity/Q178403,Glue (novel),Irvine Welsh,1842,21589,Who is the author of Glue?,"[""Irvine Welsh""]","{""answer"":""Glue is a novel by Scottish author Irvine Welsh."",""confidence_score"":85}",Glue is a novel by Scottish author Irvine Welsh.,0.85,CORRECT
13599,1989302,"Trojden I, Duke of Masovia",mother,Gaudemunda of Lithuania,873087,292,1246639,[],"[""Gaudemunda Sophia""]",http://www.wikidata.org/entity/Q2593286,http://www.wikidata.org/entity/Q3920676,"Trojden I, Duke of Masovia",Gaudemunda of Lithuania,290,233,"Who is the mother of Trojden I, Duke of Masovia?","[""Gaudemunda of Lithuania"", ""Gaudemunda Sophia""]","{
""answer"": ""The mother of Trojden I, Duke of Masovia, was Eufrozyna of Opole (Eupraxia of Opole)."",
""confidence_score"": 90
}","The mother of Trojden I, Duke of Masovia, was Eufrozyna of Opole (Eupraxia of Opole).",0.9,INCORRECT
4020,1114521,Usinskoe mine,country,Russia,486216,182,343477,[],"[""Rossiya"",""Rossija"",""RU"",""ru"",""Rossijskaja Federatsija"",""Russian Federation"",""Rossiyskaya Federatsiya"",""Rus"",""RUS"",""RF""]",http://www.wikidata.org/entity/Q16948421,http://www.wikidata.org/entity/Q159,Usinskoe mine,Russia,222,526066,In what country is Usinskoe mine?,"[""Russia"", ""Rossiya"", ""Rossija"", ""RU"", ""ru"", ""Rossijskaja Federatsija"", ""Russian Federation"", ""Rossiyskaya Federatsiya"", ""Rus"", ""RUS"", ""RF""]","{""answer"":""The Usinskoe mine is located in Russia."",""confidence_score"":90}",The Usinskoe mine is located in Russia.,0.9,CORRECT
6920,1612073,Royal Pudding,director,Trey Parker,718193,526,1317537,[],"[""Randolph Severn Parker"",""Randolph Parker"",""Randolph Severn Parker III""]",http://www.wikidata.org/entity/Q2044313,http://www.wikidata.org/entity/Q44414,Royal Pudding,Trey Parker,1341,55797,Who was the director of Royal Pudding?,"[""Trey Parker"", ""Randolph Severn Parker"", ""Randolph Parker"", ""Randolph Severn Parker III""]","{
""answer"": ""The director of the South Park episode \""Royal Pudding\"" is Trey Parker."",
""confidence_score"": 95
}","The director of the South Park episode \""Royal Pudding\"" is Trey Parker.",0.95,CORRECT
40,5120341,Matthew McKay,occupation,dentist,2263666,22,920325,[],"[""dentists"",""dental surgeon""]",http://www.wikidata.org/entity/Q6790954,http://www.wikidata.org/entity/Q27349,Matthew McKay (politician),Dentist,63,16672,What is Matthew McKay's occupation?,"[""dentist"", ""dentists"", ""dental surgeon""]","{
""answer"": ""Matthew McKay is an American clinical psychologist, author, and co-founder of New Harbinger Publications."",
""confidence_score"": 85
}","Matthew McKay is an American clinical psychologist, author, and co-founder of New Harbinger Publications.",0.85,INCORRECT
8442,1587871,Milk,screenwriter,Dustin Lance Black,708642,533,2412686,[],[],http://www.wikidata.org/entity/Q201687,http://www.wikidata.org/entity/Q717302,Milk (2008 American film),Dustin Lance Black,29239,35845,Who was the screenwriter for Milk?,"[""Dustin Lance Black""]","{
""answer"": ""The screenwriter for the 2008 film Milk was Dustin Lance Black."",
""confidence_score"": 95
}",The screenwriter for the 2008 film Milk was Dustin Lance Black.,0.95,CORRECT
12758,2469373,Lord,author,Buronson,1069261,484,7005,[],[],http://www.wikidata.org/entity/Q3259365,http://www.wikidata.org/entity/Q1016880,Lord (manga),Buronson,420,3269,Who is the author of Lord?,"[""Buronson""]","{
""answer"": ""If you mean the novel 'Lord' (2006) the author is Kristen Painter; if you mean the comic book series 'LORD' the creator is Eric Powell."",
""confidence_score"": 40
}",If you mean the novel 'Lord' (2006) the author is Kristen Painter; if you mean the comic book series 'LORD' the creator is Eric Powell.,0.4,INCORRECT
10965,6414631,So What,composer,Miles Davis,2887901,639,2899108,[],"[""Miles Dewey Davis III"",""Miles Dewey Davis, III Davis""]",http://www.wikidata.org/entity/Q919291,http://www.wikidata.org/entity/Q93341,So What (Miles Davis composition),Miles Davis,4094,135717,Who was the composer of So What?,"[""Miles Davis"", ""Miles Dewey Davis III"", ""Miles Dewey Davis, III Davis""]","{""answer"":""The composer of the jazz piece \""So What\"" is Miles Davis."",""confidence_score"":90}","The composer of the jazz piece \""So What\"" is Miles Davis.",0.9,CORRECT
2096,3547179,The Deep,genre,adventure film,1532817,91,1053029,"[""Deep""]","[""adventure movie"",""adventure""]",http://www.wikidata.org/entity/Q494367,http://www.wikidata.org/entity/Q319221,The Deep (1977 film),Adventure film,10282,12568,What genre is The Deep?,"[""adventure film"", ""adventure movie"", ""adventure""]","{""answer"":""The Deep is a science fiction novel (specifically science fiction short story) by Isaac Asimov; there is also a 1977 animated film and various works titled The Deep across genres, but Asimov’s The Deep is science fiction."",""confidence_score"":70}","The Deep is a science fiction novel (specifically science fiction short story) by Isaac Asimov; there is also a 1977 animated film and various works titled The Deep across genres, but Asimov’s The Deep is science fiction.",0.7,INCORRECT
10762,4604790,Grease,composer,Jim Jacobs,2030124,639,1047953,[],[],http://www.wikidata.org/entity/Q611626,http://www.wikidata.org/entity/Q3178843,Grease (musical),Jim Jacobs,25829,2976,Who was the composer of Grease?,"[""Jim Jacobs""]","{
""answer"": ""The music for the 1971 musical Grease was composed by Jim Jacobs and Warren Casey (they co-wrote the score), with additional songs written for the 1978 film by various artists including Barry Gibb; primary composers: Jim Jacobs and Warren Casey."",
""confidence_score"": 95
}","The music for the 1971 musical Grease was composed by Jim Jacobs and Warren Casey (they co-wrote the score), with additional songs written for the 1978 film by various artists including Barry Gibb; primary composers: Jim Jacobs and Warren Casey.",0.95,INCORRECT
6406,2675602,The Tune,director,Bill Plympton,1152078,526,2854644,"[""Tune""]","[""William Plympton""]",http://www.wikidata.org/entity/Q3523108,http://www.wikidata.org/entity/Q862383,The Tune,Bill Plympton,583,2820,Who was the director of The Tune?,"[""Bill Plympton"", ""William Plympton""]","The director of The Tune (1992 animated film) was Bill Plympton. 

{
""answer"": ""The director of The Tune (1992 animated film) was Bill Plympton."",
""confidence_score"": 95
}",The director of The Tune (1992 animated film) was Bill Plympton.,0.95,CORRECT
12530,2740231,Aspis,author,Menander,1177320,484,112085,"[""The Shield"",""Shield""]","[""Menander of Athens""]",http://www.wikidata.org/entity/Q3625321,http://www.wikidata.org/entity/Q118992,Aspis (Menander),Menander,261,5483,Who is the author of Aspis?,"[""Menander"", ""Menander of Athens""]","{""answer"":""The author of Aspis is Menander."",""confidence_score"":85}",The author of Aspis is Menander.,0.85,CORRECT
9575,5141441,Men and Women,screenwriter,Walter Hugo Khouri,2274095,533,1685275,[],[],http://www.wikidata.org/entity/Q6816237,http://www.wikidata.org/entity/Q523315,Men and Women (1964 film),Walter Hugo Khouri,125,378,Who was the screenwriter for Men and Women?,"[""Walter Hugo Khouri""]","{
""answer"": ""The screenwriter for the 1925 film Men and Women was Jules Furthman."",
""confidence_score"": 85
}",The screenwriter for the 1925 film Men and Women was Jules Furthman.,0.85,INCORRECT
5128,2064897,Precious,producer,Tyler Perry,904626,164,2293001,[],"[""Emmitt Perry Jr.""]",http://www.wikidata.org/entity/Q269331,http://www.wikidata.org/entity/Q686301,Precious (film),Tyler Perry,34767,119437,Who was the producer of Precious?,"[""Lee Daniels"", ""Lee Louis Daniels"", ""Oprah Winfrey"", ""Oprah Gail Winfrey"", ""Oprah"", ""Tyler Perry"", ""Emmitt Perry Jr.""]","{
""answer"": ""The producer of the 2009 film Precious (Precious: Based on the Novel 'Push' by Sapphire) was Lee Daniels (who also co-produced with Sarah Siegel-Magness and Oprah Winfrey among others), with Lee Daniels commonly credited as the film's producer and director."", 
""confidence_score"": 88
}","The producer of the 2009 film Precious (Precious: Based on the Novel 'Push' by Sapphire) was Lee Daniels (who also co-produced with Sarah Siegel-Magness and Oprah Winfrey among others), with Lee Daniels commonly credited as the film's producer and director.",0.88,CORRECT
1598,5492591,Progression,genre,trance,2444709,91,513739,[],"[""trance music"",""Trance""]",http://www.wikidata.org/entity/Q7248611,http://www.wikidata.org/entity/Q170435,Progression (album),Trance music,80,20220,What genre is Progression?,"[""trance"", ""trance music"", ""Trance""]","{
""answer"": ""Progression is a science fiction drama film."",
""confidence_score"": 78
}",Progression is a science fiction drama film.,0.78,INCORRECT
6767,152402,The Birds,director,Alfred Hitchcock,61564,526,2513993,"[""Birds""]","[""Alfred Joseph Hitchcock"",""Sir Alfred Hitchcock""]",http://www.wikidata.org/entity/Q110043,http://www.wikidata.org/entity/Q7374,The Birds (film),Alfred Hitchcock,79684,164681,Who was the director of The Birds?,"[""Alfred Hitchcock"", ""Alfred Joseph Hitchcock"", ""Sir Alfred Hitchcock""]","{
""answer"": ""The director of The Birds (1963) was Alfred Hitchcock."",
""confidence_score"": 100
}",The director of The Birds (1963) was Alfred Hitchcock.,1.0,CORRECT
6512,5945218,The Oath,director,Laura Poitras,2667703,526,2172116,"[""Oath""]",[],http://www.wikidata.org/entity/Q7754608,http://www.wikidata.org/entity/Q6499321,The Oath (2010 film),Laura Poitras,1157,8649,Who was the director of The Oath?,"[""Laura Poitras""]","{""answer"":""The director of The Oath (2018 Icelandic film) is Baltasar Kormákur."",""confidence_score"":85}",The director of The Oath (2018 Icelandic film) is Baltasar Kormákur.,0.85,INCORRECT
2470,4109853,Fire,genre,horror literature,1799623,91,666582,[],[],http://www.wikidata.org/entity/Q5451304,http://www.wikidata.org/entity/Q193606,Fire (Rodgers novel),Horror literature,62,291,What genre is Fire?,"[""horror literature""]","{""answer"":""\""Fire\"" is a song by the English rock band The Crazy World of Arthur Brown, often classified as psychedelic rock and proto-punk (also described as psychedelic/acid rock),"",""confidence_score"":85}","\""Fire\"" is a song by the English rock band The Crazy World of Arthur Brown, often classified as psychedelic rock and proto-punk (also described as psychedelic/acid rock),",0.85,INCORRECT
2378,2369552,Heat,genre,seinen,1031662,91,808312,[],"[""seinen manga""]",http://www.wikidata.org/entity/Q3129064,http://www.wikidata.org/entity/Q237338,Heat (manga),Seinen manga,957,51767,What genre is Heat?,"[""seinen"", ""seinen manga""]","{
""answer"": ""Heat is a 1995 American crime drama film (also often described as a crime thriller) directed by Michael Mann."",
""confidence_score"": 95
}",Heat is a 1995 American crime drama film (also often described as a crime thriller) directed by Michael Mann.,0.95,INCORRECT
5431,443077,Somewhere,producer,Sofia Coppola,179913,164,666822,[],"[""Sofia Carmina Coppola""]",http://www.wikidata.org/entity/Q1338368,http://www.wikidata.org/entity/Q193628,Somewhere (film),Sofia Coppola,7261,93103,Who was the producer of Somewhere?,"[""Sofia Coppola"", ""Sofia Carmina Coppola""]","{""answer"":""The producer of the film Somewhere (2010) was Sofia Coppola (who also wrote and directed it) and it was produced by Ross Katz and Sara Murphy alongside Coppola’s production company; primary producer credit is Sofia Coppola (producer)."",""confidence_score"":85}",The producer of the film Somewhere (2010) was Sofia Coppola (who also wrote and directed it) and it was produced by Ross Katz and Sara Murphy alongside Coppola’s production company; primary producer credit is Sofia Coppola (producer).,0.85,INCORRECT
5163,184845,Control,producer,Anton Corbijn,74667,164,1144356,[],"[""Anton Corbyn"",""Anton Johannes Gerrit Corbijn van Willenswaard"",""Anton Cortbijn""]",http://www.wikidata.org/entity/Q1129186,http://www.wikidata.org/entity/Q349842,Control (2007 film),Anton Corbijn,12813,8197,Who was the producer of Control?,"[""Anton Corbijn"", ""Anton Corbyn"", ""Anton Johannes Gerrit Corbijn van Willenswaard"", ""Anton Cortbijn"", ""Tony Wilson"", ""Anthony Howard Wilson""]","{""answer"":""Control (2019 film) was produced by Iain Canning, Emile Sherman and Gabrielle Tana (See-Saw Films) — if you mean the video game Control, it was developed and published by Remedy Entertainment and published by 505 Games with Sam Lake as creative director and produced by Mikael Kasurinen."",""confidence_score"":60}","Control (2019 film) was produced by Iain Canning, Emile Sherman and Gabrielle Tana (See-Saw Films) — if you mean the video game Control, it was developed and published by Remedy Entertainment and published by 505 Games with Sam Lake as creative director and produced by Mikael Kasurinen.",0.6,INCORRECT
13357,6522136,U.S.A.,author,John Dos Passos,2927759,484,1029939,"[""The U.S.A. trilogy"",""U.S.A. trilogy""]","[""John Roderigo Dos Passos"",""J. R. Dos Passos""]",http://www.wikidata.org/entity/Q971694,http://www.wikidata.org/entity/Q312407,U.S.A. (trilogy),John Dos Passos,3190,8220,Who is the author of U.S.A.?,"[""John Dos Passos"", ""John Roderigo Dos Passos"", ""J. R. Dos Passos""]","{
""answer"": ""U.S.A. is a trilogy of novels by John Dos Passos."",
""confidence_score"": 95
}",U.S.A. is a trilogy of novels by John Dos Passos.,0.95,CORRECT
10470,3633769,Fresh,composer,Stewart Copeland,1575847,639,1040417,[],"[""Stewart Armstrong Copeland""]",http://www.wikidata.org/entity/Q503199,http://www.wikidata.org/entity/Q315711,Fresh (1994 film),Stewart Copeland,6621,39534,Who was the composer of Fresh?,"[""Stewart Copeland"", ""Stewart Armstrong Copeland""]","{""answer"":""If you mean the 1994 film Fresh, the composer was Thomas Newman."",""confidence_score"":70}","If you mean the 1994 film Fresh, the composer was Thomas Newman.",0.7,INCORRECT
5178,217026,Heat,producer,Andy Warhol,87730,164,1878164,"[""Andy Warhol's Heat""]","[""Andrew Warhola"",""Andrew Warhol"",""Drella"",""Andrej Varchol"",""Andrej Warhol""]",http://www.wikidata.org/entity/Q1149669,http://www.wikidata.org/entity/Q5603,Heat (1972 film),Andy Warhol,1360,218598,Who was the producer of Heat?,"[""Andy Warhol"", ""Andrew Warhola"", ""Andrew Warhol"", ""Drella"", ""Andrej Varchol"", ""Andrej Warhol""]","{
""answer"": ""Michael Mann was a producer of the 1995 film Heat (he also directed and co-wrote it)."",
""confidence_score"": 95
}",Michael Mann was a producer of the 1995 film Heat (he also directed and co-wrote it).,0.95,INCORRECT
2212,5539257,Culture,genre,roots reggae,2468521,91,160041,[],[],http://www.wikidata.org/entity/Q729495,http://www.wikidata.org/entity/Q1299260,Culture (band),Roots reggae,3257,3775,What genre is Culture?,"[""roots reggae""]","{
""answer"": ""Culture is a science fiction series (specifically space opera) by Iain M. Banks."",
""confidence_score"": 95
}",Culture is a science fiction series (specifically space opera) by Iain M. Banks.,0.95,INCORRECT
7444,3846375,Dark Descent,director,Daniel Knauf,1678215,526,2167434,"[""The Deep"",""Descent Into Darkness""]","[""Wilfred Schmidt"",""Chris Neal""]",http://www.wikidata.org/entity/Q5223197,http://www.wikidata.org/entity/Q648500,Dark Descent,Daniel Knauf,328,1398,Who was the director of Dark Descent?,"[""Daniel Knauf"", ""Wilfred Schmidt"", ""Chris Neal""]","{
""answer"": ""The director of Dark Descent was Jay Woelfel."",
""confidence_score"": 85
}",The director of Dark Descent was Jay Woelfel.,0.85,INCORRECT
4884,2449019,Le Gang,producer,Alain Delon,1061271,164,37564,"[""Gang""]","[""Alain Fabien Maurice Marcel Delon""]",http://www.wikidata.org/entity/Q3223036,http://www.wikidata.org/entity/Q106529,Le Gang,Alain Delon,327,67043,Who was the producer of Le Gang?,"[""Alain Delon"", ""Alain Fabien Maurice Marcel Delon""]","{""answer"":""The producer of Le Gang (1977) was Jacques Bar (producer credited as Jacques Bar)."",""confidence_score"":85}",The producer of Le Gang (1977) was Jacques Bar (producer credited as Jacques Bar).,0.85,INCORRECT
8683,1441165,Silence,screenwriter,Martin Scorsese,644496,533,1273986,[],"[""Martin Skorseze"",""Martin Charles Scorsese""]",http://www.wikidata.org/entity/Q18811634,http://www.wikidata.org/entity/Q41148,Silence (2016 film),Martin Scorsese,58729,218311,Who was the screenwriter for Silence?,"[""Jay Cocks"", ""Martin Scorsese"", ""Martin Skorseze"", ""Martin Charles Scorsese""]","{""answer"":""For the 2016 film Silence, the screenplay was written by Jay Cocks (based on the novel by Shūsaku Endō)."",""confidence_score"":90}","For the 2016 film Silence, the screenplay was written by Jay Cocks (based on the novel by Shūsaku Endō).",0.9,CORRECT
2793,2797971,Apollo,father,Zeus,1201155,257,1119278,"[""Phoebus""]",[],http://www.wikidata.org/entity/Q37340,http://www.wikidata.org/entity/Q34201,Apollo,Zeus,130900,162820,Who is the father of Apollo?,"[""Zeus""]","{
""answer"": ""In Greek mythology, Apollo's father is Zeus."",
""confidence_score"": 100
}","In Greek mythology, Apollo's father is Zeus.",1.0,CORRECT
6864,5386408,Party,director,Govind Nihalani,2395664,526,1026189,[],[],http://www.wikidata.org/entity/Q7140882,http://www.wikidata.org/entity/Q3112826,Party (1984 film),Govind Nihalani,1732,4747,Who was the director of Party?,"[""Govind Nihalani""]","{""answer"":""If you mean the 1968 British film Party, it was directed by Blake Edwards."",""confidence_score"":15}","If you mean the 1968 British film Party, it was directed by Blake Edwards.",0.15,INCORRECT
2584,6284803,The Hurricane,genre,biographical film,2836287,91,2159842,"[""Hurricane""]","[""biopic"",""biography film"",""biography movie"",""biographical movie"",""biographical picture""]",http://www.wikidata.org/entity/Q832732,http://www.wikidata.org/entity/Q645928,The Hurricane (1999 film),Biographical film,14419,19455,What genre is The Hurricane?,"[""biographical film"", ""biopic"", ""biography film"", ""biography movie"", ""biographical movie"", ""biographical picture""]","{""answer"":""The Hurricane is a 1999 biographical sports drama film (drama/biography/sports)."",""confidence_score"":90}",The Hurricane is a 1999 biographical sports drama film (drama/biography/sports).,0.9,CORRECT
7025,5753977,Side by Side,director,Bruce Beresford,2569275,526,1323651,[],[],http://www.wikidata.org/entity/Q7508311,http://www.wikidata.org/entity/Q449220,Side by Side (1975 film),Bruce Beresford,257,6007,Who was the director of Side by Side?,"[""Bruce Beresford""]","{
""answer"": ""The director of the documentary film Side by Side (2012) is Christopher Kenneally."",
""confidence_score"": 90
}",The director of the documentary film Side by Side (2012) is Christopher Kenneally.,0.9,INCORRECT
1752,2063489,Amici miei – Atto III,genre,comedy film,904036,91,336148,"[""Amici miei atto III""]","[""comedy movie""]",http://www.wikidata.org/entity/Q2690455,http://www.wikidata.org/entity/Q157443,Amici miei – Atto III,Comedy film,187,36816,What genre is Amici miei – Atto III?,"[""comedy film"", ""comedy movie""]","{
""answer"": ""Amici miei – Atto III is an Italian comedy film (comedy-drama with strong comedic elements)."",
""confidence_score"": 92
}",Amici miei – Atto III is an Italian comedy film (comedy-drama with strong comedic elements).,0.92,CORRECT
4374,3956256,Orchestral Favorites,producer,Frank Zappa,1727955,164,149290,[],"[""Frank Vincent Zappa""]",http://www.wikidata.org/entity/Q530861,http://www.wikidata.org/entity/Q127330,Orchestral Favorites,Frank Zappa,2110,199253,Who was the producer of Orchestral Favorites?,"[""Frank Zappa"", ""Frank Vincent Zappa""]","{
""answer"": ""Orchestral Favorites was produced by Frank Zappa."",
""confidence_score"": 95
}",Orchestral Favorites was produced by Frank Zappa.,0.95,CORRECT
76,4244332,Gillian Raine,occupation,actor,1859536,22,1114174,"[""Gillian Mary Lorraine""]","[""actress"",""actors"",""actresses""]",http://www.wikidata.org/entity/Q5562275,http://www.wikidata.org/entity/Q33999,Gillian Raine,Actor,2206,81374,What is Gillian Raine's occupation?,"[""actor"", ""actress"", ""actors"", ""actresses""]","{
""answer"": ""Gillian Raine was an English actress who worked in stage, television and film."",
""confidence_score"": 90
}","Gillian Raine was an English actress who worked in stage, television and film.",0.9,CORRECT
4236,1136804,I Am,producer,Pete Townshend,500788,164,904624,[],"[""Peter Dennis Blandford Townshend"",""00122214237 IPI"",""00054760672 IPI""]",http://www.wikidata.org/entity/Q16994535,http://www.wikidata.org/entity/Q26933,I Am (Pete Townshend album),Pete Townshend,437,64396,Who was the producer of I Am?,"[""Pete Townshend"", ""Peter Dennis Blandford Townshend"", ""00122214237 IPI"", ""00054760672 IPI""]","{""answer"":""The producer of the song \""I Am\"" depends on the specific work titled \""I Am\""—for example, Beyoncé’s 2008 song \""I Am... Sasha Fierce\"" tracks were produced by multiple producers including Stargate and Rich Harrison; if you mean the 2010 film \""I Am\"" (directed by Tom Shadyac) the producer was Michael B. Rotenberg and others—please specify which \""I Am\"" you mean."",""confidence_score"":25}","The producer of the song \""I Am\"" depends on the specific work titled \""I Am\""—for example, Beyoncé’s 2008 song \""I Am... Sasha Fierce\"" tracks were produced by multiple producers including Stargate and Rich Harrison; if you mean the 2010 film \""I Am\"" (directed by Tom Shadyac) the producer was Michael B. Rotenberg and others—please specify which \""I Am\"" you mean.",0.25,INCORRECT
374,2344027,Switch,occupation,disc jockey,1021941,22,163605,"[""David James Andrew Taylor"",""David Taylor"",""DJAT"",""Solid Groove"",""Modeler""]","[""DJ"",""dee jay"",""dj"",""D.J."",""disk jockey"",""dee-jay"",""deejay"",""disquaire"",""discaire""]",http://www.wikidata.org/entity/Q3101707,http://www.wikidata.org/entity/Q130857,Switch (songwriter),Disc jockey,2488,38478,What is Switch's occupation?,"[""disc jockey"", ""DJ"", ""dee jay"", ""dj"", ""D.J."", ""disk jockey"", ""dee-jay"", ""deejay"", ""disquaire"", ""discaire""]","{""answer"":""Switch is a computer hacker and member of the mutant underground in the comics (specifically, a mutant with teleportation-related powers associated with the character Switch in Marvel/X-Men lore)."",""confidence_score"":35}","Switch is a computer hacker and member of the mutant underground in the comics (specifically, a mutant with teleportation-related powers associated with the character Switch in Marvel/X-Men lore).",0.35,INCORRECT
6805,5948000,The Pioneers,director,Franklyn Barrett,2669187,526,1820638,"[""Pioneers""]","[""Walter Franklyn Barrett""]",http://www.wikidata.org/entity/Q7757231,http://www.wikidata.org/entity/Q5492176,The Pioneers (1916 film),Franklyn Barrett,83,113,Who was the director of The Pioneers?,"[""Franklyn Barrett"", ""Walter Franklyn Barrett""]","{""answer"":""The director of the 1926 British silent film The Pioneers was George Pearson."",""confidence_score"":72}",The director of the 1926 British silent film The Pioneers was George Pearson.,0.72,INCORRECT
9300,443081,Somewhere,screenwriter,Sofia Coppola,179913,533,666822,[],"[""Sofia Carmina Coppola""]",http://www.wikidata.org/entity/Q1338368,http://www.wikidata.org/entity/Q193628,Somewhere (film),Sofia Coppola,7261,93103,Who was the screenwriter for Somewhere?,"[""Sofia Coppola"", ""Sofia Carmina Coppola""]","{
""answer"": ""The screenwriter for the 2010 film Somewhere was Sofia Coppola."",
""confidence_score"": 95
}",The screenwriter for the 2010 film Somewhere was Sofia Coppola.,0.95,CORRECT
8283,4485199,Stereo,screenwriter,David Cronenberg,1976035,533,1849243,[],"[""David Paul Cronenberg"",""David P. Cronenberg"",""David Cronenburg""]",http://www.wikidata.org/entity/Q587669,http://www.wikidata.org/entity/Q55422,Stereo (1969 film),David Cronenberg,3104,103190,Who was the screenwriter for Stereo?,"[""David Cronenberg"", ""David Paul Cronenberg"", ""David P. Cronenberg"", ""David Cronenburg""]","{
""answer"": ""The screenwriter for the 1969 film Stereo was Harry Mark Petrakis; for the 2014 film Stereo (directed by Maximilian Erlenwein) the screenplay was by Maximilian Erlenwein and Thomas Wendrich."", 
""confidence_score"": 75
}",The screenwriter for the 1969 film Stereo was Harry Mark Petrakis; for the 2014 film Stereo (directed by Maximilian Erlenwein) the screenplay was by Maximilian Erlenwein and Thomas Wendrich.,0.75,INCORRECT
5888,5563764,Revenge,director,Edwin Carewe,2479716,526,1005133,[],[],http://www.wikidata.org/entity/Q7317888,http://www.wikidata.org/entity/Q3048778,Revenge (1928 film),Edwin Carewe,135,553,Who was the director of Revenge?,"[""Edwin Carewe""]","{""answer"":""The director of the 1990 film Revenge was Tony Scott."",""confidence_score"":85}",The director of the 1990 film Revenge was Tony Scott.,0.85,INCORRECT
11235,5156801,Humbert of Silva Candida,religion,Catholic Church,2281476,106,2918816,[],"[""Roman Catholic Church"",""Church"",""Roman Apostolic Catholic Church""]",http://www.wikidata.org/entity/Q68335,http://www.wikidata.org/entity/Q9592,Humbert of Silva Candida,Catholic Church,725,195995,What is the religion of Humbert of Silva Candida?,"[""Catholic Church"", ""Roman Catholic Church"", ""Church"", ""Roman Apostolic Catholic Church""]","{
""answer"": ""Humbert of Silva Candida was a Roman Catholic (Catholic) cardinal and Benedictine monk, i.e., a member of the Catholic Church."",
""confidence_score"": 95
}","Humbert of Silva Candida was a Roman Catholic (Catholic) cardinal and Benedictine monk, i.e., a member of the Catholic Church.",0.95,CORRECT
8007,5783022,Athens,capital of,Henderson County,2583992,97,74111,"[""Athens, Texas""]","[""Henderson County, Texas""]",http://www.wikidata.org/entity/Q755425,http://www.wikidata.org/entity/Q112793,"Athens, Texas","Henderson County, Texas",3500,1716,What is Athens the capital of?,"[""Henderson County"", ""Henderson County, Texas""]","{
""answer"": ""Athens is the capital city of Greece."",
""confidence_score"": 100
}",Athens is the capital city of Greece.,1.0,INCORRECT
6555,3893092,Den store gavtyv,director,Johan Jacobsen,1699065,526,1033423,[],[],http://www.wikidata.org/entity/Q5256530,http://www.wikidata.org/entity/Q3133876,Den store gavtyv,Johan Jacobsen,72,114,Who was the director of Den store gavtyv?,"[""Johan Jacobsen""]","{
""answer"": ""Den store gavtyv (The Great Thief) was directed by Kåre Bergstrøm."",
""confidence_score"": 85
}",Den store gavtyv (The Great Thief) was directed by Kåre Bergstrøm.,0.85,INCORRECT
13779,1971316,Pô,capital,Turin,865913,422,1535871,"[""Po"",""Po Department"",""\u00c9ridan"",""\u00c9ridan Department""]","[""Torino"",""Turin, Italy""]",http://www.wikidata.org/entity/Q2567535,http://www.wikidata.org/entity/Q495,Pô (department),Turin,103,75884,What is the capital of Pô?,"[""Turin"", ""Torino"", ""Turin, Italy""]","{
""answer"": ""Pô is a department in Burkina Faso whose capital is the town of Pô."",
""confidence_score"": 95
}",Pô is a department in Burkina Faso whose capital is the town of Pô.,0.95,INCORRECT
3774,2081420,Hudson,country,United States of America,911578,182,988513,[],"[""the United States of America"",""America"",""U.S.A."",""USA"",""U.S."",""US"",""the US"",""the USA"",""US of A"",""the United States"",""U. S. A."",""U. S."",""the States"",""the U.S."",""'Merica"",""U.S"",""United States"",""'Murica""]",http://www.wikidata.org/entity/Q2710584,http://www.wikidata.org/entity/Q30,"Hudson, Indiana",United States,174,1629691,In what country is Hudson?,"[""United States of America"", ""the United States of America"", ""America"", ""U.S.A."", ""USA"", ""U.S."", ""US"", ""the US"", ""the USA"", ""US of A"", ""the United States"", ""U. S. A."", ""U. S."", ""the States"", ""the U.S."", ""'Merica"", ""U.S"", ""United States"", ""'Murica""]","{
""answer"": ""There are multiple places named Hudson; the most likely reference is Hudson, Ohio, which is in the United States."",
""confidence_score"": 60
}","There are multiple places named Hudson; the most likely reference is Hudson, Ohio, which is in the United States.",0.6,CORRECT
450,2384728,Jason Reitman,occupation,screenwriter,1037519,22,945070,[],"[""scenarist"",""writer"",""screen writer"",""script writer"",""scriptwriter""]",http://www.wikidata.org/entity/Q314502,http://www.wikidata.org/entity/Q28389,Jason Reitman,Screenwriter,50572,26544,What is Jason Reitman's occupation?,"[""film director"", ""movie director"", ""director"", ""motion picture director"", ""screenwriter"", ""scenarist"", ""writer"", ""screen writer"", ""script writer"", ""scriptwriter""]","{
""answer"": ""Jason Reitman is a Canadian-American film director, producer, and screenwriter, best known for directing films such as Juno and Up in the Air."",
""confidence_score"": 95
}","Jason Reitman is a Canadian-American film director, producer, and screenwriter, best known for directing films such as Juno and Up in the Air.",0.95,CORRECT
14172,3447132,Worth County,capital,Sylvester,1487396,422,934740,"[""Worth County, Georgia""]","[""Sylvester, Georgia""]",http://www.wikidata.org/entity/Q486154,http://www.wikidata.org/entity/Q2795652,"Worth County, Georgia","Sylvester, Georgia",897,933,What is the capital of Worth County?,"[""Sylvester"", ""Sylvester, Georgia""]","{""answer"":""The county seat (capital) of Worth County, Georgia is Sylvester."",""confidence_score"":85}","The county seat (capital) of Worth County, Georgia is Sylvester.",0.85,CORRECT
1701,2377056,Tricky,genre,trip hop,1034152,91,721329,"[""Adrian Thaws"",""Adrian Nicholas Matthews Thaws"",""Tricky Kid"",""Tricky Rock""]","[""Bristol sound"",""trip-hop""]",http://www.wikidata.org/entity/Q313627,http://www.wikidata.org/entity/Q205560,Tricky (musician),Trip hop,32767,33715,What genre is Tricky?,"[""trip hop"", ""Bristol sound"", ""trip-hop""]","{
""answer"": ""Tricky is an English musician and producer primarily associated with the trip hop genre (also noted for work in electronic, alternative rock, and hip hop)."",
""confidence_score"": 95
}","Tricky is an English musician and producer primarily associated with the trip hop genre (also noted for work in electronic, alternative rock, and hip hop).",0.95,CORRECT
11171,3530151,Bilal ibn Ribah,religion,Islam,1525793,106,1299818,"[""Bilal ibn Rabah al-Habashi"",""Bilal ibn Rabah"",""Bilal-i Habe\u015fi"",""Bilal, son of Rabah"",""Bilal""]","[""Islamic religion"",""Mohammedanism"",""Muslim religion"",""al-\u2019isl\u0101m"",""religion of the Muslims""]",http://www.wikidata.org/entity/Q493136,http://www.wikidata.org/entity/Q432,Bilal ibn Rabah,Islam,17049,233485,What is the religion of Bilal ibn Ribah?,"[""Islam"", ""Islamic religion"", ""Mohammedanism"", ""Muslim religion"", ""al-’islām"", ""religion of the Muslims""]","{
""answer"": ""Bilal ibn Rabah was a Muslim (he was one of the earliest and most famous companions of the Prophet Muhammad)."",
""confidence_score"": 100
}",Bilal ibn Rabah was a Muslim (he was one of the earliest and most famous companions of the Prophet Muhammad).,1.0,CORRECT
12469,6245761,Zones,author,Damien Broderick,2819699,484,93065,[],"[""Damien Francis Broderick"",""D. Broderick"",""D Broderick"",""Roger Delaney"",""Edgar Grieve"",""Jack Harding"",""Alan Harlison"",""Philip Jenkins"",""Horace West"",""Iago Yarrick"",""O'Flaherty Gribbles""]",http://www.wikidata.org/entity/Q8073948,http://www.wikidata.org/entity/Q1158494,Zones (novel),Damien Broderick,75,683,Who is the author of Zones?,"[""Damien Broderick"", ""Damien Francis Broderick"", ""D. Broderick"", ""D Broderick"", ""Roger Delaney"", ""Edgar Grieve"", ""Jack Harding"", ""Alan Harlison"", ""Philip Jenkins"", ""Horace West"", ""Iago Yarrick"", ""O'Flaherty Gribbles"", ""Rory Barnes""]","{""answer"":""If you mean the book 'Zones' (1991), the author is Barry N. Malzberg."",""confidence_score"":60}","If you mean the book 'Zones' (1991), the author is Barry N. Malzberg.",0.6,INCORRECT
10130,4633324,Inside Out,composer,Michael Giacchino,2041975,639,320332,[],"[""Michael George Giacchino""]",http://www.wikidata.org/entity/Q6144664,http://www.wikidata.org/entity/Q155124,Inside Out (2015 film),Michael Giacchino,74976,44355,Who was the composer of Inside Out?,"[""Michael Giacchino"", ""Michael George Giacchino""]","{
""answer"": ""The composer of the 2015 Pixar film Inside Out is Michael Giacchino."",
""confidence_score"": 95
}",The composer of the 2015 Pixar film Inside Out is Michael Giacchino.,0.95,CORRECT
7107,4205838,Geordie,director,Frank Launder,1844459,526,2932573,[],[],http://www.wikidata.org/entity/Q5535599,http://www.wikidata.org/entity/Q979175,Geordie (film),Frank Launder,1184,1013,Who was the director of Geordie?,"[""Frank Launder""]","{""answer"":""The director of the 1955 British film Geordie was Frank Launder."",""confidence_score"":82}",The director of the 1955 British film Geordie was Frank Launder.,0.82,CORRECT
6100,4762260,Josh,director,Rabi Kinagi,2093842,526,1565538,[],"[""Ravi Kinagi"",""Rabi Kinnagi""]",http://www.wikidata.org/entity/Q6288562,http://www.wikidata.org/entity/Q5010538,Josh (2010 film),Ravi Kinagi,1646,1103,Who was the director of Josh?,"[""Rabi Kinagi"", ""Ravi Kinagi"", ""Rabi Kinnagi""]","{
""answer"": ""If you mean the 2000 Indian Hindi film Josh, it was directed by Mansoor Khan."",
""confidence_score"": 92
}","If you mean the 2000 Indian Hindi film Josh, it was directed by Mansoor Khan.",0.92,INCORRECT
5925,4999128,Little Man,director,Nicole Conn,2206562,526,2346904,[],[],http://www.wikidata.org/entity/Q6650806,http://www.wikidata.org/entity/Q7030022,Little Man (2005 film),Nicole Conn,229,1863,Who was the director of Little Man?,"[""Nicole Conn""]","{
""answer"": ""Little Man (2006) was directed by Keenen Ivory Wayans."",
""confidence_score"": 95
}",Little Man (2006) was directed by Keenen Ivory Wayans.,0.95,INCORRECT
10924,90206,Strong,composer,Robbie Williams,34983,639,1448807,[],"[""Robert Peter Maximilian Williams"",""Robert Peter \""Robbie\"" Williams"",""Robert Peter Williams""]",http://www.wikidata.org/entity/Q1061260,http://www.wikidata.org/entity/Q47875,Strong (Robbie Williams song),Robbie Williams,752,90093,Who was the composer of Strong?,"[""Robbie Williams"", ""Robert Peter Maximilian Williams"", ""Robert Peter \""Robbie\"" Williams"", ""Robert Peter Williams""]","{
""answer"": ""The composer of the song 'Strong' is Robbie Williams (music by Robbie Williams and Guy Chambers)."",
""confidence_score"": 85
}",The composer of the song 'Strong' is Robbie Williams (music by Robbie Williams and Guy Chambers).,0.85,CORRECT
1143,1936708,Terror from the Year 5000,genre,science fiction film,851709,91,1406377,[],"[""sci-fi film"",""science fiction movie"",""sci-fi movie"",""scifi film"",""scifi movie"",""sci fi film"",""sci fi movie"",""scifi-film"",""scifi""]",http://www.wikidata.org/entity/Q2514152,http://www.wikidata.org/entity/Q471839,Terror from the Year 5000,Science fiction film,747,41996,What genre is Terror from the Year 5000?,"[""science fiction film"", ""sci-fi film"", ""science fiction movie"", ""sci-fi movie"", ""scifi film"", ""scifi movie"", ""sci fi film"", ""sci fi movie"", ""scifi-film"", ""scifi""]","{
""answer"": ""Terror from the Year 5000 is a 1958 American science fiction horror film (science fiction/horror)."",
""confidence_score"": 95
}",Terror from the Year 5000 is a 1958 American science fiction horror film (science fiction/horror).,0.95,CORRECT
6001,5693247,Sarah,director,Yoram Gross,2538932,526,1816718,"[""The 7th Match"",""Sarah and the Squirrel""]","[""Yoram Jerzy Gross"",""Yoram J Gross"",""Yoram J. Gross""]",http://www.wikidata.org/entity/Q7422032,http://www.wikidata.org/entity/Q54855,Sarah (film),Yoram Gross,433,63388,Who was the director of Sarah?,"[""Yoram Gross"", ""Yoram Jerzy Gross"", ""Yoram J Gross"", ""Yoram J. Gross""]","{""answer"":""There are multiple films and works titled 'Sarah'; without more context the most likely director is导演 Just Jaeckin for the 1983 French film 'Sarah'—but this identification is uncertain."",""confidence_score"":35}",There are multiple films and works titled 'Sarah'; without more context the most likely director is导演 Just Jaeckin for the 1983 French film 'Sarah'—but this identification is uncertain.,0.35,INCORRECT
10297,3315031,Amok Time,composer,Gerald Fried,1423896,639,1784095,"[""AT""]",[],http://www.wikidata.org/entity/Q4747498,http://www.wikidata.org/entity/Q541907,Amok Time,Gerald Fried,5710,1202,Who was the composer of Amok Time?,"[""Gerald Fried""]","{
""answer"": ""The composer of the Star Trek TOS episode 'Amok Time' score was Gerald Fried."",
""confidence_score"": 95
}",The composer of the Star Trek TOS episode 'Amok Time' score was Gerald Fried.,0.95,CORRECT
13767,246233,Ghana,capital,Accra,99203,422,1208643,"[""Republic of Ghana"",""gh"",""GHA""]",[],http://www.wikidata.org/entity/Q117,http://www.wikidata.org/entity/Q3761,Ghana,Accra,173146,33751,What is the capital of Ghana?,"[""Accra""]","{
""answer"": ""The capital of Ghana is Accra."",
""confidence_score"": 100
}",The capital of Ghana is Accra.,1.0,CORRECT
7525,1726946,Casino,director,Martin Scorsese,763203,526,1273986,[],"[""Martin Skorseze"",""Martin Charles Scorsese""]",http://www.wikidata.org/entity/Q220910,http://www.wikidata.org/entity/Q41148,Casino (1995 film),Martin Scorsese,59995,218311,Who was the director of Casino?,"[""Martin Scorsese"", ""Martin Skorseze"", ""Martin Charles Scorsese""]","{
""answer"": ""Martin Scorsese directed the 1995 film Casino."",
""confidence_score"": 100
}",Martin Scorsese directed the 1995 film Casino.,1.0,CORRECT
10488,1203494,More,composer,Pink Floyd,536116,639,789768,[],"[""The Pink Floyd"",""The Pink Floyd Sound""]",http://www.wikidata.org/entity/Q1726605,http://www.wikidata.org/entity/Q2306,More (1969 film),Pink Floyd,3353,317566,Who was the composer of More?,"[""Pink Floyd"", ""The Pink Floyd"", ""The Pink Floyd Sound""]","{
""answer"": ""The composer of the instrumental theme 'More' (from the 1962 film Mondo Cane) was Riz Ortolani (co-composed with Nino Oliviero for the film score)."",
""confidence_score"": 95
}",The composer of the instrumental theme 'More' (from the 1962 film Mondo Cane) was Riz Ortolani (co-composed with Nino Oliviero for the film score).,0.95,INCORRECT
2178,6463290,Heart,genre,rock music,2906426,91,82098,[],"[""rock and roll"",""rock"",""Rock""]",http://www.wikidata.org/entity/Q941662,http://www.wikidata.org/entity/Q11399,Heart (band),Rock music,83062,140450,What genre is Heart?,"[""rock music"", ""rock and roll"", ""rock"", ""Rock""]","{""answer"":""Heart is a rock band (specifically hard rock and folk rock with elements of classic rock and arena rock)."",""confidence_score"":90}",Heart is a rock band (specifically hard rock and folk rock with elements of classic rock and arena rock).,0.9,CORRECT
1149,4120648,Tim,genre,romance film,1805493,91,30690,[],"[""romance genre"",""romantic film""]",http://www.wikidata.org/entity/Q546256,http://www.wikidata.org/entity/Q1054574,Tim (film),Romance film,2211,61181,What genre is Tim?,"[""romance film"", ""romance genre"", ""romantic film""]","{""answer"":""I don’t have enough context to determine who ‘Tim’ is or what genre he belongs to."",""confidence_score"":20}",I don’t have enough context to determine who ‘Tim’ is or what genre he belongs to.,0.2,NOT_ATTEMPTED
8266,318646,Opening Night,screenwriter,Noelle Valdivia,128551,533,2352297,[],[],http://www.wikidata.org/entity/Q12211248,http://www.wikidata.org/entity/Q7047325,Opening Night (Smash),Noelle Valdivia,135,116,Who was the screenwriter for Opening Night?,"[""Bathsheba Doran"", ""Noelle Valdivia""]","{
""answer"": ""The screenwriter for the 1977 film Opening Night was Tennessee Williams (screenplay by), with additional contributions by director John Cassavetes."", 
""confidence_score"": 85
}","The screenwriter for the 1977 film Opening Night was Tennessee Williams (screenplay by), with additional contributions by director John Cassavetes.",0.85,INCORRECT
13463,857875,Rama,mother,Kausalya,364508,292,718834,"[""Ram"",""Ramachandra"",""Ramchandra"",""Shri Ram"",""Lord Ram"",""Shri Ramchandra"",""R\u00e2ma""]",[],http://www.wikidata.org/entity/Q160213,http://www.wikidata.org/entity/Q2046270,Rama,Kausalya,93777,5842,Who is the mother of Rama?,"[""Kausalya""]","{
""answer"": ""The mother of Lord Rama is Queen Kaushalya (also spelled Kausalya), the principal wife of King Dasharatha of Ayodhya."",
""confidence_score"": 100
}","The mother of Lord Rama is Queen Kaushalya (also spelled Kausalya), the principal wife of King Dasharatha of Ayodhya.",1.0,CORRECT
5068,310930,The Anniversary,producer,Jimmy Sangster,125917,164,2925016,"[""Anniversary"",""The Anniversary (1968 film)"",""The anniversary (1968 film)""]","[""James Henry Kinmel Sangster""]",http://www.wikidata.org/entity/Q1213044,http://www.wikidata.org/entity/Q967593,The Anniversary (1968 film),Jimmy Sangster,3581,1746,Who was the producer of The Anniversary?,"[""Jimmy Sangster"", ""James Henry Kinmel Sangster""]","{
""answer"": ""The producer of the 1968 British film The Anniversary was Roy Skeggs."",
""confidence_score"": 55
}",The producer of the 1968 British film The Anniversary was Roy Skeggs.,0.55,INCORRECT
8806,3609879,The Fog,screenwriter,John Carpenter,1562924,533,2912281,"[""Fog""]","[""John Howard Carpenter""]",http://www.wikidata.org/entity/Q500403,http://www.wikidata.org/entity/Q95008,The Fog,John Carpenter,100414,487945,Who was the screenwriter for The Fog?,"[""John Carpenter"", ""John Howard Carpenter""]","{""answer"":""John Carpenter (screenwriter for the 1980 film The Fog, co-written with Debra Hill)."",""confidence_score"":95}","John Carpenter (screenwriter for the 1980 film The Fog, co-written with Debra Hill).",0.95,CORRECT
5306,4810283,Drama,producer,Trevor Horn,2117163,164,1032339,[],"[""Trevor Charles Horn""]",http://www.wikidata.org/entity/Q636474,http://www.wikidata.org/entity/Q313092,Drama (Yes album),Trevor Horn,8398,34096,Who was the producer of Drama?,"[""Trevor Horn"", ""Trevor Charles Horn""]","{""answer"":""The producer of the film Drama (2010) was Likely Rodrigo García—if you mean the 2010 Argentine film \""Drama\"" the producer credited is Alejo Vidal; if you mean the 2001 TV series or another work titled \""Drama\"", please specify."",""confidence_score"":20}","The producer of the film Drama (2010) was Likely Rodrigo García—if you mean the 2010 Argentine film \""Drama\"" the producer credited is Alejo Vidal; if you mean the 2001 TV series or another work titled \""Drama\"", please specify.",0.2,INCORRECT
1124,4497404,David Allan,genre,history painting,1981930,91,2539729,"[""David Allen"",""Allan of Edinbro'"",""Allan David"",""Allan"",""D. Allan"",""Allen""]","[""historical painting"",""historical art""]",http://www.wikidata.org/entity/Q590576,http://www.wikidata.org/entity/Q742333,David Allan (painter),History painting,348,7259,What genre is David Allan?,"[""history painting"", ""historical painting"", ""historical art""]","{""answer"":""David Allan is a country music singer (country genre)."",""confidence_score"":65}",David Allan is a country music singer (country genre).,0.65,INCORRECT
3696,5348468,Orefield,country,United States of America,2376657,182,988513,[],"[""the United States of America"",""America"",""U.S.A."",""USA"",""U.S."",""US"",""the US"",""the USA"",""US of A"",""the United States"",""U. S. A."",""U. S."",""the States"",""the U.S."",""'Merica"",""U.S"",""United States"",""'Murica""]",http://www.wikidata.org/entity/Q7101003,http://www.wikidata.org/entity/Q30,"Orefield, Pennsylvania",United States,419,1629691,In what country is Orefield?,"[""United States of America"", ""the United States of America"", ""America"", ""U.S.A."", ""USA"", ""U.S."", ""US"", ""the US"", ""the USA"", ""US of A"", ""the United States"", ""U. S. A."", ""U. S."", ""the States"", ""the U.S."", ""'Merica"", ""U.S"", ""United States"", ""'Murica""]","{""answer"":""Orefield is in the United States (it's an unincorporated community in Lehigh County, Pennsylvania)."",""confidence_score"":95}","Orefield is in the United States (it's an unincorporated community in Lehigh County, Pennsylvania).",0.95,CORRECT
12140,5923926,The Enemy,author,Charlie Higson,2656869,484,2885965,[],"[""Charles Murray Higson""]",http://www.wikidata.org/entity/Q7732179,http://www.wikidata.org/entity/Q917004,The Enemy (Higson novel),Charlie Higson,2814,9434,Who is the author of The Enemy?,"[""Charlie Higson"", ""Charles Murray Higson""]","{""answer"":""There are multiple works titled \""The Enemy\""—notably, the novel \""The Enemy\"" (2004) is by Charlie Higson, the science-fiction novel \""The Enemy\"" (2009) is by Susan Higginbotham, the short story \""The Enemy\"" (1957) is by Pearl S. Buck, and the young-adult novel \""The Enemy\"" (2010) is by C.S. Pacat—please specify which one you mean."",""confidence_score"":20}","There are multiple works titled \""The Enemy\""—notably, the novel \""The Enemy\"" (2004) is by Charlie Higson, the science-fiction novel \""The Enemy\"" (2009) is by Susan Higginbotham, the short story \""The Enemy\"" (1957) is by Pearl S. Buck, and the young-adult novel \""The Enemy\"" (2010) is by C.S. Pacat—please specify which one you mean.",0.2,CORRECT
12596,2311628,Sketches New and Old,author,Mark Twain,1008531,484,2443351,[],"[""Samuel Langhorne Clemens"",""Samuel L. Clemens"",""Samuel Clemens""]",http://www.wikidata.org/entity/Q3058638,http://www.wikidata.org/entity/Q7245,Sketches New and Old,Mark Twain,178,146014,Who is the author of Sketches New and Old?,"[""Mark Twain"", ""Samuel Langhorne Clemens"", ""Samuel L. Clemens"", ""Samuel Clemens""]","{
""answer"": ""Sketches New and Old is a collection by the American humorist Artemus Ward (real name Charles Farrar Browne)."",
""confidence_score"": 90
}",Sketches New and Old is a collection by the American humorist Artemus Ward (real name Charles Farrar Browne).,0.9,INCORRECT
974,3324646,Andrea Magi,place of birth,Pesaro,1428605,218,166324,[],[],http://www.wikidata.org/entity/Q4755163,http://www.wikidata.org/entity/Q13134,Andrea Magi,Pesaro,88,4700,In what city was Andrea Magi born?,"[""Pesaro""]","{""answer"":""Andrea Magi was born in Cesena, Italy."",""confidence_score"":85}","Andrea Magi was born in Cesena, Italy.",0.85,INCORRECT
6098,2186308,Father,director,Wang Shuo,955223,526,2316780,[],[],http://www.wikidata.org/entity/Q2877710,http://www.wikidata.org/entity/Q693778,Father (2000 film),Wang Shuo,267,662,Who was the director of Father?,"[""Wang Shuo""]","{""answer"":""The director of the film 'Father' (2020) is Srdan Golubović."",""confidence_score"":45}",The director of the film 'Father' (2020) is Srdan Golubović.,0.45,INCORRECT
13705,3541925,Albertslund Municipality,capital,Albertslund,1530262,422,1054515,[],[],http://www.wikidata.org/entity/Q493833,http://www.wikidata.org/entity/Q3196726,Albertslund Municipality,Albertslund,406,615,What is the capital of Albertslund Municipality?,"[""Albertslund""]","{
""answer"": ""The capital (main town) of Albertslund Municipality is Albertslund."",
""confidence_score"": 95
}",The capital (main town) of Albertslund Municipality is Albertslund.,0.95,CORRECT
2429,6212650,Working,genre,sitcom,2801852,91,509702,[],"[""situational comedy"",""situation comedy""]",http://www.wikidata.org/entity/Q8034890,http://www.wikidata.org/entity/Q170238,Working (TV series),Sitcom,1374,47889,What genre is Working?,"[""sitcom"", ""situational comedy"", ""situation comedy""]","{
""answer"": ""Working is a musical (a stage musical based on Studs Terkel's book 'Working')."",
""confidence_score"": 92
}",Working is a musical (a stage musical based on Studs Terkel's book 'Working').,0.92,INCORRECT
10173,1437552,One Last Time,composer,Rami Yacoub,642951,639,1229437,[],"[""Rami""]",http://www.wikidata.org/entity/Q18786661,http://www.wikidata.org/entity/Q384159,One Last Time (Ariana Grande song),Rami Yacoub,6553,6553,Who was the composer of One Last Time?,"[""Giorgio Tuinfort"", ""Giorgio Hesdey Tuinfort"", ""Savan Kotecha"", ""Savan Harish Kotecha"", ""Rami Yacoub"", ""Rami"", ""Carl Falk"", ""Carl Anthony Falk-Gramer""]","{
""answer"": ""If you mean the song 'One Last Time' performed by Ariana Grande, it was written by David Guetta, Sia Furler, Giorgio Tuinfort, Christian Karlsson, and Erik Hassle (songwriters) with production by David Guetta and others; if you mean the musical number 'One Last Time' from Hamilton, it was composed by Lin-Manuel Miranda."",
""confidence_score"": 85
}","If you mean the song 'One Last Time' performed by Ariana Grande, it was written by David Guetta, Sia Furler, Giorgio Tuinfort, Christian Karlsson, and Erik Hassle (songwriters) with production by David Guetta and others; if you mean the musical number 'One Last Time' from Hamilton, it was composed by Lin-Manuel Miranda.",0.85,INCORRECT
11486,47001,Carl Hagelin,sport,ice hockey,19301,560,1279430,"[""Carl Oliver Hagelin""]",[],http://www.wikidata.org/entity/Q1038576,http://www.wikidata.org/entity/Q41466,Carl Hagelin,Ice hockey,2724,59363,What sport does Carl Hagelin play?,"[""ice hockey""]","{""answer"":""Carl Hagelin is a professional ice hockey player."",""confidence_score"":100}",Carl Hagelin is a professional ice hockey player.,1.0,CORRECT
13971,3013107,Roraima,capital,Boa Vista,1290167,422,587403,"[""RR"",""Roraima state""]",[],http://www.wikidata.org/entity/Q42508,http://www.wikidata.org/entity/Q181056,Roraima,"Boa Vista, Roraima",4911,2564,What is the capital of Roraima?,"[""Boa Vista""]","{
""answer"": ""The capital of Roraima (a state in Brazil) is Boa Vista."",
""confidence_score"": 100
}",The capital of Roraima (a state in Brazil) is Boa Vista.,1.0,CORRECT
7953,774480,Laishevo,capital of,Laishevsky District,330058,97,766718,[],[],http://www.wikidata.org/entity/Q156648,http://www.wikidata.org/entity/Q2219922,Laishevo,Laishevsky District,166,147,What is Laishevo the capital of?,"[""Laishevsky District""]","{
""answer"": ""Laishevo is the administrative center (capital) of Laishevsky District in the Republic of Tatarstan, Russia."",
""confidence_score"": 95
}","Laishevo is the administrative center (capital) of Laishevsky District in the Republic of Tatarstan, Russia.",0.95,CORRECT
6747,5223929,Destiny,director,Mario Mattoli,2313956,526,1851712,"[""Il destino""]",[],http://www.wikidata.org/entity/Q692906,http://www.wikidata.org/entity/Q55458,Destiny (1938 film),Mario Mattoli,100,488,Who was the director of Destiny?,"[""Mario Mattoli""]","{""answer"":""If you mean the 1944 film Destiny (Italian: Gli uomini, che mascalzoni...), the director was Mario Mattoli; if you mean Destiny (1997 film) it was directed by Youssef Chahine; if you mean the video game Destiny, its director at launch was Jason Jones (Bungie) — context needed to select one."",""confidence_score"":40}","If you mean the 1944 film Destiny (Italian: Gli uomini, che mascalzoni...), the director was Mario Mattoli; if you mean Destiny (1997 film) it was directed by Youssef Chahine; if you mean the video game Destiny, its director at launch was Jason Jones (Bungie) — context needed to select one.",0.4,CORRECT
7328,1960242,Guess Who,director,Kevin Rodney Sullivan,861254,526,1054209,[],[],http://www.wikidata.org/entity/Q255137,http://www.wikidata.org/entity/Q3195793,Guess Who (film),Kevin Rodney Sullivan,8644,1136,Who was the director of Guess Who?,"[""Kevin Rodney Sullivan""]","{  
""answer"": ""The director of the 2005 film Guess Who was Kevin Rodney Sullivan."",  
""confidence_score"": 95  
}",The director of the 2005 film Guess Who was Kevin Rodney Sullivan.,0.95,CORRECT
4504,3822617,Daddy,producer,Allu Aravind,1667857,164,159997,[],[],http://www.wikidata.org/entity/Q5207985,http://www.wikidata.org/entity/Q12990834,Daddy (2001 film),Allu Aravind,4900,45018,Who was the producer of Daddy?,"[""Allu Aravind""]","{""answer"":""The producer of the 1991 Bollywood film Daddy was Govind Nihalani (produced by National Film Development Corporation of India with Govind Nihalani as producer/director)."",""confidence_score"":65}",The producer of the 1991 Bollywood film Daddy was Govind Nihalani (produced by National Film Development Corporation of India with Govind Nihalani as producer/director).,0.65,INCORRECT
4009,2674978,Old Persian,country,Iran,1151834,182,2753763,"[""peo"",""Old Persian language""]","[""Islamic Republic of Iran"",""Persia"",""ir"",""Islamic Rep. Iran"",""\ud83c\uddee\ud83c\uddf7""]",http://www.wikidata.org/entity/Q35225,http://www.wikidata.org/entity/Q794,Old Persian,Iran,9700,317291,In what country is Old Persian?,"[""Iran"", ""Islamic Republic of Iran"", ""Persia"", ""ir"", ""Islamic Rep. Iran"", ""🇮🇷""]","{""answer"":""Old Persian is not a country; it is an ancient Indo-Iranian language once used in the Achaemenid Empire (largely within modern-day Iran)."",""confidence_score"":95}",Old Persian is not a country; it is an ancient Indo-Iranian language once used in the Achaemenid Empire (largely within modern-day Iran).,0.95,CORRECT
9458,3469403,The Clearing,screenwriter,Pieter Jan Brugge,1498703,533,2928821,"[""Clearing""]",[],http://www.wikidata.org/entity/Q488345,http://www.wikidata.org/entity/Q973342,The Clearing (film),Pieter Jan Brugge,3858,1136,Who was the screenwriter for The Clearing?,"[""Justin Haythe"", ""Pieter Jan Brugge""]","{
""answer"": ""The screenplay for the 2004 film The Clearing was written by Justin Haythe."",
""confidence_score"": 95
}",The screenplay for the 2004 film The Clearing was written by Justin Haythe.,0.95,CORRECT
13425,2624911,Carmelite Rule of St. Albert,author,Albert of Vercelli,1130549,484,2396476,"[""Rule of St. Albert""]","[""Albert Avogadro"",""St. Alberto Avogadro""]",http://www.wikidata.org/entity/Q3454225,http://www.wikidata.org/entity/Q714267,Rule of Saint Albert,Albert of Vercelli,482,230,Who is the author of Carmelite Rule of St. Albert?,"[""Albert of Vercelli"", ""Albert Avogadro"", ""St. Alberto Avogadro""]","{
""answer"": ""The Carmelite Rule of St. Albert was authored by Saint Albert Avogadro (St. Albert of Jerusalem)."",
""confidence_score"": 95
}",The Carmelite Rule of St. Albert was authored by Saint Albert Avogadro (St. Albert of Jerusalem).,0.95,CORRECT
3977,4521313,Hyderabad House,country,India,1992558,182,2215085,[],"[""Bharat"",""Hindustan"",""Bharatvarsh"",""in"",""IN"",""Republic of India"",""\ud83c\uddee\ud83c\uddf3"",""IND"",""Aryavratt""]",http://www.wikidata.org/entity/Q5953898,http://www.wikidata.org/entity/Q668,Hyderabad House,India,4520,1301086,In what country is Hyderabad House?,"[""India"", ""Bharat"", ""Hindustan"", ""Bharatvarsh"", ""in"", ""IN"", ""Republic of India"", ""🇮🇳"", ""IND"", ""Aryavratt""]","{
""answer"": ""Hyderabad House is in India."",
""confidence_score"": 95
}",Hyderabad House is in India.,0.95,CORRECT
11897,5562945,Jukka Tammi,sport,ice hockey,2479344,560,1279430,"[""Jukka Vilho Tapani Tammi""]",[],http://www.wikidata.org/entity/Q731719,http://www.wikidata.org/entity/Q41466,Jukka Tammi,Ice hockey,150,59363,What sport does Jukka Tammi play?,"[""ice hockey""]","{
""answer"": ""Jukka Tammi is a former professional ice hockey goaltender."",
""confidence_score"": 95
}",Jukka Tammi is a former professional ice hockey goaltender.,0.95,CORRECT
7256,3466480,Witness,director,Peter Weir,1497121,526,1849386,[],"[""Peter Lindsay Weir""]",http://www.wikidata.org/entity/Q488041,http://www.wikidata.org/entity/Q55424,Witness (1985 film),Peter Weir,21025,24259,Who was the director of Witness?,"[""Peter Weir"", ""Peter Lindsay Weir""]","{
""answer"": ""Peter Weir directed the 1985 film Witness."",
""confidence_score"": 100
}",Peter Weir directed the 1985 film Witness.,1.0,CORRECT
5960,3676773,Challenge,director,Raj Chakraborty,1596984,526,1053798,[],"[""Raju Chakraborty""]",http://www.wikidata.org/entity/Q5068880,http://www.wikidata.org/entity/Q3194810,Challenge (2009 film),Raj Chakraborty,2082,8272,Who was the director of Challenge?,"[""Raj Chakraborty"", ""Raju Chakraborty""]","{
""answer"": ""If you mean the 1984 film Challenge (also released as The Challenge), it was directed by John Frankenheimer."",
""confidence_score"": 85
}","If you mean the 1984 film Challenge (also released as The Challenge), it was directed by John Frankenheimer.",0.85,INCORRECT
14129,6341216,Odrysian kingdom,capital,Seuthopolis,2859124,422,157249,[],[],http://www.wikidata.org/entity/Q870517,http://www.wikidata.org/entity/Q1291235,Odrysian kingdom,Seuthopolis,5027,1086,What is the capital of Odrysian kingdom?,"[""Seuthopolis""]","{""answer"":""The Odrysian Kingdom, a Thracian state (5th–3rd centuries BCE), did not have a single fixed capital but its principal royal center is commonly identified as Seuthopolis (built by King Seuthes III) and earlier centers included Perinthos and other strongholds."",""confidence_score"":65}","The Odrysian Kingdom, a Thracian state (5th–3rd centuries BCE), did not have a single fixed capital but its principal royal center is commonly identified as Seuthopolis (built by King Seuthes III) and earlier centers included Perinthos and other strongholds.",0.65,CORRECT
3102,1278936,Salmon,father,Nahshon,569592,257,575310,"[""Salmah""]",[],http://www.wikidata.org/entity/Q1771358,http://www.wikidata.org/entity/Q1784980,Salmon (biblical figure),Nahshon,2870,1976,Who is the father of Salmon?,"[""Nahshon""]","{""answer"":""Salmon’s father is Nahshon (according to the genealogies in the Gospel of Matthew 1:4 and also in the Hebrew Bible lineage where Salmon is listed as the son of Nahshon)."",""confidence_score"":95}",Salmon’s father is Nahshon (according to the genealogies in the Gospel of Matthew 1:4 and also in the Hebrew Bible lineage where Salmon is listed as the son of Nahshon).,0.95,CORRECT
1001,192034,Damian Pettigrew,place of birth,Quebec,77632,218,561022,[],"[""Qu\u00e9bec"",""QC"",""Province of Quebec"",""Quebec, Canada"",""Quebec Province""]",http://www.wikidata.org/entity/Q1133492,http://www.wikidata.org/entity/Q176,Damian Pettigrew,Quebec,315,142909,In what city was Damian Pettigrew born?,"[""Quebec"", ""Québec"", ""QC"", ""Province of Quebec"", ""Quebec, Canada"", ""Quebec Province""]","{
""answer"": ""Damian Pettigrew was born in Montreal, Quebec, Canada."",
""confidence_score"": 85
}","Damian Pettigrew was born in Montreal, Quebec, Canada.",0.85,INCORRECT
6522,5971609,Thin,director,Lauren Greenfield,2681036,526,1060383,[],[],http://www.wikidata.org/entity/Q7784252,http://www.wikidata.org/entity/Q3218831,Thin (film),Lauren Greenfield,2841,8162,Who was the director of Thin?,"[""Lauren Greenfield""]","{""answer"":""The director of Thin (2006 documentary) is Lauren Greenfield."",""confidence_score"":92}",The director of Thin (2006 documentary) is Lauren Greenfield.,0.92,CORRECT
9930,4496891,LOL,screenwriter,Lisa Azuelos,1981672,533,1313012,"[""Laughing Out Loud""]","[""Lisa Alessandrin"",""Elise-Anne Bethsab\u00e9e Azuelos""]",http://www.wikidata.org/entity/Q590444,http://www.wikidata.org/entity/Q440453,LOL (2012 film),Lisa Azuelos,21501,1015,Who was the screenwriter for LOL?,"[""Lisa Azuelos"", ""Lisa Alessandrin"", ""Elise-Anne Bethsabée Azuelos""]","{""answer"":""The screenplay for the 2012 film LOL (Life Online) was written by Lisa Azuelos."",""confidence_score"":85}",The screenplay for the 2012 film LOL (Life Online) was written by Lisa Azuelos.,0.85,CORRECT
2253,5951370,The Restaurant,genre,reality television,2670905,91,606038,[],"[""reality TV"",""reality television program"",""reality TV program"",""reality television show"",""television reality program"",""television reality show"",""TV reality program"",""TV reality show""]",http://www.wikidata.org/entity/Q7760321,http://www.wikidata.org/entity/Q182415,The Restaurant (British TV series),Reality television,425,40906,What genre is The Restaurant?,"[""reality television"", ""reality TV"", ""reality television program"", ""reality TV program"", ""reality television show"", ""television reality program"", ""television reality show"", ""TV reality program"", ""TV reality show""]","{
""answer"": ""The Restaurant is a reality television series (competition/reality show)."",
""confidence_score"": 90
}",The Restaurant is a reality television series (competition/reality show).,0.9,CORRECT
9327,5907955,The Amazing Mrs Pritchard,screenwriter,Sally Wainwright,2648682,533,2529431,[],"[""Sally Anne Wainwright""]",http://www.wikidata.org/entity/Q7713329,http://www.wikidata.org/entity/Q7405323,The Amazing Mrs Pritchard,Sally Wainwright,1364,13886,Who was the screenwriter for The Amazing Mrs Pritchard?,"[""Sally Wainwright"", ""Sally Anne Wainwright""]","{
""answer"": ""The screenwriter for The Amazing Mrs Pritchard was Sally Wainwright."",
""confidence_score"": 95
}",The screenwriter for The Amazing Mrs Pritchard was Sally Wainwright.,0.95,CORRECT
484,285248,Eckart von Hirschhausen,occupation,physician,115302,22,1253162,[],"[""physicians"",""medical doctor"",""medical practitioner"",""doctor"",""medical doctors""]",http://www.wikidata.org/entity/Q119568,http://www.wikidata.org/entity/Q39631,Eckart von Hirschhausen,Physician,651,48188,What is Eckart von Hirschhausen's occupation?,"[""physician"", ""physicians"", ""medical doctor"", ""medical practitioner"", ""doctor"", ""medical doctors""]","{
""answer"": ""Eckart von Hirschhausen is a German physician, comedian, author and television presenter."",
""confidence_score"": 95
}","Eckart von Hirschhausen is a German physician, comedian, author and television presenter.",0.95,CORRECT
14230,352365,Obwalden,capital,Sarnen,141502,422,2133385,"[""OW"",""canton of Obwald"",""Kanton Obwalden"",""Unterwalden ob dem Wald"",""Canton of Obwalden""]","[""Sarnen OW""]",http://www.wikidata.org/entity/Q12573,http://www.wikidata.org/entity/Q63964,Obwalden,Sarnen,2003,1425,What is the capital of Obwalden?,"[""Sarnen"", ""Sarnen OW""]","{
""answer"": ""The capital of the Swiss canton of Obwalden is Sarnen."",
""confidence_score"": 100
}",The capital of the Swiss canton of Obwalden is Sarnen.,1.0,CORRECT
8495,3474862,The Debt,screenwriter,Krzysztof Krauze,1501160,533,189636,"[""Debt""]",[],http://www.wikidata.org/entity/Q488745,http://www.wikidata.org/entity/Q1349845,The Debt (1999 film),Krzysztof Krauze,290,256,Who was the screenwriter for The Debt?,"[""Krzysztof Krauze""]","{""answer"":""The screenplay for the 2010 film The Debt was written by Matthew Vaughn and Jane Goldman (story credit also to Matthew Vaughn and Peter Harness for earlier versions), and for the original 2007 Israeli film Ha-Hov the writer was Assaf Bernstein; most commonly the 2010 English-language screenplay is credited to Matthew Vaughn and Jane Goldman."",""confidence_score"":75}","The screenplay for the 2010 film The Debt was written by Matthew Vaughn and Jane Goldman (story credit also to Matthew Vaughn and Peter Harness for earlier versions), and for the original 2007 Israeli film Ha-Hov the writer was Assaf Bernstein; most commonly the 2010 English-language screenplay is credited to Matthew Vaughn and Jane Goldman.",0.75,INCORRECT
4084,2654404,Stanley,country,Canada,1143739,182,355510,[],"[""Dominion of Canada"",""British North America"",""CAN"",""CA"",""ca"",""can"",""Can.""]",http://www.wikidata.org/entity/Q3496791,http://www.wikidata.org/entity/Q16,"Stanley, New Brunswick",Canada,225,816653,In what country is Stanley?,"[""Canada"", ""Dominion of Canada"", ""British North America"", ""CAN"", ""CA"", ""ca"", ""can"", ""Can.""]","{""answer"":""Stanley is the capital of the Falkland Islands, a British Overseas Territory in the South Atlantic Ocean (country: United Kingdom/Falkland Islands)."",""confidence_score"":85}","Stanley is the capital of the Falkland Islands, a British Overseas Territory in the South Atlantic Ocean (country: United Kingdom/Falkland Islands).",0.85,INCORRECT
10493,2654410,Sugar,composer,Jule Styne,1143742,639,1976176,[],"[""Julius Kerwin Stein""]",http://www.wikidata.org/entity/Q3496796,http://www.wikidata.org/entity/Q587741,Sugar (musical),Jule Styne,937,5310,Who was the composer of Sugar?,"[""Jule Styne"", ""Julius Kerwin Stein""]","{
""answer"": ""If you mean the 1926 popular song “Sugar (That Sugar Baby o’ Mine)”, it was composed by Maceo Pinkard (music) with lyrics by Edna Alexander and Sidney D. Mitchell."",
""confidence_score"": 65
}","If you mean the 1926 popular song “Sugar (That Sugar Baby o’ Mine)”, it was composed by Maceo Pinkard (music) with lyrics by Edna Alexander and Sidney D. Mitchell.",0.65,INCORRECT
917,5708121,Scott Patterson,place of birth,Vancouver,2546647,218,835440,[],"[""City of Vancouver"",""Vancouver, BC"",""Vancouver, British Columbia""]",http://www.wikidata.org/entity/Q7437016,http://www.wikidata.org/entity/Q24639,Scott Patterson (Paralympian),Vancouver,42,145635,In what city was Scott Patterson born?,"[""Vancouver"", ""City of Vancouver"", ""Vancouver, BC"", ""Vancouver, British Columbia""]","{
""answer"": ""Scott Patterson (actor) was born in Philadelphia, Pennsylvania."",
""confidence_score"": 90
}","Scott Patterson (actor) was born in Philadelphia, Pennsylvania.",0.9,INCORRECT
12691,5879710,Tam Lin,author,Pamela Dean,2634647,484,2390015,[],"[""Pamela Collins Dean"",""Pamela Collins Dean Dyer-Bennet""]",http://www.wikidata.org/entity/Q7680467,http://www.wikidata.org/entity/Q7129138,Tam Lin (novel),Pamela Dean,383,333,Who is the author of Tam Lin?,"[""Pamela Dean"", ""Pamela Collins Dean"", ""Pamela Collins Dean Dyer-Bennet""]","{
""answer"": ""Tam Lin is a traditional Scottish ballad of unknown single author, collected and published by Francis James Child in his 19th-century Child Ballads; its original author is anonymous."",
""confidence_score"": 95
}","Tam Lin is a traditional Scottish ballad of unknown single author, collected and published by Francis James Child in his 19th-century Child Ballads; its original author is anonymous.",0.95,INCORRECT
11179,263646,Thomas Jefferson,religion,deism,106351,106,2063932,"[""President Jefferson"",""T. Jefferson""]","[""Deism""]",http://www.wikidata.org/entity/Q11812,http://www.wikidata.org/entity/Q620629,Thomas Jefferson,Deism,254256,47094,What is the religion of Thomas Jefferson?,"[""deism"", ""Deism""]","{""answer"":""Thomas Jefferson was a Deist who rejected orthodox Christianity’s supernatural claims while valuing Jesus’ moral teachings; he is often described as a Unitarian-leaning Deist or Christian rationalist, but he did not adhere to any organized church."",""confidence_score"":90}","Thomas Jefferson was a Deist who rejected orthodox Christianity’s supernatural claims while valuing Jesus’ moral teachings; he is often described as a Unitarian-leaning Deist or Christian rationalist, but he did not adhere to any organized church.",0.9,CORRECT
4073,1448611,Sutlepa,country,Estonia,647672,182,656083,[],"[""Republic of Estonia"",""Estland"",""Eesti"",""ee"",""EST"",""\ud83c\uddea\ud83c\uddea""]",http://www.wikidata.org/entity/Q1889467,http://www.wikidata.org/entity/Q191,Sutlepa,Estonia,55,169786,In what country is Sutlepa?,"[""Estonia"", ""Republic of Estonia"", ""Estland"", ""Eesti"", ""ee"", ""EST"", ""🇪🇪""]","{
""answer"": ""Sutlepa is in Estonia."",
""confidence_score"": 95
}",Sutlepa is in Estonia.,0.95,CORRECT
2933,790696,Christian V of Denmark,father,Frederick III of Denmark,337327,257,337383,"[""Chriatian V""]","[""Frederik III"",""Frederick III""]",http://www.wikidata.org/entity/Q157793,http://www.wikidata.org/entity/Q157812,Christian V of Denmark,Frederick III of Denmark,5504,7171,Who is the father of Christian V of Denmark?,"[""Frederick III of Denmark"", ""Frederik III"", ""Frederick III""]","Christian V of Denmark was the son of King Frederick III of Denmark and Norway. 
{
""answer"": ""Christian V of Denmark was the son of King Frederick III of Denmark and Norway."",
""confidence_score"": 100
}",Christian V of Denmark was the son of King Frederick III of Denmark and Norway.,1.0,CORRECT
7543,6045343,The Incident,director,Jack Bender,2716074,526,1177687,[],[],http://www.wikidata.org/entity/Q785465,http://www.wikidata.org/entity/Q362793,The Incident (Lost),Jack Bender,2362,3280,Who was the director of The Incident?,"[""Jack Bender""]","{""answer"":""The director of the 1967 film The Incident was Larry Peerce."",""confidence_score"":85}",The director of the 1967 film The Incident was Larry Peerce.,0.85,INCORRECT
10419,1324455,Paradise,composer,David Newman,588507,639,2913865,[],"[""David Louis Newman""]",http://www.wikidata.org/entity/Q1811996,http://www.wikidata.org/entity/Q952428,Paradise (1991 film),David Newman (composer),1972,8435,Who was the composer of Paradise?,"[""David Newman"", ""David Louis Newman""]","{""answer"":""If you mean the novel \""Paradise\"" (1979) there is no composer because it is a book by Toni Morrison; if you mean the song \""Paradise\"" (1968) it was composed by John Prine—confidence depends on which work is meant."",""confidence_score"":55}","If you mean the novel \""Paradise\"" (1979) there is no composer because it is a book by Toni Morrison; if you mean the song \""Paradise\"" (1968) it was composed by John Prine—confidence depends on which work is meant.",0.55,INCORRECT
10970,5467575,Pole,composer,Karlheinz Stockhausen,2432750,639,316249,[],"[""Karl-Heinz Stockhausen"",""Karlheinz Stockhausen""]",http://www.wikidata.org/entity/Q7209240,http://www.wikidata.org/entity/Q154556,Pole (Stockhausen),Karlheinz Stockhausen,94,21179,Who was the composer of Pole?,"[""Karlheinz Stockhausen"", ""Karl-Heinz Stockhausen"", ""Karlheinz Stockhausen""]","{""answer"":""If you mean the electronic musician known as Pole, his real name (and composer) is Stefan Betke."",""confidence_score"":90}","If you mean the electronic musician known as Pole, his real name (and composer) is Stefan Betke.",0.9,INCORRECT
6254,1850153,Heroes,director,Jeremy Kagan,814198,526,1047294,[],"[""Jeremy Paul Kagan""]",http://www.wikidata.org/entity/Q2395450,http://www.wikidata.org/entity/Q3177322,Heroes (1977 film),Jeremy Kagan,2466,858,Who was the director of Heroes?,"[""Jeremy Kagan"", ""Jeremy Paul Kagan""]","{""answer"":""The pilot episode of the NBC series Heroes was directed by David Semel."",""confidence_score"":80}",The pilot episode of the NBC series Heroes was directed by David Semel.,0.8,INCORRECT
2036,4075108,Eve,genre,psychological thriller,1782375,91,1980910,[],"[""psycho-thriller"",""mystery thriller""]",http://www.wikidata.org/entity/Q5416137,http://www.wikidata.org/entity/Q590103,Eve (Chase novel),Psychological thriller,147,52579,What genre is Eve?,"[""psychological thriller"", ""psycho-thriller"", ""mystery thriller""]","{""answer"":""Without additional context, 'Eve' could refer to many works; common genres include: 'Eve' (2008 film) — drama; 'Eve' (TV series, 2003–2006) — sitcom/teen comedy; 'Eve' by PJ Harvey — alternative rock (song/album contexts vary), so please specify which 'Eve' you mean."",""confidence_score"":15}","Without additional context, 'Eve' could refer to many works; common genres include: 'Eve' (2008 film) — drama; 'Eve' (TV series, 2003–2006) — sitcom/teen comedy; 'Eve' by PJ Harvey — alternative rock (song/album contexts vary), so please specify which 'Eve' you mean.",0.15,NOT_ATTEMPTED
8248,3492001,Beyond Citizen Kane,screenwriter,Simon Hartog,1508566,533,18502,[],[],http://www.wikidata.org/entity/Q4899948,http://www.wikidata.org/entity/Q10371655,Beyond Citizen Kane,Simon Hartog,483,119,Who was the screenwriter for Beyond Citizen Kane?,"[""Simon Hartog""]","{""answer"":""The screenwriter of Beyond Citizen Kane was Simon Hartog."",""confidence_score"":70}",The screenwriter of Beyond Citizen Kane was Simon Hartog.,0.7,CORRECT
2727,2303230,Edward Bird,genre,genre painting,1004943,91,747067,"[""Bird of Bristol"",""Edward Bird of Bristol"",""R.A. Bird"",""of Bristol Bird"",""Bird""]","[""petit genre""]",http://www.wikidata.org/entity/Q3048463,http://www.wikidata.org/entity/Q214127,Edward Bird,Genre painting,254,3825,What genre is Edward Bird?,"[""genre painting"", ""petit genre"", ""history painting"", ""historical painting"", ""historical art""]","{""answer"":""Edward Bird was an English painter associated with the genre painting tradition, particularly domestic and everyday scenes (genre painting)."",""confidence_score"":85}","Edward Bird was an English painter associated with the genre painting tradition, particularly domestic and everyday scenes (genre painting).",0.85,CORRECT
3679,3229412,Călmuș River,country,Romania,1384714,182,756886,[],"[""Roumania"",""Rumania"",""Rom\u00e2nia"",""ro"",""\ud83c\uddf7\ud83c\uddf4""]",http://www.wikidata.org/entity/Q4683519,http://www.wikidata.org/entity/Q218,Călmuș,Romania,29,278539,In what country is Călmuș River?,"[""Romania"", ""Roumania"", ""Rumania"", ""România"", ""ro"", ""🇷🇴""]","{""answer"":""The Călmuș River is in Romania."",""confidence_score"":90}",The Călmuș River is in Romania.,0.9,CORRECT
463,2823825,Guo Gengmao,occupation,politician,1211908,22,2834605,[],"[""political leader"",""political figure"",""polit."",""pol""]",http://www.wikidata.org/entity/Q377372,http://www.wikidata.org/entity/Q82955,Guo Gengmao,Politician,125,25692,What is Guo Gengmao's occupation?,"[""politician"", ""political leader"", ""political figure"", ""polit."", ""pol""]","{
""answer"": ""Guo Gengmao is a Chinese politician who has served as governor of Henan province and as Communist Party Secretary of Hebei province."",
""confidence_score"": 90
}",Guo Gengmao is a Chinese politician who has served as governor of Henan province and as Communist Party Secretary of Hebei province.,0.9,CORRECT
5595,246876,The Castle,producer,Maximilian Schell,99408,164,307186,"[""Castle""]",[],http://www.wikidata.org/entity/Q1170277,http://www.wikidata.org/entity/Q153018,The Castle (1968 film),Maximilian Schell,365,24054,Who was the producer of The Castle?,"[""Maximilian Schell""]","{""answer"":""The producer of The Castle (1997 Australian film) was David Elfick."",""confidence_score"":78}",The producer of The Castle (1997 Australian film) was David Elfick.,0.78,INCORRECT
5296,1747485,Faces,producer,John Cassavetes,772837,164,1640334,[],"[""John Nicholas Cassavetes""]",http://www.wikidata.org/entity/Q2241601,http://www.wikidata.org/entity/Q51488,Faces (1968 film),John Cassavetes,3356,53028,Who was the producer of Faces?,"[""John Cassavetes"", ""John Nicholas Cassavetes""]","{
""answer"": ""Faces (1968) was produced by Paul Mazursky and James Cresson; the film's producer credited is James Cresson with Paul Mazursky as co-producer."", 
""confidence_score"": 65
}",Faces (1968) was produced by Paul Mazursky and James Cresson; the film's producer credited is James Cresson with Paul Mazursky as co-producer.,0.65,INCORRECT
3647,1666876,Asiana Airlines,country,South Korea,739611,182,2866409,"[""OZ"",""ASIANA"",""Seoul Airlines"",""Asiana Cargo"",""Asiana Airlines Inc.""]","[""Republic of Korea"",""ROK"",""kr"",""Rep. Korea"",""S. Korea"",""Korea Republic"",""\ud83c\uddf0\ud83c\uddf7"",""KOR""]",http://www.wikidata.org/entity/Q211165,http://www.wikidata.org/entity/Q884,Asiana Airlines,South Korea,15692,492668,In what country is Asiana Airlines?,"[""South Korea"", ""Republic of Korea"", ""ROK"", ""kr"", ""Rep. Korea"", ""S. Korea"", ""Korea Republic"", ""🇰🇷"", ""KOR""]","{
""answer"": ""Asiana Airlines is based in South Korea."",
""confidence_score"": 100
}",Asiana Airlines is based in South Korea.,1.0,CORRECT
10310,643468,Into the Woods,composer,Stephen Sondheim,270854,639,309398,[],"[""Stephen Joshua Sondheim""]",http://www.wikidata.org/entity/Q14847067,http://www.wikidata.org/entity/Q153579,Into the Woods (film),Stephen Sondheim,39224,57788,Who was the composer of Into the Woods?,"[""Stephen Sondheim"", ""Stephen Joshua Sondheim""]","{
""answer"": ""Stephen Sondheim composed the music and lyrics for the musical Into the Woods."",
""confidence_score"": 100
}",Stephen Sondheim composed the music and lyrics for the musical Into the Woods.,1.0,CORRECT
3312,3433773,Baker,country,United States of America,1480388,182,988513,"[""Baker, West Virginia""]","[""the United States of America"",""America"",""U.S.A."",""USA"",""U.S."",""US"",""the US"",""the USA"",""US of A"",""the United States"",""U. S. A."",""U. S."",""the States"",""the U.S."",""'Merica"",""U.S"",""United States"",""'Murica""]",http://www.wikidata.org/entity/Q4849099,http://www.wikidata.org/entity/Q30,"Baker, West Virginia",United States,367,1629691,In what country is Baker?,"[""United States of America"", ""the United States of America"", ""America"", ""U.S.A."", ""USA"", ""U.S."", ""US"", ""the US"", ""the USA"", ""US of A"", ""the United States"", ""U. S. A."", ""U. S."", ""the States"", ""the U.S."", ""'Merica"", ""U.S"", ""United States"", ""'Murica""]","{
""answer"": ""Baker is in the United States."",
""confidence_score"": 30
}",Baker is in the United States.,0.3,CORRECT
11923,3237496,Afternoon,author,Ouida,1388770,484,869791,[],"[""Marie Louise de la Ram\u00e9e"",""Marie Louise Ram\u00e9"",""Marie Louise de la Ramee"",""Marie Louise Rame""]",http://www.wikidata.org/entity/Q4690771,http://www.wikidata.org/entity/Q258001,Afternoon (play),Ouida,52,2612,Who is the author of Afternoon?,"[""Ouida"", ""Marie Louise de la Ramée"", ""Marie Louise Ramé"", ""Marie Louise de la Ramee"", ""Marie Louise Rame""]","{
""answer"": ""Afternoon is a novel by English author Philip Ó Ceallaigh."", 
""confidence_score"": 40
}",Afternoon is a novel by English author Philip Ó Ceallaigh.,0.4,INCORRECT
12332,3337761,Ang Singsing ng Dalagang Marmol,author,Isabelo de los Reyes,1433633,484,1160390,[],"[""Isabelo de los Reyes Sr."",""Isabelo de los Reyes, Sr."",""Isabelo de los Reyes y Florentino""]",http://www.wikidata.org/entity/Q4761872,http://www.wikidata.org/entity/Q3550199,Ang Singsing ng Dalagang Marmol,Isabelo de los Reyes,260,4011,Who is the author of Ang Singsing ng Dalagang Marmol?,"[""Isabelo de los Reyes"", ""Isabelo de los Reyes Sr."", ""Isabelo de los Reyes, Sr."", ""Isabelo de los Reyes y Florentino""]","{
""answer"": ""The author of Ang Singsing ng Dalagang Marmol is Valeriano Pena y Mendoza (commonly known as Valeriano Pena)."",
""confidence_score"": 65
}",The author of Ang Singsing ng Dalagang Marmol is Valeriano Pena y Mendoza (commonly known as Valeriano Pena).,0.65,INCORRECT
9636,287873,The Right Stuff,screenwriter,Tom Wolfe,116335,533,752674,"[""Right Stuff""]","[""Thomas Kennerly, Jr. Wolfe"",""Thomas Kennerly \""Tom\"" Wolfe, Jr."",""Thomas Kennerly Wolfe""]",http://www.wikidata.org/entity/Q1197185,http://www.wikidata.org/entity/Q216195,The Right Stuff (film),Tom Wolfe,29298,21482,Who was the screenwriter for The Right Stuff?,"[""Tom Wolfe"", ""Thomas Kennerly, Jr. Wolfe"", ""Thomas Kennerly \""Tom\"" Wolfe, Jr."", ""Thomas Kennerly Wolfe""]","{
""answer"": ""The screenwriter for the 1983 film The Right Stuff was William Goldman."",
""confidence_score"": 95
}",The screenwriter for the 1983 film The Right Stuff was William Goldman.,0.95,INCORRECT
10426,1824126,Lost,composer,Michael Giacchino,803757,639,320332,[],"[""Michael George Giacchino""]",http://www.wikidata.org/entity/Q23567,http://www.wikidata.org/entity/Q155124,Lost (TV series),Michael Giacchino,154447,44355,Who was the composer of Lost?,"[""Michael Giacchino"", ""Michael George Giacchino""]","{""answer"":""If you mean the TV series Lost, the principal composer was Michael Giacchino."",""confidence_score"":90}","If you mean the TV series Lost, the principal composer was Michael Giacchino.",0.9,CORRECT
9413,5453541,Pilot,screenwriter,Greg Daniels,2425249,533,315279,"[""Parks and Recreation pilot""]","[""Gregory Martin Daniels""]",http://www.wikidata.org/entity/Q7194366,http://www.wikidata.org/entity/Q1544904,Pilot (Parks and Recreation),Greg Daniels,1368,35388,Who was the screenwriter for Pilot?,"[""Greg Daniels"", ""Gregory Martin Daniels"", ""Michael Schur"", ""Ken Tremendous""]","{""answer"":""Without additional context (there are many TV/film episodes titled \""Pilot\""), the most common notable \""Pilot\"" screenwriter is Matthew Weiner who wrote the \""Mad Men\"" pilot; if you meant a different show or film titled \""Pilot\"", please specify."",""confidence_score"":50}","Without additional context (there are many TV/film episodes titled \""Pilot\""), the most common notable \""Pilot\"" screenwriter is Matthew Weiner who wrote the \""Mad Men\"" pilot; if you meant a different show or film titled \""Pilot\"", please specify.",0.5,INCORRECT
10053,1943070,The Falls,composer,Michael Nyman,854272,639,1034213,"[""Falls""]","[""Michael Laurence Nyman""]",http://www.wikidata.org/entity/Q2525174,http://www.wikidata.org/entity/Q313639,The Falls,Michael Nyman,1550,7305,Who was the composer of The Falls?,"[""Michael Nyman"", ""Michael Laurence Nyman""]","{""answer"":""The composer of the 1980 Australian film The Falls was composer and musician Martin Armiger."",""confidence_score"":55}",The composer of the 1980 Australian film The Falls was composer and musician Martin Armiger.,0.55,INCORRECT
7950,1846419,City of Brussels,capital of,Flemish Community,812577,97,2898849,"[""Brussels City"",""Brussels, Belgium"",""Bruxelles"",""Brussel"",""Stad Brussel"",""Ville de Bruxelles"",""02"",""BXL"",""Bru"",""Brussels""]","[""Flanders"",""Vlaamse Gemeenschap""]",http://www.wikidata.org/entity/Q239,http://www.wikidata.org/entity/Q9331,City of Brussels,Flemish Community,26794,7181,What is City of Brussels the capital of?,"[""Flanders"", ""Flemish Region"", ""Vlaanderen"", ""Vlaams Gewest"", ""Brussels Capital Region"", ""Brussels Region"", ""Brussels"", ""BE-BRU"", ""Bruxelles-Capitale"", ""BXL"", ""20e"", ""04000"", ""BHG"", ""Brussel"", ""Brussels Gewest"", ""Bruxelles"", ""Brussel-Hoofdstad"", ""Région Bruxellois"", ""Brussels-Capital Region"", ""Belgium"", ""Kingdom of Belgium"", ""BEL"", ""be"", ""🇧🇪"", ""BE"", ""European Union"", ""EU"", ""E.U."", ""eu"", ""🇪🇺"", ""Europe"", ""Union"", ""French Community of Belgium"", ""Fédération Wallonie-Bruxelles"", ""Wallonia-Brussels Federation"", ""Communauté française"", ""Franse Gemeenschap"", ""Federation Wallonie-Bruxelles"", ""Federation Wallonia-Brussels"", ""Flemish Community"", ""Flanders"", ""Vlaamse Gemeenschap""]","{
""answer"": ""The City of Brussels is the capital of Belgium and also the de facto capital of the European Union (hosting major EU institutions)."",
""confidence_score"": 95
}",The City of Brussels is the capital of Belgium and also the de facto capital of the European Union (hosting major EU institutions).,0.95,CORRECT
8061,4097508,Fears,screenwriter,Steven Levitan,1793710,533,1786203,[],[],http://www.wikidata.org/entity/Q5439508,http://www.wikidata.org/entity/Q542414,Fears (Modern Family),Steven Levitan,675,7404,Who was the screenwriter for Fears?,"[""Steven Levitan""]","{
""answer"": ""The screenwriter for the 1988 Italian horror film Fears (original title Paura) was Giovanni Simonelli (credited as Gianni Simonelli)."",
""confidence_score"": 65
}",The screenwriter for the 1988 Italian horror film Fears (original title Paura) was Giovanni Simonelli (credited as Gianni Simonelli).,0.65,INCORRECT
14005,1722391,Scotland,capital,Edinburgh,761210,422,799769,"[""Alba"",""Scotland, United Kingdom"",""SCT"",""Caledonia"",""Scot""]","[""Edinburg"",""Edinburgh, Scotland"",""City of Edinburgh"",""Edina"",""Modern Athens""]",http://www.wikidata.org/entity/Q22,http://www.wikidata.org/entity/Q23436,Scotland,Edinburgh,322949,114880,What is the capital of Scotland?,"[""Edinburgh"", ""Edinburg"", ""Edinburgh, Scotland"", ""City of Edinburgh"", ""Edina"", ""Modern Athens""]","{
""answer"": ""The capital of Scotland is Edinburgh."",
""confidence_score"": 100
}",The capital of Scotland is Edinburgh.,1.0,CORRECT
13106,4089904,Falling,author,Anne Provoost,1789640,484,1372761,"[""Vallen""]",[],http://www.wikidata.org/entity/Q5432294,http://www.wikidata.org/entity/Q466234,Falling (Provoost novel),Anne Provoost,83,201,Who is the author of Falling?,"[""Anne Provoost""]","{""answer"":""If you mean the novel Falling (1999), the author is Anne Provoost; if you mean the 2019 novel Falling, the author is T. J. Newman."",""confidence_score"":20}","If you mean the novel Falling (1999), the author is Anne Provoost; if you mean the 2019 novel Falling, the author is T. J. Newman.",0.2,CORRECT
6631,2999897,From Time to Time,director,Julian Fellowes,1284649,526,1102868,[],"[""Julian Fellowes, Baron Fellowes of West Stafford"",""The Lord Fellowes of West Stafford"",""Baron Fellowes of West Stafford"",""Julian Kitchener-Fellowes"",""Julian Kitchener-Fellowes, Baron Fellowes of West Stafford"",""Julian Alexander Kitchener-Fellowes, Baron Fellowes of West Stafford""]",http://www.wikidata.org/entity/Q4198249,http://www.wikidata.org/entity/Q336018,From Time to Time (film),Julian Fellowes,1996,33676,Who was the director of From Time to Time?,"[""Julian Fellowes"", ""Julian Fellowes, Baron Fellowes of West Stafford"", ""The Lord Fellowes of West Stafford"", ""Baron Fellowes of West Stafford"", ""Julian Kitchener-Fellowes"", ""Julian Kitchener-Fellowes, Baron Fellowes of West Stafford"", ""Julian Alexander Kitchener-Fellowes, Baron Fellowes of West Stafford""]","{
""answer"": ""From Time to Time (2009) was directed by Julian Fellowes."",
""confidence_score"": 95
}",From Time to Time (2009) was directed by Julian Fellowes.,0.95,CORRECT
3169,1448737,Madame de Pompadour,father,Charles François Paul Le Normant de Tournehem,647720,257,1965271,"[""Jeanne-Antoinette Poisson"",""Jeanne Antoinette Poisson d' Etoilles"",""Marquise Jeanne Antoinette Poisson"",""Jeanne Antoinette d'Etioles, Marquise de Poisson"",""Jeanne Antoinette Poisson d'Etioles"",""Jeanne Antoinette Poisson Pompadour"",""Reinette Poisson"",""Jeanne Antoinette Poisson, Marquise de Pompadour"",""Jeanne Antoinette d'Etioles, Marquise de Pompadour"",""Jeanne Antoinette Poisson"",""Jeanne Antoinette Lenormand d'Etioles"",""Jeanne Antoinette Poisson Lenormand d'Etioles"",""Jeanne Antoinette Poisson Lenormand d' Etioles"",""Marquise de Pompadour"",""Marquise de Pompadour Jeanne Antoinette Poisson"",""Jeanne Antoinette d'Etoiles Pompadour"",""Madame De Pompadour"",""Marquise De Pompadour"",""Jeanne Antoinette D'Etioles, Marquise De Pompadour"",""M.e Pompadour"",""M.e De Pompadour"",""Mad.e De Pompadour"",""Jeanne Antoinette d'Etioles Pompadour Marquise de""]",[],http://www.wikidata.org/entity/Q188965,http://www.wikidata.org/entity/Q584267,Madame de Pompadour,Charles François Paul Le Normant de Tournehem,28082,250,Who is the father of Madame de Pompadour?,"[""Charles François Paul Le Normant de Tournehem""]","{
""answer"": ""The father of Madame de Pompadour (Jeanne-Antoinette Poisson) was François Poisson, a maître des eaux et forêts (royal official in the water and forests administration)."",
""confidence_score"": 92
}","The father of Madame de Pompadour (Jeanne-Antoinette Poisson) was François Poisson, a maître des eaux et forêts (royal official in the water and forests administration).",0.92,INCORRECT
4924,1948435,Heat,producer,Fyodor Bondarchuk,856334,164,787635,"[""Zhara""]","[""Fedor Bondarchuk"",""Fyodor Sergeyevich Bondarchuk""]",http://www.wikidata.org/entity/Q2533337,http://www.wikidata.org/entity/Q2299195,Heat (2006 film),Fyodor Bondarchuk,343,3771,Who was the producer of Heat?,"[""Fyodor Bondarchuk"", ""Fedor Bondarchuk"", ""Fyodor Sergeyevich Bondarchuk""]","{
""answer"": ""The 1995 film Heat was produced by Art Linson (with co-producers including Jon Avnet and Martha DeLaurentiis), and directed by Michael Mann."", 
""confidence_score"": 90
}","The 1995 film Heat was produced by Art Linson (with co-producers including Jon Avnet and Martha DeLaurentiis), and directed by Michael Mann.",0.9,INCORRECT
1789,1247533,Romance,genre,art film,556002,91,79248,"[""Romance X""]","[""arthouse cinema"",""arthouse film""]",http://www.wikidata.org/entity/Q1752790,http://www.wikidata.org/entity/Q1135802,Romance (1999 film),Art film,17290,21650,What genre is Romance?,"[""art film"", ""arthouse cinema"", ""arthouse film""]","{
""answer"": ""Romance is a literary and film genre that focuses on love and romantic relationships as the central plot element, often emphasizing emotion, intimacy, and personal relationships."", 
""confidence_score"": 100
}","Romance is a literary and film genre that focuses on love and romantic relationships as the central plot element, often emphasizing emotion, intimacy, and personal relationships.",1.0,INCORRECT
4070,6089701,Valea Pleșii River,country,Romania,2739797,182,756886,[],"[""Roumania"",""Rumania"",""Rom\u00e2nia"",""ro"",""\ud83c\uddf7\ud83c\uddf4""]",http://www.wikidata.org/entity/Q7910169,http://www.wikidata.org/entity/Q218,Valea Pleșii River (Bârsa),Romania,3,278539,In what country is Valea Pleșii River?,"[""Romania"", ""Roumania"", ""Rumania"", ""România"", ""ro"", ""🇷🇴""]","{
""answer"": ""The Valea Pleșii River is in Romania."",
""confidence_score"": 90
}",The Valea Pleșii River is in Romania.,0.9,CORRECT
10435,414170,Tony,composer,Sadhu Kokila,167513,639,2525675,[],"[""Sahaya Sheelan Shadrach""]",http://www.wikidata.org/entity/Q13159418,http://www.wikidata.org/entity/Q7397871,Tony (2013 film),Sadhu Kokila,526,8396,Who was the composer of Tony?,"[""Sadhu Kokila"", ""Sahaya Sheelan Shadrach""]","{""answer"":""If you mean the 1988 song “Tony” by Black Box, it was composed by Daniele Davoli, Mirko Limoni and Valerio Semplici (production credited to Daniele Davoli et al.); if you mean another work titled “Tony,” please specify."",""confidence_score"":55}","If you mean the 1988 song “Tony” by Black Box, it was composed by Daniele Davoli, Mirko Limoni and Valerio Semplici (production credited to Daniele Davoli et al.); if you mean another work titled “Tony,” please specify.",0.55,NOT_ATTEMPTED
4375,1468148,Seven,producer,Arnold Kopelson,655736,164,2323245,"[""Se7en""]",[],http://www.wikidata.org/entity/Q190908,http://www.wikidata.org/entity/Q695608,Seven (1995 film),Arnold Kopelson,136347,3712,Who was the producer of Seven?,"[""Arnold Kopelson""]","{""answer"":""The producer of Seven (1995) was David Fincher’s producers included Laura Ziskin and Edward R. Pressman, with Laura Ziskin commonly credited as the film's primary producer."",""confidence_score"":85}","The producer of Seven (1995) was David Fincher’s producers included Laura Ziskin and Edward R. Pressman, with Laura Ziskin commonly credited as the film's primary producer.",0.85,INCORRECT
9176,2769983,Compagni di scuola,screenwriter,Carlo Verdone,1189269,533,1725779,[],"[""Carlo Gregorio Verdone""]",http://www.wikidata.org/entity/Q3684966,http://www.wikidata.org/entity/Q53046,Compagni di scuola,Carlo Verdone,372,2244,Who was the screenwriter for Compagni di scuola?,"[""Carlo Verdone"", ""Carlo Gregorio Verdone""]","{
""answer"": ""The screenwriter for Compagni di scuola (1988) was Federico Fellini (no), actually it was written by Director Carlo Verdone together with Enrico Oldoini and Pasquale Festa Campanile — principal credited screenwriters are Carlo Verdone, Enrico Oldoini, and Pasquale Festa Campanile."",
""confidence_score"": 12
}","The screenwriter for Compagni di scuola (1988) was Federico Fellini (no), actually it was written by Director Carlo Verdone together with Enrico Oldoini and Pasquale Festa Campanile — principal credited screenwriters are Carlo Verdone, Enrico Oldoini, and Pasquale Festa Campanile.",0.12,CORRECT
5971,5146488,Masks,director,Claude Chabrol,2276804,526,1845764,"[""Masques""]","[""Claude Henri Jean Chabrol""]",http://www.wikidata.org/entity/Q682328,http://www.wikidata.org/entity/Q55375,Masks (1987 film),Claude Chabrol,287,8711,Who was the director of Masks?,"[""Claude Chabrol"", ""Claude Henri Jean Chabrol""]","{""answer"":""There are multiple films titled \""Masks,\"" but the most notable is the 1929 German film \""Masken\"" (English: Masks) directed by Rudolf Meinert; another is the 1987 Japanese film \""Masks\"" (Kamen) directed by Gakuryū Ishii (formerly Sogo Ishii)."",""confidence_score"":85}","There are multiple films titled \""Masks,\"" but the most notable is the 1929 German film \""Masken\"" (English: Masks) directed by Rudolf Meinert; another is the 1987 Japanese film \""Masks\"" (Kamen) directed by Gakuryū Ishii (formerly Sogo Ishii).",0.85,INCORRECT
6138,362561,Brave,director,Steve Purcell,146150,526,218358,[],"[""Steve Ross Purcell"",""Steven Ross Purcell""]",http://www.wikidata.org/entity/Q126796,http://www.wikidata.org/entity/Q1390504,Brave (2012 film),Steve Purcell,53071,4102,Who was the director of Brave?,"[""Steve Purcell"", ""Steve Ross Purcell"", ""Steven Ross Purcell"", ""Brenda Chapman""]","{
""answer"": ""The director of Pixar's 2012 film Brave was Mark Andrews (co-directors Brenda Chapman and Steve Purcell are also credited),"",
""confidence_score"": 95
}","The director of Pixar's 2012 film Brave was Mark Andrews (co-directors Brenda Chapman and Steve Purcell are also credited),",0.95,INCORRECT
370,1446642,Rodrigo Cortés,occupation,screenwriter,646784,22,945070,"[""Rodrigo Cortes""]","[""scenarist"",""writer"",""screen writer"",""script writer"",""scriptwriter""]",http://www.wikidata.org/entity/Q1887437,http://www.wikidata.org/entity/Q28389,Rodrigo Cortés,Screenwriter,1894,26544,What is Rodrigo Cortés's occupation?,"[""film director"", ""movie director"", ""director"", ""motion picture director"", ""screenwriter"", ""scenarist"", ""writer"", ""screen writer"", ""script writer"", ""scriptwriter""]","{
""answer"": ""Rodrigo Cortés is a Spanish film director, screenwriter and producer, best known for directing films such as Buried (2010)."",
""confidence_score"": 95
}","Rodrigo Cortés is a Spanish film director, screenwriter and producer, best known for directing films such as Buried (2010).",0.95,CORRECT
11879,3708093,Chertsey Town F.C.,sport,association football,1610110,560,920845,"[""Chertsey Town Football Club"",""Chertsey Town FC"",""Chertsey Town"",""Chertsey"",""The Curfews"",""Town"",""CTFC""]","[""football"",""soccer""]",http://www.wikidata.org/entity/Q5092593,http://www.wikidata.org/entity/Q2736,Chertsey Town F.C.,Association football,3769,197767,What sport does Chertsey Town F.C. play?,"[""association football"", ""football"", ""soccer""]","{
""answer"": ""Chertsey Town F.C. is an English football (soccer) club that plays association football."",
""confidence_score"": 100
}",Chertsey Town F.C. is an English football (soccer) club that plays association football.,1.0,CORRECT
4901,470173,Happy,producer,Allu Aravind,191783,164,159997,[],[],http://www.wikidata.org/entity/Q13522749,http://www.wikidata.org/entity/Q12990834,Happy (2006 film),Allu Aravind,7716,45018,Who was the producer of Happy?,"[""Allu Aravind""]","{""answer"":""Pharrell Williams produced the song \""Happy\"" (from Despicable Me 2 soundtrack and his album G I R L)."",""confidence_score"":95}","Pharrell Williams produced the song \""Happy\"" (from Despicable Me 2 soundtrack and his album G I R L).",0.95,INCORRECT
4247,248060,The Pledge,producer,Sean Penn,99945,164,1315551,"[""Pledge""]","[""Sean Justin Penn"",""Pappy Pariah""]",http://www.wikidata.org/entity/Q1170710,http://www.wikidata.org/entity/Q44221,The Pledge (film),Sean Penn,10103,271420,Who was the producer of The Pledge?,"[""Sean Penn"", ""Sean Justin Penn"", ""Pappy Pariah""]","{""answer"":""The producer of the 2001 film The Pledge was Christopher Hampton (producer credit alongside producer and director Sean Penn also served as a producer — primary producer credited: Christopher Hampton)."",""confidence_score"":35}",The producer of the 2001 film The Pledge was Christopher Hampton (producer credit alongside producer and director Sean Penn also served as a producer — primary producer credited: Christopher Hampton).,0.35,INCORRECT
4067,2994031,Dharapani,country,Nepal,1282089,182,2838903,[],"[""NPL"",""Federal Democratic Republic of Nepal"",""NEP"",""NP"",""\ud83c\uddf3\ud83c\uddf5""]",http://www.wikidata.org/entity/Q4171484,http://www.wikidata.org/entity/Q837,"Dharapani, Gandaki",Nepal,157,235075,In what country is Dharapani?,"[""Nepal"", ""NPL"", ""Federal Democratic Republic of Nepal"", ""NEP"", ""NP"", ""🇳🇵""]","{
""answer"": ""Dharapani is a village in Nepal."",
""confidence_score"": 95
}",Dharapani is a village in Nepal.,0.95,CORRECT
10939,1257004,Home,composer,will.i.am,559902,639,626444,[],"[""William James Adams Jr."",""Zuper Blahq"",""illwilly"",""Will 1X"",""William Adams""]",http://www.wikidata.org/entity/Q17581500,http://www.wikidata.org/entity/Q185610,Home (Leah McFall song),Will.i.am,197,92815,Who was the composer of Home?,"[""will.i.am"", ""William James Adams Jr."", ""Zuper Blahq"", ""illwilly"", ""Will 1X"", ""William Adams""]","{""answer"":""If you mean the song \""Home\"" most famously performed by Michael Bublé, its composer is David Foster (music) with lyrics by Linda Thompson and Beth Nielsen Chapman; if you mean the 1971 film score \""Home\"" by Martin Scorsese’s frequent composer, please clarify the specific work titled \""Home\""."",""confidence_score"":60}","If you mean the song \""Home\"" most famously performed by Michael Bublé, its composer is David Foster (music) with lyrics by Linda Thompson and Beth Nielsen Chapman; if you mean the 1971 film score \""Home\"" by Martin Scorsese’s frequent composer, please clarify the specific work titled \""Home\"".",0.6,INCORRECT
8257,3677958,Champion,screenwriter,Rabi Kinagi,1597591,533,1565538,[],"[""Ravi Kinagi"",""Rabi Kinnagi""]",http://www.wikidata.org/entity/Q5069959,http://www.wikidata.org/entity/Q5010538,Champion (2003 film),Ravi Kinagi,1335,1103,Who was the screenwriter for Champion?,"[""Rabi Kinagi"", ""Ravi Kinagi"", ""Rabi Kinnagi""]","{
""answer"": ""If you mean the 1949 film Champion (directed by Mark Robson), the screenwriter was Irwin Shaw; if you mean the 1931 British film Champion, the screenwriter was H. Fowler Mear and Edward Knoblock (adaptation), and if you mean the 2018 South Korean film Champion, the screenwriter was Lee Hyeon-cheol."",
""confidence_score"": 65
}","If you mean the 1949 film Champion (directed by Mark Robson), the screenwriter was Irwin Shaw; if you mean the 1931 British film Champion, the screenwriter was H. Fowler Mear and Edward Knoblock (adaptation), and if you mean the 2018 South Korean film Champion, the screenwriter was Lee Hyeon-cheol.",0.65,INCORRECT
11778,6340057,Daniel Manzato,sport,ice hockey,2858673,560,1279430,[],[],http://www.wikidata.org/entity/Q869773,http://www.wikidata.org/entity/Q41466,Daniel Manzato,Ice hockey,92,59363,What sport does Daniel Manzato play?,"[""ice hockey""]","{
""answer"": ""Daniel Manzato is a professional ice hockey goaltender."",
""confidence_score"": 95
}",Daniel Manzato is a professional ice hockey goaltender.,0.95,CORRECT
14123,66791,Neuburg-Schrobenhausen,capital,Neuburg an der Donau,26221,422,141272,[],"[""Neuburg\/Donau"",""Neuburg a.d.Donau""]",http://www.wikidata.org/entity/Q10493,http://www.wikidata.org/entity/Q125652,Neuburg-Schrobenhausen,Neuburg an der Donau,276,1300,What is the capital of Neuburg-Schrobenhausen?,"[""Neuburg an der Donau"", ""Neuburg/Donau"", ""Neuburg a.d.Donau""]","{""answer"":""The capital (seat) of the district of Neuburg-Schrobenhausen in Bavaria, Germany, is Neuburg an der Donau."",""confidence_score"":95}","The capital (seat) of the district of Neuburg-Schrobenhausen in Bavaria, Germany, is Neuburg an der Donau.",0.95,CORRECT
13852,987936,Province of Teramo,capital,Teramo,422251,422,166452,"[""Teramo province"",""provincia di Teramo""]","[""Teramo (Italy)""]",http://www.wikidata.org/entity/Q16284,http://www.wikidata.org/entity/Q13137,Province of Teramo,Teramo,929,1975,What is the capital of Province of Teramo?,"[""Teramo"", ""Teramo (Italy)""]","{
""answer"": ""The capital of the Province of Teramo is the city of Teramo."",
""confidence_score"": 95
}",The capital of the Province of Teramo is the city of Teramo.,0.95,CORRECT
13892,3713231,Dearborn County,capital,Lawrenceburg,1612660,422,12109,"[""Dearborn County, Indiana""]","[""Lawrenceburg, Indiana""]",http://www.wikidata.org/entity/Q509757,http://www.wikidata.org/entity/Q1026789,"Dearborn County, Indiana","Lawrenceburg, Indiana",1488,1847,What is the capital of Dearborn County?,"[""Lawrenceburg"", ""Lawrenceburg, Indiana""]","{
""answer"": ""The county seat (capital) of Dearborn County, Indiana is Lawrenceburg."",
""confidence_score"": 95
}","The county seat (capital) of Dearborn County, Indiana is Lawrenceburg.",0.95,CORRECT
2156,425427,Woo,genre,romantic comedy,172682,91,2853587,[],"[""romedy"",""romcom""]",http://www.wikidata.org/entity/Q1324276,http://www.wikidata.org/entity/Q860626,Woo (film),Romantic comedy,3494,64579,What genre is Woo?,"[""romantic comedy"", ""romedy"", ""romcom""]","{
""answer"": ""Woo is a 1998 romantic comedy film."",
""confidence_score"": 95
}",Woo is a 1998 romantic comedy film.,0.95,CORRECT
976,4689711,Joe English,place of birth,Newtownabbey,2065239,218,2887636,[],[],http://www.wikidata.org/entity/Q6209704,http://www.wikidata.org/entity/Q918947,Joe English (loyalist),Newtownabbey,240,3117,In what city was Joe English born?,"[""Newtownabbey""]","{
""answer"": ""Joe English, the Flemish painter, was born in Antwerp, Belgium."",
""confidence_score"": 75
}","Joe English, the Flemish painter, was born in Antwerp, Belgium.",0.75,INCORRECT
6443,2859018,My Wife,director,Tinto Brass,1225165,526,1030141,"[""La mia signora""]",[],http://www.wikidata.org/entity/Q3823128,http://www.wikidata.org/entity/Q312472,My Wife (film),Tinto Brass,553,24132,Who was the director of My Wife?,"[""Tinto Brass"", ""Mauro Bolognini"", ""Luigi Comencini""]","{""answer"":""If you mean the 2011 South Korean film My Wife (Ajeossi?), the director was Min Kyu-dong."",""confidence_score"":35}","If you mean the 2011 South Korean film My Wife (Ajeossi?), the director was Min Kyu-dong.",0.35,INCORRECT
6517,5298148,Arsenal,director,Oleksandr Dovzhenko,2351217,526,1835281,[],"[""Alexander Petrovich Dovzhenko"",""Oleksander Petrovych Dovzhenko"",""Oleksandr Petrovych Dovzhenko"",""Oleksander Dovzhenko""]",http://www.wikidata.org/entity/Q704456,http://www.wikidata.org/entity/Q55198,Arsenal (1929 film),Alexander Dovzhenko,533,1786,Who was the director of Arsenal?,"[""Oleksandr Dovzhenko"", ""Alexander Petrovich Dovzhenko"", ""Oleksander Petrovych Dovzhenko"", ""Oleksandr Petrovych Dovzhenko"", ""Oleksander Dovzhenko""]","{""answer"":""If you mean Arsenal Football Club, they have had multiple directors; a notable long-serving director was David Dein (vice-chairman/director) and current directors include Stan Kroenke and Josh Kroenke."",""confidence_score"":60}","If you mean Arsenal Football Club, they have had multiple directors; a notable long-serving director was David Dein (vice-chairman/director) and current directors include Stan Kroenke and Josh Kroenke.",0.6,INCORRECT
7069,85486,Fear Strikes Out,director,Robert Mulligan,33077,526,1381165,[],"[""Robert Patrick Mulligan""]",http://www.wikidata.org/entity/Q1057798,http://www.wikidata.org/entity/Q467785,Fear Strikes Out,Robert Mulligan,2548,5983,Who was the director of Fear Strikes Out?,"[""Robert Mulligan"", ""Robert Patrick Mulligan""]","{
""answer"": ""Fear Strikes Out was directed by Robert Mulligan."",
""confidence_score"": 95
}",Fear Strikes Out was directed by Robert Mulligan.,0.95,CORRECT
5123,5708474,Hotel,producer,Moby,2546799,164,224083,[],"[""Richard Melville Hall"",""Voodoo Child"",""Barracuda"",""Brainstorm"",""Schaumgummi"",""Pippy Baliunas"",""UHF"",""Elizabeth McBride""]",http://www.wikidata.org/entity/Q743726,http://www.wikidata.org/entity/Q14045,Hotel (album),Moby,1882,88473,Who was the producer of Hotel?,"[""Moby"", ""Richard Melville Hall"", ""Voodoo Child"", ""Barracuda"", ""Brainstorm"", ""Schaumgummi"", ""Pippy Baliunas"", ""UHF"", ""Elizabeth McBride""]","{
""answer"": ""The producer of the 2004 film 'Hotel' was Mike Figgis (who also wrote and directed it)."",
""confidence_score"": 70
}",The producer of the 2004 film 'Hotel' was Mike Figgis (who also wrote and directed it).,0.7,INCORRECT
7774,3553139,Turin,capital of,Kingdom of Sardinia,1535871,97,435399,"[""Torino"",""Turin, Italy""]","[""Piedmont-Sardinia"",""Kingdom of Sardinia-Piedmont"",""Kingdom of Sardinia (1720-1861)"",""Kingdom of Piedmont-Sardinia""]",http://www.wikidata.org/entity/Q495,http://www.wikidata.org/entity/Q165154,Turin,Kingdom of Sardinia,75884,30326,What is Turin the capital of?,"[""Piedmont"", ""Province of Turin"", ""Provincia di Torino"", ""Turin province"", ""Torino province"", ""Turin"", ""provincia di Torino"", ""Kingdom of Sardinia"", ""Piedmont-Sardinia"", ""Kingdom of Sardinia-Piedmont"", ""Kingdom of Sardinia (1720-1861)"", ""Kingdom of Piedmont-Sardinia"", ""Kingdom of Italy"", ""Regno d’Italia"", ""Italy"", ""IT""]","{
""answer"": ""Turin is the capital of the Metropolitan City of Turin and the Piedmont region in northern Italy."",
""confidence_score"": 95
}",Turin is the capital of the Metropolitan City of Turin and the Piedmont region in northern Italy.,0.95,CORRECT
9897,2997157,The Castle,screenwriter,Franz Kafka,1283467,533,2878787,"[""Castle""]","[""Franti\u0161ek Kafka"",""Kafka""]",http://www.wikidata.org/entity/Q4185795,http://www.wikidata.org/entity/Q905,The Castle (1994 film),Franz Kafka,441,118171,Who was the screenwriter for The Castle?,"[""Franz Kafka"", ""František Kafka"", ""Kafka""]","{
""answer"": ""For the 1997 Australian film The Castle, the screenwriter was Robyn David (screenplay credited to Robyn David and Santo Cilauro, Tom Gleisner and Jane Kennedy collaborated on story/screenwriting team known as Working Dog Productions)."",
""confidence_score"": 65
}","For the 1997 Australian film The Castle, the screenwriter was Robyn David (screenplay credited to Robyn David and Santo Cilauro, Tom Gleisner and Jane Kennedy collaborated on story/screenwriting team known as Working Dog Productions).",0.65,INCORRECT
4380,1597735,The Campaign,producer,Jay Roach,712548,164,1691948,"[""Campaign""]","[""Mathew Jay Roach""]",http://www.wikidata.org/entity/Q2028118,http://www.wikidata.org/entity/Q524278,The Campaign (film),Jay Roach,23956,23000,Who was the producer of The Campaign?,"[""Zach Galifianakis"", ""Zacharius Knight Galifinakis"", ""Zachary Knight Galifianakis"", ""Will Ferrell"", ""Jay Roach"", ""Mathew Jay Roach""]","{
""answer"": ""The producers of The Campaign (2012) were Jay Roach and Shauna Robertson."",
""confidence_score"": 92
}",The producers of The Campaign (2012) were Jay Roach and Shauna Robertson.,0.92,INCORRECT
6220,6284807,The Hurricane,director,Norman Jewison,2836287,526,1019022,"[""Hurricane""]",[],http://www.wikidata.org/entity/Q832732,http://www.wikidata.org/entity/Q309214,The Hurricane (1999 film),Norman Jewison,14419,12160,Who was the director of The Hurricane?,"[""Norman Jewison""]","{
""answer"": ""The 1999 film The Hurricane was directed by Norman Jewison."",
""confidence_score"": 95
}",The 1999 film The Hurricane was directed by Norman Jewison.,0.95,CORRECT
6682,3014897,The Reader,director,Michel Deville,1290962,526,2004404,"[""Reader"",""La Lectrice""]",[],http://www.wikidata.org/entity/Q425602,http://www.wikidata.org/entity/Q599556,The Reader (1988 film),Michel Deville,416,392,Who was the director of The Reader?,"[""Michel Deville""]","{
""answer"": ""The director of The Reader (2008 film) is Stephen Daldry."",
""confidence_score"": 95
}",The director of The Reader (2008 film) is Stephen Daldry.,0.95,INCORRECT
4490,550288,Movie Movie,producer,Stanley Donen,224416,164,1494891,[],[],http://www.wikidata.org/entity/Q1405677,http://www.wikidata.org/entity/Q48765,Movie Movie,Stanley Donen,1912,9969,Who was the producer of Movie Movie?,"[""Stanley Donen""]","{
""answer"": ""The producer of the 1978 film Movie Movie was Irwin Winkler."",
""confidence_score"": 95
}",The producer of the 1978 film Movie Movie was Irwin Winkler.,0.95,INCORRECT
5070,2590251,Black and White,producer,Nik Powell,1117470,164,2348249,[],[],http://www.wikidata.org/entity/Q3414343,http://www.wikidata.org/entity/Q7034649,Black and White (2002 film),Nik Powell,905,3656,Who was the producer of Black and White?,"[""Nik Powell""]","{""answer"":""The producer of the 2011 film Black and White (also known as Black & White: A Portrait of the Underclass) was Pharrell Williams (producer credited alongside Peter Berg and others for various projects titled 'Black and White'; if you mean the 1999 film Black and White, it was produced by Scott Rudin)."",""confidence_score"":30}","The producer of the 2011 film Black and White (also known as Black & White: A Portrait of the Underclass) was Pharrell Williams (producer credited alongside Peter Berg and others for various projects titled 'Black and White'; if you mean the 1999 film Black and White, it was produced by Scott Rudin).",0.3,INCORRECT
11540,6019644,Tony Millington,sport,association football,2702608,560,920845,"[""Anthony Horace Millington""]","[""football"",""soccer""]",http://www.wikidata.org/entity/Q7822985,http://www.wikidata.org/entity/Q2736,Tony Millington,Association football,245,197767,What sport does Tony Millington play?,"[""association football"", ""football"", ""soccer""]","{
""answer"": ""Tony Millington was a Welsh professional footballer (soccer player) who played as a goalkeeper."",
""confidence_score"": 95
}",Tony Millington was a Welsh professional footballer (soccer player) who played as a goalkeeper.,0.95,CORRECT
10848,357942,The Favor,composer,Thomas Newman,143959,639,1055598,"[""Favor""]","[""Thomas Montgomery Newman""]",http://www.wikidata.org/entity/Q1263003,http://www.wikidata.org/entity/Q319996,The Favor (1994 film),Thomas Newman,2647,26495,Who was the composer of The Favor?,"[""Thomas Newman"", ""Thomas Montgomery Newman""]","{""answer"":""The composer of the 1994 film The Favor was Carter Burwell."",""confidence_score"":60}",The composer of the 1994 film The Favor was Carter Burwell.,0.6,INCORRECT
7944,320847,Stanley,capital of,Falkland Islands,129451,97,2922925,"[""Port Stanley""]","[""Malvinas"",""Islas Malvinas"",""Falklands"",""\ud83c\uddeb\ud83c\uddf0"",""FK"",""FLK""]",http://www.wikidata.org/entity/Q12245,http://www.wikidata.org/entity/Q9648,"Stanley, Falkland Islands",Falkland Islands,10066,93103,What is Stanley the capital of?,"[""Falkland Islands"", ""Malvinas"", ""Islas Malvinas"", ""Falklands"", ""🇫🇰"", ""FK"", ""FLK""]","{""answer"":""Stanley is the capital of the Falkland Islands, a British Overseas Territory in the South Atlantic Ocean."",""confidence_score"":95}","Stanley is the capital of the Falkland Islands, a British Overseas Territory in the South Atlantic Ocean.",0.95,CORRECT
5288,2665192,Amore e non amore,producer,Lucio Battisti,1147920,164,1389259,"[""SMRL 6074""]",[],http://www.wikidata.org/entity/Q3508368,http://www.wikidata.org/entity/Q469154,Amore e non amore,Lucio Battisti,203,4037,Who was the producer of Amore e non amore?,"[""Lucio Battisti""]","{
""answer"": ""Amore e non amore (1964) was produced by Franco Cancellieri."",
""confidence_score"": 62
}",Amore e non amore (1964) was produced by Franco Cancellieri.,0.62,INCORRECT
2028,1767409,Whatever You Want,genre,rock music,781651,91,82098,[],"[""rock and roll"",""rock"",""Rock""]",http://www.wikidata.org/entity/Q2275760,http://www.wikidata.org/entity/Q11399,Whatever You Want (album),Rock music,2444,140450,What genre is Whatever You Want?,"[""rock music"", ""rock and roll"", ""rock"", ""Rock""]","{
""answer"": ""Whatever You Want is a rock song (specifically hard rock/arena rock) by the British band Status Quo."",
""confidence_score"": 95
}",Whatever You Want is a rock song (specifically hard rock/arena rock) by the British band Status Quo.,0.95,CORRECT
1572,5787038,Something Near,genre,horror literature,2586249,91,666582,[],[],http://www.wikidata.org/entity/Q7560143,http://www.wikidata.org/entity/Q193606,Something Near,Horror literature,118,291,What genre is Something Near?,"[""fantasy"", ""fantasy fiction"", ""horror literature""]","{
""answer"": ""Something Near is a science fiction novel (specifically a horror-tinged science fiction novella) by Nancy Kress."", 
""confidence_score"": 65
}",Something Near is a science fiction novel (specifically a horror-tinged science fiction novella) by Nancy Kress.,0.65,INCORRECT
6891,1159773,One on One,director,Kim Ki-duk,513460,526,744346,"[""\uc77c\ub300\uc77c"",""Il-dae-il""]","[""Ki-duk Kim"",""Kim Gi-deok""]",http://www.wikidata.org/entity/Q17041657,http://www.wikidata.org/entity/Q212990,One on One (2014 film),Kim Ki-duk,1607,16031,Who was the director of One on One?,"[""Kim Ki-duk"", ""Ki-duk Kim"", ""Kim Gi-deok""]","{
""answer"": ""The director of the 1977 film One on One was Lamont Johnson."",
""confidence_score"": 85
}",The director of the 1977 film One on One was Lamont Johnson.,0.85,INCORRECT
2498,2187848,The Secret,genre,thriller,955930,91,601063,"[""Secret""]","[""suspense"",""thriller television program"",""thriller TV program"",""thriller television show"",""thriller TV show"",""suspense television program"",""suspense TV program"",""suspense television show"",""suspense TV show""]",http://www.wikidata.org/entity/Q2880229,http://www.wikidata.org/entity/Q182015,The Secret (2007 film),Thriller (genre),2930,144161,What genre is The Secret?,"[""thriller"", ""suspense"", ""thriller television program"", ""thriller TV program"", ""thriller television show"", ""thriller TV show"", ""suspense television program"", ""suspense TV program"", ""suspense television show"", ""suspense TV show""]","{""answer"":""The Secret is a 2006 self-help/new thought (personal development) book and film centered on the ‘law of attraction’ (popular psychology/spirituality genre)."",""confidence_score"":95}",The Secret is a 2006 self-help/new thought (personal development) book and film centered on the ‘law of attraction’ (popular psychology/spirituality genre).,0.95,INCORRECT
7926,1853189,Brussels Capital Region,capital of,Spanish Netherlands,815434,97,2071853,"[""Brussels Region"",""Brussels"",""BE-BRU"",""Bruxelles-Capitale"",""BXL"",""20e"",""04000"",""BHG"",""Brussel"",""Brussels Gewest"",""Bruxelles"",""Brussel-Hoofdstad"",""R\u00e9gion Bruxellois"",""Brussels-Capital Region""]",[],http://www.wikidata.org/entity/Q240,http://www.wikidata.org/entity/Q622783,Brussels,Spanish Netherlands,76663,18951,What is Brussels Capital Region the capital of?,"[""Burgundian Netherlands"", ""Western European Union"", ""European Economic Community"", ""EEC"", ""Common Market"", ""European Community"", ""Spanish Netherlands"", ""Austrian Netherlands""]","{
""answer"": ""The Brussels-Capital Region is the capital region of Belgium and effectively serves as the de facto capital of the European Union (hosting major EU institutions)."",
""confidence_score"": 95
}",The Brussels-Capital Region is the capital region of Belgium and effectively serves as the de facto capital of the European Union (hosting major EU institutions).,0.95,INCORRECT
3157,2592552,Ragnall mac Gofraid,father,Gofraid mac Arailt,1118370,257,1619157,"[""Ragnald"",""Ragnaldr"",""Ragnall"",""Ranald"",""R\u00f8gnvaldr"",""R\u01ebgnvaldr"",""Ronald"",""R\u00f6gnvaldr"",""Ragnall Godfreysson"",""Ragnall Godredsson"",""Ragnall Gu\u00f0r\u00f8\u00f0sson"",""Ragnall mac Gofraid meic Arailt"",""Ragnall mac Gofraidh"",""R\u00f6gnvaldr Gu\u00f0r\u00f8\u00f0arson"",""R\u00f8gnvaldr Gu\u00f0r\u00f8\u00f0sson"",""R\u00f6gnvaldr Gu\u00f0r\u00f8\u00f0sson"",""Ronald Gothfrithsson"",""Raghnall"",""Raghnall mac Gothraidh""]",[],http://www.wikidata.org/entity/Q3417502,http://www.wikidata.org/entity/Q510877,Ragnall mac Gofraid,Gofraid mac Arailt,167,278,Who is the father of Ragnall mac Gofraid?,"[""Gofraid mac Arailt""]","{
""answer"": ""Ragnall mac Gofraid's father was Gofraid (also spelled Gofraidh or Guðrøðr), a Norse-Gaelic king of the Isles."", 
""confidence_score"": 95
}","Ragnall mac Gofraid's father was Gofraid (also spelled Gofraidh or Guðrøðr), a Norse-Gaelic king of the Isles.",0.95,CORRECT
857,1235248,Cristina Laslo,place of birth,Cluj-Napoca,549120,218,863,[],"[""Kolozsv\u00e1r"",""Klausenburg"",""Cluj"",""Claudiopolis"",""Kolozsvar"",""Kluyzenburg"",""Napoca"",""Klu\u017e"",""Kluzh"",""Kolozhvar"",""Kolozvar""]",http://www.wikidata.org/entity/Q17489708,http://www.wikidata.org/entity/Q100188,Cristina Laslo,Cluj-Napoca,145,32494,In what city was Cristina Laslo born?,"[""Cluj-Napoca"", ""Kolozsvár"", ""Klausenburg"", ""Cluj"", ""Claudiopolis"", ""Kolozsvar"", ""Kluyzenburg"", ""Napoca"", ""Kluž"", ""Kluzh"", ""Kolozhvar"", ""Kolozvar""]","{
""answer"": ""Cristina Laslo was born in Cluj-Napoca, Romania."",
""confidence_score"": 90
}","Cristina Laslo was born in Cluj-Napoca, Romania.",0.9,CORRECT
12170,5965725,The World Before,author,Karen Traviss,2678305,484,985007,[],[],http://www.wikidata.org/entity/Q7775941,http://www.wikidata.org/entity/Q298417,The World Before,Karen Traviss,85,1595,Who is the author of The World Before?,"[""Karen Traviss""]","{
""answer"": ""The author of The World Before is Karen Thompson Walker."",
""confidence_score"": 65
}",The author of The World Before is Karen Thompson Walker.,0.65,INCORRECT
9852,3131419,Amateur,screenwriter,Hal Hartley,1334174,533,1320562,[],[],http://www.wikidata.org/entity/Q455552,http://www.wikidata.org/entity/Q446294,Amateur (1994 film),Hal Hartley,1382,6209,Who was the screenwriter for Amateur?,"[""Hal Hartley""]","{
""answer"": ""The screenwriter for the 1994 film Amateur was Robert Apisa (screenplay) with a story by Jay Cocks; if you mean the 2018 film Amateur (basketball drama), the screenwriter was Ryan Koo."", 
""confidence_score"": 85
}","The screenwriter for the 1994 film Amateur was Robert Apisa (screenplay) with a story by Jay Cocks; if you mean the 2018 film Amateur (basketball drama), the screenwriter was Ryan Koo.",0.85,INCORRECT
1391,5777300,Prince,genre,rock music,2580845,91,82098,"[""Jamie Starr"",""Christopher"",""Alexander Nevermind"",""The Purple One"",""Joey Coco"",""The artist formerly known as Prince"",""Artist Formerly Known as Prince"",""Prince Rogers Nelson"",""TAFKAP"",""Prince Nelson""]","[""rock and roll"",""rock"",""Rock""]",http://www.wikidata.org/entity/Q7542,http://www.wikidata.org/entity/Q11399,Prince (musician),Rock music,380230,140450,What genre is Prince?,"[""rock music"", ""rock and roll"", ""rock"", ""Rock"", ""funk"", ""Funk"", ""pop music"", ""pop"", ""Pop"", ""rhythm and blues"", ""R&B"", ""RnB"", ""RNB"", ""R and B"", ""R & B"", ""Minneapolis sound""]","{
""answer"": ""Prince was a versatile artist primarily associated with pop, funk, R&B, rock, and soul, often blending those genres into a distinctive fusion sometimes labeled as Minneapolis sound."",
""confidence_score"": 95
}","Prince was a versatile artist primarily associated with pop, funk, R&B, rock, and soul, often blending those genres into a distinctive fusion sometimes labeled as Minneapolis sound.",0.95,CORRECT
4710,3558669,Outbreak,producer,Wolfgang Petersen,1538574,164,2184798,"[""Outbreak (film)""]",[],http://www.wikidata.org/entity/Q495513,http://www.wikidata.org/entity/Q65321,Outbreak (film),Wolfgang Petersen,27608,18634,Who was the producer of Outbreak?,"[""Wolfgang Petersen""]","{
""answer"": ""The producer of the 1995 film Outbreak was Laura Ziskin (producer) and the film was produced by Laura Ziskin and Lynda Obst, with Steven Soderbergh and Steven Spielberg serving as executive producers."", 
""confidence_score"": 65
}","The producer of the 1995 film Outbreak was Laura Ziskin (producer) and the film was produced by Laura Ziskin and Lynda Obst, with Steven Soderbergh and Steven Spielberg serving as executive producers.",0.65,INCORRECT
10124,1864240,The Way It Is,composer,Bruce Hornsby,819960,639,2887267,[],"[""Bruce Randall Hornsby""]",http://www.wikidata.org/entity/Q2415121,http://www.wikidata.org/entity/Q918502,The Way It Is (song),Bruce Hornsby,7413,28851,Who was the composer of The Way It Is?,"[""Bruce Hornsby"", ""Bruce Randall Hornsby""]","{""answer"":""If you mean the 1986 song “The Way It Is,” it was written and composed by Bruce Hornsby (credited to Bruce Hornsby and the Range, with lyrics by Bruce Hornsby and band members including John Hornsby); confidence: Bruce Hornsby is the primary composer."",""confidence_score"":85}","If you mean the 1986 song “The Way It Is,” it was written and composed by Bruce Hornsby (credited to Bruce Hornsby and the Range, with lyrics by Bruce Hornsby and band members including John Hornsby); confidence: Bruce Hornsby is the primary composer.",0.85,CORRECT
961,1432988,William Franklin Switzler,place of birth,Columbia,640828,218,1995898,[],"[""Columbia, Missouri""]",http://www.wikidata.org/entity/Q18749220,http://www.wikidata.org/entity/Q59670,William Franklin Switzler,"Columbia, Missouri",89,16208,In what city was William Franklin Switzler born?,"[""Columbia"", ""Columbia, Missouri""]","{
""answer"": ""William Franklin Switzler was born in Boone County, Kentucky (near the city of Richmond, Kentucky)."",
""confidence_score"": 20
}","William Franklin Switzler was born in Boone County, Kentucky (near the city of Richmond, Kentucky).",0.2,INCORRECT
8591,1768080,Woman Without a Face,screenwriter,Gustaf Molander,781953,533,204396,[],"[""Harald B. Harald"",""Gustaf Harald August Molander""]",http://www.wikidata.org/entity/Q2276637,http://www.wikidata.org/entity/Q1365463,Woman Without a Face,Gustaf Molander,390,446,Who was the screenwriter for Woman Without a Face?,"[""Gustaf Molander"", ""Harald B. Harald"", ""Gustaf Harald August Molander"", ""Ingmar Bergman"", ""Ernst Ingmar Bergman""]","{
""answer"": ""The screenwriter for Woman Without a Face (Swedish: Kvinna utan ansikte, 1947) was Ingmar Bergman (screenplay) with a story by Hjalmar Bergman; credited screenwriter: Ingmar Bergman."",
""confidence_score"": 92
}","The screenwriter for Woman Without a Face (Swedish: Kvinna utan ansikte, 1947) was Ingmar Bergman (screenplay) with a story by Hjalmar Bergman; credited screenwriter: Ingmar Bergman.",0.92,CORRECT
13968,6409891,Bhutan,capital,Thimphu,2885961,422,2893606,"[""Kingdom of Bhutan"",""bt"",""BHU"",""\ud83c\udde7\ud83c\uddf9""]","[""Thimpu""]",http://www.wikidata.org/entity/Q917,http://www.wikidata.org/entity/Q9270,Bhutan,Thimphu,165876,13884,What is the capital of Bhutan?,"[""Thimphu"", ""Thimpu""]","{
""answer"": ""The capital of Bhutan is Thimphu."",
""confidence_score"": 100
}",The capital of Bhutan is Thimphu.,1.0,CORRECT
9607,4581309,Island,screenwriter,Paul Cox,2020554,533,808109,[],"[""Paulus Henriqus Benedictus Cox"",""Paulus Henrique Benedictus Cox""]",http://www.wikidata.org/entity/Q6082951,http://www.wikidata.org/entity/Q237268,Island (1989 film),Paul Cox (director),166,852,Who was the screenwriter for Island?,"[""Paul Cox"", ""Paulus Henriqus Benedictus Cox"", ""Paulus Henrique Benedictus Cox""]","{""answer"":""If you mean the 1980 film Island (also released as The Island), the screenwriter was David S. Ward."",""confidence_score"":65}","If you mean the 1980 film Island (also released as The Island), the screenwriter was David S. Ward.",0.65,INCORRECT
500,1158868,Jorge Traverso,occupation,journalist,512908,22,663400,[],"[""journo"",""journalists""]",http://www.wikidata.org/entity/Q1703940,http://www.wikidata.org/entity/Q1930187,Jorge Traverso,Journalist,43,24952,What is Jorge Traverso's occupation?,"[""journalist"", ""journo"", ""journalists""]","{
""answer"": ""Jorge Traverso is a Uruguayan journalist and news anchor, best known as a television presenter and television news director."",
""confidence_score"": 80
}","Jorge Traverso is a Uruguayan journalist and news anchor, best known as a television presenter and television news director.",0.8,CORRECT
8931,6323804,Big Business,screenwriter,Leo McCarey,2852441,533,1092932,[],"[""Thomas Leo McCarey""]",http://www.wikidata.org/entity/Q858657,http://www.wikidata.org/entity/Q332530,Big Business (1929 film),Leo McCarey,707,3432,Who was the screenwriter for Big Business?,"[""Leo McCarey"", ""Thomas Leo McCarey""]","{""answer"":""The screenwriter for the 1988 film Big Business was Nancy Meyers (story by Nancy Meyers and Michael J. Leeson; screenplay by Nancy Meyers and Charles Shyer)."",""confidence_score"":80}",The screenwriter for the 1988 film Big Business was Nancy Meyers (story by Nancy Meyers and Michael J. Leeson; screenplay by Nancy Meyers and Charles Shyer).,0.8,INCORRECT
13932,2776008,Lithuania,capital,Vilnius,1191903,422,752152,"[""Republic of Lithuania"",""Lietuva"",""\ud83c\uddf1\ud83c\uddf9"",""LTU"",""LT""]","[""Vilna"",""Wilno"",""Vilne"",""Wilna"",""Vi\u013c\u0146a"",""Vilnia"",""Vilno"",""Vilnyus""]",http://www.wikidata.org/entity/Q37,http://www.wikidata.org/entity/Q216,Lithuania,Vilnius,183018,42978,What is the capital of Lithuania?,"[""Vilnius"", ""Vilna"", ""Wilno"", ""Vilne"", ""Wilna"", ""Viļņa"", ""Vilnia"", ""Vilno"", ""Vilnyus""]","{
""answer"": ""The capital of Lithuania is Vilnius."",
""confidence_score"": 100
}",The capital of Lithuania is Vilnius.,1.0,CORRECT
4988,3002426,The Internship,producer,Vince Vaughn,1285803,164,46178,"[""Internship""]","[""Vincent Anthony Vaughn"",""Vincent Vaughn""]",http://www.wikidata.org/entity/Q4207359,http://www.wikidata.org/entity/Q107730,The Internship,Vince Vaughn,61374,120459,Who was the producer of The Internship?,"[""Vince Vaughn"", ""Vincent Anthony Vaughn"", ""Vincent Vaughn""]","{
""answer"": ""The producer of The Internship was Neal H. Moritz (alongside executive producers Vince Vaughn and Jared Stern, with Moritz as the primary film producer)."",
""confidence_score"": 90
}","The producer of The Internship was Neal H. Moritz (alongside executive producers Vince Vaughn and Jared Stern, with Moritz as the primary film producer).",0.9,INCORRECT
10926,6476345,Lear,composer,Aribert Reimann,2911273,639,836606,[],[],http://www.wikidata.org/entity/Q948566,http://www.wikidata.org/entity/Q246758,Lear (opera),Aribert Reimann,399,651,Who was the composer of Lear?,"[""Aribert Reimann""]","{""answer"":""The composer of the opera Lear is Aribert Reimann."",""confidence_score"":90}",The composer of the opera Lear is Aribert Reimann.,0.9,CORRECT
14237,6554019,California,capital,Sacramento,2939848,422,582292,"[""CA"",""State of California"",""The Golden State"",""Calif.""]","[""Sac-Town"",""Sac"",""The Indomitable City"",""City of Trees"",""The Big Tomato"",""The Capitol City"",""Sacramento, California"",""Camellia City"",""River City""]",http://www.wikidata.org/entity/Q99,http://www.wikidata.org/entity/Q18013,California,"Sacramento, California",766733,127391,What is the capital of California?,"[""Sacramento"", ""Sac-Town"", ""Sac"", ""The Indomitable City"", ""City of Trees"", ""The Big Tomato"", ""The Capitol City"", ""Sacramento, California"", ""Camellia City"", ""River City""]","{
""answer"": ""The capital of California is Sacramento."",
""confidence_score"": 100
}",The capital of California is Sacramento.,1.0,CORRECT
840,1669298,Moon Joo-won,place of birth,South Korea,740610,218,2866409,[],"[""Republic of Korea"",""ROK"",""kr"",""Rep. Korea"",""S. Korea"",""Korea Republic"",""\ud83c\uddf0\ud83c\uddf7"",""KOR""]",http://www.wikidata.org/entity/Q211541,http://www.wikidata.org/entity/Q884,Moon Joo-won,South Korea,42,492668,In what city was Moon Joo-won born?,"[""South Korea"", ""Republic of Korea"", ""ROK"", ""kr"", ""Rep. Korea"", ""S. Korea"", ""Korea Republic"", ""🇰🇷"", ""KOR""]","{
""answer"": ""Moon Joo-won was born in Incheon, South Korea."",
""confidence_score"": 85
}","Moon Joo-won was born in Incheon, South Korea.",0.85,CORRECT
1988,5910656,Walk Away,genre,pop rock,2650067,91,1479426,[],"[""pop\/rock"",""pop-rock""]",http://www.wikidata.org/entity/Q771638,http://www.wikidata.org/entity/Q484641,Walk Away (Kelly Clarkson song),Pop rock,1635,85003,What genre is Walk Away?,"[""pop rock"", ""pop/rock"", ""pop-rock""]","{
""answer"": ""\""Walk Away\"" is a pop rock song (often classified as pop punk/rock) by the band Avril Lavigne."",
""confidence_score"": 70
}","\""Walk Away\"" is a pop rock song (often classified as pop punk/rock) by the band Avril Lavigne.",0.7,CORRECT
6572,4203105,Gentleman's Intermission,director,Don Scardino,1843305,526,924459,[],"[""Donald Joseph Scardino""]",http://www.wikidata.org/entity/Q5533706,http://www.wikidata.org/entity/Q2745262,Gentleman's Intermission,Don Scardino,357,2353,Who was the director of Gentleman's Intermission?,"[""Don Scardino"", ""Donald Joseph Scardino""]","{
""answer"": ""Gentleman's Intermission was directed by Guy Maddin."",
""confidence_score"": 95
}",Gentleman's Intermission was directed by Guy Maddin.,0.95,INCORRECT
11749,4201776,Noumandiez Doué,sport,association football,1842672,560,920845,"[""Noumandiez Doue""]","[""football"",""soccer""]",http://www.wikidata.org/entity/Q553226,http://www.wikidata.org/entity/Q2736,Noumandiez Doué,Association football,106,197767,What sport does Noumandiez Doué play?,"[""association football"", ""football"", ""soccer""]","{
""answer"": ""Noumandiez Doué is an association football (soccer) referee."",
""confidence_score"": 95
}",Noumandiez Doué is an association football (soccer) referee.,0.95,CORRECT
12115,1896635,Graceling,author,Kristin Cashore,833446,484,966857,[],[],http://www.wikidata.org/entity/Q2457943,http://www.wikidata.org/entity/Q291025,Graceling,Kristin Cashore,3071,1240,Who is the author of Graceling?,"[""Kristin Cashore""]","{
""answer"": ""The author of Graceling is Kristin Cashore."",
""confidence_score"": 100
}",The author of Graceling is Kristin Cashore.,1.0,CORRECT
7900,1223421,Vienna,capital of,Austrian Empire,544306,97,169128,"[""Wien"",""Vienna, Austria"",""W""]","[""Austria""]",http://www.wikidata.org/entity/Q1741,http://www.wikidata.org/entity/Q131964,Vienna,Austrian Empire,122060,56223,What is Vienna the capital of?,"[""Holy Roman Empire"", ""Holy Roman Empire of the German Nation"", ""First Reich"", ""Reich"", ""Austrian Empire"", ""Austria"", ""Habsburg Monarchy"", ""Habsburg Empire"", ""Austria-Hungary"", ""Austro-Hungarian Empire"", ""Dual Monarchy"", ""Austria Hungary"", ""Austria"", ""Österreich"", ""Republic of Austria"", ""Republik Österreich"", ""AT"", ""at"", ""AUT"", ""🇦🇹"", ""aut"", ""Lower Austria"", ""Niederösterreich""]","{
""answer"": ""Vienna is the capital of Austria."",
""confidence_score"": 100
}",Vienna is the capital of Austria.,1.0,CORRECT
13205,6096068,Vast,author,Linda Nagata,2743212,484,1311017,[],"[""Linda Webb Nagata"",""Trey Shiels""]",http://www.wikidata.org/entity/Q7916983,http://www.wikidata.org/entity/Q4389768,Vast (novel),Linda Nagata,131,588,Who is the author of Vast?,"[""Linda Nagata"", ""Linda Webb Nagata"", ""Trey Shiels""]","{
""answer"": ""The author of the novel Vast is Linda Nagata."",
""confidence_score"": 90
}",The author of the novel Vast is Linda Nagata.,0.9,CORRECT
6351,6281341,Best in Show,director,Christopher Guest,2834959,526,1103038,[],"[""Christopher Haden-Guest, 5th Baron Haden-Guest""]",http://www.wikidata.org/entity/Q830324,http://www.wikidata.org/entity/Q336074,Best in Show (film),Christopher Guest,23732,258908,Who was the director of Best in Show?,"[""Christopher Guest"", ""Christopher Haden-Guest, 5th Baron Haden-Guest""]","{
""answer"": ""Best in Show (2000) was directed by Christopher Guest."",
""confidence_score"": 98
}",Best in Show (2000) was directed by Christopher Guest.,0.98,CORRECT
13422,1254733,Luminous,author,Greg Egan,558923,484,1043558,[],"[""Gregory Mark Egan""]",http://www.wikidata.org/entity/Q1757054,http://www.wikidata.org/entity/Q316785,Luminous (book),Greg Egan,136,5115,Who is the author of Luminous?,"[""Greg Egan"", ""Gregory Mark Egan""]","{""answer"":""Luminous is a novel by Irish author Paddy O'Connell."",""confidence_score"":15}",Luminous is a novel by Irish author Paddy O'Connell.,0.15,INCORRECT
1274,3034032,Rule the World,genre,pop music,1298486,91,1193964,"[""\""Rule The World\""""]","[""pop"",""Pop""]",http://www.wikidata.org/entity/Q430971,http://www.wikidata.org/entity/Q37073,Rule the World (Take That song),Pop music,1913,286065,What genre is Rule the World?,"[""pop music"", ""pop"", ""Pop""]","{""answer"":""Rule the World is a pop rock song by the British band Take That (released as a single in 2007)."",""confidence_score"":95}",Rule the World is a pop rock song by the British band Take That (released as a single in 2007).,0.95,INCORRECT
5918,3783752,Cool It,director,Ondi Timoner,1647581,526,2373167,[],[],http://www.wikidata.org/entity/Q5167311,http://www.wikidata.org/entity/Q7092172,Cool It (film),Ondi Timoner,433,974,Who was the director of Cool It?,"[""Ondi Timoner""]","{
""answer"": ""The director of the documentary film Cool It (2010) is Ondi Timoner."",
""confidence_score"": 95
}",The director of the documentary film Cool It (2010) is Ondi Timoner.,0.95,CORRECT
9400,18366,Butterfly Kiss,screenwriter,Frank Cottrell-Boyce,7633,533,133097,[],"[""Frank Cottrell Boyce""]",http://www.wikidata.org/entity/Q1018100,http://www.wikidata.org/entity/Q1233018,Butterfly Kiss,Frank Cottrell-Boyce,904,2737,Who was the screenwriter for Butterfly Kiss?,"[""Frank Cottrell-Boyce"", ""Frank Cottrell Boyce""]","{""answer"":""The screenwriter for Butterfly Kiss (1995) was Andrew Kötting."",""confidence_score"":85}",The screenwriter for Butterfly Kiss (1995) was Andrew Kötting.,0.85,INCORRECT
9865,908041,Pilot,screenwriter,Maurissa Tancharoen,385811,533,1084526,"[""Agents of Shield pilot"",""Agents of S.H.I.E.L.D. pilot""]","[""Maurissa Tancharoen Whedon""]",http://www.wikidata.org/entity/Q16165171,http://www.wikidata.org/entity/Q3301656,Pilot (Agents of S.H.I.E.L.D.),Maurissa Tancharoen,1715,2722,Who was the screenwriter for Pilot?,"[""Jed Whedon"", ""Jed Tucker Whedon"", ""Maurissa Tancharoen"", ""Maurissa Tancharoen Whedon""]","{""answer"":""There are many TV/film episodes titled \""Pilot\""—without specifying the show or series, the screenwriter cannot be determined."",""confidence_score"":90}","There are many TV/film episodes titled \""Pilot\""—without specifying the show or series, the screenwriter cannot be determined.",0.9,NOT_ATTEMPTED
2992,4810324,Count Palatine Joseph Charles of Sulzbach,father,"Theodore Eustace, Count Palatine of Sulzbach",2117187,257,2114385,[],"[""Theodore Eustace""]",http://www.wikidata.org/entity/Q63649,http://www.wikidata.org/entity/Q63534,Count Palatine Joseph Charles of Sulzbach,"Theodore Eustace, Count Palatine of Sulzbach",511,504,Who is the father of Count Palatine Joseph Charles of Sulzbach?,"[""Theodore Eustace, Count Palatine of Sulzbach"", ""Theodore Eustace""]","{
""answer"": ""The father of Count Palatine Joseph Charles of Sulzbach was Theodore Eustace, Count Palatine of Sulzbach."",
""confidence_score"": 95
}","The father of Count Palatine Joseph Charles of Sulzbach was Theodore Eustace, Count Palatine of Sulzbach.",0.95,CORRECT
6250,1530395,Driven,director,Maurice Elvey,683777,526,1902360,[],[],http://www.wikidata.org/entity/Q19598958,http://www.wikidata.org/entity/Q565510,Driven (1916 film),Maurice Elvey,76,526,Who was the director of Driven?,"[""Maurice Elvey""]","{""answer"":""The 2001 film Driven was directed by Renny Harlin."",""confidence_score"":85}",The 2001 film Driven was directed by Renny Harlin.,0.85,INCORRECT
2576,6044569,Turbo,genre,racing video game,2715449,91,2853660,[],"[""racing game"",""racing video games"",""racer""]",http://www.wikidata.org/entity/Q7853801,http://www.wikidata.org/entity/Q860750,Turbo (video game),Racing game,1040,14617,What genre is Turbo?,"[""racing video game"", ""racing game"", ""racing video games"", ""racer""]","{""answer"":""Turbo is a 2013 American computer-animated sports comedy film (family/animated comedy with a racing/sports theme)."",""confidence_score"":98}",Turbo is a 2013 American computer-animated sports comedy film (family/animated comedy with a racing/sports theme).,0.98,INCORRECT
13697,1020335,Kerman Province,capital,Kerman,436242,422,531639,"[""Kerman""]","[""Kerm\u0101n"",""Kermun"",""Kirman"",""Carmania""]",http://www.wikidata.org/entity/Q165352,http://www.wikidata.org/entity/Q171714,Kerman Province,Kerman,2813,5163,What is the capital of Kerman Province?,"[""Kerman"", ""Kermān"", ""Kermun"", ""Kirman"", ""Carmania""]","{""answer"":""The capital of Kerman Province (Iran) is the city of Kerman."",""confidence_score"":95}",The capital of Kerman Province (Iran) is the city of Kerman.,0.95,CORRECT
1236,1499215,Eclipse,genre,rock music,668642,91,82098,[],"[""rock and roll"",""rock"",""Rock""]",http://www.wikidata.org/entity/Q1938771,http://www.wikidata.org/entity/Q11399,Eclipse (Journey album),Rock music,2713,140450,What genre is Eclipse?,"[""rock music"", ""rock and roll"", ""rock"", ""Rock""]","{
""answer"": ""Eclipse is a 2010 romantic fantasy film (the third Twilight Saga film) — genre: romantic fantasy/drama."",
""confidence_score"": 95
}",Eclipse is a 2010 romantic fantasy film (the third Twilight Saga film) — genre: romantic fantasy/drama.,0.95,INCORRECT
8921,6152054,Weapons,screenwriter,Adam Bhala Lough,2772946,533,1381654,[],[],http://www.wikidata.org/entity/Q7978075,http://www.wikidata.org/entity/Q4678712,Weapons (film),Adam Bhala Lough,678,293,Who was the screenwriter for Weapons?,"[""Adam Bhala Lough""]","{
""answer"": ""The screenplay for the 2007 film Weapons was written by Todd Kessler, Zachary Weckstein, and David Jacobson (based on a story by Kessler and Weckstein)."",
""confidence_score"": 85
}","The screenplay for the 2007 film Weapons was written by Todd Kessler, Zachary Weckstein, and David Jacobson (based on a story by Kessler and Weckstein).",0.85,INCORRECT
6271,5938377,The Little Ones,director,Jim O'Connolly,2664157,526,1047988,"[""Little Ones""]",[],http://www.wikidata.org/entity/Q7747679,http://www.wikidata.org/entity/Q3178907,The Little Ones,Jim O'Connolly,172,247,Who was the director of The Little Ones?,"[""Jim O'Connolly""]","{""answer"":""The director of The Little Ones (1965 British film) was Clifford Odets."",""confidence_score"":17}",The director of The Little Ones (1965 British film) was Clifford Odets.,0.17,INCORRECT
13335,1371635,I Am NOT Going to Get Up Today!,author,Dr. Seuss,611757,484,985620,[],"[""Theodor Seuss Geisel"",""Dr. Theophrastus Seuss"",""Doctor Seuss"",""Seuss"",""Theodore Seuss Geisel"",""Theo LeSieg"",""Rosetta Stone"",""Theophrastus Seuss""]",http://www.wikidata.org/entity/Q18350752,http://www.wikidata.org/entity/Q298685,I Am Not Going to Get Up Today!,Dr. Seuss,461,90832,Who is the author of I Am NOT Going to Get Up Today!?,"[""Dr. Seuss"", ""Theodor Seuss Geisel"", ""Dr. Theophrastus Seuss"", ""Doctor Seuss"", ""Seuss"", ""Theodore Seuss Geisel"", ""Theo LeSieg"", ""Rosetta Stone"", ""Theophrastus Seuss""]","{""answer"":""The author of I Am NOT Going to Get Up Today! is Dr. Seuss (Theodor Seuss Geisel)."",""confidence_score"":90}",The author of I Am NOT Going to Get Up Today! is Dr. Seuss (Theodor Seuss Geisel).,0.9,CORRECT
6028,6402173,The Switch,director,Josh Gordon,2883016,526,821565,"[""Switch""]","[""J Gordon"",""Flash"",""Joshua Caleb Gordon""]",http://www.wikidata.org/entity/Q911520,http://www.wikidata.org/entity/Q24204,The Switch (2010 film),Josh Gordon,13004,101407,Who was the director of The Switch?,"[""Josh Gordon"", ""J Gordon"", ""Flash"", ""Joshua Caleb Gordon""]","{
""answer"": ""The Switch (2010) was directed by Josh Gordon and Will Speck."",
""confidence_score"": 95
}",The Switch (2010) was directed by Josh Gordon and Will Speck.,0.95,CORRECT
7204,4302670,The Hook,director,George Seaton,1887696,526,956767,"[""Hook""]",[],http://www.wikidata.org/entity/Q562304,http://www.wikidata.org/entity/Q288337,The Hook (1963 film),George Seaton,454,1266,Who was the director of The Hook?,"[""George Seaton""]","{""answer"":""The director of The Hook (1963 Japanese film, also known as Kagi) was Samuel Fuller."",""confidence_score"":65}","The director of The Hook (1963 Japanese film, also known as Kagi) was Samuel Fuller.",0.65,INCORRECT
8276,1796952,One Day,screenwriter,David Nicholls,793513,533,2912886,[],"[""David Alan Nicholls""]",http://www.wikidata.org/entity/Q232161,http://www.wikidata.org/entity/Q950949,One Day (2011 film),David Nicholls (writer),29735,5240,Who was the screenwriter for One Day?,"[""David Nicholls"", ""David Alan Nicholls""]","{
""answer"": ""The screenwriter for the 2011 film adaptation of One Day was David Nicholls."",
""confidence_score"": 95
}",The screenwriter for the 2011 film adaptation of One Day was David Nicholls.,0.95,CORRECT
1483,5550048,Red,genre,Cantopop,2473282,91,2849778,[],"[""Cantonese popular music"",""HK-pop"",""Hong Kong pop music""]",http://www.wikidata.org/entity/Q7303594,http://www.wikidata.org/entity/Q853873,Red (Leslie Cheung album),Cantopop,251,9657,What genre is Red?,"[""Cantopop"", ""Cantonese popular music"", ""HK-pop"", ""Hong Kong pop music""]","{
""answer"": ""Red is a song by Taylor Swift from her 2012 album Red and is primarily a country-pop / pop record, though the album blends country, pop, rock, and electronic influences (genre: country-pop/pop)."",
""confidence_score"": 90
}","Red is a song by Taylor Swift from her 2012 album Red and is primarily a country-pop / pop record, though the album blends country, pop, rock, and electronic influences (genre: country-pop/pop).",0.9,INCORRECT
12164,270993,The Last Word,author,Damon Knight,109568,484,1748138,[],"[""Damon Francis Knight"",""Stuart Fleming"",""Conanight""]",http://www.wikidata.org/entity/Q11862741,http://www.wikidata.org/entity/Q534599,The Last Word (Knight short story),Damon Knight,200,2066,Who is the author of The Last Word?,"[""Damon Knight"", ""Damon Francis Knight"", ""Stuart Fleming"", ""Conanight""]","{""answer"":""There are multiple works titled 'The Last Word' by different authors (e.g., Graham Greene wrote a short story, Hank Phillippi Ryan wrote a novel, and Jonathan Tropper wrote a memoir titled 'This Is Where I Leave You'—if you mean 'The Last Word' specifically, authors include Gina Frangello (novel), Hannelore Cayre (novel), and others); please specify which 'The Last Word' you mean."",""confidence_score"":30}","There are multiple works titled 'The Last Word' by different authors (e.g., Graham Greene wrote a short story, Hank Phillippi Ryan wrote a novel, and Jonathan Tropper wrote a memoir titled 'This Is Where I Leave You'—if you mean 'The Last Word' specifically, authors include Gina Frangello (novel), Hannelore Cayre (novel), and others); please specify which 'The Last Word' you mean.",0.3,NOT_ATTEMPTED
660,4674280,Jim,place of birth,Arizona Territory,2059402,218,2222998,"[""Bow-os-loh""]",[],http://www.wikidata.org/entity/Q6193276,http://www.wikidata.org/entity/Q670002,Jim (Medal of Honor recipient),Arizona Territory,97,7679,In what city was Jim born?,"[""Arizona Territory""]","{
""answer"": ""I don't have enough information to determine the city where Jim was born."",
""confidence_score"": 10
}",I don't have enough information to determine the city where Jim was born.,0.1,NOT_ATTEMPTED
12799,1683089,LinkedIn,author,Reid Hoffman,745977,484,739478,"[""LinkedIn Corporation"",""linkedin.com"",""linked in""]","[""Reid Garrett Hoffman"",""Reid G. Hoffman""]",http://www.wikidata.org/entity/Q213660,http://www.wikidata.org/entity/Q211098,LinkedIn,Reid Hoffman,278148,83493,Who is the author of LinkedIn?,"[""Reid Hoffman"", ""Reid Garrett Hoffman"", ""Reid G. Hoffman""]","{
""answer"": ""LinkedIn was co-founded (authored) by Reid Hoffman along with co-founders Allen Blue, Konstantin Guericke, Eric Ly, and Jean-Luc Vaillant, with Reid Hoffman widely recognized as the primary founder and driving author of the company."",
""confidence_score"": 95
}","LinkedIn was co-founded (authored) by Reid Hoffman along with co-founders Allen Blue, Konstantin Guericke, Eric Ly, and Jean-Luc Vaillant, with Reid Hoffman widely recognized as the primary founder and driving author of the company.",0.95,CORRECT
12761,5777576,Small Island,author,Andrea Levy,2581004,484,1532298,[],[],http://www.wikidata.org/entity/Q7542810,http://www.wikidata.org/entity/Q494257,Small Island (novel),Andrea Levy,3731,4493,Who is the author of Small Island?,"[""Andrea Levy""]","{
""answer"": ""The author of Small Island is Andrea Levy."",
""confidence_score"": 100
}",The author of Small Island is Andrea Levy.,1.0,CORRECT
8906,4795090,A Night to Remember,screenwriter,Eric Ambler,2109352,533,1605805,"[""Night to Remember""]","[""Eric Clifford Ambler""]",http://www.wikidata.org/entity/Q633614,http://www.wikidata.org/entity/Q508452,A Night to Remember (1958 film),Eric Ambler,16933,4228,Who was the screenwriter for A Night to Remember?,"[""Eric Ambler"", ""Eric Clifford Ambler"", ""Walter Lord"", ""Joseph Boxhall"", ""Joseph Groves Boxhall""]","{
""answer"": ""The screenwriter of the 1958 film A Night to Remember was Eric Ambler (screenplay), adapted from Walter Lord’s book with additional writing by Don Sharp and others credited for scenes; primary screenwriter credit is Eric Ambler."",
""confidence_score"": 85
}","The screenwriter of the 1958 film A Night to Remember was Eric Ambler (screenplay), adapted from Walter Lord’s book with additional writing by Don Sharp and others credited for scenes; primary screenwriter credit is Eric Ambler.",0.85,CORRECT
4202,1809276,Tai-Pan,producer,Dino De Laurentiis,798234,164,981212,[],"[""Agostino De Laurentiis""]",http://www.wikidata.org/entity/Q2338318,http://www.wikidata.org/entity/Q296796,Tai-Pan (film),Dino De Laurentiis,2988,37129,Who was the producer of Tai-Pan?,"[""Dino De Laurentiis"", ""Agostino De Laurentiis""]","{""answer"":""The producer of the 1986 film Tai-Pan was Dino De Laurentiis."",""confidence_score"":87}",The producer of the 1986 film Tai-Pan was Dino De Laurentiis.,0.87,CORRECT
4365,3774158,The Cat Returns,producer,Toshio Suzuki,1642664,164,2393076,"[""Baron: The Cat Returns"",""Cat Returns"",""Neko no Ongaeshi""]","[""Suzuki Toshio""]",http://www.wikidata.org/entity/Q51543,http://www.wikidata.org/entity/Q713511,The Cat Returns,Toshio Suzuki (producer),20330,5826,Who was the producer of The Cat Returns?,"[""Toshio Suzuki"", ""Suzuki Toshio""]","{
""answer"": ""Toshio Suzuki was the producer of The Cat Returns."",
""confidence_score"": 95
}",Toshio Suzuki was the producer of The Cat Returns.,0.95,CORRECT
12130,1968457,Final Exit,author,Derek Humphry,864753,484,1702229,[],[],http://www.wikidata.org/entity/Q2564050,http://www.wikidata.org/entity/Q5262068,Final Exit,Derek Humphry,3410,1000,Who is the author of Final Exit?,"[""Derek Humphry""]","{
""answer"": ""The author of Final Exit is Dr. Derek Humphry."",
""confidence_score"": 95
}",The author of Final Exit is Dr. Derek Humphry.,0.95,CORRECT
832,2622429,Babyface,place of birth,Indianapolis,1129485,218,2112253,"[""Kenneth Edmonds"",""Kenneth Brian Edmonds"",""Kenneth \""Babyface\"" Edmonds"",""Y Corp"",""Face"",""Kenny Edmonds"",""Kenny \""Babyface\"" Edmonds""]","[""Circle City"",""Indy"",""Naptown"",""Crossroads of America"",""Racing Capital of the World"",""Amateur Sports Capital of the World"",""INDPLS"",""Indianapolis, Indiana"",""India-no-place"",""Railroad City""]",http://www.wikidata.org/entity/Q344983,http://www.wikidata.org/entity/Q6346,Babyface (musician),Indianapolis,31327,65428,In what city was Babyface born?,"[""Indianapolis"", ""Circle City"", ""Indy"", ""Naptown"", ""Crossroads of America"", ""Racing Capital of the World"", ""Amateur Sports Capital of the World"", ""INDPLS"", ""Indianapolis, Indiana"", ""India-no-place"", ""Railroad City""]","{
""answer"": ""Babyface (Kenneth Brian Edmonds) was born in Indianapolis, Indiana."",
""confidence_score"": 95
}","Babyface (Kenneth Brian Edmonds) was born in Indianapolis, Indiana.",0.95,CORRECT
12811,5966602,The Chaos Code,author,Justin Richards,2678771,484,2103673,[],"[""Justin C Richards""]",http://www.wikidata.org/entity/Q7776956,http://www.wikidata.org/entity/Q6318053,The Chaos Code,Justin Richards,56,485,Who is the author of The Chaos Code?,"[""Justin Richards"", ""Justin C Richards""]","{
""answer"": ""The author of The Chaos Code is Kathryn Koby."",
""confidence_score"": 85
}",The author of The Chaos Code is Kathryn Koby.,0.85,INCORRECT
1497,2524411,Moist,genre,alternative rock,1091001,91,79782,[],"[""alternative music"",""alt-rock"",""alternative"",""alt rock"",""pop\/rock"",""Alternative Rock""]",http://www.wikidata.org/entity/Q3319287,http://www.wikidata.org/entity/Q11366,Moist (band),Alternative rock,1834,138822,What genre is Moist?,"[""alternative rock"", ""alternative music"", ""alt-rock"", ""alternative"", ""alt rock"", ""pop/rock"", ""Alternative Rock""]","{
""answer"": ""Moist is a Canadian alternative rock band (post-grunge/alternative rock)."",
""confidence_score"": 95
}",Moist is a Canadian alternative rock band (post-grunge/alternative rock).,0.95,CORRECT
12197,5921486,The Desperate Hours,author,Joseph Hayes,2655631,484,1828733,[],[],http://www.wikidata.org/entity/Q7729837,http://www.wikidata.org/entity/Q550667,The Desperate Hours (Hayes novel),Joseph Hayes (author),217,326,Who is the author of The Desperate Hours?,"[""Joseph Hayes""]","{
""answer"": ""The author of The Desperate Hours is Joseph Hayes."",
""confidence_score"": 95
}",The author of The Desperate Hours is Joseph Hayes.,0.95,CORRECT
8182,658832,Stay,screenwriter,Aislinn Hunter,278310,533,1393238,[],[],http://www.wikidata.org/entity/Q14949730,http://www.wikidata.org/entity/Q4699212,Stay (2013 film),Aislinn Hunter,950,224,Who was the screenwriter for Stay?,"[""Aislinn Hunter""]","{
""answer"": ""The screenplay for the 2005 film Stay was written by David Benioff."",
""confidence_score"": 95
}",The screenplay for the 2005 film Stay was written by David Benioff.,0.95,INCORRECT
848,747913,William Jack,place of birth,Aberdeen,317903,218,1180639,"[""Jack""]","[""Aiberdeen"",""Granite City"",""The Silver City""]",http://www.wikidata.org/entity/Q15482,http://www.wikidata.org/entity/Q36405,William Jack (botanist),Aberdeen,170,35289,In what city was William Jack born?,"[""Aberdeen"", ""Aiberdeen"", ""Granite City"", ""The Silver City""]","{""answer"":""William Jack (botanist) was born in Inverness, Scotland."",""confidence_score"":60}","William Jack (botanist) was born in Inverness, Scotland.",0.6,INCORRECT
6481,4904058,La cruz,director,Alejandro Agresti,2161492,526,65264,"[""Cruz""]",[],http://www.wikidata.org/entity/Q6466072,http://www.wikidata.org/entity/Q1107744,La cruz (film),Alejandro Agresti,76,582,Who was the director of La cruz?,"[""Alejandro Agresti""]","{""answer"":""The director of La cruz is Marco Castillo."",""confidence_score"":25}",The director of La cruz is Marco Castillo.,0.25,INCORRECT
5938,3554927,Boy Meets Dog,director,Walter Lantz,1536838,526,2349108,"[""Bobby"",""Father"",""Gnomes"",""Kids"",""Sister""]","[""Walter Benjamin Lantz""]",http://www.wikidata.org/entity/Q4952100,http://www.wikidata.org/entity/Q703759,Boy Meets Dog,Walter Lantz,444,6020,Who was the director of Boy Meets Dog?,"[""Walter Lantz"", ""Walter Benjamin Lantz""]","{
""answer"": ""Boy Meets Dog (1938) was directed by Dave Fleischer."",
""confidence_score"": 85
}",Boy Meets Dog (1938) was directed by Dave Fleischer.,0.85,INCORRECT
11980,285768,My Neighbor,author,Franz Kafka,115487,484,2878787,"[""The Neighbor""]","[""Franti\u0161ek Kafka"",""Kafka""]",http://www.wikidata.org/entity/Q1195963,http://www.wikidata.org/entity/Q905,My Neighbor,Franz Kafka,235,118171,Who is the author of My Neighbor?,"[""Franz Kafka"", ""František Kafka"", ""Kafka""]","{
""answer"": ""The author of the short story 'My Neighbor' is Raymond Carver."",
""confidence_score"": 85
}",The author of the short story 'My Neighbor' is Raymond Carver.,0.85,INCORRECT
14203,282751,State of Vietnam,capital,Ho Chi Minh City,114313,422,625763,"[""Associated State of Vietnam"",""State of Vietnam"",""State of Viet-Nam"",""Independent State of Viet Nam"",""Vietnam"",""Vi\u1ec7t Nam""]","[""Ho Chi Minh"",""S\u00e0i G\u00f2n"",""Sa\u00efgon"",""HCMC"",""Sai Gon"",""yo mum"",""Saigon""]",http://www.wikidata.org/entity/Q1193879,http://www.wikidata.org/entity/Q1854,State of Vietnam,Ho Chi Minh City,8809,69663,What is the capital of State of Vietnam?,"[""Ho Chi Minh City"", ""Ho Chi Minh"", ""Sài Gòn"", ""Saïgon"", ""HCMC"", ""Sai Gon"", ""yo mum"", ""Saigon""]","{
""answer"": ""Hanoi is the capital of the Socialist Republic of Vietnam."",
""confidence_score"": 100
}",Hanoi is the capital of the Socialist Republic of Vietnam.,1.0,INCORRECT
10839,4492260,Honest,composer,David A. Stewart,1979477,639,1068365,[],"[""David Allan Stewart"",""Dave Stewart"",""David Stewart"",""Jean Guiot"",""Raymond Doom""]",http://www.wikidata.org/entity/Q5893254,http://www.wikidata.org/entity/Q325389,Honest (film),Dave Stewart (musician and producer),1004,19647,Who was the composer of Honest?,"[""David A. Stewart"", ""David Allan Stewart"", ""Dave Stewart"", ""David Stewart"", ""Jean Guiot"", ""Raymond Doom""]","{""answer"":""If you mean the 2017 album Honest by Big Daddy Kane, the composer (primary artist) is Big Daddy Kane; if you mean the 2014 song “Honest” by The Chainsmokers it was composed by Andrew Taggart and Alex Pall (and others), and if you mean the 2016 song “Honest” by Future it was written by Nayvadius Wilburn (Future) — insufficient context to pick a single composer."",""confidence_score"":25}","If you mean the 2017 album Honest by Big Daddy Kane, the composer (primary artist) is Big Daddy Kane; if you mean the 2014 song “Honest” by The Chainsmokers it was composed by Andrew Taggart and Alex Pall (and others), and if you mean the 2016 song “Honest” by Future it was written by Nayvadius Wilburn (Future) — insufficient context to pick a single composer.",0.25,INCORRECT
2938,3148563,King Arthur,father,Uther Pendragon,1343386,257,2195951,"[""Arthur"",""Arthur Pendragon"",""Arthur, King Poetry, etc. relating to (19-20 cents), NLW MS 6648E""]",[],http://www.wikidata.org/entity/Q45792,http://www.wikidata.org/entity/Q657200,King Arthur,Uther Pendragon,176470,23830,Who is the father of King Arthur?,"[""Uther Pendragon""]","{
""answer"": ""In most Arthurian traditions King Arthur's father is Uther Pendragon (sometimes called Uther Uthyr), though some variants give different parentage in alternate legends."",
""confidence_score"": 95
}","In most Arthurian traditions King Arthur's father is Uther Pendragon (sometimes called Uther Uthyr), though some variants give different parentage in alternate legends.",0.95,CORRECT
11992,3040410,On Intelligence,author,Jeff Hawkins,1300797,484,2896315,[],"[""Jeffrey Hawkins""]",http://www.wikidata.org/entity/Q4329050,http://www.wikidata.org/entity/Q92993,On Intelligence,Jeff Hawkins,1087,4359,Who is the author of On Intelligence?,"[""Jeff Hawkins"", ""Jeffrey Hawkins""]","{
""answer"": ""The author of On Intelligence is Jeff Hawkins (with co-author Sandra Blakeslee for the trade edition)."",
""confidence_score"": 95
}",The author of On Intelligence is Jeff Hawkins (with co-author Sandra Blakeslee for the trade edition).,0.95,CORRECT
13797,1140403,Japan,capital,Tokyo,502871,422,273933,"[""State of Japan"",""Land of the Rising Sun"",""Nihon"",""Nippon"",""JP"",""Nippon-koku"",""Nihon-koku"",""JA"",""JPN"",""jp"",""JAP"",""Ja"",""Jap""]","[""T\u014dky\u014d"",""T\u00f4ky\u00f4"",""Tokyo-to"",""Tokyo Metropolitan prefecture"",""T\u014dky\u014d-to"",""T\u00f4ky\u00f4-to"",""Tokyo Metropolis"",""Tokio"",""Tokyo Prefecture""]",http://www.wikidata.org/entity/Q17,http://www.wikidata.org/entity/Q1490,Japan,Tokyo,702414,205487,What is the capital of Japan?,"[""Tokyo"", ""Tōkyō"", ""Tôkyô"", ""Tokyo-to"", ""Tokyo Metropolitan prefecture"", ""Tōkyō-to"", ""Tôkyô-to"", ""Tokyo Metropolis"", ""Tokio"", ""Tokyo Prefecture""]","{
""answer"": ""The capital of Japan is Tokyo."",
""confidence_score"": 100
}",The capital of Japan is Tokyo.,1.0,CORRECT
11874,5188636,Miroslav Milutinović,sport,association football,2296030,560,920845,[],"[""football"",""soccer""]",http://www.wikidata.org/entity/Q6874010,http://www.wikidata.org/entity/Q2736,Miroslav Milutinović,Association football,28,197767,What sport does Miroslav Milutinović play?,"[""association football"", ""football"", ""soccer""]","{
""answer"": ""Miroslav Milutinović is a professional football (soccer) player."",
""confidence_score"": 85
}",Miroslav Milutinović is a professional football (soccer) player.,0.85,CORRECT
13294,4373688,Henry,author,Carl Thomas Anderson,1921831,484,1580688,[],"[""Carl Anderson""]",http://www.wikidata.org/entity/Q5716961,http://www.wikidata.org/entity/Q5040880,Henry (comics),Carl Thomas Anderson,1409,311,Who is the author of Henry?,"[""Carl Thomas Anderson"", ""Carl Anderson""]","{""answer"":""If you mean the novel Henry (1998) — its author is H. E. Bates; if you mean the play Henry IV — its author is William Shakespeare."",""confidence_score"":40}",If you mean the novel Henry (1998) — its author is H. E. Bates; if you mean the play Henry IV — its author is William Shakespeare.,0.4,INCORRECT
6565,740702,The Great Outdoors,director,Howard Deutch,315039,526,81441,"[""Great Outdoors""]",[],http://www.wikidata.org/entity/Q1544359,http://www.wikidata.org/entity/Q1138881,The Great Outdoors (film),Howard Deutch,12291,18824,Who was the director of The Great Outdoors?,"[""Howard Deutch""]","{
""answer"": ""The director of The Great Outdoors (1988) was Howard Deutch."",
""confidence_score"": 95
}",The director of The Great Outdoors (1988) was Howard Deutch.,0.95,CORRECT
10988,1437553,One Last Time,composer,Carl Falk,642951,639,1580072,[],"[""Carl Anthony Falk-Gramer""]",http://www.wikidata.org/entity/Q18786661,http://www.wikidata.org/entity/Q5040121,One Last Time (Ariana Grande song),Carl Falk,6553,1786,Who was the composer of One Last Time?,"[""Giorgio Tuinfort"", ""Giorgio Hesdey Tuinfort"", ""Savan Kotecha"", ""Savan Harish Kotecha"", ""Rami Yacoub"", ""Rami"", ""Carl Falk"", ""Carl Anthony Falk-Gramer""]","{""answer"":""If referring to the song “One Last Time” performed by Ariana Grande, it was written by David Guetta, Sia Furler, Giorgio Tuinfort and Christian Karlsson (bloodshy), with production by David Guetta; if you mean the musical theatre song from Hamilton titled “One Last Time,” it was composed by Lin-Manuel Miranda."",""confidence_score"":75}","If referring to the song “One Last Time” performed by Ariana Grande, it was written by David Guetta, Sia Furler, Giorgio Tuinfort and Christian Karlsson (bloodshy), with production by David Guetta; if you mean the musical theatre song from Hamilton titled “One Last Time,” it was composed by Lin-Manuel Miranda.",0.75,INCORRECT
9929,1787725,Opera,screenwriter,Dario Argento,790008,533,1723722,"[""Terror at the Opera""]","[""Sirio Bernadotte""]",http://www.wikidata.org/entity/Q2306760,http://www.wikidata.org/entity/Q53011,Opera (1987 film),Dario Argento,5887,42533,Who was the screenwriter for Opera?,"[""Dario Argento"", ""Sirio Bernadotte""]","{""answer"":""The screenwriter for the 1987 Italian horror film Opera was Dario Argento (story and screenplay, co-written with Franco Ferrini)."",""confidence_score"":92}","The screenwriter for the 1987 Italian horror film Opera was Dario Argento (story and screenplay, co-written with Franco Ferrini).",0.92,CORRECT
13315,6025553,"Tough, Tough Toys for Tough, Tough Boys",author,Will Self,2705384,484,878981,[],"[""William Woodard Self""]",http://www.wikidata.org/entity/Q7828776,http://www.wikidata.org/entity/Q261054,"Tough, Tough Toys for Tough, Tough Boys",Will Self,174,11547,"Who is the author of Tough, Tough Toys for Tough, Tough Boys?","[""Will Self"", ""William Woodard Self""]","{""answer"":""Tough, Tough Toys for Tough, Tough Boys is a short story by American author Will Elliott."",""confidence_score"":10}","Tough, Tough Toys for Tough, Tough Boys is a short story by American author Will Elliott.",0.1,INCORRECT
3746,3367439,Jam Filled Entertainment,country,Canada,1447425,182,355510,"[""Dan Krech Productions"",""DKP Studios"",""IDT Entertainment"",""Starz Animation"",""Arc Productions""]","[""Dominion of Canada"",""British North America"",""CAN"",""CA"",""ca"",""can"",""Can.""]",http://www.wikidata.org/entity/Q4785019,http://www.wikidata.org/entity/Q16,Jam Filled Entertainment,Canada,7577,816653,In what country is Jam Filled Entertainment?,"[""Canada"", ""Dominion of Canada"", ""British North America"", ""CAN"", ""CA"", ""ca"", ""can"", ""Can.""]","{
""answer"": ""Jam Filled Entertainment is based in Canada."",
""confidence_score"": 95
}",Jam Filled Entertainment is based in Canada.,0.95,CORRECT
10791,2474,Flash,composer,Brian May,893,639,342214,[],"[""Brian Harold May""]",http://www.wikidata.org/entity/Q1001928,http://www.wikidata.org/entity/Q15873,Flash (Queen song),Brian May,2726,160410,Who was the composer of Flash?,"[""Brian May"", ""Brian Harold May""]","{""answer"":""If you mean the 1980 song “Flash” by Queen (from the film Flash Gordon), the composer was Queen’s lead guitarist Brian May."",""confidence_score"":85}","If you mean the 1980 song “Flash” by Queen (from the film Flash Gordon), the composer was Queen’s lead guitarist Brian May.",0.85,CORRECT
306,4271174,Matthew Underwood,occupation,actor,1872485,22,1114174,"[""El papu de zoey 101""]","[""actress"",""actors"",""actresses""]",http://www.wikidata.org/entity/Q559052,http://www.wikidata.org/entity/Q33999,Matthew Underwood (actor),Actor,161,81374,What is Matthew Underwood's occupation?,"[""actor"", ""actress"", ""actors"", ""actresses""]","{
""answer"": ""Matthew Underwood is an actor known for stage, television, and film performances."",
""confidence_score"": 70
}","Matthew Underwood is an actor known for stage, television, and film performances.",0.7,CORRECT
11578,2540451,Niklas Stark,sport,association football,1097433,560,920845,[],"[""football"",""soccer""]",http://www.wikidata.org/entity/Q3341549,http://www.wikidata.org/entity/Q2736,Niklas Stark,Association football,1350,197767,What sport does Niklas Stark play?,"[""association football"", ""football"", ""soccer""]","{ 
""answer"": ""Niklas Stark is a professional football (soccer) player."", 
""confidence_score"": 100 
}",Niklas Stark is a professional football (soccer) player.,1.0,CORRECT
3775,6533919,Peel en Maas,country,Netherlands,2932151,182,1825504,"[""Pie\u00ebl en Maas""]","[""Holland"",""the Netherlands"",""NL"",""NED"",""Nederland"",""nl"",""\ud83c\uddf3\ud83c\uddf1"",""Netherlands (after 1945)""]",http://www.wikidata.org/entity/Q9785,http://www.wikidata.org/entity/Q55,Peel en Maas,Netherlands,229,416350,In what country is Peel en Maas?,"[""Netherlands"", ""Holland"", ""the Netherlands"", ""NL"", ""NED"", ""Nederland"", ""nl"", ""🇳🇱"", ""Netherlands (after 1945)""]","{
""answer"": ""Peel en Maas is a municipality in the Netherlands."",
""confidence_score"": 100
}",Peel en Maas is a municipality in the Netherlands.,1.0,CORRECT
13916,5260515,Mengjiang,capital,Zhangjiakou,2333197,422,1973745,[],"[""Kalgan"",""Zhangjia kou"",""Khaalgan"",""Chuulalt Khaalga"",""Imiyangga Jase""]",http://www.wikidata.org/entity/Q697837,http://www.wikidata.org/entity/Q58650,Mengjiang,Zhangjiakou,9188,3947,What is the capital of Mengjiang?,"[""Zhangjiakou"", ""Kalgan"", ""Zhangjia kou"", ""Khaalgan"", ""Chuulalt Khaalga"", ""Imiyangga Jase""]","{""answer"":""The capital of Mengjiang (a Japanese puppet state in Inner Mongolia, 1939–1945) was Kalgan (now Zhangjiakou)."",""confidence_score"":85}","The capital of Mengjiang (a Japanese puppet state in Inner Mongolia, 1939–1945) was Kalgan (now Zhangjiakou).",0.85,CORRECT
6377,3677957,Champion,director,Rabi Kinagi,1597591,526,1565538,[],"[""Ravi Kinagi"",""Rabi Kinnagi""]",http://www.wikidata.org/entity/Q5069959,http://www.wikidata.org/entity/Q5010538,Champion (2003 film),Ravi Kinagi,1335,1103,Who was the director of Champion?,"[""Rabi Kinagi"", ""Ravi Kinagi"", ""Rabi Kinnagi""]","{
""answer"": ""The 1949 film Champion was directed by Mark Robson."",
""confidence_score"": 95
}",The 1949 film Champion was directed by Mark Robson.,0.95,INCORRECT
568,4335578,Harold Reetz,place of birth,Watseka,1904408,218,1934121,[],"[""Watseka, Illinois""]",http://www.wikidata.org/entity/Q5662134,http://www.wikidata.org/entity/Q575268,Harold Reetz,"Watseka, Illinois",64,1264,In what city was Harold Reetz born?,"[""Watseka"", ""Watseka, Illinois""]","{
""answer"": ""Harold Reetz was born in Kankakee, Illinois."",
""confidence_score"": 85
}","Harold Reetz was born in Kankakee, Illinois.",0.85,INCORRECT
4171,4788012,Come and Get It,producer,Paul McCartney,2105097,164,874634,"[""a fool and his money""]","[""Sir Paul McCartney"",""Macca"",""James Paul McCartney""]",http://www.wikidata.org/entity/Q632238,http://www.wikidata.org/entity/Q2599,Come and Get It (Badfinger song),Paul McCartney,4098,373862,Who was the producer of Come and Get It?,"[""Paul McCartney"", ""Sir Paul McCartney"", ""Macca"", ""James Paul McCartney""]","{""answer"":""The producer of the 1936 film Come and Get It was Walter Wanger."",""confidence_score"":85}",The producer of the 1936 film Come and Get It was Walter Wanger.,0.85,INCORRECT
3832,5901293,Tervola Radio and TV-Mast,country,Finland,2645315,182,1083907,[],"[""Republic of Finland"",""Finnia"",""Land of Thousand Lakes"",""fi"",""Suomi"",""Suomen tasavalta"",""Republiken Finland"",""\ud83c\uddeb\ud83c\uddee"",""FIN""]",http://www.wikidata.org/entity/Q7705364,http://www.wikidata.org/entity/Q33,Tervola Radio and TV-Mast,Finland,28,233709,In what country is Tervola Radio and TV-Mast?,"[""Finland"", ""Republic of Finland"", ""Finnia"", ""Land of Thousand Lakes"", ""fi"", ""Suomi"", ""Suomen tasavalta"", ""Republiken Finland"", ""🇫🇮"", ""FIN""]","{
""answer"": ""Tervola Radio and TV-Mast is in Finland."",
""confidence_score"": 95
}",Tervola Radio and TV-Mast is in Finland.,0.95,CORRECT
13182,4964803,Lighthouse,author,Eugenia Price,2189845,484,1547474,[],[],http://www.wikidata.org/entity/Q6546312,http://www.wikidata.org/entity/Q4973520,Lighthouse (novel),Eugenia Price,304,740,Who is the author of Lighthouse?,"[""Eugenia Price""]","{
""answer"": ""There are many works titled 'Lighthouse'; common notable authors include Virginia Woolf (short story 'The Lighthouse'), Alison Moore (novel 'The Lighthouse'), and P.D. James (novel 'The Lighthouse' is actually by P.D. James wrote 'A Taste for Death'—correction: P.D. James did not write 'The Lighthouse'); if you specify which 'Lighthouse' (author, year, or medium), I can answer precisely."",
""confidence_score"": 15
}","There are many works titled 'Lighthouse'; common notable authors include Virginia Woolf (short story 'The Lighthouse'), Alison Moore (novel 'The Lighthouse'), and P.D. James (novel 'The Lighthouse' is actually by P.D. James wrote 'A Taste for Death'—correction: P.D. James did not write 'The Lighthouse'); if you specify which 'Lighthouse' (author, year, or medium), I can answer precisely.",0.15,NOT_ATTEMPTED
5581,1277504,Homeland,producer,Lou Reed,569011,164,648091,[],"[""Lewis Allen Reed"",""Lewis Allan Reed""]",http://www.wikidata.org/entity/Q1770671,http://www.wikidata.org/entity/Q189080,Homeland (Laurie Anderson album),Lou Reed,620,191320,Who was the producer of Homeland?,"[""Lou Reed"", ""Lewis Allen Reed"", ""Lewis Allan Reed""]","{
""answer"": ""Homeland was developed and produced by Howard Gordon and Alex Gansa (with Corey Reeser and executive producers including Howard Gordon, Alex Gansa, Gideon Raff, and Claire Danes among others)."",
""confidence_score"": 85
}","Homeland was developed and produced by Howard Gordon and Alex Gansa (with Corey Reeser and executive producers including Howard Gordon, Alex Gansa, Gideon Raff, and Claire Danes among others).",0.85,INCORRECT
10705,1131733,Take a Chance,composer,Nacio Herb Brown,497629,639,153739,[],"[""Ignacio \""Nacio\"" Herb Brown"",""Ignacio Herb Brown"",""Ignacio Herbert Brown""]",http://www.wikidata.org/entity/Q16985283,http://www.wikidata.org/entity/Q1282487,Take a Chance (musical),Nacio Herb Brown,201,1431,Who was the composer of Take a Chance?,"[""Nacio Herb Brown"", ""Ignacio \""Nacio\"" Herb Brown"", ""Ignacio Herb Brown"", ""Ignacio Herbert Brown"", ""Vincent Youmans"", ""Vincent Millie Youmans""]","{""answer"":""If you mean the 1933 song \""Take a Chance\"" from the Rodgers and Hart musical film Take a Chance, the composer was Richard Rodgers."",""confidence_score"":55}","If you mean the 1933 song \""Take a Chance\"" from the Rodgers and Hart musical film Take a Chance, the composer was Richard Rodgers.",0.55,INCORRECT
988,529887,C. N. Annadurai,place of birth,Kanchipuram,216729,218,742856,"[""Conjeevaram Natarajan Annadurai"",""Anna"",""Arignar Anna""]","[""Kancheepuram""]",http://www.wikidata.org/entity/Q138765,http://www.wikidata.org/entity/Q212332,C. N. Annadurai,Kanchipuram,56779,15086,In what city was C. N. Annadurai born?,"[""Kanchipuram"", ""Kancheepuram""]","{
""answer"": ""C. N. Annadurai was born in Kancheepuram (then called Conjeevaram) in the Madras Presidency of British India."",
""confidence_score"": 95
}",C. N. Annadurai was born in Kancheepuram (then called Conjeevaram) in the Madras Presidency of British India.,0.95,CORRECT
12916,2334482,Eldest,author,Christopher Paolini,1018325,484,2901783,[],"[""Christopher James Paolini""]",http://www.wikidata.org/entity/Q308982,http://www.wikidata.org/entity/Q93620,Eldest,Christopher Paolini,4519,22177,Who is the author of Eldest?,"[""Christopher Paolini"", ""Christopher James Paolini""]","{
""answer"": ""Eldest was written by Christopher Paolini."",
""confidence_score"": 100
}",Eldest was written by Christopher Paolini.,1.0,CORRECT
7515,2547109,Ready,director,Anees Bazmee,1100043,526,2180010,[],[],http://www.wikidata.org/entity/Q3351117,http://www.wikidata.org/entity/Q652149,Ready (2011 film),Anees Bazmee,17094,11247,Who was the director of Ready?,"[""Anees Bazmee""]","{
""answer"": ""The director of the 2011 Tamil film Ready was Siva (credited as Siva Shankar), and the 2011 Telugu film Ready was directed by Srinu Vaitla."",
""confidence_score"": 85
}","The director of the 2011 Tamil film Ready was Siva (credited as Siva Shankar), and the 2011 Telugu film Ready was directed by Srinu Vaitla.",0.85,INCORRECT
590,1411599,Marnus Labuschagne,place of birth,Klerksdorp,631343,218,6488,[],[],http://www.wikidata.org/entity/Q18637614,http://www.wikidata.org/entity/Q1015647,Marnus Labuschagne,Klerksdorp,9376,4505,In what city was Marnus Labuschagne born?,"[""Klerksdorp""]","{
""answer"": ""Marnus Labuschagne was born in Klerksdorp, South Africa."",
""confidence_score"": 95
}","Marnus Labuschagne was born in Klerksdorp, South Africa.",0.95,CORRECT
4265,4512754,Numbers,producer,Ridley Scott,1988553,164,1877257,"[""NUMB3RS""]","[""Sir Ridley Scott""]",http://www.wikidata.org/entity/Q5935,http://www.wikidata.org/entity/Q56005,Numbers (TV series),Ridley Scott,21570,306528,Who was the producer of Numbers?,"[""Tony Scott"", ""Anthony David Scott"", ""Anthony David Leighton Scott"", ""Ridley Scott"", ""Sir Ridley Scott""]","{
""answer"": ""On the TV series 'Numbers' (stylized Numb3rs), the executive producers included Nicolle 'Nicky' West, Cheryl Heuton, and Nicolas Falacci (creators Heuton and Falacci served as executive producers alongside others such as Alex Gansa and Gil Bettman); the series was produced by CBS Television Studios and Chuck Lorre Productions (primary producers: Cheryl Heuton and Nicolas Falacci)."",
""confidence_score"": 60
}","On the TV series 'Numbers' (stylized Numb3rs), the executive producers included Nicolle 'Nicky' West, Cheryl Heuton, and Nicolas Falacci (creators Heuton and Falacci served as executive producers alongside others such as Alex Gansa and Gil Bettman); the series was produced by CBS Television Studios and Chuck Lorre Productions (primary producers: Cheryl Heuton and Nicolas Falacci).",0.6,INCORRECT
12526,5548093,Reality Is What You Can Get Away With,author,Robert Anton Wilson,2472316,484,1036630,[],"[""Robert Edward Wilson""]",http://www.wikidata.org/entity/Q7301253,http://www.wikidata.org/entity/Q314215,Reality Is What You Can Get Away With,Robert Anton Wilson,209,12303,Who is the author of Reality Is What You Can Get Away With?,"[""Robert Anton Wilson"", ""Robert Edward Wilson""]","{
""answer"": ""The author of Reality Is What You Can Get Away With is Robert A. Heinlein."",
""confidence_score"": 95
}",The author of Reality Is What You Can Get Away With is Robert A. Heinlein.,0.95,INCORRECT
6284,280474,Il bandito dagli occhi azzurri,director,Alfredo Giannetti,113410,526,2928942,"[""Bandito dagli occhi azzurri""]",[],http://www.wikidata.org/entity/Q1192385,http://www.wikidata.org/entity/Q973528,The Blue-Eyed Bandit,Alfredo Giannetti,307,191,Who was the director of Il bandito dagli occhi azzurri?,"[""Alfredo Giannetti""]","{""answer"":""Il bandito dagli occhi azzurri (The Blue-Eyed Bandit) was directed by Alfredo Giannetti."",""confidence_score"":85}",Il bandito dagli occhi azzurri (The Blue-Eyed Bandit) was directed by Alfredo Giannetti.,0.85,CORRECT
6242,2440422,Pittsburgh,director,Lewis Seiler,1057908,526,1064678,[],[],http://www.wikidata.org/entity/Q3208990,http://www.wikidata.org/entity/Q3237311,Pittsburgh (1942 film),Lewis Seiler,802,438,Who was the director of Pittsburgh?,"[""Lewis Seiler""]","{""answer"":""The question is ambiguous—if you mean the film titled 'Pittsburgh' (1942), its director was Lewis Seiler; if you mean another work or organization named 'Pittsburgh,' please specify which one."",""confidence_score"":60}","The question is ambiguous—if you mean the film titled 'Pittsburgh' (1942), its director was Lewis Seiler; if you mean another work or organization named 'Pittsburgh,' please specify which one.",0.6,CORRECT
7594,1274263,Lipstick,director,Lamont Johnson,567613,526,1505932,[],[],http://www.wikidata.org/entity/Q1768442,http://www.wikidata.org/entity/Q489540,Lipstick (1976 film),Lamont Johnson,4759,2522,Who was the director of Lipstick?,"[""Lamont Johnson""]","{
""answer"": ""The 1976 film Lipstick was directed by Lamont Johnson."",
""confidence_score"": 95
}",The 1976 film Lipstick was directed by Lamont Johnson.,0.95,CORRECT
1736,5562198,Rest,genre,progressive rock,2478948,91,1533500,[],"[""prog-rock"",""prog"",""classical rock"",""symphonic rock"",""art rock"",""progressive pop"",""prog rock"",""Progressive Rock""]",http://www.wikidata.org/entity/Q7316035,http://www.wikidata.org/entity/Q49451,Rest (band),Progressive rock,105,66527,What genre is Rest?,"[""progressive rock"", ""prog-rock"", ""prog"", ""classical rock"", ""symphonic rock"", ""art rock"", ""progressive pop"", ""prog rock"", ""Progressive Rock""]","{""answer"":""If you mean the 2019 film 'Rest' (original title 'Rest'), it is a horror film; if you mean the 2022 album 'REST' by Charlotte Cardin, it is pop/soul — context needed for a definitive single-genre answer."",""confidence_score"":40}","If you mean the 2019 film 'Rest' (original title 'Rest'), it is a horror film; if you mean the 2022 album 'REST' by Charlotte Cardin, it is pop/soul — context needed for a definitive single-genre answer.",0.4,NOT_ATTEMPTED
8400,4565903,Ada,screenwriter,Arthur Sheekman,2013699,533,1456259,[],[],http://www.wikidata.org/entity/Q604678,http://www.wikidata.org/entity/Q4800271,Ada (1961 film),Arthur Sheekman,585,3227,Who was the screenwriter for Ada?,"[""Arthur Sheekman""]","{""answer"":""If you mean the 1961 film Ada (also released as Ada, the 1961 American film), the screenwriter was William Inge."",""confidence_score"":80}","If you mean the 1961 film Ada (also released as Ada, the 1961 American film), the screenwriter was William Inge.",0.8,INCORRECT
6967,2933196,The Debt,director,Frank Powell,1256352,526,1689885,"[""Debt""]",[],http://www.wikidata.org/entity/Q3986556,http://www.wikidata.org/entity/Q523961,The Debt (1917 film),Frank Powell,117,319,Who was the director of The Debt?,"[""Frank Powell""]","{""answer"":""The 2010 film The Debt was directed by John Madden."",""confidence_score"":95}",The 2010 film The Debt was directed by John Madden.,0.95,INCORRECT
3762,612230,Buckskin Mountain State Park,country,United States of America,250726,182,988513,[],"[""the United States of America"",""America"",""U.S.A."",""USA"",""U.S."",""US"",""the US"",""the USA"",""US of A"",""the United States"",""U. S. A."",""U. S."",""the States"",""the U.S."",""'Merica"",""U.S"",""United States"",""'Murica""]",http://www.wikidata.org/entity/Q14680292,http://www.wikidata.org/entity/Q30,Buckskin Mountain State Park,United States,305,1629691,In what country is Buckskin Mountain State Park?,"[""United States of America"", ""the United States of America"", ""America"", ""U.S.A."", ""USA"", ""U.S."", ""US"", ""the US"", ""the USA"", ""US of A"", ""the United States"", ""U. S. A."", ""U. S."", ""the States"", ""the U.S."", ""'Merica"", ""U.S"", ""United States"", ""'Murica""]","{
""answer"": ""Buckskin Mountain State Park is in the United States, located in Arizona along the Colorado River near Parker and La Paz County."",
""confidence_score"": 95
}","Buckskin Mountain State Park is in the United States, located in Arizona along the Colorado River near Parker and La Paz County.",0.95,CORRECT
9598,90682,A Prophet,screenwriter,Jacques Audiard,35169,533,1225371,"[""Prophet"",""Un proph\u00e8te"",""Un prophete""]",[],http://www.wikidata.org/entity/Q1061541,http://www.wikidata.org/entity/Q382389,A Prophet,Jacques Audiard,11493,6512,Who was the screenwriter for A Prophet?,"[""Jacques Audiard""]","{
""answer"": ""The screenwriter for A Prophet (Un prophète) was Jacques Audiard, who co-wrote the screenplay with Thomas Bidegain (and Abdel Raouf Dafri contributed to the story)."",
""confidence_score"": 90
}","The screenwriter for A Prophet (Un prophète) was Jacques Audiard, who co-wrote the screenplay with Thomas Bidegain (and Abdel Raouf Dafri contributed to the story).",0.9,CORRECT
5206,1033941,Water,producer,Ian La Frenais,441790,164,2000719,[],[],http://www.wikidata.org/entity/Q166554,http://www.wikidata.org/entity/Q5982007,Water (1985 film),Ian La Frenais,13303,3533,Who was the producer of Water?,"[""Ian La Frenais""]","{""answer"":""If you mean the 2005 film 'Water' (directed by Deepa Mehta), it was produced by Deepa Mehta (produced by David Hamilton and David Hamilton Productions are also credited) — primary producer: Deepa Mehta."",""confidence_score"":55}","If you mean the 2005 film 'Water' (directed by Deepa Mehta), it was produced by Deepa Mehta (produced by David Hamilton and David Hamilton Productions are also credited) — primary producer: Deepa Mehta.",0.55,INCORRECT
4904,6289639,South of Heaven,producer,Slayer,2838213,164,165582,[],[],http://www.wikidata.org/entity/Q835764,http://www.wikidata.org/entity/Q131231,South of Heaven,Slayer,11430,74923,Who was the producer of South of Heaven?,"[""Slayer""]","{
""answer"": ""South of Heaven (1988 Slayer album) was produced by Rick Rubin and Slayer (Rick Rubin as co-producer), with Kerry King and Tom Araya credited as band producers."", 
""confidence_score"": 90
}","South of Heaven (1988 Slayer album) was produced by Rick Rubin and Slayer (Rick Rubin as co-producer), with Kerry King and Tom Araya credited as band producers.",0.9,CORRECT
9533,442338,Emma,screenwriter,Sandy Welch,179621,533,1136281,[],[],http://www.wikidata.org/entity/Q1337993,http://www.wikidata.org/entity/Q3472122,Emma (2009 TV serial),Sandy Welch,7218,713,Who was the screenwriter for Emma?,"[""Sandy Welch""]","{""answer"":""If you mean the 2020 film Emma., the screenwriter was Eleanor Catton."",""confidence_score"":95}","If you mean the 2020 film Emma., the screenwriter was Eleanor Catton.",0.95,INCORRECT
43,1917994,Sarah Dawn Finer,occupation,songwriter,842627,22,2577376,[],"[""song writer""]",http://www.wikidata.org/entity/Q248592,http://www.wikidata.org/entity/Q753110,Sarah Dawn Finer,Songwriter,766,25550,What is Sarah Dawn Finer's occupation?,"[""actor"", ""actress"", ""actors"", ""actresses"", ""songwriter"", ""song writer""]","{
""answer"": ""Sarah Dawn Finer is a Swedish singer, songwriter, actress and television presenter."",
""confidence_score"": 95
}","Sarah Dawn Finer is a Swedish singer, songwriter, actress and television presenter.",0.95,CORRECT
3299,3802874,Cornelis Bloemaert,father,Abraham Bloemaert,1657475,257,1083086,"[""Cornelis Bloemaert II"",""Cornelis, II Bloemaert"",""Cornelis, the younger Bloemaert"",""Corn. Bloemart"",""Cornelis Bloemaart"",""Cornelis II Bloemaert"",""Cornelius Bloemaert"",""Cornelius Bloemart"",""Cornelis Bloemaert (II)"",""Winter"",""Cor. Blomaert"",""corn. blomaert"",""Corneille Blomart"",""Cornelio Bauri"",""C. Bloemaert"",""cornelis bloemaert"",""C. Bloemart"",""Bloemaert Corneille""]","[""Abraham Bloemaart"",""Abraham Blumard"",""Abraham Blomert"",""Abraham Bloemmert"",""Abraham Blomart"",""Abraham Van Bloemart"",""Abraham Blommert den Ouden"",""Abraham Blomaert"",""Abraham Bloemart"",""Abraham Blommaert den Ouden"",""Ab. Blomart"",""Abraham Blommert"",""Abrm Bloemart"",""A. Blomart"",""Abraham Bloemar"",""Abraham Bloemert"",""A. Blomard"",""Abraham Bloamert"",""Blomaert"",""Blomarte"",""A Bloemart"",""Bloemart. A."",""Blommaert"",""Abrahame Bloemart"",""A. Bloemaert"",""A. Bloemaers"",""A. Bloem\u00e6rt"",""Blomcart"",""Blomardt"",""A. Bloemmart"",""Bloemant"",""Abraham Bloemaere"",""Blommouth"",""arblomar"",""A. Blomert"",""Abr. Bloemhart"",""Blo\u00ebmaert"",""Blommer"",""Abr. Blomart"",""Abr. Bloemart"",""Bloemaers"",""Bloemmert"",""Bloemaert"",""Abr. Blomard"",""abraham van bloemaert"",""Bloemars"",""Abraham Blomhardt"",""Braham Bloemaert"",""A. Blommert"",""A. Bloomart"",""Blo\u00ebmart"",""Bloomart"",""Abrah. Blomard"",""a. blomaert"",""abraham blomaert"",""Abraham Blummard"",""Blovemart"",""bloemaert abraham"",""A. Bloemmaert"",""A. Bloemaard"",""den ouden Blommert"",""Abraham Blomaer"",""A. Bloemaart"",""Abrah. Bloemaert"",""de Blomaert"",""Bloemmaert"",""Abraham Blommaerts"",""Ab. Blomaert"",""Abrah. Blomaert"",""Bloemart"",""A. Blomhaert"",""A. Blommaer"",""blommart"",""Abraham Blommart"",""Abramo Bloemart"",""A. Blomaert"",""Bloema\u00ebrt"",""Abm. Bloemart"",""Abrah. Bloemert"",""Bolemaert"",""abraham bloemart"",""Blomeart"",""Adam Blo\u00e9maert"",""Abraham Bloemarth"",""Abraham von Bloemaet"",""Bloemaart"",""Blo\u00e9mard"",""Blomant"",""A. Blommaert"",""a. bloemart"",""Abrah. Bl\u00f6mart"",""Abraham van Bloemaert"",""Arraham Bloemaert"",""Ab. Bloemaert"",""Abr. Bloemaert"",""abr. bloemaert"",""Ab. Bloemart"",""Abraham Blommaert"",""Blomert"",""Blomaerts"",""A. Bloemar"",""A. Bloemarh"",""den ouden Blommaert"",""Blommert"",""Bloomant"",""Abr. Blomardt"",""A. Bloomaert"",""Blomart"",""A. Bloemart"",""Abrah. Bloemaart"",""Abraham Bommaert"",""Abr. Blomaert"",""A. Bloem\u00e4art"",""Bloemarert"",""Bloumart"",""Blumard"",""Abraham Blomeart"",""Abraham Bloemaat"",""an blomar"",""Bloemar"",""A. Bloemert"",""Van Bloemart"",""Blomard""]",http://www.wikidata.org/entity/Q518767,http://www.wikidata.org/entity/Q329811,Cornelis Bloemaert,Abraham Bloemaert,184,900,Who is the father of Cornelis Bloemaert?,"[""Abraham Bloemaert"", ""Abraham Bloemaart"", ""Abraham Blumard"", ""Abraham Blomert"", ""Abraham Bloemmert"", ""Abraham Blomart"", ""Abraham Van Bloemart"", ""Abraham Blommert den Ouden"", ""Abraham Blomaert"", ""Abraham Bloemart"", ""Abraham Blommaert den Ouden"", ""Ab. Blomart"", ""Abraham Blommert"", ""Abrm Bloemart"", ""A. Blomart"", ""Abraham Bloemar"", ""Abraham Bloemert"", ""A. Blomard"", ""Abraham Bloamert"", ""Blomaert"", ""Blomarte"", ""A Bloemart"", ""Bloemart. A."", ""Blommaert"", ""Abrahame Bloemart"", ""A. Bloemaert"", ""A. Bloemaers"", ""A. Bloemært"", ""Blomcart"", ""Blomardt"", ""A. Bloemmart"", ""Bloemant"", ""Abraham Bloemaere"", ""Blommouth"", ""arblomar"", ""A. Blomert"", ""Abr. Bloemhart"", ""Bloëmaert"", ""Blommer"", ""Abr. Blomart"", ""Abr. Bloemart"", ""Bloemaers"", ""Bloemmert"", ""Bloemaert"", ""Abr. Blomard"", ""abraham van bloemaert"", ""Bloemars"", ""Abraham Blomhardt"", ""Braham Bloemaert"", ""A. Blommert"", ""A. Bloomart"", ""Bloëmart"", ""Bloomart"", ""Abrah. Blomard"", ""a. blomaert"", ""abraham blomaert"", ""Abraham Blummard"", ""Blovemart"", ""bloemaert abraham"", ""A. Bloemmaert"", ""A. Bloemaard"", ""den ouden Blommert"", ""Abraham Blomaer"", ""A. Bloemaart"", ""Abrah. Bloemaert"", ""de Blomaert"", ""Bloemmaert"", ""Abraham Blommaerts"", ""Ab. Blomaert"", ""Abrah. Blomaert"", ""Bloemart"", ""A. Blomhaert"", ""A. Blommaer"", ""blommart"", ""Abraham Blommart"", ""Abramo Bloemart"", ""A. Blomaert"", ""Bloemaërt"", ""Abm. Bloemart"", ""Abrah. Bloemert"", ""Bolemaert"", ""abraham bloemart"", ""Blomeart"", ""Adam Bloémaert"", ""Abraham Bloemarth"", ""Abraham von Bloemaet"", ""Bloemaart"", ""Bloémard"", ""Blomant"", ""A. Blommaert"", ""a. bloemart"", ""Abrah. Blömart"", ""Abraham van Bloemaert"", ""Arraham Bloemaert"", ""Ab. Bloemaert"", ""Abr. Bloemaert"", ""abr. bloemaert"", ""Ab. Bloemart"", ""Abraham Blommaert"", ""Blomert"", ""Blomaerts"", ""A. Bloemar"", ""A. Bloemarh"", ""den ouden Blommaert"", ""Blommert"", ""Bloomant"", ""Abr. Blomardt"", ""A. Bloomaert"", ""Blomart"", ""A. Bloemart"", ""Abrah. Bloemaart"", ""Abraham Bommaert"", ""Abr. Blomaert"", ""A. Bloemäart"", ""Bloemarert"", ""Bloumart"", ""Blumard"", ""Abraham Blomeart"", ""Abraham Bloemaat"", ""an blomar"", ""Bloemar"", ""A. Bloemert"", ""Van Bloemart"", ""Blomard""]","{
""answer"": ""The father of Cornelis Bloemaert was the Dutch engraver and artist Abraham Bloemaert."",
""confidence_score"": 95
}",The father of Cornelis Bloemaert was the Dutch engraver and artist Abraham Bloemaert.,0.95,CORRECT
7801,1853188,Brussels Capital Region,capital of,European Economic Community,815434,97,1713642,"[""Brussels Region"",""Brussels"",""BE-BRU"",""Bruxelles-Capitale"",""BXL"",""20e"",""04000"",""BHG"",""Brussel"",""Brussels Gewest"",""Bruxelles"",""Brussel-Hoofdstad"",""R\u00e9gion Bruxellois"",""Brussels-Capital Region""]","[""EEC"",""Common Market"",""European Community""]",http://www.wikidata.org/entity/Q240,http://www.wikidata.org/entity/Q52847,Brussels,European Economic Community,76663,24309,What is Brussels Capital Region the capital of?,"[""Burgundian Netherlands"", ""Western European Union"", ""European Economic Community"", ""EEC"", ""Common Market"", ""European Community"", ""Spanish Netherlands"", ""Austrian Netherlands""]","{
""answer"": ""The Brussels-Capital Region is the capital of Belgium (and also serves as the de facto capital of the European Union),"",
""confidence_score"": 95
}","The Brussels-Capital Region is the capital of Belgium (and also serves as the de facto capital of the European Union),",0.95,INCORRECT
6742,5777650,Small Town,director,Thomas Schlamme,2581039,526,1021153,[],"[""Thomas David Schlamme""]",http://www.wikidata.org/entity/Q7542934,http://www.wikidata.org/entity/Q3099573,Small Town (Sports Night),Thomas Schlamme,157,4465,Who was the director of Small Town?,"[""Thomas Schlamme"", ""Thomas David Schlamme""]","{
""answer"": ""The director of Small Town (1946) is John Pawley."", 
""confidence_score"": 15
}",The director of Small Town (1946) is John Pawley.,0.15,INCORRECT
6509,6395866,The Supplement,director,Krzysztof Zanussi,2880525,526,1833735,"[""Supplement""]","[""Krzysztof Pius Zanussi""]",http://www.wikidata.org/entity/Q9076456,http://www.wikidata.org/entity/Q55169,The Supplement,Krzysztof Zanussi,179,1616,Who was the director of The Supplement?,"[""Krzysztof Zanussi"", ""Krzysztof Pius Zanussi""]","{
""answer"": ""The Supplement was directed by Krzysztof Zanussi."",
""confidence_score"": 95
}",The Supplement was directed by Krzysztof Zanussi.,0.95,CORRECT
6737,2858626,The Barrier,director,Lesley Selander,1225031,526,583993,"[""Barrier""]",[],http://www.wikidata.org/entity/Q3822600,http://www.wikidata.org/entity/Q1804597,The Barrier (1937 film),Lesley Selander,98,653,Who was the director of The Barrier?,"[""Lesley Selander""]","{
""answer"": ""The Barrier (1950 film) was directed by Carole E. Putnam."", 
""confidence_score"": 12
}",The Barrier (1950 film) was directed by Carole E. Putnam.,0.12,INCORRECT
13523,6503630,Eadburh,mother,Cynethryth,2920972,292,914702,"[""Eadburg""]",[],http://www.wikidata.org/entity/Q962190,http://www.wikidata.org/entity/Q271786,Eadburh,Cynethryth,1010,1483,Who is the mother of Eadburh?,"[""Cynethryth""]","{
""answer"": ""The mother of Eadburh (wife of Æthelred I of Wessex) was Wulfthryth (also spelled Wulfhild or Wulfhildis), a noblewoman associated with Mercia."", 
""confidence_score"": 55
}","The mother of Eadburh (wife of Æthelred I of Wessex) was Wulfthryth (also spelled Wulfhild or Wulfhildis), a noblewoman associated with Mercia.",0.55,INCORRECT
11215,1175807,José Cardoso Sobrinho,religion,Catholic Church,522758,106,2918816,"[""Jose Cardoso Sobrinho""]","[""Roman Catholic Church"",""Church"",""Roman Apostolic Catholic Church""]",http://www.wikidata.org/entity/Q1709077,http://www.wikidata.org/entity/Q9592,José Cardoso Sobrinho,Catholic Church,228,195995,What is the religion of José Cardoso Sobrinho?,"[""Catholic Church"", ""Roman Catholic Church"", ""Church"", ""Roman Apostolic Catholic Church""]","{
""answer"": ""José Cardoso Sobrinho is a Roman Catholic (he is an archbishop of the Roman Catholic Church)."",
""confidence_score"": 95
}",José Cardoso Sobrinho is a Roman Catholic (he is an archbishop of the Roman Catholic Church).,0.95,CORRECT
4647,6284805,The Hurricane,producer,Norman Jewison,2836287,164,1019022,"[""Hurricane""]",[],http://www.wikidata.org/entity/Q832732,http://www.wikidata.org/entity/Q309214,The Hurricane (1999 film),Norman Jewison,14419,12160,Who was the producer of The Hurricane?,"[""Norman Jewison"", ""Armyan Bernstein""]","{""answer"":""The producer of the 1999 film The Hurricane was Norman Jewison (director) with producers including Armyan Bernstein and Denis O'Sullivan—primary producer credited: Armyan Bernstein."",""confidence_score"":70}",The producer of the 1999 film The Hurricane was Norman Jewison (director) with producers including Armyan Bernstein and Denis O'Sullivan—primary producer credited: Armyan Bernstein.,0.7,CORRECT
1633,236734,The Birds,genre,Old Comedy,95625,91,77008,"[""Birds""]",[],http://www.wikidata.org/entity/Q1164079,http://www.wikidata.org/entity/Q1132537,The Birds (play),Old Comedy,5956,1351,What genre is The Birds?,"[""Old Comedy""]","{
""answer"": ""The Birds is a 1963 British-American horror-thriller film directed by Alfred Hitchcock (often classified as horror with elements of thriller and suspense)."",
""confidence_score"": 95
}",The Birds is a 1963 British-American horror-thriller film directed by Alfred Hitchcock (often classified as horror with elements of thriller and suspense).,0.95,INCORRECT
4736,2456257,The Fighter,producer,Mark Wahlberg,1063919,164,429172,"[""Fighter""]","[""Marky Mark"",""Mark Robert"",""Michael Wahlberg"",""Mark Robert Michael Wahlberg""]",http://www.wikidata.org/entity/Q323472,http://www.wikidata.org/entity/Q164119,The Fighter,Mark Wahlberg,33107,350988,Who was the producer of The Fighter?,"[""Mark Wahlberg"", ""Marky Mark"", ""Mark Robert"", ""Michael Wahlberg"", ""Mark Robert Michael Wahlberg""]","{
""answer"": ""The producers of The Fighter (2010) include David O. Russell, Scott Silver, and Michael Fottrell, with Emma Tillinger Koskoff and Christina Hendricks listed as co-producers."",
""confidence_score"": 85
}","The producers of The Fighter (2010) include David O. Russell, Scott Silver, and Michael Fottrell, with Emma Tillinger Koskoff and Christina Hendricks listed as co-producers.",0.85,INCORRECT
3947,1404597,Fox News,country,United States of America,628213,182,988513,"[""FNC"",""foxnews.com"",""FoxNews"",""Fox News Channel""]","[""the United States of America"",""America"",""U.S.A."",""USA"",""U.S."",""US"",""the US"",""the USA"",""US of A"",""the United States"",""U. S. A."",""U. S."",""the States"",""the U.S."",""'Merica"",""U.S"",""United States"",""'Murica""]",http://www.wikidata.org/entity/Q186068,http://www.wikidata.org/entity/Q30,Fox News,United States,106131,1629691,In what country is Fox News?,"[""United States of America"", ""the United States of America"", ""America"", ""U.S.A."", ""USA"", ""U.S."", ""US"", ""the US"", ""the USA"", ""US of A"", ""the United States"", ""U. S. A."", ""U. S."", ""the States"", ""the U.S."", ""'Merica"", ""U.S"", ""United States"", ""'Murica""]","{
""answer"": ""Fox News is based in the United States."",
""confidence_score"": 100
}",Fox News is based in the United States.,1.0,CORRECT
11954,6147968,Watchers at the Strait Gate,author,Russell Kirk,2770778,484,343466,[],"[""Russell Amos Kirk""]",http://www.wikidata.org/entity/Q7973124,http://www.wikidata.org/entity/Q158997,Watchers at the Strait Gate,Russell Kirk,84,6817,Who is the author of Watchers at the Strait Gate?,"[""Russell Kirk"", ""Russell Amos Kirk""]","{""answer"":""The author of Watchers at the Strait Gate is J. H. Brennan."",""confidence_score"":85}",The author of Watchers at the Strait Gate is J. H. Brennan.,0.85,INCORRECT
4469,2453984,About Face,producer,Bob Ezrin,1062996,164,1043796,[],"[""Robert Alan Ezrin"",""00042476488 IPI"",""00042476586 IPI""]",http://www.wikidata.org/entity/Q323128,http://www.wikidata.org/entity/Q316850,About Face (album),Bob Ezrin,3582,9419,Who was the producer of About Face?,"[""Bob Ezrin"", ""Robert Alan Ezrin"", ""00042476488 IPI"", ""00042476586 IPI""]","{
""answer"": ""About Face (1989 film) was produced by Norman Jewison; if you mean the album About Face (1984) it was produced by Peter Gabriel for the title track and by Daniel Lanois and Peter Gabriel for the album as a whole."",
""confidence_score"": 45
}",About Face (1989 film) was produced by Norman Jewison; if you mean the album About Face (1984) it was produced by Peter Gabriel for the title track and by Daniel Lanois and Peter Gabriel for the album as a whole.,0.45,INCORRECT
9668,539283,Fall,screenwriter,Eric Schaeffer,220267,533,191103,[],[],http://www.wikidata.org/entity/Q1394424,http://www.wikidata.org/entity/Q1351612,Fall (1997 film),Eric Schaeffer,917,1090,Who was the screenwriter for Fall?,"[""Eric Schaeffer""]","{""answer"":""The screenwriters for the 2022 film Fall are Scott Mann, Jonathan Frank, and Eric Brown (screenplay by Scott Mann and Jonathan Frank; story by Jonathan Frank and Eric Brown)."",""confidence_score"":95}","The screenwriters for the 2022 film Fall are Scott Mann, Jonathan Frank, and Eric Brown (screenplay by Scott Mann and Jonathan Frank; story by Jonathan Frank and Eric Brown).",0.95,INCORRECT
9111,2912893,Tine,screenwriter,Knud Leif Thomsen,1248011,533,1291896,[],[],http://www.wikidata.org/entity/Q392960,http://www.wikidata.org/entity/Q426241,Tine (film),Knud Leif Thomsen,99,145,Who was the screenwriter for Tine?,"[""Knud Leif Thomsen""]","{""answer"":""The screenwriter for the 1964 Danish film Tine was Carl Theodor Dreyer (screenplay by Dreyer, based on a novella by Herman Bang)."",""confidence_score"":85}","The screenwriter for the 1964 Danish film Tine was Carl Theodor Dreyer (screenplay by Dreyer, based on a novella by Herman Bang).",0.85,INCORRECT
4732,1305068,The Best Day,producer,Thurston Moore,580294,164,1590278,[],"[""Thurston Joseph Moore""]",http://www.wikidata.org/entity/Q17985862,http://www.wikidata.org/entity/Q505677,The Best Day (Thurston Moore album),Thurston Moore,381,16426,Who was the producer of The Best Day?,"[""Thurston Moore"", ""Thurston Joseph Moore""]","{
""answer"": ""The producer of the song \""The Best Day\"" (by Taylor Swift) was Nathan Chapman."", 
""confidence_score"": 95
}","The producer of the song \""The Best Day\"" (by Taylor Swift) was Nathan Chapman.",0.95,INCORRECT
11363,3051449,Ignacy Tokarczuk,religion,Catholic Church,1304535,106,2918816,[],"[""Roman Catholic Church"",""Church"",""Roman Apostolic Catholic Church""]",http://www.wikidata.org/entity/Q435254,http://www.wikidata.org/entity/Q9592,Ignacy Tokarczuk,Catholic Church,67,195995,What is the religion of Ignacy Tokarczuk?,"[""Catholic Church"", ""Roman Catholic Church"", ""Church"", ""Roman Apostolic Catholic Church""]","{""answer"":""Ignacy Tokarczuk was a Roman Catholic (he served as a Polish Roman Catholic bishop)."",""confidence_score"":90}",Ignacy Tokarczuk was a Roman Catholic (he served as a Polish Roman Catholic bishop).,0.9,CORRECT
11168,1021937,Saint Patrick,religion,Celtic Christianity,436897,106,141876,"[""Patricius"",""Magonus"",""Succetus"",""St. Patrick"",""St Patrick"",""Patrick"",""Apostle of Ireland"",""Enlightener of Ireland"",""Maewyn Succat"",""Cothirthiacus""]","[""Celtic Church"",""Insular Christianity""]",http://www.wikidata.org/entity/Q165479,http://www.wikidata.org/entity/Q1258552,Saint Patrick,Celtic Christianity,43319,12958,What is the religion of Saint Patrick?,"[""Celtic Christianity"", ""Celtic Church"", ""Insular Christianity"", ""Christianity"", ""Christian faith""]","{
""answer"": ""Saint Patrick was a Christian (specifically a bishop in the early medieval Celtic Church, later associated with Roman Catholic tradition)."",
""confidence_score"": 100
}","Saint Patrick was a Christian (specifically a bishop in the early medieval Celtic Church, later associated with Roman Catholic tradition).",1.0,CORRECT
3655,4293068,1999 Guatemalan general election,country,Guatemala,1883263,182,2661121,"[""Guatemalan general election, 1999""]","[""gt"",""\ud83c\uddec\ud83c\uddf9"",""Republic of Guatemala"",""GUA""]",http://www.wikidata.org/entity/Q5614290,http://www.wikidata.org/entity/Q774,1999 Guatemalan general election,Guatemala,297,107674,In what country is 1999 Guatemalan general election?,"[""Guatemala"", ""gt"", ""🇬🇹"", ""Republic of Guatemala"", ""GUA""]","{
""answer"": ""The 1999 Guatemalan general election took place in Guatemala."",
""confidence_score"": 100
}",The 1999 Guatemalan general election took place in Guatemala.,1.0,CORRECT
13944,907670,Province of Cremona,capital,Cremona,385643,422,2072985,"[""Cremona province"",""provincia di Cremona""]",[],http://www.wikidata.org/entity/Q16163,http://www.wikidata.org/entity/Q6231,Province of Cremona,Cremona,880,8741,What is the capital of Province of Cremona?,"[""Cremona""]","{
""answer"": ""The capital of the Province of Cremona is the city of Cremona."",
""confidence_score"": 100
}",The capital of the Province of Cremona is the city of Cremona.,1.0,CORRECT
1569,509657,Love Story,genre,romance novel,209139,91,2852268,[],[],http://www.wikidata.org/entity/Q1373645,http://www.wikidata.org/entity/Q858330,Love Story (novel),Romance novel,6638,26638,What genre is Love Story?,"[""romance novel""]","{
""answer"": ""Love Story is a 1970 romantic drama film (adapted from Erich Segal's 1970 novel)."",
""confidence_score"": 95
}",Love Story is a 1970 romantic drama film (adapted from Erich Segal's 1970 novel).,0.95,INCORRECT
4300,6003967,Together,producer,Wes Craven,2696319,164,772368,[],"[""Wesley Earl Craven""]",http://www.wikidata.org/entity/Q7813060,http://www.wikidata.org/entity/Q223992,Together (1971 film),Wes Craven,9033,251766,Who was the producer of Together?,"[""Wes Craven"", ""Wesley Earl Craven""]","{""answer"":""The producer of the 1971 film Together was producer Ray Connolly."",""confidence_score"":35}",The producer of the 1971 film Together was producer Ray Connolly.,0.35,INCORRECT
11116,4092101,Father Jean Bernard,religion,Catholic Church,1790852,106,2918816,[],"[""Roman Catholic Church"",""Church"",""Roman Apostolic Catholic Church""]",http://www.wikidata.org/entity/Q543452,http://www.wikidata.org/entity/Q9592,Father Jean Bernard,Catholic Church,282,195995,What is the religion of Father Jean Bernard?,"[""Catholic Church"", ""Roman Catholic Church"", ""Church"", ""Roman Apostolic Catholic Church""]","{""answer"":""Father Jean Bernard was a Roman Catholic priest (Catholic)."",""confidence_score"":90}",Father Jean Bernard was a Roman Catholic priest (Catholic).,0.9,CORRECT
10605,2056028,Mass,composer,Igor Stravinsky,900704,639,2478295,[],"[""Igor Fyodorovich Stravinsky"",""Stravinsky"",""Igor Strawinski"",""Igor Strawinsky"",""Igor Stravinskii"",""Igor Feodorovich Stravinsky"",""Jgor Strawinsky"",""Igor Strawinskij"",""Igor Stravinski"",""Igor Fedorovich Stravinsky"",""I. Strawinsky""]",http://www.wikidata.org/entity/Q2675986,http://www.wikidata.org/entity/Q7314,Mass (Stravinsky),Igor Stravinsky,386,42745,Who was the composer of Mass?,"[""Igor Stravinsky"", ""Igor Fyodorovich Stravinsky"", ""Stravinsky"", ""Igor Strawinski"", ""Igor Strawinsky"", ""Igor Stravinskii"", ""Igor Feodorovich Stravinsky"", ""Jgor Strawinsky"", ""Igor Strawinskij"", ""Igor Stravinski"", ""Igor Fedorovich Stravinsky"", ""I. Strawinsky""]","{""answer"":""The composer of the Mass depends on which Mass is meant; for example, Johann Sebastian Bach composed the Mass in B minor, Wolfgang Amadeus Mozart composed the Great Mass in C minor, and Franz Schubert composed the Mass No. 2 in G major—please specify which Mass you mean."",""confidence_score"":80}","The composer of the Mass depends on which Mass is meant; for example, Johann Sebastian Bach composed the Mass in B minor, Wolfgang Amadeus Mozart composed the Great Mass in C minor, and Franz Schubert composed the Mass No. 2 in G major—please specify which Mass you mean.",0.8,INCORRECT
2923,2963470,Æthelburh of Wilton,father,Ealhmund of Kent,1269229,257,2461116,[],[],http://www.wikidata.org/entity/Q4063418,http://www.wikidata.org/entity/Q728177,Æthelburh of Wilton,Ealhmund of Kent,326,3976,Who is the father of Æthelburh of Wilton?,"[""Ealhmund of Kent""]","{""answer"":""Æthelburh of Wilton was the daughter of King Æthelberht of Kent."",""confidence_score"":85}",Æthelburh of Wilton was the daughter of King Æthelberht of Kent.,0.85,INCORRECT
13366,2029081,Easter,author,August Strindberg,889155,484,2653532,[],"[""Johan August Strindberg"",""A. S\u1e6drindberg"",""Augusts Strindbergs"",""August Johan Strindberg"",""Sutorintoberuku""]",http://www.wikidata.org/entity/Q263929,http://www.wikidata.org/entity/Q7724,Easter (play),August Strindberg,178,11532,Who is the author of Easter?,"[""August Strindberg"", ""Johan August Strindberg"", ""A. Sṭrindberg"", ""Augusts Strindbergs"", ""August Johan Strindberg"", ""Sutorintoberuku""]","{
""answer"": ""If you mean the poem/song 'Easter' by William Butler Yeats, its author is W.B. Yeats; if you mean the novel 'Easter' (1999) it's by Julie Hecht, and if you mean 'Easter' (a short story) or other works titled 'Easter' the author varies—please specify which work you mean."",
""confidence_score"": 55
}","If you mean the poem/song 'Easter' by William Butler Yeats, its author is W.B. Yeats; if you mean the novel 'Easter' (1999) it's by Julie Hecht, and if you mean 'Easter' (a short story) or other works titled 'Easter' the author varies—please specify which work you mean.",0.55,INCORRECT
4013,21770,Givron,country,France,9177,182,230035,[],"[""fr"",""FR"",""R\u00e9publique fran\u00e7aise"",""La France"",""Republic of France"",""French Republic"",""FRA"",""the Hexagon""]",http://www.wikidata.org/entity/Q1021558,http://www.wikidata.org/entity/Q142,Givron,France,91,486947,In what country is Givron?,"[""France"", ""fr"", ""FR"", ""République française"", ""La France"", ""Republic of France"", ""French Republic"", ""FRA"", ""the Hexagon""]","{""answer"":""Givron is in France."",""confidence_score"":85}",Givron is in France.,0.85,CORRECT
1148,6092348,Valvin Roane,genre,rhythm and blues,2741240,91,1350191,[],"[""R&B"",""RnB"",""RNB"",""R and B"",""R & B""]",http://www.wikidata.org/entity/Q7912845,http://www.wikidata.org/entity/Q45981,Valvin Roane,Rhythm and blues,127,60774,What genre is Valvin Roane?,"[""rhythm and blues"", ""R&B"", ""RnB"", ""RNB"", ""R and B"", ""R & B""]","{
""answer"": ""Valvin Roane is a gospel singer (gospel music artist)."",
""confidence_score"": 55
}",Valvin Roane is a gospel singer (gospel music artist).,0.55,INCORRECT
3579,482849,Shintotsukawa,country,Japan,197361,182,502871,[],"[""State of Japan"",""Land of the Rising Sun"",""Nihon"",""Nippon"",""JP"",""Nippon-koku"",""Nihon-koku"",""JA"",""JPN"",""jp"",""JAP"",""Ja"",""Jap""]",http://www.wikidata.org/entity/Q1357180,http://www.wikidata.org/entity/Q17,"Shintotsukawa, Hokkaido",Japan,186,702414,In what country is Shintotsukawa?,"[""Japan"", ""State of Japan"", ""Land of the Rising Sun"", ""Nihon"", ""Nippon"", ""JP"", ""Nippon-koku"", ""Nihon-koku"", ""JA"", ""JPN"", ""jp"", ""JAP"", ""Ja"", ""Jap""]","{
""answer"": ""Shintotsukawa is in Japan."",
""confidence_score"": 95
}",Shintotsukawa is in Japan.,0.95,CORRECT
11886,3511774,Billy Lumley,sport,association football,1516727,560,920845,"[""William Daniel Lumley""]","[""football"",""soccer""]",http://www.wikidata.org/entity/Q4912916,http://www.wikidata.org/entity/Q2736,Billy Lumley,Association football,103,197767,What sport does Billy Lumley play?,"[""association football"", ""football"", ""soccer""]","{
""answer"": ""Billy Lumley is an English professional football (soccer) goalkeeper."",
""confidence_score"": 90
}",Billy Lumley is an English professional football (soccer) goalkeeper.,0.9,CORRECT
8118,139788,Evening,screenwriter,Michael Cunningham,56181,533,1022324,[],[],http://www.wikidata.org/entity/Q1091140,http://www.wikidata.org/entity/Q310257,Evening (film),Michael Cunningham,6369,3723,Who was the screenwriter for Evening?,"[""Michael Cunningham"", ""Susan Minot""]","{
""answer"": ""The screenwriter for the 2007 film Evening was Susan Minot, who adapted her own novel for the screen."",
""confidence_score"": 95
}","The screenwriter for the 2007 film Evening was Susan Minot, who adapted her own novel for the screen.",0.95,INCORRECT
7630,4502258,How I Spent My Summer Vacation,director,John Fisher,1984258,526,1044874,[],[],http://www.wikidata.org/entity/Q5917833,http://www.wikidata.org/entity/Q317149,How I Spent My Summer Vacation (1997 film),John Fisher,191,7801,Who was the director of How I Spent My Summer Vacation?,"[""John Fisher""]","{
""answer"": ""How I Spent My Summer Vacation (1967), also known as Gettin' Together!, was directed by Vito Russo; if you mean the 1997 Canadian film, it was directed by Martin Lagestee; if you mean the 2012 action film (a.k.a. The Haunting of Molly Hartley in some markets) it was directed by John Schultz."",
""confidence_score"": 30
}","How I Spent My Summer Vacation (1967), also known as Gettin' Together!, was directed by Vito Russo; if you mean the 1997 Canadian film, it was directed by Martin Lagestee; if you mean the 2012 action film (a.k.a. The Haunting of Molly Hartley in some markets) it was directed by John Schultz.",0.3,INCORRECT
9563,5024795,The Front Page,screenwriter,Charles Lederer,2219133,533,2927454,"[""Front Page""]","[""Charles Davies Lederer"",""Charles D. Lederer""]",http://www.wikidata.org/entity/Q669068,http://www.wikidata.org/entity/Q971219,The Front Page (1931 film),Charles Lederer,2127,4373,Who was the screenwriter for The Front Page?,"[""Charles Lederer"", ""Charles Davies Lederer"", ""Charles D. Lederer""]","{
""answer"": ""The screenwriter for the 1931 film The Front Page was Ben Hecht (screenplay) with Charles MacArthur as co-writer of the original play; for the 1974 film adaptation, the screenplay was by Nancy Olson and I.A.L. Diamond."", 
""confidence_score"": 85
}","The screenwriter for the 1931 film The Front Page was Ben Hecht (screenplay) with Charles MacArthur as co-writer of the original play; for the 1974 film adaptation, the screenplay was by Nancy Olson and I.A.L. Diamond.",0.85,INCORRECT
2379,1253577,Come on Down,genre,grunge,558414,91,79711,[],"[""Seattle sound""]",http://www.wikidata.org/entity/Q1756308,http://www.wikidata.org/entity/Q11365,Come On Down (EP),Grunge,660,69699,What genre is Come on Down?,"[""grunge"", ""Seattle sound""]","{
""answer"": ""Come on Down is a song in the nu metal genre."",
""confidence_score"": 70
}",Come on Down is a song in the nu metal genre.,0.7,INCORRECT
4823,308234,Good Vibrations,producer,Andrew Eaton,124960,164,1429888,[],"[""Andrew Campbell Eaton""]",http://www.wikidata.org/entity/Q12124618,http://www.wikidata.org/entity/Q4756878,Good Vibrations (film),Andrew Eaton,1771,1449,Who was the producer of Good Vibrations?,"[""David Holmes"", ""Andrew Eaton"", ""Andrew Campbell Eaton""]","{
""answer"": ""The producer of the Beach Boys' song 'Good Vibrations' was Brian Wilson."",
""confidence_score"": 95
}",The producer of the Beach Boys' song 'Good Vibrations' was Brian Wilson.,0.95,INCORRECT
1443,5159652,Gasoline,genre,crime film,2282653,91,2919224,"[""Benzina""]","[""crime movie""]",http://www.wikidata.org/entity/Q683563,http://www.wikidata.org/entity/Q959790,Gasoline (film),Crime film,248,28275,What genre is Gasoline?,"[""crime film"", ""crime movie""]","{
""answer"": ""If you mean the 2001 Canadian film 'Gasoline' (original title 'Essence of Murder'), it is a crime drama; if you mean the 2018 Halsey song 'Gasoline', it is alternative pop/indie pop."", 
""confidence_score"": 65
}","If you mean the 2001 Canadian film 'Gasoline' (original title 'Essence of Murder'), it is a crime drama; if you mean the 2018 Halsey song 'Gasoline', it is alternative pop/indie pop.",0.65,CORRECT
1401,5248300,The Simple Life,genre,reality television,2326263,91,606038,[],"[""reality TV"",""reality television program"",""reality TV program"",""reality television show"",""television reality program"",""television reality show"",""TV reality program"",""TV reality show""]",http://www.wikidata.org/entity/Q696289,http://www.wikidata.org/entity/Q182415,The Simple Life,Reality television,12496,40906,What genre is The Simple Life?,"[""reality television"", ""reality TV"", ""reality television program"", ""reality TV program"", ""reality television show"", ""television reality program"", ""television reality show"", ""TV reality program"", ""TV reality show""]","{
""answer"": ""The Simple Life is a reality television series (with elements of comedy and docu-reality)."",
""confidence_score"": 95
}",The Simple Life is a reality television series (with elements of comedy and docu-reality).,0.95,CORRECT
3481,5507893,Pârâul Bogat,country,Romania,2452931,182,756886,"[""Paraul Bogat""]","[""Roumania"",""Rumania"",""Rom\u00e2nia"",""ro"",""\ud83c\uddf7\ud83c\uddf4""]",http://www.wikidata.org/entity/Q7264133,http://www.wikidata.org/entity/Q218,Pârâul Bogat,Romania,7,278539,In what country is Pârâul Bogat?,"[""Romania"", ""Roumania"", ""Rumania"", ""România"", ""ro"", ""🇷🇴""]","Pârâul Bogat is a river in Romania. 
{
""answer"": ""Pârâul Bogat is a river in Romania."",
""confidence_score"": 95
}",Pârâul Bogat is a river in Romania.,0.95,CORRECT
979,5559137,Renato Bartilotti,place of birth,Villahermosa,2477516,218,738991,[],[],http://www.wikidata.org/entity/Q7312623,http://www.wikidata.org/entity/Q210886,Renato Bartilotti,Villahermosa,132,4255,In what city was Renato Bartilotti born?,"[""Villahermosa""]","{
""answer"": ""Renato Bartilotti was born in Mexico City, Mexico."",
""confidence_score"": 75
}","Renato Bartilotti was born in Mexico City, Mexico.",0.75,INCORRECT
7043,2030715,The Chicken,director,Claude Berri,889813,526,985955,"[""Chicken"",""Le Poulet""]",[],http://www.wikidata.org/entity/Q2641404,http://www.wikidata.org/entity/Q298905,The Chicken (film),Claude Berri,164,1936,Who was the director of The Chicken?,"[""Claude Berri""]","{
""answer"": ""The director of The Chicken (2001 short film starring David Spade) is David Zucker."",
""confidence_score"": 85
}",The director of The Chicken (2001 short film starring David Spade) is David Zucker.,0.85,INCORRECT
11055,1021938,Saint Patrick,religion,Christianity,436897,106,1582175,"[""Patricius"",""Magonus"",""Succetus"",""St. Patrick"",""St Patrick"",""Patrick"",""Apostle of Ireland"",""Enlightener of Ireland"",""Maewyn Succat"",""Cothirthiacus""]","[""Christian faith""]",http://www.wikidata.org/entity/Q165479,http://www.wikidata.org/entity/Q5043,Saint Patrick,Christianity,43319,213455,What is the religion of Saint Patrick?,"[""Celtic Christianity"", ""Celtic Church"", ""Insular Christianity"", ""Christianity"", ""Christian faith""]","{
""answer"": ""Saint Patrick was a Christian (specifically a Roman Catholic bishop and missionary),"",
""confidence_score"": 99
}","Saint Patrick was a Christian (specifically a Roman Catholic bishop and missionary),",0.99,CORRECT
7591,2647046,The Empath,director,John Erman,1140739,526,1049323,"[""Em"",""Empath, The""]",[],http://www.wikidata.org/entity/Q3487409,http://www.wikidata.org/entity/Q3181443,The Empath,John Erman,3332,979,Who was the director of The Empath?,"[""John Erman""]","{
""answer"": ""The director of The Empath (1962) is Tom Baker."", 
""confidence_score"": 70
}",The director of The Empath (1962) is Tom Baker.,0.7,INCORRECT
10065,5855105,Survivor,composer,Adam Powers,2622192,639,1382298,[],"[""Adam Hersland Powers""]",http://www.wikidata.org/entity/Q7647268,http://www.wikidata.org/entity/Q4679625,Survivor (TVXQ song),,117,-2,Who was the composer of Survivor?,"[""Adam Powers"", ""Adam Hersland Powers"", ""Iain James""]","{""answer"":""If you mean the song “Survivor” by Destiny's Child (2001), it was written by Beyoncé Knowles, Anthony Dent, and Mathew Knowings (with production by Dent and Beyoncé)."",""confidence_score"":85}","If you mean the song “Survivor” by Destiny's Child (2001), it was written by Beyoncé Knowles, Anthony Dent, and Mathew Knowings (with production by Dent and Beyoncé).",0.85,INCORRECT
931,2749201,Gerard Reve,place of birth,Amsterdam,1180944,218,2455815,"[""Gerard Kornelis van het Reve"",""Simon van het Reve""]","[""Mokum"",""Amsterdam, NL"",""Amsterdam, Netherlands"",""A'dam""]",http://www.wikidata.org/entity/Q364153,http://www.wikidata.org/entity/Q727,Gerard Reve,Amsterdam,1424,147710,In what city was Gerard Reve born?,"[""Amsterdam"", ""Mokum"", ""Amsterdam, NL"", ""Amsterdam, Netherlands"", ""A'dam""]","{
""answer"": ""Gerard Reve was born in Amsterdam, Netherlands."",
""confidence_score"": 95
}","Gerard Reve was born in Amsterdam, Netherlands.",0.95,CORRECT
13974,681897,Tennessee,capital,Nashville,288323,422,793081,"[""State of Tennessee"",""TN"",""Tennessee, United States"",""Volunteer State"",""Tenn."",""US-TN""]","[""Nashville, Tennessee"",""Nashville\u2013Davidson County"",""Metropolitan Government of Nashville and Davidson County""]",http://www.wikidata.org/entity/Q1509,http://www.wikidata.org/entity/Q23197,Tennessee,"Nashville, Tennessee",244684,102624,What is the capital of Tennessee?,"[""Nashville"", ""Nashville, Tennessee"", ""Nashville–Davidson County"", ""Metropolitan Government of Nashville and Davidson County""]","{
""answer"": ""The capital of Tennessee is Nashville."",
""confidence_score"": 100
}",The capital of Tennessee is Nashville.,1.0,CORRECT
4628,4569187,Interval,producer,Merle Oberon,2015211,164,790726,[],[],http://www.wikidata.org/entity/Q6057257,http://www.wikidata.org/entity/Q230958,Interval (film),Merle Oberon,302,29167,Who was the producer of Interval?,"[""Merle Oberon""]","{""answer"":""The producer of the film Interval (1973) was Gordon Hessler."",""confidence_score"":35}",The producer of the film Interval (1973) was Gordon Hessler.,0.35,INCORRECT
937,4775307,Juha Jokela,place of birth,Tampere,2099357,218,1271294,"[""Juha Petteri Jokela""]","[""Tammerfors""]",http://www.wikidata.org/entity/Q6305021,http://www.wikidata.org/entity/Q40840,Juha Jokela,Tampere,88,18761,In what city was Juha Jokela born?,"[""Tampere"", ""Tammerfors""]","{
""answer"": ""Juha Jokela was born in Tampere, Finland."",
""confidence_score"": 90
}","Juha Jokela was born in Tampere, Finland.",0.9,CORRECT
6077,2951155,420,director,Julius Wu,1263364,526,2079168,"[""Episode 420""]",[],http://www.wikidata.org/entity/Q4031363,http://www.wikidata.org/entity/Q6247654,420 (Family Guy),Julius Wu,1657,150,Who was the director of 420?,"[""Julius Wu""]","{""answer"":""The 2013 Indian Kannada-language film 420 was directed by Om Prakash Rao."",""confidence_score"":85}",The 2013 Indian Kannada-language film 420 was directed by Om Prakash Rao.,0.85,INCORRECT
13564,5853443,Pierre Napoleon Bonaparte,mother,Alexandrine de Bleschamp,2621344,292,244157,"[""Pierre-Napol\u00e9on Bonaparte"",""Pierre-Napoleon Bonaparte"",""Pietro Bonaparte""]","[""princesse de Canino Marie Alexandrine Charlotte Louise Laurence de Bleschamp Bonaparte"",""Marie Laurence Charlotte Louise Alexandrine de Bleschamp Bonaparte"",""Marie Alexandrine Charlotte Louise Laurence de Bleschamp, princesse de Canino Bonaparte"",""Alexandrine, princesse de Canino Lucien-Bonaparte"",""Alexandrine, princesse de Canino Bonaparte"",""Alexandrine Jacob de Bleschamp""]",http://www.wikidata.org/entity/Q764398,http://www.wikidata.org/entity/Q1452201,Pierre Napoléon Bonaparte,Alexandrine de Bleschamp,1886,627,Who is the mother of Pierre Napoleon Bonaparte?,"[""Alexandrine de Bleschamp"", ""princesse de Canino Marie Alexandrine Charlotte Louise Laurence de Bleschamp Bonaparte"", ""Marie Laurence Charlotte Louise Alexandrine de Bleschamp Bonaparte"", ""Marie Alexandrine Charlotte Louise Laurence de Bleschamp, princesse de Canino Bonaparte"", ""Alexandrine, princesse de Canino Lucien-Bonaparte"", ""Alexandrine, princesse de Canino Bonaparte"", ""Alexandrine Jacob de Bleschamp""]","{
""answer"": ""Pierre Napoléon Bonaparte's mother was Désirée Clary (born Désirée Clary; later Queen Desideria of Sweden), though some records also list his mother as Pauline Bonaparte depending on source—most reliable sources name his mother as Zénaïde Bonaparte."", 
""confidence_score"": 20
}","Pierre Napoléon Bonaparte's mother was Désirée Clary (born Désirée Clary; later Queen Desideria of Sweden), though some records also list his mother as Pauline Bonaparte depending on source—most reliable sources name his mother as Zénaïde Bonaparte.",0.2,INCORRECT
3727,6074424,United Baptist Church,country,United States of America,2731102,182,988513,[],"[""the United States of America"",""America"",""U.S.A."",""USA"",""U.S."",""US"",""the US"",""the USA"",""US of A"",""the United States"",""U. S. A."",""U. S."",""the States"",""the U.S."",""'Merica"",""U.S"",""United States"",""'Murica""]",http://www.wikidata.org/entity/Q7887509,http://www.wikidata.org/entity/Q30,"United Baptist Church (Newport, Rhode Island)",United States,160,1629691,In what country is United Baptist Church?,"[""United States of America"", ""the United States of America"", ""America"", ""U.S.A."", ""USA"", ""U.S."", ""US"", ""the US"", ""the USA"", ""US of A"", ""the United States"", ""U. S. A."", ""U. S."", ""the States"", ""the U.S."", ""'Merica"", ""U.S"", ""United States"", ""'Murica""]","{
""answer"": ""United Baptist Church is not a single organization tied to one country; the United Baptist denomination exists in multiple countries (notably Canada, the United States, and others)."",
""confidence_score"": 85
}","United Baptist Church is not a single organization tied to one country; the United Baptist denomination exists in multiple countries (notably Canada, the United States, and others).",0.85,INCORRECT
11510,655232,Patrick Edema,sport,association football,276859,560,920845,[],"[""football"",""soccer""]",http://www.wikidata.org/entity/Q14944333,http://www.wikidata.org/entity/Q2736,Patrick Edema,Association football,49,197767,What sport does Patrick Edema play?,"[""association football"", ""football"", ""soccer""]","{
""answer"": ""Patrick Edema is a Ugandan professional football (soccer) player who plays as a forward/striker."",
""confidence_score"": 90
}",Patrick Edema is a Ugandan professional football (soccer) player who plays as a forward/striker.,0.9,CORRECT
6044,5963044,The Wacky World of Mother Goose,director,Jules Bass,2676993,526,239775,"[""Wacky World of Mother Goose""]",[],http://www.wikidata.org/entity/Q7773176,http://www.wikidata.org/entity/Q1442364,The Wacky World of Mother Goose,Jules Bass,562,3041,Who was the director of The Wacky World of Mother Goose?,"[""Jules Bass""]","{
""answer"": ""The director of The Wacky World of Mother Goose was Arthur Rankin Jr. (often credited alongside Jules Bass as producers/directors of Rankin/Bass productions)."",
""confidence_score"": 85
}",The director of The Wacky World of Mother Goose was Arthur Rankin Jr. (often credited alongside Jules Bass as producers/directors of Rankin/Bass productions).,0.85,INCORRECT
7806,6428978,Kozan,capital of,Armenian Kingdom of Cilicia,2893180,97,1099980,"[""Sis""]","[""Little Armenia""]",http://www.wikidata.org/entity/Q926426,http://www.wikidata.org/entity/Q335088,"Kozan, Adana",Armenian Kingdom of Cilicia,835,11767,What is Kozan the capital of?,"[""Armenian Kingdom of Cilicia"", ""Little Armenia""]","{
""answer"": ""Kozan is the capital (administrative seat) of Kozan District in Adana Province, Turkey."",
""confidence_score"": 95
}","Kozan is the capital (administrative seat) of Kozan District in Adana Province, Turkey.",0.95,INCORRECT
8347,5907057,The Accused,screenwriter,Mario Soffici,2648243,533,44376,"[""Los acusados"",""Accused""]",[],http://www.wikidata.org/entity/Q7712235,http://www.wikidata.org/entity/Q10752256,The Accused (1960 film),Mario Soffici,56,127,Who was the screenwriter for The Accused?,"[""Mario Soffici"", ""Marco Denevi"", ""Marco Denev""]","{""answer"":""The screenplay for the 1988 film The Accused was written by Tom Topor (screenplay) and Jonathan Kaplan (story credit shared with Topor); primary credited screenwriter: Tom Topor."",""confidence_score"":85}",The screenplay for the 1988 film The Accused was written by Tom Topor (screenplay) and Jonathan Kaplan (story credit shared with Topor); primary credited screenwriter: Tom Topor.,0.85,INCORRECT
1524,1178924,I Lost My Heart in Heidelberg,genre,musical film,524400,91,2842261,[],"[""musical movie""]",http://www.wikidata.org/entity/Q17101486,http://www.wikidata.org/entity/Q842256,I Lost My Heart in Heidelberg (1952 film),Musical film,98,22860,What genre is I Lost My Heart in Heidelberg?,"[""musical film"", ""musical movie""]","{
""answer"": ""I Lost My Heart in Heidelberg is a 1926 German silent romantic film (romance/drama), often classified as a romantic melodrama."",
""confidence_score"": 88
}","I Lost My Heart in Heidelberg is a 1926 German silent romantic film (romance/drama), often classified as a romantic melodrama.",0.88,INCORRECT
8035,205434,Public Access,screenwriter,Christopher McQuarrie,82928,533,1108105,[],[],http://www.wikidata.org/entity/Q1141177,http://www.wikidata.org/entity/Q337658,Public Access,Christopher McQuarrie,1390,16883,Who was the screenwriter for Public Access?,"[""Bryan Singer"", ""Bryan Jay Singer"", ""Christopher McQuarrie""]","{""answer"":""The screenwriter for the 1993 film Public Access was Bryan Goluboff."",""confidence_score"":92}",The screenwriter for the 1993 film Public Access was Bryan Goluboff.,0.92,INCORRECT
10599,4094476,Fascinating Rhythm,composer,George Gershwin,1792104,639,135132,[],"[""Jacob Gershvin"",""Jacob Bruskin Gershowitz"",""George Jacob Gershwin"",""Dzhordzh Gershvin""]",http://www.wikidata.org/entity/Q5436654,http://www.wikidata.org/entity/Q123829,Fascinating Rhythm,George Gershwin,1380,42269,Who was the composer of Fascinating Rhythm?,"[""George Gershwin"", ""Jacob Gershvin"", ""Jacob Bruskin Gershowitz"", ""George Jacob Gershwin"", ""Dzhordzh Gershvin""]","{
""answer"": ""Fascinating Rhythm was composed by George Gershwin (music) with lyrics by Ira Gershwin."",
""confidence_score"": 100
}",Fascinating Rhythm was composed by George Gershwin (music) with lyrics by Ira Gershwin.,1.0,CORRECT
2785,1830760,"Princess Mary, Duchess of Gloucester and Edinburgh",father,George III of Great Britain,806238,257,149229,"[""Mary Hanover, Princess of the United Kingdom"",""Princess Mary of the United Kingdom"",""Mary of the United Kingdom"",""Mary, Duchess of Gloucester and Edinburgh"",""Mary""]","[""George III of the United Kingdom"",""George William Frederick"",""George William Frederick Hanover"",""George Hanover"",""roi de Grande-Bretagne Georges III"",""King of Great Britain George III"",""King George III"",""re di Gran Bretagna e Irlanda George III"",""Elector and King of Hanover George III"",""Georg Wilhelm Friedrich"",""K\u00f6nig Georg III. Gro\u00dfbritannien"",""George III, King of Great Britain"",""George III"",""Farmer George""]",http://www.wikidata.org/entity/Q236586,http://www.wikidata.org/entity/Q127318,"Princess Mary, Duchess of Gloucester and Edinburgh",George III,5376,187035,"Who is the father of Princess Mary, Duchess of Gloucester and Edinburgh?","[""George III of Great Britain"", ""George III of the United Kingdom"", ""George William Frederick"", ""George William Frederick Hanover"", ""George Hanover"", ""roi de Grande-Bretagne Georges III"", ""King of Great Britain George III"", ""King George III"", ""re di Gran Bretagna e Irlanda George III"", ""Elector and King of Hanover George III"", ""Georg Wilhelm Friedrich"", ""König Georg III. Großbritannien"", ""George III, King of Great Britain"", ""George III"", ""Farmer George""]","{
""answer"": ""Her father was King George III of the United Kingdom."",
""confidence_score"": 95
}",Her father was King George III of the United Kingdom.,0.95,CORRECT
9345,501017,"Sex, Lies, and Videotape",screenwriter,Steven Soderbergh,206013,533,19659,[],"[""Steven Andrew Soderbergh"",""Peter Andrews"",""Mary Ann Bernard""]",http://www.wikidata.org/entity/Q1367548,http://www.wikidata.org/entity/Q103917,"Sex, Lies, and Videotape",Steven Soderbergh,37262,66941,"Who was the screenwriter for Sex, Lies, and Videotape?","[""Steven Soderbergh"", ""Steven Andrew Soderbergh"", ""Peter Andrews"", ""Mary Ann Bernard""]","{
""answer"": ""The screenwriter for Sex, Lies, and Videotape was Steven Soderbergh (who wrote the screenplay)."",
""confidence_score"": 95
}","The screenwriter for Sex, Lies, and Videotape was Steven Soderbergh (who wrote the screenplay).",0.95,CORRECT
325,6493078,Amitabh Bachchan,occupation,film producer,2917223,22,1077200,"[""Big B""]","[""movie producer"",""producer""]",http://www.wikidata.org/entity/Q9570,http://www.wikidata.org/entity/Q3282637,Amitabh Bachchan,Film producer,306074,58642,What is Amitabh Bachchan's occupation?,"[""film producer"", ""movie producer"", ""producer"", ""actor"", ""actress"", ""actors"", ""actresses""]","{
""answer"": ""Amitabh Bachchan is an Indian film actor, film producer, television host, and former politician, best known as a leading actor in Hindi cinema."",
""confidence_score"": 95
}","Amitabh Bachchan is an Indian film actor, film producer, television host, and former politician, best known as a leading actor in Hindi cinema.",0.95,CORRECT
9142,4573409,Irandam Ulagam,screenwriter,K. Selvaraghavan,2017148,533,2551641,"[""The Second World""]",[],http://www.wikidata.org/entity/Q6067148,http://www.wikidata.org/entity/Q7448862,Irandaam Ulagam,Selvaraghavan,4854,47084,Who was the screenwriter for Irandam Ulagam?,"[""K. Selvaraghavan""]","{
""answer"": ""The screenwriter for Irandam Ulagam was A. R. Rahman (story and screenplay credited to A. R. Rahman and director Selvaraghavan, with the screenplay primarily by Selvaraghavan),"",
""confidence_score"": 65
}","The screenwriter for Irandam Ulagam was A. R. Rahman (story and screenplay credited to A. R. Rahman and director Selvaraghavan, with the screenplay primarily by Selvaraghavan),",0.65,INCORRECT
5615,3492951,Bhagwan Dada,producer,Rakesh Roshan,1508991,164,208998,[],"[""Rakesh Roshan Lal Nagrath""]",http://www.wikidata.org/entity/Q4900665,http://www.wikidata.org/entity/Q1373377,Bhagwaan Dada,Rakesh Roshan,3072,30985,Who was the producer of Bhagwan Dada?,"[""Rakesh Roshan"", ""Rakesh Roshan Lal Nagrath""]","{
""answer"": ""Bhagwan Dada (film) was produced by A.K. Nadiadwala."",
""confidence_score"": 65
}",Bhagwan Dada (film) was produced by A.K. Nadiadwala.,0.65,INCORRECT
9059,2645554,Adam,screenwriter,Peter Lord,1140055,533,694807,[],[],http://www.wikidata.org/entity/Q348511,http://www.wikidata.org/entity/Q1975096,Adam (1992 film),Peter Lord,483,3621,Who was the screenwriter for Adam?,"[""Peter Lord""]","{
""answer"": ""The screenwriter for the 2009 short film 'Adam' was director and writer Max Mayer (screenplay by Max Mayer)."",
""confidence_score"": 70
}",The screenwriter for the 2009 short film 'Adam' was director and writer Max Mayer (screenplay by Max Mayer).,0.7,INCORRECT
1490,2320559,Marble,genre,pop music,1012303,91,1193964,[],"[""pop"",""Pop""]",http://www.wikidata.org/entity/Q307218,http://www.wikidata.org/entity/Q37073,Marble (band),Pop music,191,286065,What genre is Marble?,"[""pop music"", ""pop"", ""Pop""]","{
""answer"": ""Marble is a puzzle-platformer video game."",
""confidence_score"": 75
}",Marble is a puzzle-platformer video game.,0.75,INCORRECT
3548,6167732,Wiconisco Township,country,United States of America,2781846,182,988513,[],"[""the United States of America"",""America"",""U.S.A."",""USA"",""U.S."",""US"",""the US"",""the USA"",""US of A"",""the United States"",""U. S. A."",""U. S."",""the States"",""the U.S."",""'Merica"",""U.S"",""United States"",""'Murica""]",http://www.wikidata.org/entity/Q7998484,http://www.wikidata.org/entity/Q30,"Wiconisco Township, Dauphin County, Pennsylvania",United States,100,1629691,In what country is Wiconisco Township?,"[""United States of America"", ""the United States of America"", ""America"", ""U.S.A."", ""USA"", ""U.S."", ""US"", ""the US"", ""the USA"", ""US of A"", ""the United States"", ""U. S. A."", ""U. S."", ""the States"", ""the U.S."", ""'Merica"", ""U.S"", ""United States"", ""'Murica""]","{
""answer"": ""Wiconisco Township is in the United States of America."",
""confidence_score"": 95
}",Wiconisco Township is in the United States of America.,0.95,CORRECT
8709,2035289,Eve,screenwriter,Kenneth Biller,891688,533,1556768,[],[],http://www.wikidata.org/entity/Q2648421,http://www.wikidata.org/entity/Q4992506,Eve (The X-Files),Kenneth Biller,3384,611,Who was the screenwriter for Eve?,"[""Chris Brancato"", ""Kenneth Biller""]","{""answer"":""If you mean the 2008 British television sitcom Eve, the principal writer (screenwriter) was Joanna Scanlan; if you mean the 2015 film Eve (short) it was written by Natalie Fenton (also credited writer/director), and if you mean the 2018 film Eve it was written by Dave Vento—please specify which 'Eve' you mean."",""confidence_score"":45}","If you mean the 2008 British television sitcom Eve, the principal writer (screenwriter) was Joanna Scanlan; if you mean the 2015 film Eve (short) it was written by Natalie Fenton (also credited writer/director), and if you mean the 2018 film Eve it was written by Dave Vento—please specify which 'Eve' you mean.",0.45,INCORRECT
11422,2876696,Matteo Pivotto,sport,association football,1232297,560,920845,[],"[""football"",""soccer""]",http://www.wikidata.org/entity/Q3852180,http://www.wikidata.org/entity/Q2736,Matteo Pivotto,Association football,61,197767,What sport does Matteo Pivotto play?,"[""association football"", ""football"", ""soccer""]","{
""answer"": ""Matteo Pivotto is an Italian football (soccer) player who played as a defender."",
""confidence_score"": 90
}",Matteo Pivotto is an Italian football (soccer) player who played as a defender.,0.9,CORRECT
1870,4135485,Liberation,genre,black metal,1813599,91,172721,[],"[""Black Metal""]",http://www.wikidata.org/entity/Q547930,http://www.wikidata.org/entity/Q132438,Liberation (1349 album),Black metal,292,47046,What genre is Liberation?,"[""black metal"", ""Black Metal""]","{""answer"":""Liberation is a 2023 action role-playing game (RPG)."",""confidence_score"":65}",Liberation is a 2023 action role-playing game (RPG).,0.65,INCORRECT
6454,6161740,What I Know,director,Patty Jenkins,2778487,526,1339644,[],"[""Patricia Lea \""Patty\"" Jenkins"",""Patricia Lea Jenkins""]",http://www.wikidata.org/entity/Q7991171,http://www.wikidata.org/entity/Q456910,What I Know,Patty Jenkins,599,19603,Who was the director of What I Know?,"[""Patty Jenkins"", ""Patricia Lea \""Patty\"" Jenkins"", ""Patricia Lea Jenkins""]","{
""answer"": ""The director of What I Know is Belinda Chiu."",
""confidence_score"": 38
}",The director of What I Know is Belinda Chiu.,0.38,INCORRECT
11144,17932,Marcellus II,religion,Catholic Church,7445,106,2918816,"[""Marcello Cervini degli Spannochi"",""Pope Marcellus II"",""pape Marcel II"",""Marcello Cervini"",""Marcellus PP. II"",""papa Marcello II"",""Marcellus II. Papst""]","[""Roman Catholic Church"",""Church"",""Roman Apostolic Catholic Church""]",http://www.wikidata.org/entity/Q101776,http://www.wikidata.org/entity/Q9592,Pope Marcellus II,Catholic Church,1695,195995,What is the religion of Marcellus II?,"[""Catholic Church"", ""Roman Catholic Church"", ""Church"", ""Roman Apostolic Catholic Church""]","{
""answer"": ""Marcellus II was Roman Catholic."",
""confidence_score"": 95
}",Marcellus II was Roman Catholic.,0.95,CORRECT
12271,5419569,Perfect,author,Ellen Hopkins,2409774,484,1199000,[],"[""Ellen Louise Hopkins""]",http://www.wikidata.org/entity/Q7167934,http://www.wikidata.org/entity/Q3723492,Perfect (Hopkins novel),Ellen Hopkins,207,2084,Who is the author of Perfect?,"[""Ellen Hopkins"", ""Ellen Louise Hopkins""]","{
""answer"": ""The author of the novel 'Perfect' (2011) is Natasha Friend."",
""confidence_score"": 85
}",The author of the novel 'Perfect' (2011) is Natasha Friend.,0.85,INCORRECT
4968,774682,Back to Black,producer,Mark Ronson,330147,164,1291220,[],"[""Mark Daniel Ronson"",""DJ Ronson""]",http://www.wikidata.org/entity/Q156670,http://www.wikidata.org/entity/Q425821,Back to Black,Mark Ronson,27659,115303,Who was the producer of Back to Black?,"[""Salaam Remi"", ""Salaam Gibbs"", ""salaamremi.com"", ""The Chameleon"", ""Salaam Remi Gibbs"", ""Mark Ronson"", ""Mark Daniel Ronson"", ""DJ Ronson""]","{
""answer"": ""Mark Ronson produced most of Amy Winehouse's album Back to Black (with additional production by Salaam Remi on some tracks)."",
""confidence_score"": 95
}",Mark Ronson produced most of Amy Winehouse's album Back to Black (with additional production by Salaam Remi on some tracks).,0.95,CORRECT
7245,4923198,Becoming,director,Joss Whedon,2171001,526,983942,[],"[""Joseph Hill Whedon""]",http://www.wikidata.org/entity/Q649543,http://www.wikidata.org/entity/Q298025,Becoming (Buffy the Vampire Slayer),Joss Whedon,1690,122100,Who was the director of Becoming?,"[""Joss Whedon"", ""Joseph Hill Whedon""]","{
""answer"": ""Becoming (2020 documentary about Michelle Obama) was directed by Nadia Hallgren."",
""confidence_score"": 95
}",Becoming (2020 documentary about Michelle Obama) was directed by Nadia Hallgren.,0.95,INCORRECT
10139,1596744,Yesterday,composer,Paul McCartney,712161,639,874634,[],"[""Sir Paul McCartney"",""Macca"",""James Paul McCartney""]",http://www.wikidata.org/entity/Q202698,http://www.wikidata.org/entity/Q2599,Yesterday (Beatles song),Paul McCartney,24406,373862,Who was the composer of Yesterday?,"[""John Lennon"", ""John Winston Ono Lennon"", ""John Winston Lennon"", ""Lennon John"", ""John Ono Lennon"", ""Paul McCartney"", ""Sir Paul McCartney"", ""Macca"", ""James Paul McCartney""]","{
""answer"": ""Paul McCartney (credited to the Lennon–McCartney songwriting partnership)."",
""confidence_score"": 100
}",Paul McCartney (credited to the Lennon–McCartney songwriting partnership).,1.0,CORRECT
710,2167964,Gerard Thomas,place of birth,Antwerp,947718,218,156571,"[""G. Thomas"",""J. Thomas"",""Thomason"",""v. Thomasson"",""Thomas"",""Gerard Tomasz."",""Geraerdt Thomas"",""Thomassin [rejected]"",""G\u00e9rard Thomas""]","[""Antwerpen"",""City of Antwerp"",""Anvers""]",http://www.wikidata.org/entity/Q2847474,http://www.wikidata.org/entity/Q12892,Gerard Thomas,Antwerp,97,60419,In what city was Gerard Thomas born?,"[""Antwerp"", ""Antwerpen"", ""City of Antwerp"", ""Anvers""]","{""answer"":""Gerard Thomas was born in Antwerp, Belgium."",""confidence_score"":75}","Gerard Thomas was born in Antwerp, Belgium.",0.75,CORRECT
2794,5695439,Sarfaraz Khan,father,Shuja-ud-Din Muhammad Khan,2540011,257,2568116,[],"[""Mirza Shuja ud-din Muhammad Khan""]",http://www.wikidata.org/entity/Q7423869,http://www.wikidata.org/entity/Q7504779,Sarfaraz Khan,Shuja-ud-Din Muhammad Khan,2239,2159,Who is the father of Sarfaraz Khan?,"[""Shuja-ud-Din Muhammad Khan"", ""Mirza Shuja ud-din Muhammad Khan""]","{""answer"":""The father of Indian cricketer Sarfaraz Khan is Khurshid Raza Khan."",""confidence_score"":65}",The father of Indian cricketer Sarfaraz Khan is Khurshid Raza Khan.,0.65,INCORRECT
13689,6338836,Thailand,capital,Bangkok,2858195,422,628348,"[""Kingdom of Thailand"",""th"",""Siam"",""\ud83c\uddf9\ud83c\udded"",""Land of Smiles"",""THA""]","[""Krung Thep"",""Krungthepmahanakhon Amonrattanakosin Mahintharayutthaya Mahadilokphop Noppharatratchathaniburirom Udomratchaniwetmahasathan Amonphimanawatansathit Sakkathattiyawitsanukamprasit"",""Krung Thep Maha Nakhon""]",http://www.wikidata.org/entity/Q869,http://www.wikidata.org/entity/Q1861,Thailand,Bangkok,249163,81200,What is the capital of Thailand?,"[""Bangkok"", ""Krung Thep"", ""Krungthepmahanakhon Amonrattanakosin Mahintharayutthaya Mahadilokphop Noppharatratchathaniburirom Udomratchaniwetmahasathan Amonphimanawatansathit Sakkathattiyawitsanukamprasit"", ""Krung Thep Maha Nakhon""]","{
""answer"": ""The capital of Thailand is Bangkok."",
""confidence_score"": 100
}",The capital of Thailand is Bangkok.,1.0,CORRECT
3087,1468621,Matthew Henry Richey,father,Matthew Richey,655940,257,2263781,[],[],http://www.wikidata.org/entity/Q1909527,http://www.wikidata.org/entity/Q6791127,Matthew Henry Richey,Matthew Richey,90,52,Who is the father of Matthew Henry Richey?,"[""Matthew Richey""]","{
""answer"": ""The father of Matthew Henry Richey was William Richey."",
""confidence_score"": 85
}",The father of Matthew Henry Richey was William Richey.,0.85,INCORRECT
7816,6337451,Minas,capital of,Lavalleja Department,2857693,97,1352156,[],[],http://www.wikidata.org/entity/Q868205,http://www.wikidata.org/entity/Q460435,"Minas, Uruguay",Lavalleja Department,483,377,What is Minas the capital of?,"[""Lavalleja Department""]","{""answer"": ""Minas is the capital of the Lavalleja Department in southeastern Uruguay."", ""confidence_score"": 95}",Minas is the capital of the Lavalleja Department in southeastern Uruguay.,0.95,CORRECT
10792,3381403,Artaserse,composer,Leonardo Vinci,1454242,639,978800,[],[],http://www.wikidata.org/entity/Q4797347,http://www.wikidata.org/entity/Q29577,Artaserse (Vinci),Leonardo Vinci,1080,2532,Who was the composer of Artaserse?,"[""Leonardo Vinci""]","{
""answer"": ""Artaserse is an opera composed by Johann Adolph Hasse (with other settings by composers such as Leonardo Vinci and Johann Christian Bach), but the best-known 1730 setting was by Leonardo Vinci and the most famous revival was Hasse's 1730s setting—commonly Hasse is credited."", 
""confidence_score"": 40
}","Artaserse is an opera composed by Johann Adolph Hasse (with other settings by composers such as Leonardo Vinci and Johann Christian Bach), but the best-known 1730 setting was by Leonardo Vinci and the most famous revival was Hasse's 1730s setting—commonly Hasse is credited.",0.4,INCORRECT
3644,2782790,Long Lake,country,United States of America,1194398,182,988513,"[""Long Lake, New York""]","[""the United States of America"",""America"",""U.S.A."",""USA"",""U.S."",""US"",""the US"",""the USA"",""US of A"",""the United States"",""U. S. A."",""U. S."",""the States"",""the U.S."",""'Merica"",""U.S"",""United States"",""'Murica""]",http://www.wikidata.org/entity/Q3708688,http://www.wikidata.org/entity/Q30,"Long Lake, New York",United States,947,1629691,In what country is Long Lake?,"[""United States of America"", ""the United States of America"", ""America"", ""U.S.A."", ""USA"", ""U.S."", ""US"", ""the US"", ""the USA"", ""US of A"", ""the United States"", ""U. S. A."", ""U. S."", ""the States"", ""the U.S."", ""'Merica"", ""U.S"", ""United States"", ""'Murica""]","{""answer"":""There are many lakes named Long Lake; without additional context the most common is Long Lake in the United States (e.g., Long Lake, Minnesota), but Long Lake also refers to lakes in Canada and other countries."",""confidence_score"":30}","There are many lakes named Long Lake; without additional context the most common is Long Lake in the United States (e.g., Long Lake, Minnesota), but Long Lake also refers to lakes in Canada and other countries.",0.3,CORRECT
2257,2969575,Airline Disaster,genre,disaster film,1271642,91,2845335,[],"[""disaster movie""]",http://www.wikidata.org/entity/Q408780,http://www.wikidata.org/entity/Q846544,Airline Disaster,Disaster film,635,13381,What genre is Airline Disaster?,"[""disaster film"", ""disaster movie""]","{
""answer"": ""Airline Disaster is a 2010 Canadian science fiction disaster television film (genre: science fiction/disaster),"",
""confidence_score"": 85
}","Airline Disaster is a 2010 Canadian science fiction disaster television film (genre: science fiction/disaster),",0.85,INCORRECT
4684,1438767,Crash,producer,Don Cheadle,643513,164,915715,[],[],http://www.wikidata.org/entity/Q188000,http://www.wikidata.org/entity/Q272019,Crash (2004 film),Don Cheadle,69270,91484,Who was the producer of Crash?,"[""Don Cheadle"", ""Paul Haggis"", ""Paul Edward Haggis""]","{
""answer"": ""Paul Haggis and Robert Mitasco were producers of the 2004 film Crash, with Paul Haggis also serving as writer and co-director and Robert Mitasco credited as a producer; additional producers included Cathy Schulman and Matthew Libatique (executive producers varied by version)."",
""confidence_score"": 40
}","Paul Haggis and Robert Mitasco were producers of the 2004 film Crash, with Paul Haggis also serving as writer and co-director and Robert Mitasco credited as a producer; additional producers included Cathy Schulman and Matthew Libatique (executive producers varied by version).",0.4,INCORRECT
1178,2733225,In the Navy,genre,comedy film,1174738,91,336148,[],"[""comedy movie""]",http://www.wikidata.org/entity/Q3612440,http://www.wikidata.org/entity/Q157443,In the Navy (film),Comedy film,753,36816,What genre is In the Navy?,"[""comedy film"", ""comedy movie""]","{
""answer"": ""In the Navy is a disco song (sung by the Village People)."",
""confidence_score"": 95
}",In the Navy is a disco song (sung by the Village People).,0.95,INCORRECT
5641,1396880,The Americanization of Emily,producer,Paddy Chayefsky,624954,164,582883,"[""Americanization of Emily""]","[""Sidney Aaron Chayefsky""]",http://www.wikidata.org/entity/Q1852239,http://www.wikidata.org/entity/Q180251,The Americanization of Emily,Paddy Chayefsky,3539,9420,Who was the producer of The Americanization of Emily?,"[""Paddy Chayefsky"", ""Sidney Aaron Chayefsky"", ""William Bradford Huie"", ""William Bradford""]","{
""answer"": ""The producer of The Americanization of Emily was Martin Ransohoff."",
""confidence_score"": 95
}",The producer of The Americanization of Emily was Martin Ransohoff.,0.95,INCORRECT
9945,5453472,Pilot,screenwriter,Dan Harmon,2425226,533,749233,"[""Community pilot""]","[""Daniel James Harmon""]",http://www.wikidata.org/entity/Q7194337,http://www.wikidata.org/entity/Q2150289,Pilot (Community),Dan Harmon,1921,51432,Who was the screenwriter for Pilot?,"[""Dan Harmon"", ""Daniel James Harmon""]","{""answer"":""There are many TV pilots titled \""Pilot\""; without the specific series or year it's impossible to identify a single screenwriter."",""confidence_score"":95}","There are many TV pilots titled \""Pilot\""; without the specific series or year it's impossible to identify a single screenwriter.",0.95,NOT_ATTEMPTED
5504,3338044,Angel,producer,Ganesh Acharya,1433753,164,1835747,[],[],http://www.wikidata.org/entity/Q4762039,http://www.wikidata.org/entity/Q5520821,Angel (2011 film),Ganesh Acharya,1250,11790,Who was the producer of Angel?,"[""Ganesh Acharya""]","{""answer"":""If you mean the 1987 film Angel starring Marianne Faithfull, it was produced by Pierre Grimblat; if you mean the TV series Angel (1999–2004), it was developed by Joss Whedon and produced by David Greenwalt and Joss Whedon (among others)."",""confidence_score"":72}","If you mean the 1987 film Angel starring Marianne Faithfull, it was produced by Pierre Grimblat; if you mean the TV series Angel (1999–2004), it was developed by Joss Whedon and produced by David Greenwalt and Joss Whedon (among others).",0.72,INCORRECT
7641,4296388,Gun,director,Harish Raj,1884928,526,402228,[],[],http://www.wikidata.org/entity/Q5618279,http://www.wikidata.org/entity/Q16216022,Gun (2011 film),Harish Raj,259,1041,Who was the director of Gun?,"[""Harish Raj""]","{""answer"":""If you mean the 2010 Hindi film 'Gun', the director was Nikhil Advani."",""confidence_score"":75}","If you mean the 2010 Hindi film 'Gun', the director was Nikhil Advani.",0.75,INCORRECT
14056,6292561,Medzilaborce District,capital,Medzilaborce,2839435,422,1943652,[],[],http://www.wikidata.org/entity/Q837884,http://www.wikidata.org/entity/Q578686,Medzilaborce District,Medzilaborce,139,377,What is the capital of Medzilaborce District?,"[""Medzilaborce""]","{
""answer"": ""The capital (administrative seat) of Medzilaborce District is the town of Medzilaborce."",
""confidence_score"": 100
}",The capital (administrative seat) of Medzilaborce District is the town of Medzilaborce.,1.0,CORRECT
13677,5183056,Duchy of Amalfi,capital,Amalfi,2293032,422,2811464,[],[],http://www.wikidata.org/entity/Q686312,http://www.wikidata.org/entity/Q80563,Duchy of Amalfi,Amalfi,3029,8674,What is the capital of Duchy of Amalfi?,"[""Amalfi""]","{
""answer"": ""The capital of the Duchy of Amalfi was the town of Amalfi."",
""confidence_score"": 95
}",The capital of the Duchy of Amalfi was the town of Amalfi.,0.95,CORRECT
1479,310902,Underground,genre,documentary film,125907,91,2898005,[],"[""documentary movie"",""doc"",""film documentary"",""motion picture documentary"",""documentary"",""factual film""]",http://www.wikidata.org/entity/Q12130183,http://www.wikidata.org/entity/Q93204,Underground (1976 film),Documentary film,396,42565,What genre is Underground?,"[""documentary film"", ""documentary movie"", ""doc"", ""film documentary"", ""motion picture documentary"", ""documentary"", ""factual film""]","{""answer"":""Underground is a survival horror video game (with action-adventure elements) — specifically the 2010 game by Obsidian Entertainment is an episodic survival horror/first-person shooter, while the 1995 film 'Underground' is a black comedy/drama; most commonly 'Underground' refers to the survival horror game genre."",""confidence_score"":40}","Underground is a survival horror video game (with action-adventure elements) — specifically the 2010 game by Obsidian Entertainment is an episodic survival horror/first-person shooter, while the 1995 film 'Underground' is a black comedy/drama; most commonly 'Underground' refers to the survival horror game genre.",0.4,INCORRECT
7226,5265422,Ned,director,Abe Forsythe,2335943,526,1375316,[],[],http://www.wikidata.org/entity/Q6985914,http://www.wikidata.org/entity/Q4666385,Ned (film),Abe Forsythe,770,2798,Who was the director of Ned?,"[""Abe Forsythe""]","{""answer"":""If you mean the 2003 Australian film 'Ned', it was directed by Abe Forsythe."",""confidence_score"":85}","If you mean the 2003 Australian film 'Ned', it was directed by Abe Forsythe.",0.85,CORRECT
5940,313280,The Organizer,director,Mario Monicelli,126662,526,1724707,"[""Organizer"",""I compagni""]",[],http://www.wikidata.org/entity/Q1215362,http://www.wikidata.org/entity/Q53026,The Organizer,Mario Monicelli,917,2588,Who was the director of The Organizer?,"[""Mario Monicelli""]","{
""answer"": ""The director of The Organizer (1963) was Italian filmmaker Mario Monicelli."",
""confidence_score"": 95
}",The director of The Organizer (1963) was Italian filmmaker Mario Monicelli.,0.95,CORRECT
8413,6283615,The Naked Gun: From the Files of Police Squad!,screenwriter,David Zucker,2835871,533,1328341,"[""Naked Gun: From the Files of Police Squad!"",""From the Files of Police Squad!""]",[],http://www.wikidata.org/entity/Q832047,http://www.wikidata.org/entity/Q452794,The Naked Gun: From the Files of Police Squad!,David Zucker,14432,16469,Who was the screenwriter for The Naked Gun: From the Files of Police Squad!?,"[""Pat Proft"", ""Jerry Zucker"", ""Jim Abrahams"", ""James S. Abrahams"", ""David Zucker""]","{
""answer"": ""The screenplay for The Naked Gun: From the Files of Police Squad! was written by Jim Abrahams, David Zucker, and Jerry Zucker."", 
""confidence_score"": 100
}","The screenplay for The Naked Gun: From the Files of Police Squad! was written by Jim Abrahams, David Zucker, and Jerry Zucker.",1.0,INCORRECT
6006,5714403,Second Thoughts,director,Lawrence Turman,2549733,526,1193220,[],[],http://www.wikidata.org/entity/Q7443591,http://www.wikidata.org/entity/Q370417,Second Thoughts (1983 film),Lawrence Turman,421,2611,Who was the director of Second Thoughts?,"[""Lawrence Turman""]","{""answer"":""The director of the 1983 film Second Thoughts was Lawrence Turman."",""confidence_score"":72}",The director of the 1983 film Second Thoughts was Lawrence Turman.,0.72,CORRECT
8567,4869994,Roads of Kiarostami,screenwriter,Abbas Kiarostami,2144295,533,1835836,[],[],http://www.wikidata.org/entity/Q641932,http://www.wikidata.org/entity/Q55210,Roads of Kiarostami,Abbas Kiarostami,142,15543,Who was the screenwriter for Roads of Kiarostami?,"[""Abbas Kiarostami""]","{
""answer"": ""The screenwriter for Roads (1999) by Abbas Kiarostami is Kiarostami himself (Abbas Kiarostami)."",
""confidence_score"": 85
}",The screenwriter for Roads (1999) by Abbas Kiarostami is Kiarostami himself (Abbas Kiarostami).,0.85,CORRECT
7162,1319193,Unfriended,director,Levan Gabriadze,586313,526,1278023,"[""Cybernatural"",""Unfriended Movie"",""Offline""]","[""Levan Rezotovich Gabriadze""]",http://www.wikidata.org/entity/Q18086860,http://www.wikidata.org/entity/Q4130936,Unfriended,Levan Gabriadze,32894,909,Who was the director of Unfriended?,"[""Levan Gabriadze"", ""Levan Rezotovich Gabriadze""]","{
""answer"": ""The director of Unfriended (2014) is Levan Gabriadze."",
""confidence_score"": 92
}",The director of Unfriended (2014) is Levan Gabriadze.,0.92,CORRECT
10946,755873,The Interview,composer,Henry Jackman,321179,639,197112,"[""Interview""]","[""Henry Pryce Jackman""]",http://www.wikidata.org/entity/Q15524911,http://www.wikidata.org/entity/Q1356888,The Interview,Henry Jackman,42217,10325,Who was the composer of The Interview?,"[""Henry Jackman"", ""Henry Pryce Jackman""]","{
""answer"": ""The composer of the 1998 film The Interview is Danny Elfman."",
""confidence_score"": 85
}",The composer of the 1998 film The Interview is Danny Elfman.,0.85,INCORRECT
6323,2933470,The First Time,director,Frank Tashlin,1256461,526,1979686,"[""First Time""]","[""Francis Fredrick von Taschlein"",""Tish Tash""]",http://www.wikidata.org/entity/Q3987060,http://www.wikidata.org/entity/Q589459,The First Time (1952 film),Frank Tashlin,233,2958,Who was the director of The First Time?,"[""Frank Tashlin"", ""Francis Fredrick von Taschlein"", ""Tish Tash""]","{
""answer"": ""The director of the 2012 film The First Time is Jon Kasdan."",
""confidence_score"": 95
}",The director of the 2012 film The First Time is Jon Kasdan.,0.95,INCORRECT
12465,5911672,Couples,author,John Updike,2650632,484,32973,[],"[""John Hoyer Updike""]",http://www.wikidata.org/entity/Q771750,http://www.wikidata.org/entity/Q105756,Couples (novel),John Updike,827,21723,Who is the author of Couples?,"[""John Updike"", ""John Hoyer Updike""]","{""answer"":""Couples is a novel by John Updike."",""confidence_score"":85}",Couples is a novel by John Updike.,0.85,CORRECT
7661,5471260,The River,director,Frank Borzage,2434098,526,1190049,"[""River""]",[],http://www.wikidata.org/entity/Q7221668,http://www.wikidata.org/entity/Q369190,The River (1929 film),Frank Borzage,200,2460,Who was the director of The River?,"[""Frank Borzage""]","{""answer"":""The director of the 1951 film The River was Jean Renoir."",""confidence_score"":85}",The director of the 1951 film The River was Jean Renoir.,0.85,INCORRECT
4161,311481,Hell,producer,Marin Karmitz,126099,164,214181,"[""Enfer"",""L'Enfer"",""Torment""]",[],http://www.wikidata.org/entity/Q1213581,http://www.wikidata.org/entity/Q1383621,Hell (1994 film),Marin Karmitz,1093,743,Who was the producer of Hell?,"[""Marin Karmitz""]","{
""answer"": ""If you mean the 1964 film Hell (original title: L'enfer) produced by France, it was produced by Argos Films under producer Paul Graetz; if you mean the 2005 film Hell (original title: Die Hölle) produced by Germany, it was produced by Bernd Eichinger and Oliver Berben—please specify which 'Hell' you mean."",
""confidence_score"": 42
}","If you mean the 1964 film Hell (original title: L'enfer) produced by France, it was produced by Argos Films under producer Paul Graetz; if you mean the 2005 film Hell (original title: Die Hölle) produced by Germany, it was produced by Bernd Eichinger and Oliver Berben—please specify which 'Hell' you mean.",0.42,INCORRECT
2890,2069076,Melora Hardin,father,Jerry Hardin,906338,257,919929,"[""Melora Diane Hardin""]",[],http://www.wikidata.org/entity/Q269901,http://www.wikidata.org/entity/Q2733992,Melora Hardin,Jerry Hardin,215189,21162,Who is the father of Melora Hardin?,"[""Jerry Hardin""]","{
""answer"": ""Melora Hardin's father is actor and singer Allan “Al” Hardin, also known as Allan Hardin (sometimes credited as Allan J. Hardin), who worked as a jazz musician and actor."",
""confidence_score"": 65
}","Melora Hardin's father is actor and singer Allan “Al” Hardin, also known as Allan Hardin (sometimes credited as Allan J. Hardin), who worked as a jazz musician and actor.",0.65,INCORRECT
5274,3432143,Dream,producer,Kim Ki-duk,1479489,164,744346,"[""\ube44\ubabd"",""Bimong"",""Pimong""]","[""Ki-duk Kim"",""Kim Gi-deok""]",http://www.wikidata.org/entity/Q484679,http://www.wikidata.org/entity/Q212990,Dream (2008 film),Kim Ki-duk,788,16031,Who was the producer of Dream?,"[""Kim Ki-duk"", ""Ki-duk Kim"", ""Kim Gi-deok""]","{""answer"":""The producer of the song \""Dream\"" depends on which work you mean; for example, \""Dream\"" by Priscilla Ahn was produced by Ethan Johns, while the 1944 standard \""Dream (When You're Feeling Blue)\"" was written by Johnny Mercer and various recorded versions had different producers—please specify which \""Dream\"" you mean."",""confidence_score"":35}","The producer of the song \""Dream\"" depends on which work you mean; for example, \""Dream\"" by Priscilla Ahn was produced by Ethan Johns, while the 1944 standard \""Dream (When You're Feeling Blue)\"" was written by Johnny Mercer and various recorded versions had different producers—please specify which \""Dream\"" you mean.",0.35,NOT_ATTEMPTED
14260,287919,Aargau,capital,Aarau,116349,422,233172,"[""AG"",""canton of Argovia"",""Kanton Aargau"",""Argovia"",""Canton of Aargau""]","[""Aarau AG""]",http://www.wikidata.org/entity/Q11972,http://www.wikidata.org/entity/Q14274,Aargau,Aarau,4746,3887,What is the capital of Aargau?,"[""Aarau"", ""Aarau AG""]","{
""answer"": ""The capital of the Swiss canton of Aargau is Aarau."",
""confidence_score"": 100
}",The capital of the Swiss canton of Aargau is Aarau.,1.0,CORRECT
9069,1854509,A Night in Sickbay,screenwriter,Rick Berman,816021,533,1571701,[],"[""Richard Keith Berman"",""Richard Keith \""Rick\"" Berman""]",http://www.wikidata.org/entity/Q2402314,http://www.wikidata.org/entity/Q502314,A Night in Sickbay,Rick Berman,792,7384,Who was the screenwriter for A Night in Sickbay?,"[""Rick Berman"", ""Richard Keith Berman"", ""Richard Keith \""Rick\"" Berman"", ""Brannon Braga""]","{
""answer"": ""The screenwriter for the Star Trek: The Original Series episode \""A Night in Sickbay\"" was Gene Roddenberry (teleplay by Gene Roddenberry, story by Jean Lisette Aroeste)."",
""confidence_score"": 90
}","The screenwriter for the Star Trek: The Original Series episode \""A Night in Sickbay\"" was Gene Roddenberry (teleplay by Gene Roddenberry, story by Jean Lisette Aroeste).",0.9,INCORRECT
10874,2725271,13,composer,Jason Robert Brown,1171840,639,460458,[],[],http://www.wikidata.org/entity/Q3597401,http://www.wikidata.org/entity/Q1683976,13 (musical),Jason Robert Brown,9751,5655,Who was the composer of 13?,"[""Jason Robert Brown""]","{""answer"":""If you mean the 2003 Icelandic film '13' (original title 'Þrettán'), its composer was Hilmar Örn Hilmarsson."",""confidence_score"":65}","If you mean the 2003 Icelandic film '13' (original title 'Þrettán'), its composer was Hilmar Örn Hilmarsson.",0.65,INCORRECT
6225,6207552,Within,director,Kim Manners,2798860,526,1362027,[],[],http://www.wikidata.org/entity/Q8028183,http://www.wikidata.org/entity/Q463617,Within (The X-Files),Kim Manners,1444,10448,Who was the director of Within?,"[""Kim Manners""]","{
""answer"": ""The director of the 2016 horror film Within is Edoardo Vitaletti."", 
""confidence_score"": 60
}",The director of the 2016 horror film Within is Edoardo Vitaletti.,0.6,INCORRECT
1189,4559863,Infinity,genre,acid house,2010864,91,1117271,[],"[""acid""]",http://www.wikidata.org/entity/Q6029952,http://www.wikidata.org/entity/Q341364,Infinity (Guru Josh album),Acid house,342,14680,What genre is Infinity?,"[""acid house"", ""acid""]","{""answer"":""Infinity is a 2023 R&B and pop song by American singer-songwriter One Direction member Niall Horan."",""confidence_score"":15}",Infinity is a 2023 R&B and pop song by American singer-songwriter One Direction member Niall Horan.,0.15,INCORRECT
3499,2783251,Patterson,country,United States of America,1194626,182,988513,"[""Patterson, New York""]","[""the United States of America"",""America"",""U.S.A."",""USA"",""U.S."",""US"",""the US"",""the USA"",""US of A"",""the United States"",""U. S. A."",""U. S."",""the States"",""the U.S."",""'Merica"",""U.S"",""United States"",""'Murica""]",http://www.wikidata.org/entity/Q3709168,http://www.wikidata.org/entity/Q30,"Patterson, New York",United States,1450,1629691,In what country is Patterson?,"[""United States of America"", ""the United States of America"", ""America"", ""U.S.A."", ""USA"", ""U.S."", ""US"", ""the US"", ""the USA"", ""US of A"", ""the United States"", ""U. S. A."", ""U. S."", ""the States"", ""the U.S."", ""'Merica"", ""U.S"", ""United States"", ""'Murica""]","{
""answer"": ""There are multiple places named Patterson in different countries (notably the United States, Australia, and Canada); without more context the country cannot be determined uniquely."",
""confidence_score"": 90
}","There are multiple places named Patterson in different countries (notably the United States, Australia, and Canada); without more context the country cannot be determined uniquely.",0.9,NOT_ATTEMPTED
7331,5960352,The Tough,director,Salah Abu Seif,2675533,526,1135385,"[""Tough""]","[""Salah Abou Seif"",""Salah Abouseif""]",http://www.wikidata.org/entity/Q7769679,http://www.wikidata.org/entity/Q3469510,The Tough,Salah Abu Seif,172,352,Who was the director of The Tough?,"[""Salah Abu Seif"", ""Salah Abou Seif"", ""Salah Abouseif""]","{""answer"":""The director of The Tough (1966 Italian film, original title I duri) was Franco Rossi."",""confidence_score"":75}","The director of The Tough (1966 Italian film, original title I duri) was Franco Rossi.",0.75,INCORRECT
6573,4009276,El Último perro,director,Lucas Demare,1751795,526,1011985,"[""\u00daltimo perro"",""El \u00faltimo perro"",""El Ultimo perro"",""Ultimo perro""]",[],http://www.wikidata.org/entity/Q5352530,http://www.wikidata.org/entity/Q3071080,El Último perro,Lucas Demare,95,122,Who was the director of El Último perro?,"[""Lucas Demare""]","{""answer"": ""The director of El Último perro (1956) was Lucas Demare."", ""confidence_score"": 85}",The director of El Último perro (1956) was Lucas Demare.,0.85,CORRECT
7298,169830,Overnight Delivery,director,Jason Bloom,68660,526,2048090,[],[],http://www.wikidata.org/entity/Q1114984,http://www.wikidata.org/entity/Q6162061,Overnight Delivery,Jason Bloom (director),2088,601,Who was the director of Overnight Delivery?,"[""Jason Bloom""]","{
""answer"": ""The director of Overnight Delivery (1998) was Jason Bloom."",
""confidence_score"": 95
}",The director of Overnight Delivery (1998) was Jason Bloom.,0.95,CORRECT
1783,2517004,Quenta Silmarillion,genre,fantasy,1087701,91,171945,[],"[""fantasy fiction""]",http://www.wikidata.org/entity/Q331061,http://www.wikidata.org/entity/Q132311,Quenta Silmarillion,Fantasy,618,105540,What genre is Quenta Silmarillion?,"[""fantasy"", ""fantasy fiction""]","{
""answer"": ""Quenta Silmarillion is a high fantasy epic (mythopoeic fantasy) work."",
""confidence_score"": 95
}",Quenta Silmarillion is a high fantasy epic (mythopoeic fantasy) work.,0.95,CORRECT
3662,3495575,"Biały Kościół, Lower Silesian Voivodeship",country,Poland,1510251,182,1172122,[],"[""POL"",""Republic of Poland"",""PL"",""Polska""]",http://www.wikidata.org/entity/Q4902906,http://www.wikidata.org/entity/Q36,"Biały Kościół, Lower Silesian Voivodeship",Poland,46,355720,"In what country is Biały Kościół, Lower Silesian Voivodeship?","[""Poland"", ""POL"", ""Republic of Poland"", ""PL"", ""Polska""]","{
""answer"": ""Biały Kościół, Lower Silesian Voivodeship is in Poland."",
""confidence_score"": 100
}","Biały Kościół, Lower Silesian Voivodeship is in Poland.",1.0,CORRECT
9679,2797324,The Faculty,screenwriter,Kevin Williamson,1200906,533,1173297,"[""Faculty""]","[""Kevin Meade Williamson""]",http://www.wikidata.org/entity/Q373267,http://www.wikidata.org/entity/Q360642,The Faculty,Kevin Williamson (screenwriter),52202,46179,Who was the screenwriter for The Faculty?,"[""Kevin Williamson"", ""Kevin Meade Williamson""]","{
""answer"": ""The screenwriter for The Faculty (1998) was Kevin Williamson."",
""confidence_score"": 96
}",The screenwriter for The Faculty (1998) was Kevin Williamson.,0.96,CORRECT
6808,3580841,Brown Sugar,director,Fred Paul,1548859,526,1822704,"[""Sweet but not refined""]",[],http://www.wikidata.org/entity/Q4976279,http://www.wikidata.org/entity/Q5496050,Brown Sugar (1922 film),Fred Paul,124,197,Who was the director of Brown Sugar?,"[""Fred Paul""]","{
""answer"": ""The director of Brown Sugar (2002) is Rick Famuyiwa."",
""confidence_score"": 95
}",The director of Brown Sugar (2002) is Rick Famuyiwa.,0.95,INCORRECT
8797,4898093,Smashed,screenwriter,James Ponsoldt,2158446,533,455010,[],"[""James Adam Ponsoldt""]",http://www.wikidata.org/entity/Q6454394,http://www.wikidata.org/entity/Q1680997,Smashed (film),James Ponsoldt,4837,2029,Who was the screenwriter for Smashed?,"[""James Ponsoldt"", ""James Adam Ponsoldt""]","{""answer"":""The screenwriters for the film Smashed (2012) are Susan Burke and James Ponsoldt."",""confidence_score"":90}",The screenwriters for the film Smashed (2012) are Susan Burke and James Ponsoldt.,0.9,INCORRECT
2486,6035054,First Law,genre,short story,2710472,91,1513338,[],"[""tale"",""pripovijetka""]",http://www.wikidata.org/entity/Q784262,http://www.wikidata.org/entity/Q49084,First Law,Short story,442,60371,What genre is First Law?,"[""short story"", ""tale"", ""pripovijetka""]","{""answer"":""The First Law is a grimdark epic fantasy series (fantasy fiction with dark, morally ambiguous themes)."",""confidence_score"":90}","The First Law is a grimdark epic fantasy series (fantasy fiction with dark, morally ambiguous themes).",0.9,INCORRECT
9339,1964398,Disco,screenwriter,Fabien Onteniente,862999,533,1009865,[],[],http://www.wikidata.org/entity/Q2558048,http://www.wikidata.org/entity/Q3063643,Disco (2008 film),Fabien Onteniente,351,213,Who was the screenwriter for Disco?,"[""Fabien Onteniente""]","{""answer"":""The screenwriter for the 1978 film Disco (also titled Disco Fever) was Sybil Danning (story) and Peter H. Hunt is credited as director; however if you mean the 1977 film Disco (aka Disco Godfather) the screenplay was written by Walter Hill—confidence depends on which film is meant."",""confidence_score"":20}",The screenwriter for the 1978 film Disco (also titled Disco Fever) was Sybil Danning (story) and Peter H. Hunt is credited as director; however if you mean the 1977 film Disco (aka Disco Godfather) the screenplay was written by Walter Hill—confidence depends on which film is meant.,0.2,INCORRECT
2643,2295520,Verbal,genre,hip hop music,1001717,91,82258,[],"[""hip-hop music""]",http://www.wikidata.org/entity/Q303805,http://www.wikidata.org/entity/Q11401,Verbal (rapper),Hip hop music,2260,199957,What genre is Verbal?,"[""hip hop music"", ""hip-hop music""]","{
""answer"": ""Verbal is a South Korean rapper and record producer primarily associated with the K-hip hop and Korean hip hop (K-rap) genres."",
""confidence_score"": 85
}",Verbal is a South Korean rapper and record producer primarily associated with the K-hip hop and Korean hip hop (K-rap) genres.,0.85,CORRECT
11082,4150846,Frank White,religion,Anglicanism,1819659,106,2145926,"[""Francis White""]","[""Anglicanism, Anglican Church""]",http://www.wikidata.org/entity/Q5490326,http://www.wikidata.org/entity/Q6423963,Frank White (bishop),Anglicanism,130,56744,What is the religion of Frank White?,"[""Anglicanism"", ""Anglicanism, Anglican Church""]","{
""answer"": ""There are multiple notable people named Frank White; without additional context (e.g., Frank White the baseball player is Christian, Frank White the politician's religion varies by individual), I cannot determine a single religion for 'Frank White'."",
""confidence_score"": 70
}","There are multiple notable people named Frank White; without additional context (e.g., Frank White the baseball player is Christian, Frank White the politician's religion varies by individual), I cannot determine a single religion for 'Frank White'.",0.7,NOT_ATTEMPTED
1726,4218949,Bauer Media Group,genre,automobile magazine,1849086,91,1071571,"[""Heinrich Bauer Verlag KG"",""Bauer Media"",""Bauer Media AB""]","[""car magazine""]",http://www.wikidata.org/entity/Q554198,http://www.wikidata.org/entity/Q3267592,Bauer Media Group,Automobile magazine,5545,659,What genre is Bauer Media Group?,"[""automobile magazine"", ""car magazine""]","{
""answer"": ""Bauer Media Group is a multinational media company operating in magazines, radio, digital publishing and broadcasting (mass media/publishing), primarily in the commercial media sector."",
""confidence_score"": 92
}","Bauer Media Group is a multinational media company operating in magazines, radio, digital publishing and broadcasting (mass media/publishing), primarily in the commercial media sector.",0.92,INCORRECT
4928,2985891,The Arena,producer,Roger Corman,1278746,164,1050200,"[""Arena"",""Gladiatrix""]","[""Roger William Corman""]",http://www.wikidata.org/entity/Q4139273,http://www.wikidata.org/entity/Q318292,The Arena (2001 film),Roger Corman,655,37866,Who was the producer of The Arena?,"[""Roger Corman"", ""Roger William Corman""]","{""answer"":""The producer of the 1974 film The Arena (also known as Naked Warriors) was Roger Corman (executive producer) and Julie Corman (producer); if referring to the 2001 TV film The Arena the producer was James Shavick."",""confidence_score"":55}",The producer of the 1974 film The Arena (also known as Naked Warriors) was Roger Corman (executive producer) and Julie Corman (producer); if referring to the 2001 TV film The Arena the producer was James Shavick.,0.55,CORRECT
8327,6420646,Candy,screenwriter,Buck Henry,2890150,533,2943136,[],"[""Buck Henry Zuckerman"",""Henry Zuckerman""]",http://www.wikidata.org/entity/Q922251,http://www.wikidata.org/entity/Q999332,Candy (1968 film),Buck Henry,5235,15338,Who was the screenwriter for Candy?,"[""Terry Southern"", ""Buck Henry"", ""Buck Henry Zuckerman"", ""Henry Zuckerman""]","{""answer"":""For the 1968 film Candy, the screenwriters were Buck Henry and Neil Simon (screenplay contributors with Buck Henry credited for the screenplay and Neil Simon contributing dialog/adaptations); confidence_score"":65}","For the 1968 film Candy, the screenwriters were Buck Henry and Neil Simon (screenplay contributors with Buck Henry credited for the screenplay and Neil Simon contributing dialog/adaptations); confidence_score",,INCORRECT
3909,6357746,Direkte Aktion,country,Germany,2865727,182,607728,"[""DA""]","[""FRG"",""BRD"",""Bundesrepublik Deutschland"",""Federal Republic of Germany"",""de"",""Deutschland"",""GER"",""BR Deutschland"",""DE""]",http://www.wikidata.org/entity/Q882590,http://www.wikidata.org/entity/Q183,Direkte Aktion,Germany,126,556493,In what country is Direkte Aktion?,"[""Germany"", ""FRG"", ""BRD"", ""Bundesrepublik Deutschland"", ""Federal Republic of Germany"", ""de"", ""Deutschland"", ""GER"", ""BR Deutschland"", ""DE""]","{""answer"":""Direkte Aktion is a German newspaper published in Germany."",""confidence_score"":90}",Direkte Aktion is a German newspaper published in Germany.,0.9,CORRECT
10155,978061,"Yvonne, Prinzessin von Burgund",composer,Boris Blacher,417733,639,1333277,[],[],http://www.wikidata.org/entity/Q16250976,http://www.wikidata.org/entity/Q455307,"Yvonne, Prinzessin von Burgund",Boris Blacher,334,649,"Who was the composer of Yvonne, Prinzessin von Burgund?","[""Boris Blacher""]","{""answer"":""The composer of Yvonne, Prinzessin von Burgund is Hans Werner Henze."",""confidence_score"":92}","The composer of Yvonne, Prinzessin von Burgund is Hans Werner Henze.",0.92,INCORRECT
7843,2627660,Ada,capital of,Pontotoc County,1131935,97,1540254,"[""Ada, Oklahoma""]","[""Pontotoc County, Oklahoma""]",http://www.wikidata.org/entity/Q345921,http://www.wikidata.org/entity/Q495856,"Ada, Oklahoma","Pontotoc County, Oklahoma",7930,1055,What is Ada the capital of?,"[""Pontotoc County"", ""Pontotoc County, Oklahoma""]","{
""answer"": ""Ada is the capital of Ada County in the state of Idaho, United States."", 
""confidence_score"": 95
}","Ada is the capital of Ada County in the state of Idaho, United States.",0.95,INCORRECT
11591,5203012,Momo Wall Blamo,sport,association football,2303142,560,920845,"[""Momo Blamo""]","[""football"",""soccer""]",http://www.wikidata.org/entity/Q6897386,http://www.wikidata.org/entity/Q2736,Momo Wall Blamo,Association football,59,197767,What sport does Momo Wall Blamo play?,"[""association football"", ""football"", ""soccer""]","{""answer"":""Momo Wall Blamo is a football (soccer) player."",""confidence_score"":40}",Momo Wall Blamo is a football (soccer) player.,0.4,CORRECT
10684,4525309,Shaft,composer,Isaac Hayes,1994649,639,724484,[],"[""Isaac Lee Hayes Jr.""]",http://www.wikidata.org/entity/Q596260,http://www.wikidata.org/entity/Q206439,Shaft (1971 film),Isaac Hayes,17974,59160,Who was the composer of Shaft?,"[""Isaac Hayes"", ""Isaac Lee Hayes Jr.""]","{
""answer"": ""The composer of the 1971 film theme 'Theme from Shaft' is Isaac Hayes."",
""confidence_score"": 98
}",The composer of the 1971 film theme 'Theme from Shaft' is Isaac Hayes.,0.98,CORRECT
7905,1853186,Brussels Capital Region,capital of,Burgundian Netherlands,815434,97,332792,"[""Brussels Region"",""Brussels"",""BE-BRU"",""Bruxelles-Capitale"",""BXL"",""20e"",""04000"",""BHG"",""Brussel"",""Brussels Gewest"",""Bruxelles"",""Brussel-Hoofdstad"",""R\u00e9gion Bruxellois"",""Brussels-Capital Region""]",[],http://www.wikidata.org/entity/Q240,http://www.wikidata.org/entity/Q157109,Brussels,Burgundian Netherlands,76663,7386,What is Brussels Capital Region the capital of?,"[""Burgundian Netherlands"", ""Western European Union"", ""European Economic Community"", ""EEC"", ""Common Market"", ""European Community"", ""Spanish Netherlands"", ""Austrian Netherlands""]","{
""answer"": ""The Brussels-Capital Region is the capital of Belgium (containing the City of Brussels, which houses the national institutions) and also functions as the de facto capital of the European Union."",
""confidence_score"": 95
}","The Brussels-Capital Region is the capital of Belgium (containing the City of Brussels, which houses the national institutions) and also functions as the de facto capital of the European Union.",0.95,INCORRECT
3666,2996296,Zhukiv,country,Ukraine,1283098,182,741995,[],"[""UA"",""UKR"",""ua"",""Ukrainia"",""\ud83c\uddfa\ud83c\udde6"",""Ukr."",""Ukraina""]",http://www.wikidata.org/entity/Q4181416,http://www.wikidata.org/entity/Q212,Zhukiv,Ukraine,62,331690,In what country is Zhukiv?,"[""Ukraine"", ""UA"", ""UKR"", ""ua"", ""Ukrainia"", ""🇺🇦"", ""Ukr."", ""Ukraina""]","{
""answer"": ""Zhukiv is a village in Ukraine (there are multiple places named Zhukiv, including in Lviv and Ternopil oblasts)."",
""confidence_score"": 95
}","Zhukiv is a village in Ukraine (there are multiple places named Zhukiv, including in Lviv and Ternopil oblasts).",0.95,CORRECT
5718,287985,The Guru,director,Daisy von Scherler Mayer,116373,526,92630,"[""Guru""]","[""Daisy Mayer""]",http://www.wikidata.org/entity/Q1197236,http://www.wikidata.org/entity/Q1157704,The Guru (2002 film),Daisy von Scherler Mayer,3885,1374,Who was the director of The Guru?,"[""Daisy von Scherler Mayer"", ""Daisy Mayer""]","{
""answer"": ""The 2002 comedy film The Guru was directed by Daisy von Scherler Mayer."",
""confidence_score"": 92
}",The 2002 comedy film The Guru was directed by Daisy von Scherler Mayer.,0.92,CORRECT
12288,263272,Deadline,author,Brett Ewins,106209,484,1542002,[],[],http://www.wikidata.org/entity/Q1180915,http://www.wikidata.org/entity/Q4962157,Deadline (magazine),Brett Ewins,541,220,Who is the author of Deadline?,"[""Brett Ewins""]","{""answer"":""If you mean the 2011 novel 'Deadline' it was written by Thomas Piccirilli (writing as Thomas E. Sniegoski); if you mean the 2011 Michael Connelly novel titled 'The Fifth Witness'—however, the best-known novel simply titled 'Deadline' (2007) is by Mira Grant (pen name of Seanan McGuire)."",""confidence_score"":20}","If you mean the 2011 novel 'Deadline' it was written by Thomas Piccirilli (writing as Thomas E. Sniegoski); if you mean the 2011 Michael Connelly novel titled 'The Fifth Witness'—however, the best-known novel simply titled 'Deadline' (2007) is by Mira Grant (pen name of Seanan McGuire).",0.2,INCORRECT
3219,4984133,John,father,Rupert,2199083,257,1927689,[],"[""Ruprecht""]",http://www.wikidata.org/entity/Q65946,http://www.wikidata.org/entity/Q57326,"John, Count Palatine of Neumarkt","Rupert, King of the Romans",491,1282,Who is the father of John?,"[""Rupert"", ""Ruprecht""]","{
""answer"": ""I don’t have enough context to determine who John’s father is; please provide which John you mean (e.g., John Lennon, John Steinbeck, a person you know, etc.)."",
""confidence_score"": 20
}","I don’t have enough context to determine who John’s father is; please provide which John you mean (e.g., John Lennon, John Steinbeck, a person you know, etc.).",0.2,NOT_ATTEMPTED
14136,3620934,McDowell County,capital,Welch,1568924,422,728003,"[""McDowell County, West Virginia"",""McDowell County, Virginia""]","[""Welch, West Virginia""]",http://www.wikidata.org/entity/Q501804,http://www.wikidata.org/entity/Q2073798,"McDowell County, West Virginia","Welch, West Virginia",4760,5979,What is the capital of McDowell County?,"[""Welch"", ""Welch, West Virginia""]","{
""answer"": ""The county seat (capital) of McDowell County, North Carolina is Marion."",
""confidence_score"": 95
}","The county seat (capital) of McDowell County, North Carolina is Marion.",0.95,INCORRECT
12540,280173,The Afghan,author,Frederick Forsyth,113290,484,844542,[],"[""Frederick McCarthy Forsyth""]",http://www.wikidata.org/entity/Q1192119,http://www.wikidata.org/entity/Q249197,The Afghan,Frederick Forsyth,934,20564,Who is the author of The Afghan?,"[""Frederick Forsyth"", ""Frederick McCarthy Forsyth""]","{
""answer"": ""The author of The Afghan (2012 novel) is Frederick Forsyth."",
""confidence_score"": 95
}",The author of The Afghan (2012 novel) is Frederick Forsyth.,0.95,CORRECT
1232,4494383,Hope,genre,espionage novel,1980520,91,232728,[],"[""spy novel"",""espionage literature""]",http://www.wikidata.org/entity/Q5899115,http://www.wikidata.org/entity/Q1426213,Hope (Deighton novel),,209,-2,What genre is Hope?,"[""espionage novel"", ""spy novel"", ""espionage literature""]","{""answer"":""Hope is a song in the pop genre."",""confidence_score"":65}",Hope is a song in the pop genre.,0.65,INCORRECT
798,6506233,Mélonin Noumonvi,place of birth,Paris,2921916,218,2874868,"[""Melonin Noumonvi""]","[""City of Light"",""Paris, France""]",http://www.wikidata.org/entity/Q963461,http://www.wikidata.org/entity/Q90,Mélonin Noumonvi,Paris,366,265592,In what city was Mélonin Noumonvi born?,"[""Paris"", ""City of Light"", ""Paris, France""]","{""answer"":""Mélonin Noumonvi was born in Paris, France."",""confidence_score"":85}","Mélonin Noumonvi was born in Paris, France.",0.85,CORRECT
14091,122728,San Mateo County,capital,Redwood City,48720,422,1589383,"[""San Mateo County, California""]","[""Redwood City, California""]",http://www.wikidata.org/entity/Q108101,http://www.wikidata.org/entity/Q505549,"San Mateo County, California","Redwood City, California",12791,16734,What is the capital of San Mateo County?,"[""Redwood City"", ""Redwood City, California""]","{
""answer"": ""The county seat (capital) of San Mateo County, California, is Redwood City."",
""confidence_score"": 95
}","The county seat (capital) of San Mateo County, California, is Redwood City.",0.95,CORRECT
9234,2281688,The Key,screenwriter,Jan de Hartog,995529,533,210009,"[""Key""]","[""F.R. Eckmar""]",http://www.wikidata.org/entity/Q3020193,http://www.wikidata.org/entity/Q1375319,The Key (1958 film),Jan de Hartog,1577,797,Who was the screenwriter for The Key?,"[""Jan de Hartog"", ""F.R. Eckmar""]","{""answer"":""The screenplay for the 1958 British film The Key was written by Carl Foreman."",""confidence_score"":70}",The screenplay for the 1958 British film The Key was written by Carl Foreman.,0.7,INCORRECT
9644,396571,Enduring Love,screenwriter,Joe Penhall,159576,533,1220298,[],"[""Joe Scott Penhall""]",http://www.wikidata.org/entity/Q129813,http://www.wikidata.org/entity/Q3808679,Enduring Love (film),Joe Penhall,12668,3372,Who was the screenwriter for Enduring Love?,"[""Ian McEwan"", ""Ian Russell McEwan"", ""Joe Penhall"", ""Joe Scott Penhall""]","{
""answer"": ""The screenwriter for the 2004 film Enduring Love was Joe Penhall."",
""confidence_score"": 95
}",The screenwriter for the 2004 film Enduring Love was Joe Penhall.,0.95,CORRECT
1154,2541355,Noise,genre,trip hop,1097778,91,721329,[],"[""Bristol sound"",""trip-hop""]",http://www.wikidata.org/entity/Q3342764,http://www.wikidata.org/entity/Q205560,Noise (Archive album),Trip hop,417,33715,What genre is Noise?,"[""trip hop"", ""Bristol sound"", ""trip-hop""]","{
""answer"": ""Noise is an experimental music genre characterized by the use of dissonant, atonal, and non-traditional sounds and textures often produced through electronics, feedback, and unconventional instrumentation."",
""confidence_score"": 95
}","Noise is an experimental music genre characterized by the use of dissonant, atonal, and non-traditional sounds and textures often produced through electronics, feedback, and unconventional instrumentation.",0.95,INCORRECT
3827,4925200,Märstetten,country,Switzerland,2172064,182,1242173,"[""M\u00e4rstetten TG"",""Marstetten"",""Maerstetten""]","[""Swiss Confederation"",""SUI"",""Suisse"",""Schweiz"",""Svizzera"",""Swiss"",""CHE"",""CH"",""Confoederatio Helvetica""]",http://www.wikidata.org/entity/Q64992,http://www.wikidata.org/entity/Q39,Märstetten,Switzerland,97,354820,In what country is Märstetten?,"[""Switzerland"", ""Swiss Confederation"", ""SUI"", ""Suisse"", ""Schweiz"", ""Svizzera"", ""Swiss"", ""CHE"", ""CH"", ""Confoederatio Helvetica""]","{
""answer"": ""Märstetten is in Switzerland."",
""confidence_score"": 100
}",Märstetten is in Switzerland.,1.0,CORRECT
9909,282690,The General,screenwriter,John Boorman,114281,533,1840073,"[""General""]",[],http://www.wikidata.org/entity/Q1193842,http://www.wikidata.org/entity/Q55277,The General (1998 film),John Boorman,3418,16479,Who was the screenwriter for The General?,"[""John Boorman""]","{
""answer"": ""The screenplay for the 1926 Buster Keaton film The General was written by Clyde Bruckman and Buster Keaton (with story contributions by Keaton and Clyde Bruckman), and for the 1998 film The General (about Martin Cahill) the screenplay was by John Boorman and Patrick McCabe."", 
""confidence_score"": 60
}","The screenplay for the 1926 Buster Keaton film The General was written by Clyde Bruckman and Buster Keaton (with story contributions by Keaton and Clyde Bruckman), and for the 1998 film The General (about Martin Cahill) the screenplay was by John Boorman and Patrick McCabe.",0.6,INCORRECT
7655,3769862,Colorado,director,Joseph Kane,1640308,526,1854461,[],"[""Jasper Joseph Inman Kane""]",http://www.wikidata.org/entity/Q5148689,http://www.wikidata.org/entity/Q555092,Colorado (film),Joseph Kane,291,686,Who was the director of Colorado?,"[""Joseph Kane"", ""Jasper Joseph Inman Kane""]","{""answer"":""The director of the film Colorado (1940) was Charles Vidor."",""confidence_score"":45}",The director of the film Colorado (1940) was Charles Vidor.,0.45,INCORRECT
2853,412570,"Mary, Queen of Scots",father,James V of Scotland,166772,257,211592,"[""Mary Stuart"",""Mary I of Scotland"",""Mary Queen of Scots"",""Mary"",""Mary, Queen of Scotland"",""Queen Mary""]","[""James Stewart"",""James V"",""Goodman of Ballengeich""]",http://www.wikidata.org/entity/Q131412,http://www.wikidata.org/entity/Q137814,"Mary, Queen of Scots",James V of Scotland,304392,38272,"Who is the father of Mary, Queen of Scots?","[""James V of Scotland"", ""James Stewart"", ""James V"", ""Goodman of Ballengeich""]","{
""answer"": ""The father of Mary, Queen of Scots was James V of Scotland."",
""confidence_score"": 100
}","The father of Mary, Queen of Scots was James V of Scotland.",1.0,CORRECT
13674,6503240,Benin,capital,Porto-Novo,2920830,422,1218000,"[""Republic of Benin"",""Dahomey"",""bj"",""\ud83c\udde7\ud83c\uddef"",""BEN""]","[""Hogbonou"",""Adjac\u00e9"",""Adjace"",""Hogbonu"",""\u00c0j\u00e0sh\u00e9 Il\u00e9""]",http://www.wikidata.org/entity/Q962,http://www.wikidata.org/entity/Q3799,Benin,Porto-Novo,83376,6470,What is the capital of Benin?,"[""Porto-Novo"", ""Hogbonou"", ""Adjacé"", ""Adjace"", ""Hogbonu"", ""Àjàshé Ilé""]","{
""answer"": ""The capital of Benin is Porto-Novo."",
""confidence_score"": 100
}",The capital of Benin is Porto-Novo.,1.0,CORRECT
13041,529572,What I Was,author,Meg Rosoff,216608,484,1395497,[],[],http://www.wikidata.org/entity/Q138743,http://www.wikidata.org/entity/Q470302,What I Was,Meg Rosoff,167,1122,Who is the author of What I Was?,"[""Meg Rosoff""]","{
""answer"": ""What I Was is a novel by Meg Rosoff."",
""confidence_score"": 95
}",What I Was is a novel by Meg Rosoff.,0.95,CORRECT
10518,1622787,Step Across the Border,composer,Fred Frith,722355,639,1351797,[],"[""Jeremy Webster \""Fred\"" Frith"",""Jeremy Webster Frith""]",http://www.wikidata.org/entity/Q2058578,http://www.wikidata.org/entity/Q460325,Step Across the Border,Fred Frith,332,3336,Who was the composer of Step Across the Border?,"[""Fred Frith"", ""Jeremy Webster \""Fred\"" Frith"", ""Jeremy Webster Frith""]","{
""answer"": ""Step Across the Border is a 1990 documentary film about guitarist and composer Fred Frith, who also composed much of the music featured in the film (Fred Frith)."",
""confidence_score"": 90
}","Step Across the Border is a 1990 documentary film about guitarist and composer Fred Frith, who also composed much of the music featured in the film (Fred Frith).",0.9,CORRECT
11507,2748925,Bob Priddy,sport,basketball,1180871,560,1762290,[],"[""hoops"",""b-ball"",""basket ball"",""BB"",""Basketball""]",http://www.wikidata.org/entity/Q3641332,http://www.wikidata.org/entity/Q5372,Bob Priddy (basketball),Basketball,78,149310,What sport does Bob Priddy play?,"[""basketball"", ""hoops"", ""b-ball"", ""basket ball"", ""BB"", ""Basketball""]","{""answer"":""Bob Priddy is a professional baseball player (former Major League Baseball pitcher)."",""confidence_score"":85}",Bob Priddy is a professional baseball player (former Major League Baseball pitcher).,0.85,INCORRECT
8620,2897580,Parlami d'Amore,screenwriter,Silvio Muccino,1241308,533,127495,"[""Parlami d'amore""]",[],http://www.wikidata.org/entity/Q3896159,http://www.wikidata.org/entity/Q1217703,Parlami d'amore,Silvio Muccino,200,1459,Who was the screenwriter for Parlami d'Amore?,"[""Silvio Muccino""]","{
""answer"": ""The screenwriter for Parlami d'Amore (2008) was Enrico Oldoini, who co-wrote the screenplay with Massimo De Rita and Claudio Corbucci."", 
""confidence_score"": 75
}","The screenwriter for Parlami d'Amore (2008) was Enrico Oldoini, who co-wrote the screenplay with Massimo De Rita and Claudio Corbucci.",0.75,INCORRECT
10853,3193225,The Village,composer,James Newton Howard,1367746,639,746455,"[""Village"",""The Village (film)"",""The Village (2004 film)""]","[""Jim Howard""]",http://www.wikidata.org/entity/Q465227,http://www.wikidata.org/entity/Q213869,The Village (2004 film),James Newton Howard,101240,25364,Who was the composer of The Village?,"[""James Newton Howard"", ""Jim Howard""]","{""answer"":""The composer of the 2004 film The Village was James Newton Howard."",""confidence_score"":92}",The composer of the 2004 film The Village was James Newton Howard.,0.92,CORRECT
11790,1111661,Guyana women's national field hockey team,sport,field hockey,484537,560,245319,[],"[""hockey""]",http://www.wikidata.org/entity/Q16934617,http://www.wikidata.org/entity/Q1455,Guyana women's national field hockey team,Field hockey,85,35031,What sport does Guyana women's national field hockey team play?,"[""field hockey"", ""hockey""]","{
""answer"": ""The Guyana women's national field hockey team plays field hockey."",
""confidence_score"": 100
}",The Guyana women's national field hockey team plays field hockey.,1.0,CORRECT
10008,2350255,The Report,screenwriter,Abbas Kiarostami,1024184,533,1835836,"[""Report""]",[],http://www.wikidata.org/entity/Q3107469,http://www.wikidata.org/entity/Q55210,The Report (1977 film),Abbas Kiarostami,555,15543,Who was the screenwriter for The Report?,"[""Abbas Kiarostami""]","{
""answer"": ""The screenwriter for the 2019 film The Report was Josh Singer."",
""confidence_score"": 95
}",The screenwriter for the 2019 film The Report was Josh Singer.,0.95,INCORRECT
2916,1425603,Edward the Elder,father,Alfred the Great,637563,257,2837531,"[""Edward"",""King Edward""]","[""King of Wessex Aelfred"",""King of England Alfred"",""Alfred the Wise"",""King of England Aelfred"",""King of England Alfred the Great"",""Alfred the Great of Wessex"",""Alfred"",""Alfred King"",""King Alfred"",""Alfred den Store""]",http://www.wikidata.org/entity/Q187114,http://www.wikidata.org/entity/Q83476,Edward the Elder,Alfred the Great,55823,153954,Who is the father of Edward the Elder?,"[""Alfred the Great"", ""King of Wessex Aelfred"", ""King of England Alfred"", ""Alfred the Wise"", ""King of England Aelfred"", ""King of England Alfred the Great"", ""Alfred the Great of Wessex"", ""Alfred"", ""Alfred King"", ""King Alfred"", ""Alfred den Store""]","{""answer"":""Edward the Elder was the son of King Alfred the Great."",""confidence_score"":100}",Edward the Elder was the son of King Alfred the Great.,1.0,CORRECT
9468,1964088,Made,screenwriter,Jon Favreau,862868,533,979274,[],"[""Jonathan Favreau"",""Jonathan Kolia Favreau""]",http://www.wikidata.org/entity/Q2557556,http://www.wikidata.org/entity/Q295964,Made (2001 film),Jon Favreau,7222,171681,Who was the screenwriter for Made?,"[""Jon Favreau"", ""Jonathan Favreau"", ""Jonathan Kolia Favreau""]","{
""answer"": ""The screenplay for the 2001 film Made was written by Shane Black and David Loughery (story by Shane Black and Robert R. McGinnis)."",
""confidence_score"": 40
}",The screenplay for the 2001 film Made was written by Shane Black and David Loughery (story by Shane Black and Robert R. McGinnis).,0.4,INCORRECT
9035,5944732,The Night They Raided Minsky's,screenwriter,Norman Lear,2667446,533,147295,"[""Night They Raided Minsky's""]","[""Norman Milton Lear""]",http://www.wikidata.org/entity/Q7754113,http://www.wikidata.org/entity/Q1270283,The Night They Raided Minsky's,Norman Lear,2923,38110,Who was the screenwriter for The Night They Raided Minsky's?,"[""Norman Lear"", ""Norman Milton Lear""]","{
""answer"": ""The screenwriter for The Night They Raided Minsky's was Herbert Baker (screenplay), based on a story by Jay Burke and Isobel Lennart."",
""confidence_score"": 92
}","The screenwriter for The Night They Raided Minsky's was Herbert Baker (screenplay), based on a story by Jay Burke and Isobel Lennart.",0.92,INCORRECT
13499,5502218,Margaret of Sicily,mother,Isabella of England,2450026,292,809631,"[""Margaret of Germany""]","[""ISABELLA d'Inghilterra, regina di Sicilia, imperatrice""]",http://www.wikidata.org/entity/Q72589,http://www.wikidata.org/entity/Q237858,Margaret of Sicily,Isabella of England,1152,3358,Who is the mother of Margaret of Sicily?,"[""Isabella of England"", ""ISABELLA d'Inghilterra, regina di Sicilia, imperatrice""]","{
""answer"": ""Margaret of Sicily (c. 1241–1270), daughter of Frederick II, Holy Roman Emperor, was the daughter of his third wife, Isabella of England (Isabella of Angoulême is sometimes conflated but Isabella of England was Frederick II’s queen who was mother to Margaret of Sicily)."",
""confidence_score"": 30
}","Margaret of Sicily (c. 1241–1270), daughter of Frederick II, Holy Roman Emperor, was the daughter of his third wife, Isabella of England (Isabella of Angoulême is sometimes conflated but Isabella of England was Frederick II’s queen who was mother to Margaret of Sicily).",0.3,CORRECT
13115,5053775,Magic,author,William Goldman,2233006,484,1596968,[],"[""S. Morgenstern"",""Harry Longbaugh""]",http://www.wikidata.org/entity/Q6730586,http://www.wikidata.org/entity/Q506885,Magic (novel),William Goldman,842,17712,Who is the author of Magic?,"[""William Goldman"", ""S. Morgenstern"", ""Harry Longbaugh""]","{""answer"":""There are many works titled \""Magic,\"" but a frequent notable one is the 1978 novel \""Magic\"" (also published as \""Magic: An Occurrence\"") by William Goldman."",""confidence_score"":40}","There are many works titled \""Magic,\"" but a frequent notable one is the 1978 novel \""Magic\"" (also published as \""Magic: An Occurrence\"") by William Goldman.",0.4,CORRECT
10485,5032354,The Circus,composer,Charlie Chaplin,2222748,639,2865458,"[""Circus""]","[""Charles Spencer Chaplin"",""Charles Chaplin"",""Sir Charles Spencer Chaplin""]",http://www.wikidata.org/entity/Q669929,http://www.wikidata.org/entity/Q882,The Circus (1928 film),Charlie Chaplin,3534,273103,Who was the composer of The Circus?,"[""Charlie Chaplin"", ""Charles Spencer Chaplin"", ""Charles Chaplin"", ""Sir Charles Spencer Chaplin""]","{""answer"":""If you mean the 1928 silent film The Circus, its score for the 1969 re-release was composed by Nino Rota, but the original 1928 film had no composed soundtrack (silent) though various accompanists and later restorations have used different composers."",""confidence_score"":65}","If you mean the 1928 silent film The Circus, its score for the 1969 re-release was composed by Nino Rota, but the original 1928 film had no composed soundtrack (silent) though various accompanists and later restorations have used different composers.",0.65,INCORRECT
9397,403815,Le Divorce,screenwriter,James Ivory,162699,533,1643619,"[""Divorce""]",[],http://www.wikidata.org/entity/Q1306265,http://www.wikidata.org/entity/Q51577,Le Divorce,James Ivory,2674,20319,Who was the screenwriter for Le Divorce?,"[""Ruth Prawer Jhabvala"", ""James Ivory""]","{
""answer"": ""The screenwriter for the 2003 film Le Divorce was Michael Cristofer (screenplay), adapted from Diane Johnson’s novel."", 
""confidence_score"": 92
}","The screenwriter for the 2003 film Le Divorce was Michael Cristofer (screenplay), adapted from Diane Johnson’s novel.",0.92,INCORRECT
2303,3015392,Ministry,genre,industrial metal,1291163,91,731910,[],"[""Industrial Metal""]",http://www.wikidata.org/entity/Q425772,http://www.wikidata.org/entity/Q208494,Ministry (band),Industrial metal,47939,15760,What genre is Ministry?,"[""industrial metal"", ""Industrial Metal""]","{
""answer"": ""Ministry is primarily an industrial metal band (originating as an industrial/EBM act and later incorporating heavy metal, industrial rock, and electronic elements)."",
""confidence_score"": 95
}","Ministry is primarily an industrial metal band (originating as an industrial/EBM act and later incorporating heavy metal, industrial rock, and electronic elements).",0.95,CORRECT
620,224059,Petar Stambolić,place of birth,Ivanjica,90653,218,1302,"[""Petar Stambolic""]",[],http://www.wikidata.org/entity/Q115471,http://www.wikidata.org/entity/Q1002841,Petar Stambolić,Ivanjica,2254,1136,In what city was Petar Stambolić born?,"[""Ivanjica""]","{""answer"":""Petar Stambolić was born in Brezova, near Vrnjačka Banja in the Raška District of Serbia."",""confidence_score"":85}","Petar Stambolić was born in Brezova, near Vrnjačka Banja in the Raška District of Serbia.",0.85,INCORRECT
4393,780737,Salem,producer,Brannon Braga,332859,164,1777608,[],[],http://www.wikidata.org/entity/Q15711326,http://www.wikidata.org/entity/Q540510,Salem (TV series),Brannon Braga,16957,8483,Who was the producer of Salem?,"[""Brannon Braga""]","{
""answer"": ""Salem (the 2014–2017 WGN America TV series) was produced by Atticus Entertainment in association with Fox 21 Television Studios, with Adam Kane, Brannon Braga, and Hanelle Culpepper among its executive producers."",
""confidence_score"": 85
}","Salem (the 2014–2017 WGN America TV series) was produced by Atticus Entertainment in association with Fox 21 Television Studios, with Adam Kane, Brannon Braga, and Hanelle Culpepper among its executive producers.",0.85,CORRECT
7712,3294045,Osh,capital of,Osh Region,1413202,97,793125,[],"[""Osh Province""]",http://www.wikidata.org/entity/Q47282,http://www.wikidata.org/entity/Q231987,Osh,Osh Region,5244,1267,What is Osh the capital of?,"[""Osh Region"", ""Osh Province""]","{
""answer"": ""Osh is the second-largest city and the administrative and cultural capital of southern Kyrgyzstan (Osh Region)."",
""confidence_score"": 95
}",Osh is the second-largest city and the administrative and cultural capital of southern Kyrgyzstan (Osh Region).,0.95,CORRECT
5933,1497050,The Distance,director,Larysa Kondracki,667693,526,2170027,[],[],http://www.wikidata.org/entity/Q19366104,http://www.wikidata.org/entity/Q6491988,The Distance (The Walking Dead),Larysa Kondracki,1932,799,Who was the director of The Distance?,"[""Larysa Kondracki""]","{
""answer"": ""The director of The Distance (2002 British film) is Iain Softley."",
""confidence_score"": 75
}",The director of The Distance (2002 British film) is Iain Softley.,0.75,INCORRECT
5194,595358,Are You Here,producer,Zach Galifianakis,243678,164,219664,[],"[""Zacharius Knight Galifinakis"",""Zachary Knight Galifianakis""]",http://www.wikidata.org/entity/Q14509721,http://www.wikidata.org/entity/Q139325,Are You Here,Zach Galifianakis,4891,104506,Who was the producer of Are You Here?,"[""Zach Galifianakis"", ""Zacharius Knight Galifinakis"", ""Zachary Knight Galifianakis"", ""Owen Wilson"", ""Owen Cunningham Wilson"", ""Amy Poehler"", ""Amy Meredith Poehler""]","{""answer"":""Are You Here (2013) was produced by Dimitri Doganis, Christopher Coppola, Michael Robin, and Gene Stupnitsky (with Chris Prynoski and Anthony Mastromauro as executive producers)."",""confidence_score"":70}","Are You Here (2013) was produced by Dimitri Doganis, Christopher Coppola, Michael Robin, and Gene Stupnitsky (with Chris Prynoski and Anthony Mastromauro as executive producers).",0.7,INCORRECT
7549,1238243,The Ghost,director,Riccardo Freda,550370,526,2569864,"[""Ghost"",""Lo spettro""]",[],http://www.wikidata.org/entity/Q1750500,http://www.wikidata.org/entity/Q750983,The Ghost (1963 film),Riccardo Freda,586,708,Who was the director of The Ghost?,"[""Riccardo Freda""]","{""answer"":""The director of the 2010 film The Ghost (also known as The Ghost Writer) is Roman Polanski."",""confidence_score"":75}",The director of the 2010 film The Ghost (also known as The Ghost Writer) is Roman Polanski.,0.75,INCORRECT
6660,287649,The Toy,director,Richard Donner,116249,526,882404,"[""Toy""]","[""Richard Donald Schwartzberg""]",http://www.wikidata.org/entity/Q1197013,http://www.wikidata.org/entity/Q262130,The Toy (1982 film),Richard Donner,5148,30967,Who was the director of The Toy?,"[""Richard Donner"", ""Richard Donald Schwartzberg""]","{
""answer"": ""Richard Donner directed the 1982 comedy film The Toy."",
""confidence_score"": 95
}",Richard Donner directed the 1982 comedy film The Toy.,0.95,CORRECT
4262,2479208,Criminal,producer,Steven Soderbergh,1072823,164,19659,[],"[""Steven Andrew Soderbergh"",""Peter Andrews"",""Mary Ann Bernard""]",http://www.wikidata.org/entity/Q3271467,http://www.wikidata.org/entity/Q103917,Criminal (2004 film),Steven Soderbergh,1891,66941,Who was the producer of Criminal?,"[""Steven Soderbergh"", ""Steven Andrew Soderbergh"", ""Peter Andrews"", ""Mary Ann Bernard"", ""George Clooney"", ""George Timothy Clooney""]","{""answer"":""The producer of the film Criminal (2016) was Working Title Films and StudioCanal, with producers including Sam Mendes, Pippa Harris, and Eric Fellner (principal credited producers vary by version); confidence: I am 60% sure this matches the intended 'Criminal'."",""confidence_score"":60}","The producer of the film Criminal (2016) was Working Title Films and StudioCanal, with producers including Sam Mendes, Pippa Harris, and Eric Fellner (principal credited producers vary by version); confidence: I am 60% sure this matches the intended 'Criminal'.",0.6,INCORRECT
4846,5770009,Nine,producer,Rob Marshall,2576966,164,1155958,[],[],http://www.wikidata.org/entity/Q752989,http://www.wikidata.org/entity/Q353501,Nine (2009 live-action film),Rob Marshall,17560,16786,Who was the producer of Nine?,"[""Maury Yeston"", ""Rob Marshall""]","{
""answer"": ""The film Nine (2009) was produced by Scott Steindorff and Gianni Nunnari (with additional producers including Tim Bevan and Eric Fellner); the original 1982 Broadway musical was produced by Emanuel Azenberg and Hal Prince."", 
""confidence_score"": 75
}",The film Nine (2009) was produced by Scott Steindorff and Gianni Nunnari (with additional producers including Tim Bevan and Eric Fellner); the original 1982 Broadway musical was produced by Emanuel Azenberg and Hal Prince.,0.75,INCORRECT
7455,2035568,Under Age,director,Edward Dmytryk,891808,526,2434232,[],[],http://www.wikidata.org/entity/Q2648933,http://www.wikidata.org/entity/Q72229,Under Age (1941 film),Edward Dmytryk,157,5367,Who was the director of Under Age?,"[""Edward Dmytryk""]","{""answer"":""The director of the 1964 film Under Age was Larry Buchanan."",""confidence_score"":78}",The director of the 1964 film Under Age was Larry Buchanan.,0.78,INCORRECT
6854,2342696,Genesis,director,Mrinal Sen,1021479,526,2935334,[],[],http://www.wikidata.org/entity/Q3100549,http://www.wikidata.org/entity/Q982809,Genesis (1986 film),Mrinal Sen,591,8313,Who was the director of Genesis?,"[""Mrinal Sen""]","{""answer"":""If you mean the 1988 British TV miniseries Genesis, it was directed by John Strickland; if you mean the 2004 film Genesis, it was directed by Claude Nuridsany and Marie Pérennou (known for The Wild Plant) — please specify which Genesis you mean."",""confidence_score"":40}","If you mean the 1988 British TV miniseries Genesis, it was directed by John Strickland; if you mean the 2004 film Genesis, it was directed by Claude Nuridsany and Marie Pérennou (known for The Wild Plant) — please specify which Genesis you mean.",0.4,INCORRECT
2999,3065273,Konstanty Władysław Filip Sobieski,father,John III Sobieski,1309687,257,1747733,[],"[""Jan III Sobieski"",""King of Poland John Sobieski"",""King of Poland John III Sobieski"",""King of Poland Jan III"",""roi de Pologne Jean III"",""III Sobjeskis, Pokaralis Jans"",""King of Poland John III"",""King of Poland Jana III"",""Sobieski, re di Polonia Jan III"",""kr\u00f3l Polski Jan III Sobieski"",""III Sobjeskis, Polijas karalis Jans""]",http://www.wikidata.org/entity/Q4381376,http://www.wikidata.org/entity/Q53454,Konstanty Władysław Sobieski,John III Sobieski,312,14935,Who is the father of Konstanty Władysław Filip Sobieski?,"[""John III Sobieski"", ""Jan III Sobieski"", ""King of Poland John Sobieski"", ""King of Poland John III Sobieski"", ""King of Poland Jan III"", ""roi de Pologne Jean III"", ""III Sobjeskis, Pokaralis Jans"", ""King of Poland John III"", ""King of Poland Jana III"", ""Sobieski, re di Polonia Jan III"", ""król Polski Jan III Sobieski"", ""III Sobjeskis, Polijas karalis Jans""]","{
""answer"": ""The father of Konstanty Władysław Filip Sobieski was King John III Sobieski of Poland."",
""confidence_score"": 95
}",The father of Konstanty Władysław Filip Sobieski was King John III Sobieski of Poland.,0.95,CORRECT
1612,5003786,Living Space,genre,science fiction,2209107,91,844831,[],"[""SF"",""scifi"",""sci Fi"",""sci-Fi"",""science-fiction"",""sci fi"",""sciencefiction""]",http://www.wikidata.org/entity/Q6659282,http://www.wikidata.org/entity/Q24925,Living Space,Science fiction,695,155784,What genre is Living Space?,"[""science fiction"", ""SF"", ""scifi"", ""sci Fi"", ""sci-Fi"", ""science-fiction"", ""sci fi"", ""sciencefiction""]","{""answer"":""\""Living Space\"" is a science fiction short story (by Isaac Asimov)."",""confidence_score"":95}","\""Living Space\"" is a science fiction short story (by Isaac Asimov).",0.95,CORRECT
4302,1152471,Svengali,producer,Jonny Owen,509496,164,2089464,[],[],http://www.wikidata.org/entity/Q17022598,http://www.wikidata.org/entity/Q6275805,Svengali (2013 film),Jonny Owen,965,6096,Who was the producer of Svengali?,"[""Jonny Owen""]","{""answer"":""The 1931 film Svengali was produced by Metro-Goldwyn-Mayer (MGM) with producer Irving Thalberg overseeing the production."",""confidence_score"":85}",The 1931 film Svengali was produced by Metro-Goldwyn-Mayer (MGM) with producer Irving Thalberg overseeing the production.,0.85,INCORRECT
9386,6084373,Us,screenwriter,Michael Landon,2736868,533,1133726,[],"[""Eugene Maurice Orowitz""]",http://www.wikidata.org/entity/Q7901638,http://www.wikidata.org/entity/Q346411,Us (1991 film),Michael Landon,927,134305,Who was the screenwriter for Us?,"[""Michael Landon"", ""Eugene Maurice Orowitz""]","{
""answer"": ""Jordan Peele wrote the screenplay for the film Us."",
""confidence_score"": 100
}",Jordan Peele wrote the screenplay for the film Us.,1.0,INCORRECT
11298,3058587,Matthew the Apostle,religion,Christianity,1307348,106,1582175,"[""Saint Matthew"",""Matthew"",""Matthew the Evangelist""]","[""Christian faith""]",http://www.wikidata.org/entity/Q43600,http://www.wikidata.org/entity/Q5043,Matthew the Apostle,Christianity,33854,213455,What is the religion of Matthew the Apostle?,"[""Christianity"", ""Christian faith""]","{
""answer"": ""Matthew the Apostle was Jewish by religion (a Jewish tax collector and one of Jesus’ Jewish disciples), later associated with Christianity as one of its early apostles and authors of a Gospel."",
""confidence_score"": 95
}","Matthew the Apostle was Jewish by religion (a Jewish tax collector and one of Jesus’ Jewish disciples), later associated with Christianity as one of its early apostles and authors of a Gospel.",0.95,INCORRECT
172,2738003,Arcangelo Ghisleri,occupation,journalist,1176446,22,663400,[],"[""journo"",""journalists""]",http://www.wikidata.org/entity/Q3621417,http://www.wikidata.org/entity/Q1930187,Arcangelo Ghisleri,Journalist,85,24952,What is Arcangelo Ghisleri's occupation?,"[""journalist"", ""journo"", ""journalists""]","{
""answer"": ""Arcangelo Ghisleri was an Italian geographer and politician."",
""confidence_score"": 75
}",Arcangelo Ghisleri was an Italian geographer and politician.,0.75,INCORRECT
2193,2941035,A Hero of Our Times,genre,comedy film,1259340,91,336148,"[""Hero of Our Times"",""Un eroe dei nostri tempi""]","[""comedy movie""]",http://www.wikidata.org/entity/Q4003806,http://www.wikidata.org/entity/Q157443,A Hero of Our Times,Comedy film,215,36816,What genre is A Hero of Our Times?,"[""comedy film"", ""comedy movie""]","{
""answer"": ""A Hero of Our Time is a 19th-century Russian novel often classified as a psychological novel and a precursor of the modernist/psychological realist and antihero genres (sometimes called a novel of character or a picaresque/psychological novel)."",
""confidence_score"": 92
}",A Hero of Our Time is a 19th-century Russian novel often classified as a psychological novel and a precursor of the modernist/psychological realist and antihero genres (sometimes called a novel of character or a picaresque/psychological novel).,0.92,INCORRECT
12307,672890,Capital,author,John Lanchester,284721,484,505026,[],"[""John Henry Lanchester""]",http://www.wikidata.org/entity/Q15052527,http://www.wikidata.org/entity/Q1700782,Capital (novel),John Lanchester,1630,1962,Who is the author of Capital?,"[""John Lanchester"", ""John Henry Lanchester""]","{
""answer"": ""Capital (Das Kapital) was authored by Karl Marx."",
""confidence_score"": 100
}",Capital (Das Kapital) was authored by Karl Marx.,1.0,INCORRECT
8563,3821577,D Day,screenwriter,Nikhil Advani,1667347,533,796522,[],"[""Nikkhil Suresh Advani""]",http://www.wikidata.org/entity/Q5207081,http://www.wikidata.org/entity/Q2332619,D-Day (2013 film),Nikkhil Advani,5475,13854,Who was the screenwriter for D Day?,"[""Nikhil Advani"", ""Nikkhil Suresh Advani""]","{""answer"":""If you mean the 1955 British war film 'D-Day the Sixth of June', the screenwriter was Harry Brown (screenplay) based on Lionel Shapiro’s novel; if you mean another film titled 'D-Day', please specify which year or director."",""confidence_score"":55}","If you mean the 1955 British war film 'D-Day the Sixth of June', the screenwriter was Harry Brown (screenplay) based on Lionel Shapiro’s novel; if you mean another film titled 'D-Day', please specify which year or director.",0.55,NOT_ATTEMPTED
5525,3633765,Fresh,producer,Lawrence Bender,1575847,164,1640485,[],[],http://www.wikidata.org/entity/Q503199,http://www.wikidata.org/entity/Q514913,Fresh (1994 film),Lawrence Bender,6621,12812,Who was the producer of Fresh?,"[""Lawrence Bender""]","{""answer"":""The producer of the 1994 film Fresh was Neal H. Moritz (producer credits include Neal H. Moritz as producer; Boaz Davidson and Roderick G. Davis served as executive producers)."",""confidence_score"":85}",The producer of the 1994 film Fresh was Neal H. Moritz (producer credits include Neal H. Moritz as producer; Boaz Davidson and Roderick G. Davis served as executive producers).,0.85,INCORRECT
1986,5450342,Piel,genre,telenovela,2423736,91,808588,[],"[""Spanish soap opera""]",http://www.wikidata.org/entity/Q7191634,http://www.wikidata.org/entity/Q23745,Piel (TV series),Telenovela,68,22256,What genre is Piel?,"[""telenovela"", ""Spanish soap opera""]","{
""answer"": ""Piel is a Spanish-language pop ballad (Latin pop) song."",
""confidence_score"": 75
}",Piel is a Spanish-language pop ballad (Latin pop) song.,0.75,INCORRECT
10125,1480899,I Bet,composer,Harmony Samuels,661204,639,1903538,[],"[""Harmony David Samuels"",""H-Money""]",http://www.wikidata.org/entity/Q19263704,http://www.wikidata.org/entity/Q5659606,I Bet (Ciara song),Harmony Samuels,1248,1451,Who was the composer of I Bet?,"[""Ciara"", ""Ciara Princess Harris"", ""Ciara Princess Wilson"", ""Harmony Samuels"", ""Harmony David Samuels"", ""H-Money""]","{
""answer"": ""The composer of the song \""I Bet\"" is Irving Berlin."",
""confidence_score"": 60
}","The composer of the song \""I Bet\"" is Irving Berlin.",0.6,INCORRECT
8282,1417211,Troy,screenwriter,David Benioff,633774,533,1579944,[],"[""David Friedman""]",http://www.wikidata.org/entity/Q186587,http://www.wikidata.org/entity/Q503997,Troy (film),David Benioff,118889,65738,Who was the screenwriter for Troy?,"[""David Benioff"", ""David Friedman""]","{""answer"":""The screenplay for the 2004 film Troy was written by David Benioff (based on Homer's Iliad and a story by Christopher McQuarrie and David Benioff)."",""confidence_score"":95}",The screenplay for the 2004 film Troy was written by David Benioff (based on Homer's Iliad and a story by Christopher McQuarrie and David Benioff).,0.95,INCORRECT
126,4626587,James M. Geraghty,occupation,politician,2039312,22,2834605,[],"[""political leader"",""political figure"",""polit."",""pol""]",http://www.wikidata.org/entity/Q6138430,http://www.wikidata.org/entity/Q82955,James M. Geraghty,Politician,66,25692,What is James M. Geraghty's occupation?,"[""lawyer"", ""attorney"", ""solicitor"", ""barrister"", ""lawyers"", ""politician"", ""political leader"", ""political figure"", ""polit."", ""pol""]","{""answer"":""James M. Geraghty is an American politician who served as a member of the Washington State House of Representatives."",""confidence_score"":65}",James M. Geraghty is an American politician who served as a member of the Washington State House of Representatives.,0.65,INCORRECT
8388,6298762,The Celebration,screenwriter,Thomas Vinterberg,2842045,533,1036958,"[""Celebration"",""Festen""]",[],http://www.wikidata.org/entity/Q841958,http://www.wikidata.org/entity/Q314287,Festen,Thomas Vinterberg,12282,17470,Who was the screenwriter for The Celebration?,"[""Thomas Vinterberg""]","{
""answer"": ""The screenwriter for The Celebration (Festen) was Thomas Vinterberg together with Mogens Rukov and Bo hr. (commonly credited to Thomas Vinterberg and Mogens Rukov)."",
""confidence_score"": 85
}",The screenwriter for The Celebration (Festen) was Thomas Vinterberg together with Mogens Rukov and Bo hr. (commonly credited to Thomas Vinterberg and Mogens Rukov).,0.85,CORRECT
9241,4576221,This Is the End,screenwriter,Seth Rogen,2018414,533,761879,[],"[""Seth Aaron Rogen""]",http://www.wikidata.org/entity/Q607363,http://www.wikidata.org/entity/Q220308,This Is the End,Seth Rogen,43461,145749,Who was the screenwriter for This Is the End?,"[""Seth Rogen"", ""Seth Aaron Rogen""]","{
""answer"": ""This Is the End was written by Seth Rogen, Evan Goldberg, and Oren Uziel (screenplay by Seth Rogen and Evan Goldberg; story by Rogen, Goldberg, and Oren Uziel)."",
""confidence_score"": 95
}","This Is the End was written by Seth Rogen, Evan Goldberg, and Oren Uziel (screenplay by Seth Rogen and Evan Goldberg; story by Rogen, Goldberg, and Oren Uziel).",0.95,CORRECT
1029,1639512,William Bell Scott,place of birth,Edinburgh,728631,218,799769,"[""Will. Bell Scott"",""Bell Scott"",""Scott""]","[""Edinburg"",""Edinburgh, Scotland"",""City of Edinburgh"",""Edina"",""Modern Athens""]",http://www.wikidata.org/entity/Q2075556,http://www.wikidata.org/entity/Q23436,William Bell Scott,Edinburgh,676,114880,In what city was William Bell Scott born?,"[""Edinburgh"", ""Edinburg"", ""Edinburgh, Scotland"", ""City of Edinburgh"", ""Edina"", ""Modern Athens""]","{""answer"":""William Bell Scott was born in Newcastle upon Tyne, England."",""confidence_score"":95}","William Bell Scott was born in Newcastle upon Tyne, England.",0.95,INCORRECT
4871,3608876,Butterfly,producer,Matt Cimber,1562374,164,2262104,[],[],http://www.wikidata.org/entity/Q5002915,http://www.wikidata.org/entity/Q6788484,Butterfly (1982 film),Matt Cimber,5287,5193,Who was the producer of Butterfly?,"[""Matt Cimber""]","{""answer"":""If you mean the 1982 film Butterfly, it was produced by Antony I. Ginnane; if you mean the 2000 film Butterfly (Chinese: Hudie), it was produced by Peter Chan; if you mean the 2018 song \""Butterfly\"" by Crazy Town, it was produced by Josh Abraham."",""confidence_score"":45}","If you mean the 1982 film Butterfly, it was produced by Antony I. Ginnane; if you mean the 2000 film Butterfly (Chinese: Hudie), it was produced by Peter Chan; if you mean the 2018 song \""Butterfly\"" by Crazy Town, it was produced by Josh Abraham.",0.45,INCORRECT
6908,5916960,The City,director,Harvey Hart,2653300,526,342504,"[""City""]",[],http://www.wikidata.org/entity/Q7723147,http://www.wikidata.org/entity/Q1587909,The City (1977 film),Harvey Hart,193,431,Who was the director of The City?,"[""Harvey Hart""]","{
""answer"": ""There are multiple films titled 'The City'; if you mean the 1939 documentary 'The City' it was directed by Ralph Steiner and Willard van Dyke (with story by Sherwood Anderson and screenplay by Lewis Mumford), while the 1998 film 'The City' (La Città dolente) was directed by Leonardo Pieraccioni; please specify which version for higher certainty."",
""confidence_score"": 60
}","There are multiple films titled 'The City'; if you mean the 1939 documentary 'The City' it was directed by Ralph Steiner and Willard van Dyke (with story by Sherwood Anderson and screenplay by Lewis Mumford), while the 1998 film 'The City' (La Città dolente) was directed by Leonardo Pieraccioni; please specify which version for higher certainty.",0.6,INCORRECT
4952,805471,Queen,producer,Anurag Kashyap,343818,164,945262,[],[],http://www.wikidata.org/entity/Q15907466,http://www.wikidata.org/entity/Q2839609,Queen (2013 film),Anurag Kashyap,10356,54709,Who was the producer of Queen?,"[""Anurag Kashyap""]","{
""answer"": ""Queen worked with several producers over their career, most notably Roy Thomas Baker (early albums) and co-producing later albums with Brian May, Roger Taylor and David Bowie (on 'Under Pressure'), with long-term collaborations including producer David Richards and engineer-producer Reinhold Mack (Mack) for the 1970s–1980s period."",
""confidence_score"": 70
}","Queen worked with several producers over their career, most notably Roy Thomas Baker (early albums) and co-producing later albums with Brian May, Roger Taylor and David Bowie (on 'Under Pressure'), with long-term collaborations including producer David Richards and engineer-producer Reinhold Mack (Mack) for the 1970s–1980s period.",0.7,INCORRECT
11729,66701,Krasen Trifonov,sport,association football,26190,560,920845,[],"[""football"",""soccer""]",http://www.wikidata.org/entity/Q10492701,http://www.wikidata.org/entity/Q2736,Krasen Trifonov,Association football,70,197767,What sport does Krasen Trifonov play?,"[""association football"", ""football"", ""soccer""]","{
""answer"": ""Krasen Trifonov is a Bulgarian football (soccer) player."",
""confidence_score"": 60
}",Krasen Trifonov is a Bulgarian football (soccer) player.,0.6,CORRECT
9396,246632,The Relic,screenwriter,Douglas Preston,99327,533,2541511,"[""Relic""]","[""Douglas Jerome Preston"",""Douglas J. Preston""]",http://www.wikidata.org/entity/Q1170168,http://www.wikidata.org/entity/Q742632,The Relic (film),Douglas Preston,12433,4806,Who was the screenwriter for The Relic?,"[""Douglas Preston"", ""Douglas Jerome Preston"", ""Douglas J. Preston"", ""Lincoln Child""]","{
""answer"": ""The screenplay for the 1997 film The Relic was written by Stephen Peters (from a story by Douglas Preston and Lincoln Child, based on their novel)."",
""confidence_score"": 92
}","The screenplay for the 1997 film The Relic was written by Stephen Peters (from a story by Douglas Preston and Lincoln Child, based on their novel).",0.92,INCORRECT
11796,3208195,Abdoul Thiam,sport,association football,1374519,560,920845,[],"[""football"",""soccer""]",http://www.wikidata.org/entity/Q4665161,http://www.wikidata.org/entity/Q2736,Abdoul Thiam,Association football,58,197767,What sport does Abdoul Thiam play?,"[""association football"", ""football"", ""soccer""]","{
""answer"": ""Abdoul Thiam is a professional football (soccer) player."",
""confidence_score"": 85
}",Abdoul Thiam is a professional football (soccer) player.,0.85,CORRECT
5003,2070408,Turn to You,producer,Justin Bieber,906892,164,1116133,[],"[""Justin Drew Bieber""]",http://www.wikidata.org/entity/Q2700174,http://www.wikidata.org/entity/Q34086,Turn to You (Mother's Day Dedication),Justin Bieber,192,554715,Who was the producer of Turn to You?,"[""Justin Bieber"", ""Justin Drew Bieber""]","{
""answer"": ""The producer of \""Turn to You\"" (the 2012 film) was Jonathan Demme."", 
""confidence_score"": 55
}","The producer of \""Turn to You\"" (the 2012 film) was Jonathan Demme.",0.55,INCORRECT
5518,1832685,Exposure,producer,Robert Fripp,806981,164,713886,[],[],http://www.wikidata.org/entity/Q2368580,http://www.wikidata.org/entity/Q203185,Exposure (Robert Fripp album),Robert Fripp,2979,32918,Who was the producer of Exposure?,"[""Robert Fripp""]","{""answer"":""Exposure (1987 film) was produced by Paul Maslansky."",""confidence_score"":55}",Exposure (1987 film) was produced by Paul Maslansky.,0.55,INCORRECT
5162,2139826,Disney's The Kid,producer,Jon Turteltaub,935676,164,1395287,"[""The Kid""]","[""Jonathan Charles \""Jon\"" Turteltaub"",""Jonathan Charles Turteltaub""]",http://www.wikidata.org/entity/Q280186,http://www.wikidata.org/entity/Q470251,Disney's The Kid,Jon Turteltaub,7114,6640,Who was the producer of Disney's The Kid?,"[""Jon Turteltaub"", ""Jonathan Charles \""Jon\"" Turteltaub"", ""Jonathan Charles Turteltaub""]","{
""answer"": ""The producer of Disney's The Kid (2000) was Ron Bass (producer), with additional producers including Jack Rapke and Steve Starkey as executive producers; the film was produced by Walt Disney Pictures and Spyglass Entertainment."",
""confidence_score"": 60
}","The producer of Disney's The Kid (2000) was Ron Bass (producer), with additional producers including Jack Rapke and Steve Starkey as executive producers; the film was produced by Walt Disney Pictures and Spyglass Entertainment.",0.6,INCORRECT
7985,20781,Madison,capital of,Lake County,8718,97,1537021,"[""Madison, South Dakota""]","[""Lake County, South Dakota""]",http://www.wikidata.org/entity/Q1020419,http://www.wikidata.org/entity/Q495246,"Madison, South Dakota","Lake County, South Dakota",1569,487,What is Madison the capital of?,"[""Lake County"", ""Lake County, South Dakota""]","{
""answer"": ""Madison is the capital of the U.S. state of Wisconsin."",
""confidence_score"": 98
}",Madison is the capital of the U.S. state of Wisconsin.,0.98,INCORRECT
4663,2132337,Leaving,producer,Skrillex,932293,164,653118,[],"[""Sonny Moore"",""Sonny John Moore"",""Sonny""]",http://www.wikidata.org/entity/Q2783390,http://www.wikidata.org/entity/Q19004,Leaving (EP),Skrillex,786,55663,Who was the producer of Leaving?,"[""Skrillex"", ""Sonny Moore"", ""Sonny John Moore"", ""Sonny""]","{""answer"":""If you mean the 2012 film Leaving, its producer was Christian Carion."",""confidence_score"":45}","If you mean the 2012 film Leaving, its producer was Christian Carion.",0.45,INCORRECT
11053,3042621,Rumi,religion,Islam,1301510,106,1299818,"[""Jal\u0101laudd\u012bna R\u016bm\u012b"",""\u01e6al\u0101ladd\u012bn R\u016bm\u012b"",""Dzhalaliddin Rumi"",""Jalalu\u02bcddin Rumi"",""Gial\u00e2l ad-D\u00een R\u00fbm\u00ee"",""Jal\u00e1lu-\u02bcd-\u02bcD\u00edn Muhammad i R\u00fam\u00ed"",""Dzhaloluddin Rumi"",""Cel\u00e2leddin R\u00fbm\u00ee"",""\u0176al\u0101l al-D\u012bn R\u016bm\u012b"",""Jal\u0101ludd\u012bn Balkh\u012b Rum\u012b"",""Jolalud-Din Rumi"",""Zhaloliddin Rumi\u012d"",""Jalaladdin Rumi"",""Dschelal-Eddin Rumi"",""Jal\u0101ludd\u012bn Mu\u1e25ammad Balkh\u012b R\u016bm\u012b"",""Rum"",""Jal\u0101l ad-D\u012bn ar-R\u016bm\u012b"",""Dschalaluddin Rumi"",""Jalal-ud-din Rumi"",""Jal\u00e1luddin Rumi"",""Jal\u0101l al-D\u012bn Mu\u1e25ammad ibn Mu\u1e25ammad Balkh\u012b"",""Jal\u0101ladd\u012bn R\u016bm\u012b"",""R\u016bm\u012b"",""Dzhaloluddin Balkhii Rumi"",""Dschelaleddin Rumi"",""Jalal-e Din Rumi"",""Jallal ed-Din Muhammad Balkhy"",""Mawlana Rumi"",""Jal\u0101l al-D\u012bn R\u016bm\u012b"",""Cel\u00e2leddin-i R\u00fbm\u00ee"",""Dschelaladdin Rumi"",""Mevl\u00e2na"",""Tzalalountin Roumi"",""Djal\u00e2l-od-D\u00een R\u00fbm\u00ee"",""Jaloliddin Rumiy"",""Mevlana Jal\u00e1luddin Rumi"",""Jelaluddin Rumi"",""Mowlavi"",""\u1e0ejal\u0101l al-D\u012bn R\u016bm\u012b"",""Mowlana"",""Mawlana"",""Maulana"",""Molavi"",""Mevlevi"",""Mawlawi"",""Mevlana"",""Jalal ad-Din Muhammad Balkhi"",""Gialal ad-Din Rumi"",""Celaleddin Rumi"",""Jalaluddin Rumi"",""Celaleddin-i Rumi"",""Djalal-od-Din Rumi"",""Mevlana Jalaluddin Rumi""]","[""Islamic religion"",""Mohammedanism"",""Muslim religion"",""al-\u2019isl\u0101m"",""religion of the Muslims""]",http://www.wikidata.org/entity/Q43347,http://www.wikidata.org/entity/Q432,Rumi,Islam,92800,233485,What is the religion of Rumi?,"[""Islam"", ""Islamic religion"", ""Mohammedanism"", ""Muslim religion"", ""al-’islām"", ""religion of the Muslims""]","{
""answer"": ""Rumi (Jalāl ad-Dīn Muhammad Rūmī) was a Sunni Muslim Sufi (Islamic mystic)."",
""confidence_score"": 95
}",Rumi (Jalāl ad-Dīn Muhammad Rūmī) was a Sunni Muslim Sufi (Islamic mystic).,0.95,CORRECT
1307,4115134,Flare,genre,J-pop,1802645,91,167395,[],"[""Japanese pop"",""jpop""]",http://www.wikidata.org/entity/Q5457465,http://www.wikidata.org/entity/Q131578,Flare (album),J-pop,76,31446,What genre is Flare?,"[""J-pop"", ""Japanese pop"", ""jpop""]","{""answer"":""Flare is a rhythm game (music/rhythm genre)."",""confidence_score"":85}",Flare is a rhythm game (music/rhythm genre).,0.85,INCORRECT
3633,1160798,Marvel,country,United States of America,513999,182,988513,[],"[""the United States of America"",""America"",""U.S.A."",""USA"",""U.S."",""US"",""the US"",""the USA"",""US of A"",""the United States"",""U. S. A."",""U. S."",""the States"",""the U.S."",""'Merica"",""U.S"",""United States"",""'Murica""]",http://www.wikidata.org/entity/Q17048108,http://www.wikidata.org/entity/Q30,Marvel (automobile),United States,235,1629691,In what country is Marvel?,"[""United States of America"", ""the United States of America"", ""America"", ""U.S.A."", ""USA"", ""U.S."", ""US"", ""the US"", ""the USA"", ""US of A"", ""the United States"", ""U. S. A."", ""U. S."", ""the States"", ""the U.S."", ""'Merica"", ""U.S"", ""United States"", ""'Murica""]","{
""answer"": ""Marvel Entertainment is an American company based in the United States (headquartered in New York City)."",
""confidence_score"": 95
}",Marvel Entertainment is an American company based in the United States (headquartered in New York City).,0.95,CORRECT
5132,858980,Life,producer,Iain Canning,364924,164,851739,[],[],http://www.wikidata.org/entity/Q16025079,http://www.wikidata.org/entity/Q2514268,Life (2015 film),Iain Canning,5647,2435,Who was the producer of Life?,"[""Iain Canning""]","{""answer"":""The producer of the 1999 film Life was Jerry Bruckheimer."",""confidence_score"":45}",The producer of the 1999 film Life was Jerry Bruckheimer.,0.45,INCORRECT
1166,946336,The Lesson,genre,science fiction film,403412,91,1406377,"[""Lesson""]","[""sci-fi film"",""science fiction movie"",""sci-fi movie"",""scifi film"",""scifi movie"",""sci fi film"",""sci fi movie"",""scifi-film"",""scifi""]",http://www.wikidata.org/entity/Q16220845,http://www.wikidata.org/entity/Q471839,The Lesson (1987 film),Science fiction film,500,41996,What genre is The Lesson?,"[""science fiction film"", ""sci-fi film"", ""science fiction movie"", ""sci-fi movie"", ""scifi film"", ""scifi movie"", ""sci fi film"", ""sci fi movie"", ""scifi-film"", ""scifi""]","{
""answer"": ""The Lesson is a short story by Toni Cade Bambara, typically classified as literary fiction with elements of social realism and coming-of-age (bildungsroman)."",
""confidence_score"": 88
}","The Lesson is a short story by Toni Cade Bambara, typically classified as literary fiction with elements of social realism and coming-of-age (bildungsroman).",0.88,INCORRECT
12171,5949303,The Program,author,Gregg Hurwitz,2669866,484,315357,[],[],http://www.wikidata.org/entity/Q7758496,http://www.wikidata.org/entity/Q1545030,The Program (novel),Gregg Hurwitz,167,4218,Who is the author of The Program?,"[""Gregg Hurwitz""]","{""answer"":""The author of The Program (1991 novel) is Gregg Hurwitz."",""confidence_score"":65}",The author of The Program (1991 novel) is Gregg Hurwitz.,0.65,CORRECT
1043,648601,Richie Ashburn,place of birth,Tilden,273708,218,2916057,"[""Don Richard Ashburn""]","[""Tilden, Nebraska""]",http://www.wikidata.org/entity/Q1489089,http://www.wikidata.org/entity/Q955426,Richie Ashburn,"Tilden, Nebraska",5130,818,In what city was Richie Ashburn born?,"[""Tilden"", ""Tilden, Nebraska""]","{
""answer"": ""Richie Ashburn was born in Pottstown, Pennsylvania."",
""confidence_score"": 95
}","Richie Ashburn was born in Pottstown, Pennsylvania.",0.95,INCORRECT
13023,286089,Guerrilla Warfare,author,Che Guevara,115618,484,1951669,[],"[""Ernesto Guevara"",""El Che"",""Che"",""Ernesto Guevara de la Serna"",""Ernesto Rafael Guevara de la Serna""]",http://www.wikidata.org/entity/Q1196149,http://www.wikidata.org/entity/Q5809,Guerrilla Warfare (book),Che Guevara,8881,331126,Who is the author of Guerrilla Warfare?,"[""Che Guevara"", ""Ernesto Guevara"", ""El Che"", ""Che"", ""Ernesto Guevara de la Serna"", ""Ernesto Rafael Guevara de la Serna""]","{
""answer"": ""Guerrilla Warfare was written by Che Guevara (Ernesto 'Che' Guevara)."",
""confidence_score"": 100
}",Guerrilla Warfare was written by Che Guevara (Ernesto 'Che' Guevara).,1.0,CORRECT
12813,3406610,August,author,Gerard Woodward,1466204,484,1854100,[],[],http://www.wikidata.org/entity/Q4820487,http://www.wikidata.org/entity/Q5550203,August (Woodward novel),Gerard Woodward,59,149,Who is the author of August?,"[""Gerard Woodward""]","{""answer"":""If you mean the novel 'August' (2001) it was written by Gerard Woodward; if you mean the poem 'August' (1996) it's by John Updike — clarification needed."",""confidence_score"":40}",If you mean the novel 'August' (2001) it was written by Gerard Woodward; if you mean the poem 'August' (1996) it's by John Updike — clarification needed.,0.4,CORRECT
2383,3489407,Betrayal,genre,crime film,1507416,91,2919224,[],"[""crime movie""]",http://www.wikidata.org/entity/Q4898193,http://www.wikidata.org/entity/Q959790,Betrayal (1932 film),Crime film,72,28275,What genre is Betrayal?,"[""crime film"", ""crime movie""]","{""answer"":""Betrayal is a play in the genre of drama (specifically a three-act drama by Harold Pinter, often categorized as modernist/absurdist drama)."",""confidence_score"":85}","Betrayal is a play in the genre of drama (specifically a three-act drama by Harold Pinter, often categorized as modernist/absurdist drama).",0.85,INCORRECT
12723,2448031,The Calcutta Chromosome,author,Amitav Ghosh,1060927,484,1103196,[],[],http://www.wikidata.org/entity/Q3221351,http://www.wikidata.org/entity/Q336125,The Calcutta Chromosome,Amitav Ghosh,1488,18596,Who is the author of The Calcutta Chromosome?,"[""Amitav Ghosh""]","{""answer"":""The author of The Calcutta Chromosome is Amitav Ghosh."",""confidence_score"":95}",The author of The Calcutta Chromosome is Amitav Ghosh.,0.95,CORRECT
10749,2942797,Missing,composer,Vangelis,1260054,639,308008,[],"[""Evangelos Odysseas Papathanassiou"",""Vangelis O. Papathanassiou""]",http://www.wikidata.org/entity/Q400985,http://www.wikidata.org/entity/Q153172,Missing (1982 film),Vangelis,6329,37064,Who was the composer of Missing?,"[""Vangelis"", ""Evangelos Odysseas Papathanassiou"", ""Vangelis O. Papathanassiou""]","{
""answer"": ""If you mean the song 'Missing' (1994) by Everything but the Girl, it was written and composed by Tracey Thorn and Ben Watt (Everything but the Girl), with remixes by Todd Terry; confidence refers to the original composition by Thorn and Watt."",
""confidence_score"": 85
}","If you mean the song 'Missing' (1994) by Everything but the Girl, it was written and composed by Tracey Thorn and Ben Watt (Everything but the Girl), with remixes by Todd Terry; confidence refers to the original composition by Thorn and Watt.",0.85,INCORRECT
12279,3917233,Dilemma,author,Jon Cleary,1709855,484,1050319,[],"[""Jon Stephen Cleary""]",http://www.wikidata.org/entity/Q5276748,http://www.wikidata.org/entity/Q3183180,Dilemma (novel),Jon Cleary,265,695,Who is the author of Dilemma?,"[""Jon Cleary"", ""Jon Stephen Cleary""]","{
""answer"": ""There are multiple works titled 'Dilemma,' but a notable one is the song 'Dilemma' by Nelly featuring Kelly Rowland (2002); if you mean a book, 'Dilemma' is a novel by Jon Cleary (1999)."",
""confidence_score"": 60
}","There are multiple works titled 'Dilemma,' but a notable one is the song 'Dilemma' by Nelly featuring Kelly Rowland (2002); if you mean a book, 'Dilemma' is a novel by Jon Cleary (1999).",0.6,CORRECT
7045,2069235,Into the Wild,director,Sean Penn,906399,526,1315551,[],"[""Sean Justin Penn"",""Pappy Pariah""]",http://www.wikidata.org/entity/Q269912,http://www.wikidata.org/entity/Q44221,Into the Wild (film),Sean Penn,83157,271420,Who was the director of Into the Wild?,"[""Sean Penn"", ""Sean Justin Penn"", ""Pappy Pariah""]","{
""answer"": ""Into the Wild was directed by Sean Penn."",
""confidence_score"": 100
}",Into the Wild was directed by Sean Penn.,1.0,CORRECT
1449,1135201,Friday Night,genre,country music,499808,91,2837284,[],"[""country and western"",""country & western"",""country"",""Nashville sound""]",http://www.wikidata.org/entity/Q16992520,http://www.wikidata.org/entity/Q83440,Friday Night (Lady Antebellum song),Country music,258,91093,What genre is Friday Night?,"[""country music"", ""country and western"", ""country & western"", ""country"", ""Nashville sound""]","{""answer"":""Friday Night is a neo-noir crime drama film (often categorized simply as a crime drama)."",""confidence_score"":45}",Friday Night is a neo-noir crime drama film (often categorized simply as a crime drama).,0.45,INCORRECT
8094,3602648,Elizabeth,screenwriter,Michael Hirst,1559019,533,869892,[],[],http://www.wikidata.org/entity/Q499656,http://www.wikidata.org/entity/Q2580228,Elizabeth (film),Michael Hirst (writer),34064,8599,Who was the screenwriter for Elizabeth?,"[""Michael Hirst""]","{""answer"":""The screenwriter for the 1998 film Elizabeth was Shekhar Kapur (story) with the screenplay by Michael Hirst."",""confidence_score"":85}",The screenwriter for the 1998 film Elizabeth was Shekhar Kapur (story) with the screenplay by Michael Hirst.,0.85,CORRECT
4288,908441,Since,producer,Andy Warhol,385998,164,1878164,[],"[""Andrew Warhola"",""Andrew Warhol"",""Drella"",""Andrej Varchol"",""Andrej Warhol""]",http://www.wikidata.org/entity/Q16167442,http://www.wikidata.org/entity/Q5603,Since (film),Andy Warhol,407,218598,Who was the producer of Since?,"[""Andy Warhol"", ""Andrew Warhola"", ""Andrew Warhol"", ""Drella"", ""Andrej Varchol"", ""Andrej Warhol""]","{""answer"":""The producer of the song “Since” is Teddy Riley."",""confidence_score"":70}",The producer of the song “Since” is Teddy Riley.,0.7,INCORRECT
8380,772544,Isolation,screenwriter,Robert Kirkman,329330,533,1028373,[],[],http://www.wikidata.org/entity/Q15648531,http://www.wikidata.org/entity/Q311891,Isolation (The Walking Dead),Robert Kirkman,1746,23367,Who was the screenwriter for Isolation?,"[""Robert Kirkman""]","{""answer"":""There are multiple films titled 'Isolation'; if you mean the 2005 Irish horror film 'Isolation', the screenwriter is Liam O'Brien; if you mean the 2004 Australian film 'Isolation', the screenwriter is Luke Goss."",""confidence_score"":70}","There are multiple films titled 'Isolation'; if you mean the 2005 Irish horror film 'Isolation', the screenwriter is Liam O'Brien; if you mean the 2004 Australian film 'Isolation', the screenwriter is Luke Goss.",0.7,INCORRECT
8475,2549172,The Animatrix,screenwriter,The Wachowskis,1100802,533,680367,"[""Animatrix""]","[""Wachowski Brothers"",""The Wachowski Brothers"",""the Wachowski Starship"",""Wachowski Sisters""]",http://www.wikidata.org/entity/Q335340,http://www.wikidata.org/entity/Q195719,The Animatrix,The Wachowskis,32973,222498,Who was the screenwriter for The Animatrix?,"[""The Wachowskis"", ""Wachowski Brothers"", ""The Wachowski Brothers"", ""the Wachowski Starship"", ""Wachowski Sisters""]","{
""answer"": ""The Animatrix was written by the Wachowskis (Lana and Lilly Wachowski) with additional segments scripted by other writers such as Yoshiaki Kawajiri, Peter Chung, and Shinichirō Watanabe contributing to individual shorts."",
""confidence_score"": 92
}","The Animatrix was written by the Wachowskis (Lana and Lilly Wachowski) with additional segments scripted by other writers such as Yoshiaki Kawajiri, Peter Chung, and Shinichirō Watanabe contributing to individual shorts.",0.92,CORRECT
9846,3553013,Bound,screenwriter,Manny Coto,1535802,533,1049935,[],[],http://www.wikidata.org/entity/Q4949851,http://www.wikidata.org/entity/Q3182435,Bound (Star Trek: Enterprise),Manny Coto,2239,4308,Who was the screenwriter for Bound?,"[""Manny Coto""]","{
""answer"": ""Bound (1996) was written and directed by the Wachowski siblings—Lana Wachowski and Lilly Wachowski (credited then as the Wachowski Brothers/Lana and Lilly Wachowski)."",
""confidence_score"": 95
}",Bound (1996) was written and directed by the Wachowski siblings—Lana Wachowski and Lilly Wachowski (credited then as the Wachowski Brothers/Lana and Lilly Wachowski).,0.95,INCORRECT
4554,6250382,Barcelona,producer,Freddie Mercury,2821991,164,341963,[],"[""Farrokh Bulsara""]",http://www.wikidata.org/entity/Q807917,http://www.wikidata.org/entity/Q15869,Barcelona (Freddie Mercury and Montserrat Caballé song),Freddie Mercury,5606,688955,Who was the producer of Barcelona?,"[""Freddie Mercury"", ""Farrokh Bulsara""]","{""answer"":""The producer of the 1994 film Barcelona was Whitaker Entertainment (producer: Allan Mindel; executive producers included Kevin Costner and Sally Field)."",""confidence_score"":65}",The producer of the 1994 film Barcelona was Whitaker Entertainment (producer: Allan Mindel; executive producers included Kevin Costner and Sally Field).,0.65,INCORRECT
10043,1398877,Ghost,composer,Hossein Shahabi,625858,639,368023,[],[],http://www.wikidata.org/entity/Q18542930,http://www.wikidata.org/entity/Q16052349,Ghost (1998 film),Hossein Shahabi,85,138,Who was the composer of Ghost?,"[""Hossein Shahabi""]","{
""answer"": ""Maurice Jarre composed the score for the 1990 film Ghost (original soundtrack composer)."",
""confidence_score"": 85
}",Maurice Jarre composed the score for the 1990 film Ghost (original soundtrack composer).,0.85,INCORRECT
10461,4584419,It's Going to Take Some Time,composer,Carole King,2021964,639,756427,[],"[""Carol Joan Klein""]",http://www.wikidata.org/entity/Q6090092,http://www.wikidata.org/entity/Q217787,It's Going to Take Some Time,Carole King,750,112448,Who was the composer of It's Going to Take Some Time?,"[""Carole King"", ""Carol Joan Klein""]","{
""answer"": ""It's Going to Take Some Time was written by Carole King and Toni Stern."",
""confidence_score"": 95
}",It's Going to Take Some Time was written by Carole King and Toni Stern.,0.95,INCORRECT
11599,972414,Gustavo García,sport,association football,414565,560,920845,[],"[""football"",""soccer""]",http://www.wikidata.org/entity/Q16242191,http://www.wikidata.org/entity/Q2736,Gustavo García (1980s footballer),Association football,56,197767,What sport does Gustavo García play?,"[""association football"", ""football"", ""soccer""]","{""answer"":""Gustavo García is a Mexican footballer (soccer player)."",""confidence_score"":65}",Gustavo García is a Mexican footballer (soccer player).,0.65,CORRECT
7622,4298866,Guru,director,Rajiv Anchal,1886111,526,2463431,[],"[""Rajeev Anchal""]",http://www.wikidata.org/entity/Q5620328,http://www.wikidata.org/entity/Q7286179,Guru (1997 film),Rajiv Anchal,4464,2766,Who was the director of Guru?,"[""Rajiv Anchal"", ""Rajeev Anchal""]","{
""answer"": ""The 2007 Indian film 'Guru' was directed by Mani Ratnam."",
""confidence_score"": 95
}",The 2007 Indian film 'Guru' was directed by Mani Ratnam.,0.95,INCORRECT
12463,5925479,The Fields,author,Conrad Richter,2657670,484,2484291,[],"[""Conrad Michael Richter""]",http://www.wikidata.org/entity/Q7733729,http://www.wikidata.org/entity/Q732568,The Fields (novel),Conrad Richter,145,1347,Who is the author of The Fields?,"[""Conrad Richter"", ""Conrad Michael Richter""]","{
""answer"": ""The Fields (1993 novel) was written by Kevin Maher; another well-known novel titled The Fields (2013) was written by Kevin Brockmeier, and The Fields (miniature horror novel/film adaptation) was by Frank De Felitta (novel The Entity is by him) — most commonly, The Fields (2013) is by Kevin Brockmeier."",
""confidence_score"": 12
}","The Fields (1993 novel) was written by Kevin Maher; another well-known novel titled The Fields (2013) was written by Kevin Brockmeier, and The Fields (miniature horror novel/film adaptation) was by Frank De Felitta (novel The Entity is by him) — most commonly, The Fields (2013) is by Kevin Brockmeier.",0.12,INCORRECT
558,386932,Eduard Bargheer,place of birth,Finkenwerder,156107,218,325000,[],[],http://www.wikidata.org/entity/Q1287966,http://www.wikidata.org/entity/Q1562,Eduard Bargheer,Finkenwerder,186,659,In what city was Eduard Bargheer born?,"[""Finkenwerder""]","{
""answer"": ""Eduard Bargheer was born in Hamburg, Germany."",
""confidence_score"": 95
}","Eduard Bargheer was born in Hamburg, Germany.",0.95,INCORRECT
8789,547542,Quatermass 2,screenwriter,Val Guest,223290,533,191220,"[""Quatermass 2""]",[],http://www.wikidata.org/entity/Q1401797,http://www.wikidata.org/entity/Q1351727,Quatermass 2,Val Guest,2843,2634,Who was the screenwriter for Quatermass 2?,"[""Nigel Kneale"", ""Nigel Neale"", ""Thomas Nigel Kneale"", ""Val Guest""]","{
""answer"": ""The screenwriter for Quatermass 2 was Nigel Kneale."",
""confidence_score"": 95
}",The screenwriter for Quatermass 2 was Nigel Kneale.,0.95,CORRECT
14094,265754,Puerto Rico,capital,San Juan,107269,422,1277011,"[""Estado Libre Asociado de Puerto Rico"",""PR"",""The Commonwealth of Puerto Rico"",""\ud83c\uddf5\ud83c\uddf7"",""Porto Rico"",""Territory of Puerto Rico"",""Commonwealth of Puerto Rico"",""Island of Enchantment"",""Borik\u00e9n"",""Borinquen"",""Boriqu\u00e9n""]","[""San Juan, Puerto Rico"",""San Juan Bautista"",""San Juan Municipio"",""San Juan de Puerto Rico""]",http://www.wikidata.org/entity/Q1183,http://www.wikidata.org/entity/Q41211,Puerto Rico,"San Juan, Puerto Rico",225544,35230,What is the capital of Puerto Rico?,"[""San Juan"", ""San Juan, Puerto Rico"", ""San Juan Bautista"", ""San Juan Municipio"", ""San Juan de Puerto Rico""]","{
""answer"": ""The capital of Puerto Rico is San Juan."",
""confidence_score"": 100
}",The capital of Puerto Rico is San Juan.,1.0,CORRECT
3719,3610824,2001–02 Serie B,country,Italy,1563367,182,1218153,"[""2001-02 Serie B""]","[""Italia"",""Italian Republic"",""IT"",""\ud83c\uddee\ud83c\uddf9"",""ITA""]",http://www.wikidata.org/entity/Q500469,http://www.wikidata.org/entity/Q38,2001–02 Serie B,Italy,492,403188,In what country is 2001–02 Serie B?,"[""Italy"", ""Italia"", ""Italian Republic"", ""IT"", ""🇮🇹"", ""ITA""]","{
""answer"": ""The 2001–02 Serie B is in Italy."",
""confidence_score"": 100
}",The 2001–02 Serie B is in Italy.,1.0,CORRECT
13261,4979670,The Will to Power,author,Friedrich Nietzsche,2197091,484,2901385,[],"[""Fr\u00eedr\u00eek N\u00eet\u015fe"",""Fridrih Wilhelm Ni\u010de"",""Friedrich Wilhelm Nietzsche"",""Federico Nietzsche"",""Fr\u00e9d\u00e9ric Nietzsche"",""Friederich Nietzsche"",""Fryderyk Nietzsche"",""Fridrikh Nitche"",""Frederic Nietzsche"",""Phreiderikos Nitse""]",http://www.wikidata.org/entity/Q6581071,http://www.wikidata.org/entity/Q9358,The Will to Power (manuscript),Friedrich Nietzsche,3332,212927,Who is the author of The Will to Power?,"[""Friedrich Nietzsche"", ""Frîdrîk Nîtşe"", ""Fridrih Wilhelm Niče"", ""Friedrich Wilhelm Nietzsche"", ""Federico Nietzsche"", ""Frédéric Nietzsche"", ""Friederich Nietzsche"", ""Fryderyk Nietzsche"", ""Fridrikh Nitche"", ""Frederic Nietzsche"", ""Phreiderikos Nitse""]","{
""answer"": ""Friedrich Nietzsche (though The Will to Power is a posthumous compilation of his unpublished notes edited and assembled by his sister Elisabeth Förster-Nietzsche and others)."",
""confidence_score"": 95
}",Friedrich Nietzsche (though The Will to Power is a posthumous compilation of his unpublished notes edited and assembled by his sister Elisabeth Förster-Nietzsche and others).,0.95,CORRECT
9964,6276047,Shine,screenwriter,Jan Sardi,2832813,533,1041904,[],"[""Jan Vittorio Sardi""]",http://www.wikidata.org/entity/Q826494,http://www.wikidata.org/entity/Q3161747,Shine (film),Jan Sardi,14413,939,Who was the screenwriter for Shine?,"[""Jan Sardi"", ""Jan Vittorio Sardi"", ""Scott Hicks"", ""Robert Scott Hicks""]","{
""answer"": ""The screenwriter for the 1996 film Shine was Jan Sardi (screenplay by Jan Sardi, based on a story by Jan Sardi and Scott Hicks)."",
""confidence_score"": 95
}","The screenwriter for the 1996 film Shine was Jan Sardi (screenplay by Jan Sardi, based on a story by Jan Sardi and Scott Hicks).",0.95,CORRECT
103,2043042,Ge You,occupation,actor,894905,22,1114174,[],"[""actress"",""actors"",""actresses""]",http://www.wikidata.org/entity/Q2658847,http://www.wikidata.org/entity/Q33999,Ge You,Actor,2195,81374,What is Ge You's occupation?,"[""actor"", ""actress"", ""actors"", ""actresses""]","{
""answer"": ""Ge You is a Chinese actor."",
""confidence_score"": 95
}",Ge You is a Chinese actor.,0.95,CORRECT
6570,2934585,The Physician,director,Georg Jacoby,1256866,526,2389071,"[""Physician""]",[],http://www.wikidata.org/entity/Q3988718,http://www.wikidata.org/entity/Q71273,The Physician (1928 film),Georg Jacoby,73,361,Who was the director of The Physician?,"[""Georg Jacoby""]","{
""answer"": ""The director of The Physician (2013 film) is Philipp Stölzl."",
""confidence_score"": 95
}",The director of The Physician (2013 film) is Philipp Stölzl.,0.95,INCORRECT
4646,4879057,Treasure Island,producer,Maurice Tourneur,2148912,164,299340,[],"[""Tourneur""]",http://www.wikidata.org/entity/Q6430414,http://www.wikidata.org/entity/Q1523434,Treasure Island (1920 film),Maurice Tourneur,603,1011,Who was the producer of Treasure Island?,"[""Maurice Tourneur"", ""Tourneur""]","{""answer"":""Producer of the 1950 Walt Disney film Treasure Island was RKO Radio Pictures distributed it but the film was produced by Walt Disney (Walt Disney Productions) with producer Perce Pearce credited as associate producer and Clyde Geronimi uncredited; primary producer credit: Walt Disney."",""confidence_score"":65}",Producer of the 1950 Walt Disney film Treasure Island was RKO Radio Pictures distributed it but the film was produced by Walt Disney (Walt Disney Productions) with producer Perce Pearce credited as associate producer and Clyde Geronimi uncredited; primary producer credit: Walt Disney.,0.65,INCORRECT
612,3871417,David Oppenheim,place of birth,Calabasas,1688895,218,2094714,[],"[""Calabasas, California""]",http://www.wikidata.org/entity/Q5238236,http://www.wikidata.org/entity/Q629088,David Oppenheim (poker player),"Calabasas, California",488,27959,In what city was David Oppenheim born?,"[""Calabasas"", ""Calabasas, California""]","{
""answer"": ""David Oppenheim was born in Prague, Czech Republic."",
""confidence_score"": 85
}","David Oppenheim was born in Prague, Czech Republic.",0.85,INCORRECT
838,3871368,David Ogrin,place of birth,Waukegan,1688874,218,1942250,[],"[""Waukegan, Illinois""]",http://www.wikidata.org/entity/Q5238207,http://www.wikidata.org/entity/Q578289,David Ogrin,"Waukegan, Illinois",247,7279,In what city was David Ogrin born?,"[""Waukegan"", ""Waukegan, Illinois""]","{
""answer"": ""David Ogrin was born in Midland, Michigan."",
""confidence_score"": 85
}","David Ogrin was born in Midland, Michigan.",0.85,INCORRECT
1778,3033333,Asa Higuchi,genre,seinen,1298225,91,808312,[],"[""seinen manga""]",http://www.wikidata.org/entity/Q430784,http://www.wikidata.org/entity/Q237338,Asa Higuchi,Seinen manga,211,51767,What genre is Asa Higuchi?,"[""seinen"", ""seinen manga""]","{
""answer"": ""Asa Higuchi is a manga artist best known for the seinen and slice-of-life genre, notably the long-running sports/slice-of-life manga 3-gatsu no Lion (March Comes in Like a Lion)."",
""confidence_score"": 92
}","Asa Higuchi is a manga artist best known for the seinen and slice-of-life genre, notably the long-running sports/slice-of-life manga 3-gatsu no Lion (March Comes in Like a Lion).",0.92,CORRECT
7674,2909774,Harare,capital of,Southern Rhodesia,1246674,97,2568419,"[""Salisbury, Rhodesia"",""Salisbury"",""Fort Salisbury"",""Salisbury, Zimbabwe""]",[],http://www.wikidata.org/entity/Q3921,http://www.wikidata.org/entity/Q750583,Harare,Southern Rhodesia,25511,23762,What is Harare the capital of?,"[""Rhodesia"", ""Republic of Rhodesia"", ""Southern Rhodesia"", ""Zimbabwe"", ""Republic of Zimbabwe"", ""Southern Rhodesia"", ""Rhodesia"", ""Zimbabwe Rhodesia"", ""🇿🇼"", ""zw"", ""ZIM""]","{
""answer"": ""Harare is the capital city of Zimbabwe."",
""confidence_score"": 100
}",Harare is the capital city of Zimbabwe.,1.0,CORRECT
1679,984804,Summer Sports: Paradise Island,genre,sports video game,421066,91,2857701,[],"[""sports game"",""sports video games"",""sport video game""]",http://www.wikidata.org/entity/Q16267442,http://www.wikidata.org/entity/Q868217,Summer Sports: Paradise Island,Sports video game,218,7649,What genre is Summer Sports: Paradise Island?,"[""sports video game"", ""sports game"", ""sports video games"", ""sport video game""]","{
""answer"": ""Summer Sports: Paradise Island is a sports video game (multi-sport/rhythm-based sports party game) for the Nintendo Wii and DS."",
""confidence_score"": 92
}",Summer Sports: Paradise Island is a sports video game (multi-sport/rhythm-based sports party game) for the Nintendo Wii and DS.,0.92,CORRECT
1793,186809,The Rite,genre,horror film,75452,91,703275,"[""Rite""]","[""horror movie""]",http://www.wikidata.org/entity/Q1130532,http://www.wikidata.org/entity/Q200092,The Rite (2011 film),Horror film,52880,90942,What genre is The Rite?,"[""thriller"", ""suspense"", ""thriller television program"", ""thriller TV program"", ""thriller television show"", ""thriller TV show"", ""suspense television program"", ""suspense TV program"", ""suspense television show"", ""suspense TV show"", ""horror film"", ""horror movie""]","{
""answer"": ""The Rite is a supernatural horror film (with elements of thriller and drama)."",
""confidence_score"": 95
}",The Rite is a supernatural horror film (with elements of thriller and drama).,0.95,CORRECT
4400,6293255,Tyr,producer,Black Sabbath,2839704,164,1436859,[],[],http://www.wikidata.org/entity/Q838304,http://www.wikidata.org/entity/Q47670,Tyr (album),Black Sabbath,7427,156286,Who was the producer of Tyr?,"[""Black Sabbath""]","{""answer"":""Tyr was produced by Howard Benson."",""confidence_score"":72}",Tyr was produced by Howard Benson.,0.72,INCORRECT
5012,391808,Junior,producer,Ivan Reitman,157775,164,1218713,"[""Junior (1994 film)"",""Junior (film)""]",[],http://www.wikidata.org/entity/Q129265,http://www.wikidata.org/entity/Q380272,Junior (1994 film),Ivan Reitman,16412,58974,Who was the producer of Junior?,"[""Ivan Reitman""]","{
""answer"": ""The producer of the 1994 film 'Junior' was Brian Grazer (produced by Brian Grazer and Imagine Entertainment)."",
""confidence_score"": 90
}",The producer of the 1994 film 'Junior' was Brian Grazer (produced by Brian Grazer and Imagine Entertainment).,0.9,INCORRECT
13545,4062592,Mieszko III the Old,mother,Salomea of Berg,1776139,292,2291052,"[""Mieszko III Stary""]","[""Salomea""]",http://www.wikidata.org/entity/Q54013,http://www.wikidata.org/entity/Q68567,Mieszko III the Old,Salomea of Berg,1105,567,Who is the mother of Mieszko III the Old?,"[""Salomea of Berg"", ""Salomea""]","{
""answer"": ""The mother of Mieszko III the Old was Maria Dobroniega of Kiev, daughter of Vladimir the Great of Kiev and sister of Yaroslav the Wise."",
""confidence_score"": 95
}","The mother of Mieszko III the Old was Maria Dobroniega of Kiev, daughter of Vladimir the Great of Kiev and sister of Yaroslav the Wise.",0.95,INCORRECT
7607,3903442,Desire,director,Eddie Romero,1703593,526,837510,[],"[""Edgar Sinco Romero""]",http://www.wikidata.org/entity/Q5264470,http://www.wikidata.org/entity/Q2470168,Desire (1982 film),Eddie Romero,122,3839,Who was the director of Desire?,"[""Eddie Romero"", ""Edgar Sinco Romero""]","{""answer"":""If you mean the 1936 film Desire, it was directed by Frank Borzage."",""confidence_score"":80}","If you mean the 1936 film Desire, it was directed by Frank Borzage.",0.8,INCORRECT
1301,2313610,Executioner's Song,genre,thrash metal,1009377,91,1473789,[],"[""trash metal"",""thrash"",""Thrash Metal"",""Best early thrash metal""]",http://www.wikidata.org/entity/Q3061895,http://www.wikidata.org/entity/Q483352,Executioner's Song (album),Thrash metal,529,34872,What genre is Executioner's Song?,"[""thrash metal"", ""trash metal"", ""thrash"", ""Thrash Metal"", ""Best early thrash metal""]","{
""answer"": ""The Executioner's Song is a true crime novel (nonfiction) by Norman Mailer."",
""confidence_score"": 95
}",The Executioner's Song is a true crime novel (nonfiction) by Norman Mailer.,0.95,INCORRECT
6676,802964,Two of Us,director,Michael Lindsay-Hogg,342790,526,1086935,[],"[""Sir Michael Edward Lindsay-Hogg, 5th Baronet"",""Sir Michael Edward Lindsay-Hogg, 5th Bt.""]",http://www.wikidata.org/entity/Q15885437,http://www.wikidata.org/entity/Q3308337,Two of Us (2000 film),Michael Lindsay-Hogg,2888,10377,Who was the director of Two of Us?,"[""Michael Lindsay-Hogg"", ""Sir Michael Edward Lindsay-Hogg, 5th Baronet"", ""Sir Michael Edward Lindsay-Hogg, 5th Bt.""]","{""answer"":""There are multiple films titled 'Two of Us'; notable directors include Michael Apted (1987 TV film), Claude Berri (1999 French film, original title 'Deux'), and Filippo Meneghetti (2019 film); please specify which one you mean."",""confidence_score"":70}","There are multiple films titled 'Two of Us'; notable directors include Michael Apted (1987 TV film), Claude Berri (1999 French film, original title 'Deux'), and Filippo Meneghetti (2019 film); please specify which one you mean.",0.7,NOT_ATTEMPTED
2924,645704,Indiana Jones,father,Henry Jones,272189,257,861645,"[""Indy"",""Henry Jones Junior"",""Junior"",""Doctor Jones"",""Jonesy"",""Dr. Henry Walton \""Indiana\"" Jones, Jr.""]","[""Henry Walton Jones, Sr.""]",http://www.wikidata.org/entity/Q148659,http://www.wikidata.org/entity/Q2552714,Indiana Jones (character),"Henry Jones, Sr.",28268,3192,Who is the father of Indiana Jones?,"[""Henry Jones"", ""Henry Walton Jones, Sr.""]","{
""answer"": ""Henry Walton 'Indiana' Jones Sr. is Indiana Jones's father."",
""confidence_score"": 100
}",Henry Walton 'Indiana' Jones Sr. is Indiana Jones's father.,1.0,CORRECT
2757,2049787,Margaret of England,father,Edward I of England,897762,257,1941186,"[""Margaret""]","[""Edward Longshanks"",""Hammer of the Scots"",""K\u00f6nig Eduard I. England"",""re d'Inghilterra Edward I"",""Hammer of the Scots Edward"",""roi d'Angleterre \u00c9douard I"",""King of England Edward I"",""Malleus Scotorum Edward"",""Edward I"",""Edward I Longshanks""]",http://www.wikidata.org/entity/Q2667593,http://www.wikidata.org/entity/Q57798,"Margaret of England, Duchess of Brabant",Edward I of England,1195,105481,Who is the father of Margaret of England?,"[""Edward I of England"", ""Edward Longshanks"", ""Hammer of the Scots"", ""König Eduard I. England"", ""re d'Inghilterra Edward I"", ""Hammer of the Scots Edward"", ""roi d'Angleterre Édouard I"", ""King of England Edward I"", ""Malleus Scotorum Edward"", ""Edward I"", ""Edward I Longshanks""]","{""answer"":""Margaret of England (various historical figures share the name) — for the most commonly referenced Margaret of England, Margaret of England (1240–1275) was the daughter of King Henry III of England and Eleanor of Provence; another notable Margaret, Margaret of England (1275–1333), was the daughter of King Edward I and Eleanor of Castile."",""confidence_score"":85}","Margaret of England (various historical figures share the name) — for the most commonly referenced Margaret of England, Margaret of England (1240–1275) was the daughter of King Henry III of England and Eleanor of Provence; another notable Margaret, Margaret of England (1275–1333), was the daughter of King Edward I and Eleanor of Castile.",0.85,INCORRECT
4594,308642,If I Had My Way,producer,David Butler,125112,164,2935572,[],[],http://www.wikidata.org/entity/Q12125003,http://www.wikidata.org/entity/Q983092,If I Had My Way,David Butler (director),323,1047,Who was the producer of If I Had My Way?,"[""David Butler""]","{
""answer"": ""The producer of the 1940 film If I Had My Way was Universal Pictures producer and director David Butler (producer credited as David Butler)."",
""confidence_score"": 55
}",The producer of the 1940 film If I Had My Way was Universal Pictures producer and director David Butler (producer credited as David Butler).,0.55,CORRECT
13276,1753742,The Rest of the Robots,author,Isaac Asimov,775804,484,1144266,[],"[""Isaak Osimov"",""Paul French"",""Asimov"",""Isaak Ozimov""]",http://www.wikidata.org/entity/Q2252893,http://www.wikidata.org/entity/Q34981,The Rest of the Robots,Isaac Asimov,1109,266562,Who is the author of The Rest of the Robots?,"[""Isaac Asimov"", ""Isaak Osimov"", ""Paul French"", ""Asimov"", ""Isaak Ozimov""]","{
""answer"": ""Isaac Asimov"",
""confidence_score"": 100
}",Isaac Asimov,1.0,CORRECT
7484,2448688,The Beginning,director,Gleb Panfilov,1061156,526,2931751,"[""Nachalo"",""Beginning""]","[""Gleb Anatolyevich Panfilov""]",http://www.wikidata.org/entity/Q3222490,http://www.wikidata.org/entity/Q977918,The Beginning (1970 film),Gleb Panfilov,240,535,Who was the director of The Beginning?,"[""Gleb Panfilov"", ""Gleb Anatolyevich Panfilov""]","{""answer"":""If you mean the 2004 film The Beginning (Russian: Nachalo), it was directed by Gleb Panfilov."",""confidence_score"":80}","If you mean the 2004 film The Beginning (Russian: Nachalo), it was directed by Gleb Panfilov.",0.8,CORRECT
2389,135071,Imagine,genre,trance,54065,91,513739,[],"[""trance music"",""Trance""]",http://www.wikidata.org/entity/Q1088084,http://www.wikidata.org/entity/Q170435,Imagine (Armin van Buuren album),Trance music,695,20220,What genre is Imagine?,"[""trance"", ""trance music"", ""Trance""]","{""answer"":""“Imagine” is a soft rock/pop rock song (often described as a piano-driven peace anthem) by John Lennon."",""confidence_score"":85}",“Imagine” is a soft rock/pop rock song (often described as a piano-driven peace anthem) by John Lennon.,0.85,INCORRECT
2030,6087260,VS,genre,pop music,2738394,91,1193964,[],"[""pop"",""Pop""]",http://www.wikidata.org/entity/Q7907579,http://www.wikidata.org/entity/Q37073,VS (group),Pop music,241,286065,What genre is VS?,"[""pop music"", ""pop"", ""Pop""]","{""answer"":""Insufficient context to determine a single genre for “VS” (it could refer to songs, albums, games, TV shows, or other works spanning genres such as pop, hip-hop, rock, electronic, visual novels, fighting games, or reality TV)."",""confidence_score"":35}","Insufficient context to determine a single genre for “VS” (it could refer to songs, albums, games, TV shows, or other works spanning genres such as pop, hip-hop, rock, electronic, visual novels, fighting games, or reality TV).",0.35,CORRECT
9529,2147091,AKA,screenwriter,Duncan Roy,939327,533,1730734,[],[],http://www.wikidata.org/entity/Q2819226,http://www.wikidata.org/entity/Q5314595,AKA (film),Duncan Roy,328,505,Who was the screenwriter for AKA?,"[""Duncan Roy""]","{""answer"":""The screenwriter for the 2002 British film AKA was Jonny Owen."",""confidence_score"":30}",The screenwriter for the 2002 British film AKA was Jonny Owen.,0.3,INCORRECT
13686,664514,Uttar Pradesh,capital,Lucknow,280873,422,1450993,"[""UP""]","[""The City of Nawabs"",""The Golden City of India"",""Constantinople of East"",""Shiraz-i-Hind""]",http://www.wikidata.org/entity/Q1498,http://www.wikidata.org/entity/Q47916,Uttar Pradesh,Lucknow,467741,69660,What is the capital of Uttar Pradesh?,"[""Lucknow"", ""The City of Nawabs"", ""The Golden City of India"", ""Constantinople of East"", ""Shiraz-i-Hind""]","{
""answer"": ""Lucknow"",
""confidence_score"": 100
}",Lucknow,1.0,CORRECT
10750,4240402,Giant,composer,Michael John LaChiusa,1857667,639,1086896,[],[],http://www.wikidata.org/entity/Q5558345,http://www.wikidata.org/entity/Q3308276,Giant (musical),Michael John LaChiusa,640,1186,Who was the composer of Giant?,"[""Michael John LaChiusa""]","{
""answer"": ""The composer of the 1956 film Giant was Dimitri Tiomkin."",
""confidence_score"": 95
}",The composer of the 1956 film Giant was Dimitri Tiomkin.,0.95,INCORRECT
3109,3144557,David Cassidy,father,Jack Cassidy,1341190,257,190100,"[""David Bruce Cassidy""]",[],http://www.wikidata.org/entity/Q457306,http://www.wikidata.org/entity/Q1350489,David Cassidy,Jack Cassidy,88800,57282,Who is the father of David Cassidy?,"[""Jack Cassidy""]","{
""answer"": ""David Cassidy's father was actor and singer Jack Cassidy."",
""confidence_score"": 100
}",David Cassidy's father was actor and singer Jack Cassidy.,1.0,CORRECT
5064,5550049,Red,producer,Leslie Cheung,2473282,164,1034056,[],"[""Leslie Cheung Kwok-wing""]",http://www.wikidata.org/entity/Q7303594,http://www.wikidata.org/entity/Q313596,Red (Leslie Cheung album),Leslie Cheung,251,32970,Who was the producer of Red?,"[""Leslie Cheung"", ""Leslie Cheung Kwok-wing""]","{""answer"":""If you mean the 2010 action film Red, it was produced by Lorenzo di Bonaventura (and Rob Cowan and Erwin Stoff as co-producers); if you mean the 2013 Taylor Swift song “Red,” it was produced by Nathan Chapman and Dann Huff."",""confidence_score"":65}","If you mean the 2010 action film Red, it was produced by Lorenzo di Bonaventura (and Rob Cowan and Erwin Stoff as co-producers); if you mean the 2013 Taylor Swift song “Red,” it was produced by Nathan Chapman and Dann Huff.",0.65,INCORRECT
12615,2688955,The Client,author,John Grisham,1157405,484,37140,[],"[""John Ray Grisham, Jr."",""John Ray Grisham Jr""]",http://www.wikidata.org/entity/Q354058,http://www.wikidata.org/entity/Q106465,The Client (novel),John Grisham,3236,75523,Who is the author of The Client?,"[""John Grisham"", ""John Ray Grisham, Jr."", ""John Ray Grisham Jr""]","{
""answer"": ""The Client was written by John Grisham."",
""confidence_score"": 95
}",The Client was written by John Grisham.,0.95,CORRECT
10582,2480280,All Because of You,composer,Butch Walker,1073243,639,1980250,[],[],http://www.wikidata.org/entity/Q3272722,http://www.wikidata.org/entity/Q589781,All Because of You (Puffy song),Butch Walker,114,5838,Who was the composer of All Because of You?,"[""Avril Lavigne"", ""Avril Ramona Lavigne"", ""Butch Walker""]","{
""answer"": ""All Because of You"" is a song composed by Robert J. Sherman (music) and Ray Gilbert (lyrics) — confidence 40,
""confidence_score"": 40
}",All Because of You,0.4,NOT_ATTEMPTED
2444,1189732,Rise,genre,K-pop,530254,91,745990,[],"[""K-POP"",""K POP"",""KPOP"",""Korean pop"",""Kpop"",""K-Pop""]",http://www.wikidata.org/entity/Q17151066,http://www.wikidata.org/entity/Q213665,Rise (Taeyang album),K-pop,840,106130,What genre is Rise?,"[""K-pop"", ""K-POP"", ""K POP"", ""KPOP"", ""Korean pop"", ""Kpop"", ""K-Pop""]","{""answer"":""Insufficient context to determine which work titled \""Rise\"" is meant; common possibilities include songs (pop/rock), albums (various genres), films (drama/action), or books (fiction/nonfiction) — please specify the artist, author, or medium."",""confidence_score"":80}","Insufficient context to determine which work titled \""Rise\"" is meant; common possibilities include songs (pop/rock), albums (various genres), films (drama/action), or books (fiction/nonfiction) — please specify the artist, author, or medium.",0.8,NOT_ATTEMPTED
10846,4750097,Arthur,composer,Burt Bacharach,2089032,639,743782,[],"[""Burt F. Bacharach"",""Burt Freeman Bacharach""]",http://www.wikidata.org/entity/Q627438,http://www.wikidata.org/entity/Q212762,Arthur (1981 film),Burt Bacharach,16400,57817,Who was the composer of Arthur?,"[""Burt Bacharach"", ""Burt F. Bacharach"", ""Burt Freeman Bacharach""]","{
""answer"": ""If you mean the 1981 film Arthur, its composer was Burt Bacharach."",
""confidence_score"": 95
}","If you mean the 1981 film Arthur, its composer was Burt Bacharach.",0.95,CORRECT
8459,2695121,The Cop,screenwriter,Yves Boisset,1159970,533,2004244,"[""Cop"",""Un cond\u00e9"",""Un conde""]",[],http://www.wikidata.org/entity/Q3548479,http://www.wikidata.org/entity/Q599483,The Cop (1970 film),Yves Boisset,1017,532,Who was the screenwriter for The Cop?,"[""Yves Boisset""]","{""answer"":""The screenwriter for the 1970 film The Cop (Italian: Il poliziotto) was Giuseppe Tornatore."",""confidence_score"":15}",The screenwriter for the 1970 film The Cop (Italian: Il poliziotto) was Giuseppe Tornatore.,0.15,INCORRECT
452,1688359,René Bégin,occupation,politician,747877,22,2834605,"[""Rene Begin""]","[""political leader"",""political figure"",""polit."",""pol""]",http://www.wikidata.org/entity/Q2144565,http://www.wikidata.org/entity/Q82955,René Bégin,Politician,71,25692,What is René Bégin's occupation?,"[""politician"", ""political leader"", ""political figure"", ""polit."", ""pol""]","{
""answer"": ""René Bégin was a Canadian politician who served as a member of the House of Commons (Liberal Party) and worked as a businessman."", 
""confidence_score"": 85
}",René Bégin was a Canadian politician who served as a member of the House of Commons (Liberal Party) and worked as a businessman.,0.85,CORRECT
10586,4535360,I Will,composer,Dick Glasser,1999745,639,123916,[],"[""Richard Eugene Glasser""]",http://www.wikidata.org/entity/Q5979746,http://www.wikidata.org/entity/Q1209662,I Will (Dick Glasser song),Dick Glasser,296,309,Who was the composer of I Will?,"[""Dick Glasser"", ""Richard Eugene Glasser""]","{
""answer"": ""The composer of the song \""I Will\"" (famously recorded by The Beatles on their 1968 White Album) was Paul McCartney."",
""confidence_score"": 85
}","The composer of the song \""I Will\"" (famously recorded by The Beatles on their 1968 White Album) was Paul McCartney.",0.85,INCORRECT
8114,295754,8½,screenwriter,Tullio Pinelli,119531,533,1800656,"[""8 1\/2"",""Otto e mezzo"",""Eight and a Half"",""Fellini 8 \u00bd"",""Fellini's 8 \u00bd""]",[],http://www.wikidata.org/entity/Q12018,http://www.wikidata.org/entity/Q545378,8½,Tullio Pinelli,25832,703,Who was the screenwriter for 8½?,"[""Brunello Rondi"", ""Ennio Flaiano"", ""Tullio Pinelli"", ""Federico Fellini"", ""Frederico Fellini"", ""Fellas"", ""Federico""]","{
""answer"": ""The screenwriter for 8½ was Federico Fellini (co-written with co-writer Tullio Pinelli and contributions by Ennio Flaiano and Brunello Rondi)."",
""confidence_score"": 95
}",The screenwriter for 8½ was Federico Fellini (co-written with co-writer Tullio Pinelli and contributions by Ennio Flaiano and Brunello Rondi).,0.95,CORRECT
6147,5453581,Pilot,director,Chris Koch,2425265,526,980521,"[""Meet the Neighbors""]",[],http://www.wikidata.org/entity/Q7194385,http://www.wikidata.org/entity/Q2964765,Meet the Neighbors,Chris Koch,140,864,Who was the director of Pilot?,"[""Chris Koch""]","{""answer"":""There are many films/episodes titled “Pilot”; without context the most common is the TV episode “Pilot” (pilot episode) which has no single director—please provide the show or film for a specific director."",""confidence_score"":20}",There are many films/episodes titled “Pilot”; without context the most common is the TV episode “Pilot” (pilot episode) which has no single director—please provide the show or film for a specific director.,0.2,NOT_ATTEMPTED
7271,2670094,Tears,director,Im Sang-soo,1149978,526,1474772,[],[],http://www.wikidata.org/entity/Q3516741,http://www.wikidata.org/entity/Q483616,Tears (film),Im Sang-soo,296,2590,Who was the director of Tears?,"[""Im Sang-soo""]","{""answer"":""Tears (1954) was directed by Zeki Ökten."",""confidence_score"":15}",Tears (1954) was directed by Zeki Ökten.,0.15,INCORRECT
8238,596547,The Miracle,screenwriter,Neil Jordan,244169,533,1849651,"[""Miracle""]",[],http://www.wikidata.org/entity/Q1452232,http://www.wikidata.org/entity/Q55428,The Miracle (1991 film),Neil Jordan,936,13828,Who was the screenwriter for The Miracle?,"[""Neil Jordan""]","{
""answer"": ""The screenwriter for the 1991 film The Miracle (directed by Neil Jordan) was Neil Jordan; for the 1912 short film The Miracle the screenplay is by Max Reinhardt and Felix Dörmann, and for the 1959 film The Miracle (also titled Il Miracolo) the screenplay credits include Suso Cecchi d'Amico and others—please specify which version you mean."",
""confidence_score"": 45
}","The screenwriter for the 1991 film The Miracle (directed by Neil Jordan) was Neil Jordan; for the 1912 short film The Miracle the screenplay is by Max Reinhardt and Felix Dörmann, and for the 1959 film The Miracle (also titled Il Miracolo) the screenplay credits include Suso Cecchi d'Amico and others—please specify which version you mean.",0.45,CORRECT
9962,5951099,The Rehearsal,screenwriter,Jules Dassin,2670760,533,878692,"[""Rehearsal""]","[""Julius Dassin""]",http://www.wikidata.org/entity/Q7760072,http://www.wikidata.org/entity/Q260969,The Rehearsal (1974 film),Jules Dassin,298,6819,Who was the screenwriter for The Rehearsal?,"[""Jules Dassin"", ""Julius Dassin""]","{""answer"":""The screenwriter for the 1974 film The Rehearsal (Australian film) was Robert Helpmann (screenplay by Michael Boddy and Robert Helpmann)."",""confidence_score"":60}",The screenwriter for the 1974 film The Rehearsal (Australian film) was Robert Helpmann (screenplay by Michael Boddy and Robert Helpmann).,0.6,INCORRECT
13504,6493088,Amitabh Bachchan,mother,Teji Bachchan,2917223,292,916965,"[""Big B""]","[""Teji Harivansh Rai Srivastava Bachchan""]",http://www.wikidata.org/entity/Q9570,http://www.wikidata.org/entity/Q2723530,Amitabh Bachchan,Teji Bachchan,306074,27803,Who is the mother of Amitabh Bachchan?,"[""Teji Bachchan"", ""Teji Harivansh Rai Srivastava Bachchan""]","{
""answer"": ""Amitabh Bachchan's mother is Teji Bachchan (née Teji Suri)."",
""confidence_score"": 95
}",Amitabh Bachchan's mother is Teji Bachchan (née Teji Suri).,0.95,CORRECT
4085,4082423,Velventos,country,Greece,1785884,182,1272660,[],"[""Hellenic Republic"",""Hellas"",""gr"",""el"",""\ud83c\uddec\ud83c\uddf7"",""Greek Republic"",""GRE"",""Ellada"",""Greek""]",http://www.wikidata.org/entity/Q542358,http://www.wikidata.org/entity/Q41,Velventos,Greece,275,256529,In what country is Velventos?,"[""Greece"", ""Hellenic Republic"", ""Hellas"", ""gr"", ""el"", ""🇬🇷"", ""Greek Republic"", ""GRE"", ""Ellada"", ""Greek""]","{
""answer"": ""Velventos is in Greece."",
""confidence_score"": 95
}",Velventos is in Greece.,0.95,CORRECT
8482,5934898,Special,screenwriter,David Fury,2662421,533,831684,[],[],http://www.wikidata.org/entity/Q774344,http://www.wikidata.org/entity/Q2452126,Special (Lost),David Fury,802,986,Who was the screenwriter for Special?,"[""David Fury""]","{""answer"":""The screenwriter for the 2021 Irish film Special is Neasa Ní Chianáin (co-written with Kate O’Callaghan)."",""confidence_score"":75}",The screenwriter for the 2021 Irish film Special is Neasa Ní Chianáin (co-written with Kate O’Callaghan).,0.75,INCORRECT
3439,5057554,Main Street Square,country,United States of America,2234865,182,988513,[],"[""the United States of America"",""America"",""U.S.A."",""USA"",""U.S."",""US"",""the US"",""the USA"",""US of A"",""the United States"",""U. S. A."",""U. S."",""the States"",""the U.S."",""'Merica"",""U.S"",""United States"",""'Murica""]",http://www.wikidata.org/entity/Q6736169,http://www.wikidata.org/entity/Q30,Main Street Square station,United States,120,1629691,In what country is Main Street Square?,"[""United States of America"", ""the United States of America"", ""America"", ""U.S.A."", ""USA"", ""U.S."", ""US"", ""the US"", ""the USA"", ""US of A"", ""the United States"", ""U. S. A."", ""U. S."", ""the States"", ""the U.S."", ""'Merica"", ""U.S"", ""United States"", ""'Murica""]","{""answer"":""There are multiple places named Main Street Square, but the notable Main Street Square is a public plaza located in Houston, Texas, United States."",""confidence_score"":85}","There are multiple places named Main Street Square, but the notable Main Street Square is a public plaza located in Houston, Texas, United States.",0.85,CORRECT
1032,2774555,William Osler,place of birth,Ontario,1191310,218,654112,"[""Sir William Osler"",""Sir William"",""WO""]","[""ONT"",""ON""]",http://www.wikidata.org/entity/Q369668,http://www.wikidata.org/entity/Q1904,William Osler,Ontario,9249,163537,In what city was William Osler born?,"[""Ontario"", ""ONT"", ""ON""]","{
""answer"": ""William Osler was born in Bond Head, a village in Tecumseth Township near Toronto, in Upper Canada (now Ontario)."",
""confidence_score"": 95
}","William Osler was born in Bond Head, a village in Tecumseth Township near Toronto, in Upper Canada (now Ontario).",0.95,CORRECT
5034,1337112,The Reach,producer,Michael Douglas,594898,164,117073,"[""Beyond the Reach"",""Reach""]","[""Michael Kirk Douglas""]",http://www.wikidata.org/entity/Q18155077,http://www.wikidata.org/entity/Q119798,Beyond the Reach,Michael Douglas,3889,229613,Who was the producer of The Reach?,"[""Michael Douglas"", ""Michael Kirk Douglas""]","{""answer"":""The producer of the 2014 Irish short film The Reach was James Kinsella (producer)."",""confidence_score"":65}",The producer of the 2014 Irish short film The Reach was James Kinsella (producer).,0.65,INCORRECT
4382,2646248,Skyline,producer,Yann Tiersen,1140390,164,334219,[],"[""Yann Pierre Tiersen""]",http://www.wikidata.org/entity/Q3486462,http://www.wikidata.org/entity/Q157256,Skyline (Yann Tiersen album),Yann Tiersen,212,15203,Who was the producer of Skyline?,"[""Yann Tiersen"", ""Yann Pierre Tiersen""]","{""answer"":""The producers of the 2010 science-fiction film Skyline were brothers Eric B. Fleischman, Jon Fleischman, and director/writer Greg Strause (with co-producers including Shane and Amelda Strause)."",""confidence_score"":85}","The producers of the 2010 science-fiction film Skyline were brothers Eric B. Fleischman, Jon Fleischman, and director/writer Greg Strause (with co-producers including Shane and Amelda Strause).",0.85,INCORRECT
5256,1659405,Delivered,producer,Guy Ferland,736339,164,1029311,[],[],http://www.wikidata.org/entity/Q2097626,http://www.wikidata.org/entity/Q3121773,Delivered,Guy Ferland,1377,879,Who was the producer of Delivered?,"[""Guy Ferland""]","{""answer"":""The producer of the film Delivered (1998) was Daniel Diamond."",""confidence_score"":70}",The producer of the film Delivered (1998) was Daniel Diamond.,0.7,INCORRECT
8499,4584501,On the Day Before,screenwriter,Paul Redford,2022002,533,2402550,[],[],http://www.wikidata.org/entity/Q609025,http://www.wikidata.org/entity/Q7153138,On the Day Before,Paul Redford,686,806,Who was the screenwriter for On the Day Before?,"[""Aaron Sorkin"", ""Aaron Benjamin Sorkin"", ""Paul Redford""]","{""answer"":""The screenwriter for On the Day Before is Yoko Mizuki."",""confidence_score"":60}",The screenwriter for On the Day Before is Yoko Mizuki.,0.6,INCORRECT
11474,301114,Angela Maxwell,sport,figure skating,121975,560,1221247,"[""Angela Yuka Maxwell""]",[],http://www.wikidata.org/entity/Q12061521,http://www.wikidata.org/entity/Q38108,Angela Maxwell,Figure skating,168,19912,What sport does Angela Maxwell play?,"[""figure skating""]","{
""answer"": ""Angela Maxwell is an American figure skater who competed in ladies' singles."",
""confidence_score"": 85
}",Angela Maxwell is an American figure skater who competed in ladies' singles.,0.85,CORRECT
8711,5718052,Pulse,screenwriter,Wes Craven,2551720,533,772368,[],"[""Wesley Earl Craven""]",http://www.wikidata.org/entity/Q744911,http://www.wikidata.org/entity/Q223992,Pulse (2006 film),Wes Craven,19300,251766,Who was the screenwriter for Pulse?,"[""Wes Craven"", ""Wesley Earl Craven""]","{
""answer"": ""If you mean the 2001 Japanese horror film Pulse (Kairo), the screenwriters were Kiyoshi Kurosawa and Takashi Nagasaki; if you mean the 2006 American remake Pulse, the screenwriter was Wes Craven (screenplay by Rick Beckerman and Scott Kosar), with Scott Kosar credited for the 2006 screenplay adaptation."", 
""confidence_score"": 65
}","If you mean the 2001 Japanese horror film Pulse (Kairo), the screenwriters were Kiyoshi Kurosawa and Takashi Nagasaki; if you mean the 2006 American remake Pulse, the screenwriter was Wes Craven (screenplay by Rick Beckerman and Scott Kosar), with Scott Kosar credited for the 2006 screenplay adaptation.",0.65,CORRECT
10044,905955,"Symphony, K. 19b",composer,Wolfgang Amadeus Mozart,384733,639,858160,"[""Symphony in C major, K. Anh. 222\/19b""]","[""Mozart"",""Joannes Chrysostomus Wolfgangus Theophilus Amadeus Mozart"",""W. A. Mozart"",""Johann Chrysostom Wolfgang Amadeus Mozart"",""Joannes Chrysostomus Wolfgangus Amadeus Mozart"",""Johannes Chrisostomus Wolfgangus Theophilus Mozart"",""V. A. Mocartas"",""Volphnkank Amedaios Motsart"",""Apollo Mozzart"",""Wolfgango Amadeo Mozart"",""Mozhate"",""Johann Chrysostomos Wolfgang Gottlieb Mozart"",""Wolfgang Gottlieb Mozart"",""Wolfgang Amad\u00e8 Mozart"",""Wolfgang Amadeus Chrysostom Mozart""]",http://www.wikidata.org/entity/Q16155894,http://www.wikidata.org/entity/Q254,"Symphony, K. 19b (Mozart)",Wolfgang Amadeus Mozart,119,228577,"Who was the composer of Symphony, K. 19b?","[""Wolfgang Amadeus Mozart"", ""Mozart"", ""Joannes Chrysostomus Wolfgangus Theophilus Amadeus Mozart"", ""W. A. Mozart"", ""Johann Chrysostom Wolfgang Amadeus Mozart"", ""Joannes Chrysostomus Wolfgangus Amadeus Mozart"", ""Johannes Chrisostomus Wolfgangus Theophilus Mozart"", ""V. A. Mocartas"", ""Volphnkank Amedaios Motsart"", ""Apollo Mozzart"", ""Wolfgango Amadeo Mozart"", ""Mozhate"", ""Johann Chrysostomos Wolfgang Gottlieb Mozart"", ""Wolfgang Gottlieb Mozart"", ""Wolfgang Amadè Mozart"", ""Wolfgang Amadeus Chrysostom Mozart""]","{""answer"":""Symphony K. 19b was composed by Wolfgang Amadeus Mozart."",""confidence_score"":90}",Symphony K. 19b was composed by Wolfgang Amadeus Mozart.,0.9,CORRECT
2041,1830615,The Experts,genre,comedy film,806186,91,336148,[],"[""comedy movie""]",http://www.wikidata.org/entity/Q2365654,http://www.wikidata.org/entity/Q157443,The Experts (1989 film),Comedy film,2741,36816,What genre is The Experts?,"[""comedy film"", ""comedy movie""]","{""answer"":""The Experts is a 1989 American comedy film with elements of action and espionage (spy comedy)."",""confidence_score"":85}",The Experts is a 1989 American comedy film with elements of action and espionage (spy comedy).,0.85,CORRECT
3768,6320552,Romanian Greek Catholic Church,country,Romania,2850993,182,756886,"[""BRU""]","[""Roumania"",""Rumania"",""Rom\u00e2nia"",""ro"",""\ud83c\uddf7\ud83c\uddf4""]",http://www.wikidata.org/entity/Q856349,http://www.wikidata.org/entity/Q218,Romanian Greek Catholic Church,Romania,2466,278539,In what country is Romanian Greek Catholic Church?,"[""Romania"", ""Roumania"", ""Rumania"", ""România"", ""ro"", ""🇷🇴""]","{
""answer"": ""The Romanian Greek Catholic Church is in Romania."",
""confidence_score"": 95
}",The Romanian Greek Catholic Church is in Romania.,0.95,CORRECT
121,2533751,"Harold Lever, Baron Lever of Manchester",occupation,politician,1094888,22,2834605,"[""Norman Harold Lever, Baron Lever of Manchester""]","[""political leader"",""political figure"",""polit."",""pol""]",http://www.wikidata.org/entity/Q333321,http://www.wikidata.org/entity/Q82955,"Harold Lever, Baron Lever of Manchester",Politician,553,25692,"What is Harold Lever, Baron Lever of Manchester's occupation?","[""politician"", ""political leader"", ""political figure"", ""polit."", ""pol""]","{
""answer"": ""Harold Lever, Baron Lever of Manchester was a British Labour Party politician and Member of Parliament (and later a life peer) who served as a government minister and lawyer."",
""confidence_score"": 95
}","Harold Lever, Baron Lever of Manchester was a British Labour Party politician and Member of Parliament (and later a life peer) who served as a government minister and lawyer.",0.95,CORRECT
8095,547056,Roman,screenwriter,Lucky McKee,223064,533,1175746,[],"[""Edward Lucky McKee""]",http://www.wikidata.org/entity/Q1401088,http://www.wikidata.org/entity/Q361727,Roman (film),Lucky McKee,712,3071,Who was the screenwriter for Roman?,"[""Lucky McKee"", ""Edward Lucky McKee""]","{""answer"":""The screenwriter for Roman (2006 French film) was Jacques Audiard (co-written with Thomas Bidegain for the 2006 film)"",""confidence_score"":45}",The screenwriter for Roman (2006 French film) was Jacques Audiard (co-written with Thomas Bidegain for the 2006 film),0.45,INCORRECT
6937,2857892,The Ogre,director,Lamberto Bava,1224759,526,2938925,"[""Ogre"",""La casa dell'orco""]",[],http://www.wikidata.org/entity/Q3821668,http://www.wikidata.org/entity/Q987976,The Ogre (1989 film),Lamberto Bava,657,3413,Who was the director of The Ogre?,"[""Lamberto Bava""]","{
""answer"": ""The director of The Ogre (1996 film) was Volker Schlöndorff."",
""confidence_score"": 90
}",The director of The Ogre (1996 film) was Volker Schlöndorff.,0.9,INCORRECT
11751,2490440,Houston Dynamo FC,sport,association football,1077492,560,920845,"[""Orange Crush"",""La Naranja"",""The Men in Orange"",""The Orange"",""Die Oranje"",""Houston Dynamo"",""Dynamo"",""Dynamo FC""]","[""football"",""soccer""]",http://www.wikidata.org/entity/Q328313,http://www.wikidata.org/entity/Q2736,Houston Dynamo FC,Association football,11557,197767,What sport does Houston Dynamo FC play?,"[""association football"", ""football"", ""soccer""]","{
""answer"": ""Houston Dynamo FC plays professional soccer (association football) in Major League Soccer."",
""confidence_score"": 100
}",Houston Dynamo FC plays professional soccer (association football) in Major League Soccer.,1.0,CORRECT
2737,2384223,Ettore Bugatti,father,Carlo Bugatti,1037340,257,1820804,"[""EB"",""Ettore Arco Isidoro Bugatti""]",[],http://www.wikidata.org/entity/Q314419,http://www.wikidata.org/entity/Q549250,Ettore Bugatti,Carlo Bugatti,9361,1752,Who is the father of Ettore Bugatti?,"[""Carlo Bugatti""]","{
""answer"": ""Ettore Bugatti's father was Carlo Bugatti, an Italian furniture and decorative arts designer and manufacturer."",
""confidence_score"": 95
}","Ettore Bugatti's father was Carlo Bugatti, an Italian furniture and decorative arts designer and manufacturer.",0.95,CORRECT
11817,3546242,bonus,sport,basketball,1532336,560,1762290,"[""bonus situation"",""penalty situation""]","[""hoops"",""b-ball"",""basket ball"",""BB"",""Basketball""]",http://www.wikidata.org/entity/Q4942650,http://www.wikidata.org/entity/Q5372,Bonus (basketball),Basketball,3886,149310,What sport does bonus play?,"[""basketball"", ""hoops"", ""b-ball"", ""basket ball"", ""BB"", ""Basketball""]","{
""answer"": ""Without additional context, 'Bonus' is not a widely recognized name of a sport; if you mean the band/musician Bonus, they are not associated with a sport—please provide more context."",
""confidence_score"": 40
}","Without additional context, 'Bonus' is not a widely recognized name of a sport; if you mean the band/musician Bonus, they are not associated with a sport—please provide more context.",0.4,NOT_ATTEMPTED
3130,573130,Sahibzada Jujhar Singh,father,Guru Gobind Singh,234381,257,1031918,"[""Jujhar Singh""]","[""Gobind Rai"",""Guru Gobind Rai"",""Khalsa founder""]",http://www.wikidata.org/entity/Q1430464,http://www.wikidata.org/entity/Q312967,Jujhar Singh,Guru Gobind Singh,1767,48553,Who is the father of Sahibzada Jujhar Singh?,"[""Guru Gobind Singh"", ""Gobind Rai"", ""Guru Gobind Rai"", ""Khalsa founder""]","{
""answer"": ""The father of Sahibzada Jujhar Singh is Guru Gobind Singh, the tenth Sikh Guru."",
""confidence_score"": 95
}","The father of Sahibzada Jujhar Singh is Guru Gobind Singh, the tenth Sikh Guru.",0.95,CORRECT
2086,1123632,World of Men,genre,pornographic film,492372,91,626158,[],"[""porno"",""porno film"",""porn film"",""porn"",""porn video"",""XXX film"",""hardcore film"",""dirty video"",""adult film"",""sex film"",""porn movie"",""blue movie"",""X-rated film"",""X-rated movie"",""hardcore movie""]",http://www.wikidata.org/entity/Q16967902,http://www.wikidata.org/entity/Q185529,World of Men,Pornographic film,184,94440,What genre is World of Men?,"[""pornographic film"", ""porno"", ""porno film"", ""porn film"", ""porn"", ""porn video"", ""XXX film"", ""hardcore film"", ""dirty video"", ""adult film"", ""sex film"", ""porn movie"", ""blue movie"", ""X-rated film"", ""X-rated movie"", ""hardcore movie""]","{""answer"":""World of Men is an adult gay pornography film series (gay erotic adult entertainment)."",""confidence_score"":90}",World of Men is an adult gay pornography film series (gay erotic adult entertainment).,0.9,CORRECT
4038,701197,Francheville Aerodrome,country,France,296575,182,230035,[],"[""fr"",""FR"",""R\u00e9publique fran\u00e7aise"",""La France"",""Republic of France"",""French Republic"",""FRA"",""the Hexagon""]",http://www.wikidata.org/entity/Q15218346,http://www.wikidata.org/entity/Q142,Francheville Aerodrome,France,52,486947,In what country is Francheville Aerodrome?,"[""France"", ""fr"", ""FR"", ""République française"", ""La France"", ""Republic of France"", ""French Republic"", ""FRA"", ""the Hexagon""]","{
""answer"": ""Francheville Aerodrome is located in France."",
""confidence_score"": 95
}",Francheville Aerodrome is located in France.,0.95,CORRECT
8315,6207553,Within,screenwriter,Chris Carter,2798860,533,1308704,[],"[""Christopher Carl Carter""]",http://www.wikidata.org/entity/Q8028183,http://www.wikidata.org/entity/Q437267,Within (The X-Files),Chris Carter (screenwriter),1444,12152,Who was the screenwriter for Within?,"[""Chris Carter"", ""Christopher Carl Carter""]","{
""answer"": ""There are multiple films titled 'Within'; without more context, the 2016 horror film 'Within' (a.k.a. 'Deadly Within') was written by Simon Fellows and Matt Treadwell, while the 2014 British horror short 'Within' was written by Daniel Wilson; please specify which 'Within' you mean for a definitive single screenwriter."",
""confidence_score"": 65
}","There are multiple films titled 'Within'; without more context, the 2016 horror film 'Within' (a.k.a. 'Deadly Within') was written by Simon Fellows and Matt Treadwell, while the 2014 British horror short 'Within' was written by Daniel Wilson; please specify which 'Within' you mean for a definitive single screenwriter.",0.65,INCORRECT
13820,4128947,Olyokminsky District,capital,Olyokminsk,1810123,422,564164,[],[],http://www.wikidata.org/entity/Q547162,http://www.wikidata.org/entity/Q176348,Olyokminsky District,Olyokminsk,326,425,What is the capital of Olyokminsky District?,"[""Olyokminsk""]","{
""answer"": ""The administrative center (capital) of Olyokminsky District is the town of Olyokminsk."",
""confidence_score"": 95
}",The administrative center (capital) of Olyokminsky District is the town of Olyokminsk.,0.95,CORRECT
6487,2357534,Flawless,director,Michael Radford,1027129,526,1397402,[],"[""Michael James Radford""]",http://www.wikidata.org/entity/Q311525,http://www.wikidata.org/entity/Q470601,Flawless (2007 film),Michael Radford,3945,3464,Who was the director of Flawless?,"[""Michael Radford"", ""Michael James Radford""]","{
""answer"": ""Flawless (1999) was directed by Joel Schumacher."",
""confidence_score"": 90
}",Flawless (1999) was directed by Joel Schumacher.,0.9,INCORRECT
4394,4991292,Don,producer,Ritesh Sidhwani,2202413,164,2491105,"[""Don"",""Don - The Chase Begins Again""]",[],http://www.wikidata.org/entity/Q662436,http://www.wikidata.org/entity/Q7336726,Don (2006 Hindi film),Ritesh Sidhwani,19263,5380,Who was the producer of Don?,"[""Ritesh Sidhwani""]","{""answer"":""If you mean the 1978 Hindi film Don, it was produced by Nariman A. Irani (and co-produced by Farhan Akhtar’s father Javed Akhtar was not a producer); if you mean the 2006 remake Don: The Chase Begins Again, it was produced by Ramesh Sippy and Farhan Akhtar—please specify which film if you need one;"",""confidence_score"":65}","If you mean the 1978 Hindi film Don, it was produced by Nariman A. Irani (and co-produced by Farhan Akhtar’s father Javed Akhtar was not a producer); if you mean the 2006 remake Don: The Chase Begins Again, it was produced by Ramesh Sippy and Farhan Akhtar—please specify which film if you need one;",0.65,INCORRECT
6161,3061120,Girlfriend,director,Karan Razdan,1308263,526,2118122,[],[],http://www.wikidata.org/entity/Q4368256,http://www.wikidata.org/entity/Q6368399,Girlfriend (2004 film),Karan Razdan,2275,4212,Who was the director of Girlfriend?,"[""Karan Razdan""]","{""answer"":""The director of the 2004 Indian film Girlfriend is Karan Razdan."",""confidence_score"":79}",The director of the 2004 Indian film Girlfriend is Karan Razdan.,0.79,CORRECT
10571,632176,Noé,composer,Georges Bizet,263501,639,1883766,"[""Noe""]","[""Alexandre C\u00e9sar L\u00e9opold Bizet"",""Alexandre Cesar Leopold Bizet""]",http://www.wikidata.org/entity/Q1475053,http://www.wikidata.org/entity/Q56158,Noé (opera),Georges Bizet,303,16191,Who was the composer of Noé?,"[""Georges Bizet"", ""Alexandre César Léopold Bizet"", ""Alexandre Cesar Leopold Bizet""]","{
""answer"": ""Noé is an opera composed by Fromental Halévy."",
""confidence_score"": 95
}",Noé is an opera composed by Fromental Halévy.,0.95,INCORRECT
14141,557239,Manggarai,capital,Ruteng,227466,422,521769,"[""Manggarai Regency""]",[],http://www.wikidata.org/entity/Q14143,http://www.wikidata.org/entity/Q1708604,Manggarai Regency,Ruteng,324,412,What is the capital of Manggarai?,"[""Ruteng""]","{
""answer"": ""The capital of Manggarai Regency (in East Nusa Tenggara province, Indonesia) is Ruteng."",
""confidence_score"": 95
}","The capital of Manggarai Regency (in East Nusa Tenggara province, Indonesia) is Ruteng.",0.95,CORRECT
6766,6367074,Southern Comfort,director,Walter Hill,2868880,526,1146592,[],[],http://www.wikidata.org/entity/Q8884557,http://www.wikidata.org/entity/Q350422,Southern Comfort (1981 film),Walter Hill,6784,15878,Who was the director of Southern Comfort?,"[""Walter Hill""]","{
""answer"": ""The director of the 1981 film Southern Comfort was Walter Hill."",
""confidence_score"": 98
}",The director of the 1981 film Southern Comfort was Walter Hill.,0.98,CORRECT
7919,6562266,Manga,capital of,Centre-Sud Region,2943223,97,2849448,"[""Manga, Burkina Faso""]",[],http://www.wikidata.org/entity/Q999498,http://www.wikidata.org/entity/Q853405,"Manga, Burkina Faso",Centre-Sud Region,123,168,What is Manga the capital of?,"[""Centre-Sud Region""]","{
""answer"": ""Manga is the capital of the province of Bengo in Angola."",
""confidence_score"": 15
}",Manga is the capital of the province of Bengo in Angola.,0.15,INCORRECT
4336,4570145,Invasion from Inner Earth,producer,Bill Rebane,2015661,164,2854659,"[""Hell Fire"",""They""]",[],http://www.wikidata.org/entity/Q6059588,http://www.wikidata.org/entity/Q862400,Invasion from Inner Earth,Bill Rebane,289,1005,Who was the producer of Invasion from Inner Earth?,"[""Bill Rebane""]","{
""answer"": ""The producer of Invasion from Inner Earth was Edward Finney."",
""confidence_score"": 70
}",The producer of Invasion from Inner Earth was Edward Finney.,0.7,INCORRECT
8934,6162790,When I Met U,screenwriter,Aloy Adlawan,2779083,533,1416937,[],[],http://www.wikidata.org/entity/Q7992566,http://www.wikidata.org/entity/Q4734674,When I Met U,Aloy Adlawan,655,585,Who was the screenwriter for When I Met U?,"[""Aloy Adlawan""]","{
""answer"": ""The screenwriter for the 2009 Filipino film When I Met U was R.J. Nuevas."",
""confidence_score"": 88
}",The screenwriter for the 2009 Filipino film When I Met U was R.J. Nuevas.,0.88,INCORRECT
231,1440910,Ayumi Hamasaki,occupation,lyricist,644402,22,2830871,"[""ayu"",""CREA"",""Hamasaki Ayumi""]","[""singer-lyricist""]",http://www.wikidata.org/entity/Q188111,http://www.wikidata.org/entity/Q822146,Ayumi Hamasaki,Lyricist,19177,8836,What is Ayumi Hamasaki's occupation?,"[""actor"", ""actress"", ""actors"", ""actresses"", ""singer-songwriter"", ""singer songwriter"", ""singer/songwriter"", ""singersongwriter"", ""singer-songwriter"", ""songwriter"", ""song writer"", ""lyricist"", ""singer-lyricist""]","{
""answer"": ""Ayumi Hamasaki is a Japanese singer, songwriter, record producer, and former actress, best known as a pop music artist."",
""confidence_score"": 95
}","Ayumi Hamasaki is a Japanese singer, songwriter, record producer, and former actress, best known as a pop music artist.",0.95,CORRECT
5586,984715,Carrie,producer,Brian De Palma,421026,164,651000,[],"[""Brian Russell De Palma""]",http://www.wikidata.org/entity/Q162672,http://www.wikidata.org/entity/Q189526,Carrie (1976 film),Brian De Palma,131478,76846,Who was the producer of Carrie?,"[""Brian De Palma"", ""Brian Russell De Palma""]","{
""answer"": ""Carrie (1976) was produced by Paul Monash; the 2013 remake was produced by David S. Goyer and Roy Lee (among others)."",
""confidence_score"": 90
}",Carrie (1976) was produced by Paul Monash; the 2013 remake was produced by David S. Goyer and Roy Lee (among others).,0.9,INCORRECT
9425,201732,The Robe,screenwriter,Philip Dunne,81525,533,427058,"[""Robe""]","[""Philip Ives Dunne""]",http://www.wikidata.org/entity/Q1139023,http://www.wikidata.org/entity/Q1638261,The Robe (film),Philip Dunne (writer),9797,994,Who was the screenwriter for The Robe?,"[""Lloyd C. Douglas"", ""Lloyd Cassel Douglas"", ""Philip Dunne"", ""Philip Ives Dunne"", ""Albert Maltz"", ""Gina Kaus""]","{
""answer"": ""The screenwriter for the 1953 film The Robe was Philip Yordan (screenplay), credited with adapting the novel and screenplay work alongside contributions by Howard Koch and I. A. L. Diamond in various versions and credits."",
""confidence_score"": 70
}","The screenwriter for the 1953 film The Robe was Philip Yordan (screenplay), credited with adapting the novel and screenplay work alongside contributions by Howard Koch and I. A. L. Diamond in various versions and credits.",0.7,INCORRECT
7287,734608,Cat People,director,Jacques Tourneur,312403,526,1847121,"[""Lewton Bus""]",[],http://www.wikidata.org/entity/Q1542184,http://www.wikidata.org/entity/Q55393,Cat People (1942 film),Jacques Tourneur,27984,5622,Who was the director of Cat People?,"[""Jacques Tourneur""]","{
""answer"": ""The 1942 film Cat People was directed by Jacques Tourneur."",
""confidence_score"": 95
}",The 1942 film Cat People was directed by Jacques Tourneur.,0.95,CORRECT
7470,6084372,Us,director,Michael Landon,2736868,526,1133726,[],"[""Eugene Maurice Orowitz""]",http://www.wikidata.org/entity/Q7901638,http://www.wikidata.org/entity/Q346411,Us (1991 film),Michael Landon,927,134305,Who was the director of Us?,"[""Michael Landon"", ""Eugene Maurice Orowitz""]","{
""answer"": ""Jordan Peele directed the 2019 horror film Us."",
""confidence_score"": 100
}",Jordan Peele directed the 2019 horror film Us.,1.0,INCORRECT
11498,542631,Logi Geirsson,sport,handball,221483,560,2841960,"[""Logi Eldon Geirsson""]","[""Olympic handball"",""European team handball"",""European handball"",""Borden ball"",""Pallammanu"",""team handball""]",http://www.wikidata.org/entity/Q1397063,http://www.wikidata.org/entity/Q8418,Logi Geirsson,Handball,423,34706,What sport does Logi Geirsson play?,"[""handball"", ""Olympic handball"", ""European team handball"", ""European handball"", ""Borden ball"", ""Pallammanu"", ""team handball""]","{""answer"":""Logi Geirsson is an Icelandic handball player."",""confidence_score"":90}",Logi Geirsson is an Icelandic handball player.,0.9,CORRECT
695,2996652,Serhiy Zayets,place of birth,Berdychiv,1283271,218,342546,"[""Serhiy Anatoliyovych Zayets""]","[""Berdichev"",""Barditchev"",""Berdycz\u00f3w"",""Berdyczow"",""Berdicev"",""Berditchev"",""Berditchov"",""Berditschew"",""Berdytschiw"",""Berdyciv"",""Berdychiv (Ukraine)""]",http://www.wikidata.org/entity/Q4184117,http://www.wikidata.org/entity/Q158799,Serhiy Zayets,Berdychiv,101,2811,In what city was Serhiy Zayets born?,"[""Berdychiv"", ""Berdichev"", ""Barditchev"", ""Berdyczów"", ""Berdyczow"", ""Berdicev"", ""Berditchev"", ""Berditchov"", ""Berditschew"", ""Berdytschiw"", ""Berdyciv"", ""Berdychiv (Ukraine)""]","{""answer"":""Serhiy Zayets was born in Kyiv, Ukraine."",""confidence_score"":80}","Serhiy Zayets was born in Kyiv, Ukraine.",0.8,INCORRECT
2637,5962454,The Very Things,genre,post-punk,2676680,91,2002771,[],"[""new musick"",""Post-Punk""]",http://www.wikidata.org/entity/Q7772471,http://www.wikidata.org/entity/Q598929,The Very Things,Post-punk,259,47300,What genre is The Very Things?,"[""post-punk"", ""new musick"", ""Post-Punk""]","{
""answer"": ""The Very Things are an English post-punk/indie rock band (post-punk),"",
""confidence_score"": 85
}","The Very Things are an English post-punk/indie rock band (post-punk),",0.85,CORRECT
13977,581753,Texas,capital,Austin,238054,422,437616,"[""TX"",""Lone Star State"",""Texas, United States"",""State of Texas"",""US-TX"",""Tex.""]","[""Austin, Texas""]",http://www.wikidata.org/entity/Q1439,http://www.wikidata.org/entity/Q16559,Texas,"Austin, Texas",400631,127467,What is the capital of Texas?,"[""Austin"", ""Austin, Texas""]","{
""answer"": ""The capital of Texas is Austin."",
""confidence_score"": 100
}",The capital of Texas is Austin.,1.0,CORRECT
4035,4880111,Korean Magazine Museum,country,South Korea,2149516,182,2866409,[],"[""Republic of Korea"",""ROK"",""kr"",""Rep. Korea"",""S. Korea"",""Korea Republic"",""\ud83c\uddf0\ud83c\uddf7"",""KOR""]",http://www.wikidata.org/entity/Q6431866,http://www.wikidata.org/entity/Q884,Korean Magazine Museum,South Korea,32,492668,In what country is Korean Magazine Museum?,"[""South Korea"", ""Republic of Korea"", ""ROK"", ""kr"", ""Rep. Korea"", ""S. Korea"", ""Korea Republic"", ""🇰🇷"", ""KOR""]","{
""answer"": ""The Korean Magazine Museum is located in South Korea."",
""confidence_score"": 95
}",The Korean Magazine Museum is located in South Korea.,0.95,CORRECT
5514,5163170,Mickey,producer,John Grisham,2284155,164,37140,[],"[""John Ray Grisham, Jr."",""John Ray Grisham Jr""]",http://www.wikidata.org/entity/Q6838574,http://www.wikidata.org/entity/Q106465,Mickey (2004 film),John Grisham,1610,75523,Who was the producer of Mickey?,"[""John Grisham"", ""John Ray Grisham, Jr."", ""John Ray Grisham Jr""]","{
""answer"": ""The producer of the 1980 film Mickey was Roger Corman."",
""confidence_score"": 85
}",The producer of the 1980 film Mickey was Roger Corman.,0.85,INCORRECT
9187,610177,Wish You Were Here,screenwriter,David Leland,249710,533,1069003,[],[],http://www.wikidata.org/entity/Q1465864,http://www.wikidata.org/entity/Q325805,Wish You Were Here (1987 film),David Leland,2905,1307,Who was the screenwriter for Wish You Were Here?,"[""David Leland""]","{
""answer"": ""The screenwriter for the 1987 Australian film Wish You Were Here was David Williamson."",
""confidence_score"": 90
}",The screenwriter for the 1987 Australian film Wish You Were Here was David Williamson.,0.9,INCORRECT
0,4222362,George Rankin,occupation,politician,1850297,22,2834605,"[""George James Rankin""]","[""political leader"",""political figure"",""polit."",""pol""]",http://www.wikidata.org/entity/Q5543720,http://www.wikidata.org/entity/Q82955,George Rankin,Politician,142,25692,What is George Rankin's occupation?,"[""politician"", ""political leader"", ""political figure"", ""polit."", ""pol""]","{
""answer"": ""Insufficient context to determine which George Rankin is meant; notable individuals named George Rankin include an Australian rules footballer and a British Army officer (General Sir George Rankin), so his occupation could be either a footballer or a military officer depending on which person is referenced."",
""confidence_score"": 35
}","Insufficient context to determine which George Rankin is meant; notable individuals named George Rankin include an Australian rules footballer and a British Army officer (General Sir George Rankin), so his occupation could be either a footballer or a military officer depending on which person is referenced.",0.35,NOT_ATTEMPTED
10367,2162041,Alone,composer,Evan Brewer,945151,639,1236512,[],[],http://www.wikidata.org/entity/Q2839224,http://www.wikidata.org/entity/Q387531,Alone (Evan Brewer album),Evan Brewer,87,851,Who was the composer of Alone?,"[""Evan Brewer""]","{""answer"":""If you mean the popular song \""Alone\"" performed by Heart, it was composed by Billy Steinberg and Tom Kelly."",""confidence_score"":85}","If you mean the popular song \""Alone\"" performed by Heart, it was composed by Billy Steinberg and Tom Kelly.",0.85,INCORRECT
8944,4901606,Belly,screenwriter,Hype Williams,2160182,533,1925360,[],"[""Francesco Carrozzini"",""Harold Williams""]",http://www.wikidata.org/entity/Q646077,http://www.wikidata.org/entity/Q572533,Belly (film),Hype Williams,17711,10636,Who was the screenwriter for Belly?,"[""Hype Williams"", ""Francesco Carrozzini"", ""Harold Williams""]","{
""answer"": ""The screenplay for the 1998 film Belly was written by Eric Eason and produced and directed by Hype Williams, with the story by Eason and rapper Nas (who also co-wrote story elements) — primary credited screenwriter: Eric Eason."",
""confidence_score"": 90
}","The screenplay for the 1998 film Belly was written by Eric Eason and produced and directed by Hype Williams, with the story by Eason and rapper Nas (who also co-wrote story elements) — primary credited screenwriter: Eric Eason.",0.9,INCORRECT
5291,4962037,Aria,producer,Don Boyd,2188359,164,1718037,[],"[""Donald William Robertson Boyd""]",http://www.wikidata.org/entity/Q654154,http://www.wikidata.org/entity/Q5292304,Aria (film),Don Boyd,2543,392,Who was the producer of Aria?,"[""Don Boyd"", ""Donald William Robertson Boyd""]","{
""answer"": ""The producer of the 1987 anime film Aria (also known as Aria the Animation OVA) was Tetsurō Amino (producer listed in some sources) — confidence low; if you mean the 2017 film Aria (Italian film) the producer was Elda Ferri."",
""confidence_score"": 25
}",The producer of the 1987 anime film Aria (also known as Aria the Animation OVA) was Tetsurō Amino (producer listed in some sources) — confidence low; if you mean the 2017 film Aria (Italian film) the producer was Elda Ferri.,0.25,INCORRECT
4059,2759467,Mount Shinten,country,Japan,1185067,182,502871,[],"[""State of Japan"",""Land of the Rising Sun"",""Nihon"",""Nippon"",""JP"",""Nippon-koku"",""Nihon-koku"",""JA"",""JPN"",""jp"",""JAP"",""Ja"",""Jap""]",http://www.wikidata.org/entity/Q3661066,http://www.wikidata.org/entity/Q17,Mount Shinten,Japan,35,702414,In what country is Mount Shinten?,"[""Japan"", ""State of Japan"", ""Land of the Rising Sun"", ""Nihon"", ""Nippon"", ""JP"", ""Nippon-koku"", ""Nihon-koku"", ""JA"", ""JPN"", ""jp"", ""JAP"", ""Ja"", ""Jap""]","Mount Shinten is in Japan. {""answer"":""Mount Shinten is in Japan."",""confidence_score"":95}",Mount Shinten is in Japan.,0.95,CORRECT
8368,6300443,The Package,screenwriter,Graham Roland,2842710,533,1873946,[],[],http://www.wikidata.org/entity/Q842851,http://www.wikidata.org/entity/Q5593190,The Package (Lost),Graham Roland,741,820,Who was the screenwriter for The Package?,"[""Graham Roland"", ""Paul Zbyszewski""]","{""answer"":""The screenwriter for the 1989 film The Package was Tony Kayden."",""confidence_score"":70}",The screenwriter for the 1989 film The Package was Tony Kayden.,0.7,INCORRECT
9260,5329235,Oil,screenwriter,Ben Elton,2367096,533,1308159,[],"[""Benjamin Charles Elton""]",http://www.wikidata.org/entity/Q7081283,http://www.wikidata.org/entity/Q436712,Oil (The Young Ones),Ben Elton,519,18325,Who was the screenwriter for Oil?,"[""Ben Elton"", ""Benjamin Charles Elton"", ""Rik Mayall"", ""Richard Michael Mayall"", ""Lise Mayer""]","{""answer"":""The screenwriter for the 2022 film Oil (also released as OIL) is Khalid Mohammed (screenplay by Khalid Mohammed, story by Khalid Mohammed and Arjun Sharma)."",""confidence_score"":30}","The screenwriter for the 2022 film Oil (also released as OIL) is Khalid Mohammed (screenplay by Khalid Mohammed, story by Khalid Mohammed and Arjun Sharma).",0.3,INCORRECT
3992,6244507,Zing,country,Nigeria,2819027,182,16314,[],"[""Federal Republic of Nigeria"",""\ud83c\uddf3\ud83c\uddec"",""NG"",""FRN"",""NGA"",""NGR"",""Naija""]",http://www.wikidata.org/entity/Q8072371,http://www.wikidata.org/entity/Q1033,"Zing, Nigeria",Nigeria,331,336913,In what country is Zing?,"[""Nigeria"", ""Federal Republic of Nigeria"", ""🇳🇬"", ""NG"", ""FRN"", ""NGA"", ""NGR"", ""Naija""]","{""answer"":""Zing is a town in Taraba State in the country of Nigeria."",""confidence_score"":85}",Zing is a town in Taraba State in the country of Nigeria.,0.85,CORRECT
605,5993862,Tim Alexander,place of birth,Chertsey,2691337,218,40742,"[""Timothy Mark Alexander""]","[""Chertsey, Surrey""]",http://www.wikidata.org/entity/Q7803073,http://www.wikidata.org/entity/Q1070428,Tim Alexander (footballer),Chertsey,141,6695,In what city was Tim Alexander born?,"[""Chertsey"", ""Chertsey, Surrey""]","{
""answer"": ""Tim Alexander (drummer of Primus) was born in San Diego, California."",
""confidence_score"": 85
}","Tim Alexander (drummer of Primus) was born in San Diego, California.",0.85,INCORRECT
8018,1722398,Rome,capital of,Lazio,761211,97,153523,"[""The Eternal City"",""Roma"",""Rome Italy""]",[],http://www.wikidata.org/entity/Q220,http://www.wikidata.org/entity/Q1282,Rome,Lazio,193323,30916,What is Rome the capital of?,"[""Lazio"", ""Province of Rome"", ""provincia di Roma"", ""Papal States"", ""Papal State"", ""Church State"", ""State of the Church"", ""Stato della Chiesa"", ""Status Ecclesiae"", ""Ecclesiastical States"", ""Roman Republic"", ""res publica"", ""Rome"", ""Roman Empire"", ""Imperium Romanum"", ""Romanum imperium"", ""imperium romanum"", ""Senatus Populusque Romanus"", ""Italy"", ""Italia"", ""Italian Republic"", ""IT"", ""🇮🇹"", ""ITA""]","{
""answer"": ""Rome is the capital of Italy."",
""confidence_score"": 100
}",Rome is the capital of Italy.,1.0,CORRECT
11517,3465531,Bedworth United F.C.,sport,association football,1496624,560,920845,"[""Bedworth United Football Club"",""Bedworth United FC"",""Bedworth United"",""Bedworth"",""The Greenbacks"",""United"",""BUFC""]","[""football"",""soccer""]",http://www.wikidata.org/entity/Q4879475,http://www.wikidata.org/entity/Q2736,Bedworth United F.C.,Association football,977,197767,What sport does Bedworth United F.C. play?,"[""association football"", ""football"", ""soccer""]","{
""answer"": ""Bedworth United F.C. plays association football (soccer)."",
""confidence_score"": 100
}",Bedworth United F.C. plays association football (soccer).,1.0,CORRECT
13345,3811343,Cut,author,Patricia McCormick,1661968,484,2397990,[],[],http://www.wikidata.org/entity/Q5196624,http://www.wikidata.org/entity/Q7145725,Cut (novel),Patricia McCormick (author),628,697,Who is the author of Cut?,"[""Patricia McCormick""]","{""answer"":""If you mean the novel Cut (1997), the author is Patricia McCormick."",""confidence_score"":85}","If you mean the novel Cut (1997), the author is Patricia McCormick.",0.85,CORRECT
5752,2886181,In Your Hands,director,Peter Del Monte,1236264,526,1642294,"[""Nelle tue mani""]",[],http://www.wikidata.org/entity/Q3874452,http://www.wikidata.org/entity/Q515321,In Your Hands (2007 film),Peter Del Monte,127,2217,Who was the director of In Your Hands?,"[""Peter Del Monte""]","{""answer"":""The 2004 French film In Your Hands (original title: Contre l'enfer) was directed by Lola Doillon."",""confidence_score"":65}",The 2004 French film In Your Hands (original title: Contre l'enfer) was directed by Lola Doillon.,0.65,INCORRECT
3537,977282,history of Ghana,country,Ghana,417353,182,99203,[],"[""Republic of Ghana"",""gh"",""GHA""]",http://www.wikidata.org/entity/Q16249917,http://www.wikidata.org/entity/Q117,History of Ghana (1966–79),Ghana,8839,173146,In what country is history of Ghana?,"[""Ghana"", ""Republic of Ghana"", ""gh"", ""GHA""]","{
""answer"": ""The history of Ghana pertains to the country of Ghana in West Africa."",
""confidence_score"": 100
}",The history of Ghana pertains to the country of Ghana in West Africa.,1.0,CORRECT
5115,5851537,Sunny,producer,Dharmendra,2620336,164,1216409,[],[],http://www.wikidata.org/entity/Q7640622,http://www.wikidata.org/entity/Q379157,Sunny (1984 film),Dharmendra,2484,161689,Who was the producer of Sunny?,"[""Dharmendra""]","{""answer"":""The producer of the 2011 South Korean film 'Sunny' was Kang Hye-jung (credited as producer alongside co-producer Lee Jin-sung via Lotte Entertainment) — confidence: moderate."",""confidence_score"":60}",The producer of the 2011 South Korean film 'Sunny' was Kang Hye-jung (credited as producer alongside co-producer Lee Jin-sung via Lotte Entertainment) — confidence: moderate.,0.6,INCORRECT
3902,4834872,Kelowna Chiefs,country,Canada,2128032,182,355510,[],"[""Dominion of Canada"",""British North America"",""CAN"",""CA"",""ca"",""can"",""Can.""]",http://www.wikidata.org/entity/Q6386426,http://www.wikidata.org/entity/Q16,Kelowna Chiefs,Canada,184,816653,In what country is Kelowna Chiefs?,"[""Canada"", ""Dominion of Canada"", ""British North America"", ""CAN"", ""CA"", ""ca"", ""can"", ""Can.""]","{
""answer"": ""The Kelowna Chiefs are based in Canada."",
""confidence_score"": 95
}",The Kelowna Chiefs are based in Canada.,0.95,CORRECT
6258,2859395,Remains to Be Seen,director,Don Weis,1225305,526,1000892,[],[],http://www.wikidata.org/entity/Q3823624,http://www.wikidata.org/entity/Q3035931,Remains to Be Seen,Don Weis,280,903,Who was the director of Remains to Be Seen?,"[""Don Weis""]","{
""answer"": ""The director of the 1953 film Remains to Be Seen was Don Weis."",
""confidence_score"": 92
}",The director of the 1953 film Remains to Be Seen was Don Weis.,0.92,CORRECT
13259,4725074,Natalka Poltavka,author,Ivan Kotliarevskyi,2078999,484,1333029,[],"[""Ivan Petrovych Kotlyarevsky"",""Ivan Kotliarevsky"",""Ivan Kotlyarevsky"",""Ivan Petrovych Kotliarevskyi"",""Ivan Petrovych Kotliarevsky""]",http://www.wikidata.org/entity/Q624720,http://www.wikidata.org/entity/Q455246,Natalka Poltavka,Ivan Kotliarevsky,195,502,Who is the author of Natalka Poltavka?,"[""Ivan Kotliarevskyi"", ""Ivan Petrovych Kotlyarevsky"", ""Ivan Kotliarevsky"", ""Ivan Kotlyarevsky"", ""Ivan Petrovych Kotliarevskyi"", ""Ivan Petrovych Kotliarevsky""]","{""answer"":""The author of the play Natalka Poltavka is Ukrainian writer Ivan Kotliarevsky."",""confidence_score"":95}",The author of the play Natalka Poltavka is Ukrainian writer Ivan Kotliarevsky.,0.95,CORRECT
825,6041173,Tsugumi Higasayama,place of birth,Saitama Prefecture,2713776,218,153469,[],"[""Saitama-ken""]",http://www.wikidata.org/entity/Q7850002,http://www.wikidata.org/entity/Q128186,Tsugumi Higasayama,Saitama Prefecture,95,14083,In what city was Tsugumi Higasayama born?,"[""Saitama Prefecture"", ""Saitama-ken""]","{""answer"":""Tsugumi Higasayama was born in Osaka, Japan."",""confidence_score"":50}","Tsugumi Higasayama was born in Osaka, Japan.",0.5,INCORRECT
7715,6411341,Stari Ras,capital of,Principality of Serbia (early medieval),2886637,97,164535,"[""Ras""]","[""Serbia""]",http://www.wikidata.org/entity/Q917814,http://www.wikidata.org/entity/Q13107370,Stari Ras,Principality of Serbia (early medieval),1443,3276,What is Stari Ras the capital of?,"[""Principality of Serbia (early medieval)"", ""Serbia""]","{
""answer"": ""Stari Ras was the capital of the medieval Serbian state of Raška (also called the Serbian Principality/Kingdom of Rascia)."",
""confidence_score"": 92
}",Stari Ras was the capital of the medieval Serbian state of Raška (also called the Serbian Principality/Kingdom of Rascia).,0.92,CORRECT
13745,282938,Schleswig-Holstein,capital,Kiel,114398,422,518526,"[""Slesvig-Holstein"",""SH"",""DE-SH""]",[],http://www.wikidata.org/entity/Q1194,http://www.wikidata.org/entity/Q1707,Schleswig-Holstein,Kiel,31758,17913,What is the capital of Schleswig-Holstein?,"[""Kiel""]","{
""answer"": ""The capital of Schleswig-Holstein is Kiel."",
""confidence_score"": 100
}",The capital of Schleswig-Holstein is Kiel.,1.0,CORRECT
2260,2056634,Grease,genre,romantic comedy,900952,91,2853587,[],"[""romedy"",""romcom""]",http://www.wikidata.org/entity/Q267721,http://www.wikidata.org/entity/Q860626,Grease (film),Romantic comedy,127970,64579,What genre is Grease?,"[""musical film"", ""musical movie"", ""romantic comedy"", ""romedy"", ""romcom""]","{
""answer"": ""Grease is a 1978 musical romantic comedy film (and also a stage musical) combining elements of musical, romance, comedy, and teen drama."",
""confidence_score"": 95
}","Grease is a 1978 musical romantic comedy film (and also a stage musical) combining elements of musical, romance, comedy, and teen drama.",0.95,CORRECT
3645,2796119,Hebbe Falls,country,India,1200444,182,2215085,[],"[""Bharat"",""Hindustan"",""Bharatvarsh"",""in"",""IN"",""Republic of India"",""\ud83c\uddee\ud83c\uddf3"",""IND"",""Aryavratt""]",http://www.wikidata.org/entity/Q37304,http://www.wikidata.org/entity/Q668,Hebbe Falls,India,2274,1301086,In what country is Hebbe Falls?,"[""India"", ""Bharat"", ""Hindustan"", ""Bharatvarsh"", ""in"", ""IN"", ""Republic of India"", ""🇮🇳"", ""IND"", ""Aryavratt""]","{
""answer"": ""Hebbe Falls is in India, located in the Chikmagalur district of Karnataka."",
""confidence_score"": 95
}","Hebbe Falls is in India, located in the Chikmagalur district of Karnataka.",0.95,CORRECT
5417,5957923,The Stranger,producer,Bill Baggs,2674301,164,1512988,"[""Stranger""]","[""William Calhoun Baggs""]",http://www.wikidata.org/entity/Q7766944,http://www.wikidata.org/entity/Q4907984,The Stranger (video series),Bill Baggs,1378,208,Who was the producer of The Stranger?,"[""Bill Baggs"", ""William Calhoun Baggs""]","{""answer"":""There are many works titled 'The Stranger'; if you mean the 1946 film 'The Stranger' (directed by and starring Orson Welles), the producer was William Goetz."",""confidence_score"":70}","There are many works titled 'The Stranger'; if you mean the 1946 film 'The Stranger' (directed by and starring Orson Welles), the producer was William Goetz.",0.7,INCORRECT
10837,1169774,Power,composer,S. Thaman,519260,639,2522157,[],[],http://www.wikidata.org/entity/Q17073246,http://www.wikidata.org/entity/Q7387939,Power (2014 Telugu film),S. Thaman,5107,29037,Who was the composer of Power?,"[""S. Thaman""]","{""answer"":""The composer of the song “Power” (released 2010) is Kanye West (credited as sole songwriter/composer alongside producers like Symbolyc One and others for production),”"",""confidence_score"":60}","The composer of the song “Power” (released 2010) is Kanye West (credited as sole songwriter/composer alongside producers like Symbolyc One and others for production),”",0.6,INCORRECT
87,4674890,Jim Brown,occupation,radio personality,2059616,22,916690,[],"[""radio presenter"",""radio hostess"",""host"",""hostess"",""radio host"",""radio jockey"",""radio program boss"",""RJ""]",http://www.wikidata.org/entity/Q6193880,http://www.wikidata.org/entity/Q2722764,Jim Brown (radio host),Radio personality,98,5737,What is Jim Brown's occupation?,"[""radio personality"", ""radio presenter"", ""radio hostess"", ""host"", ""hostess"", ""radio host"", ""radio jockey"", ""radio program boss"", ""RJ""]","{""answer"":""Insufficient context to determine which Jim Brown is meant (notable individuals include Jim Brown the former American football running back, actor, and activist; Jim Brown the broadcaster; etc.)."",""confidence_score"":30}","Insufficient context to determine which Jim Brown is meant (notable individuals include Jim Brown the former American football running back, actor, and activist; Jim Brown the broadcaster; etc.).",0.3,NOT_ATTEMPTED
4091,1292989,Revigliasco d'Asti,country,Italy,575278,182,1218153,[],"[""Italia"",""Italian Republic"",""IT"",""\ud83c\uddee\ud83c\uddf9"",""ITA""]",http://www.wikidata.org/entity/Q17849,http://www.wikidata.org/entity/Q38,Revigliasco d'Asti,Italy,95,403188,In what country is Revigliasco d'Asti?,"[""Italy"", ""Italia"", ""Italian Republic"", ""IT"", ""🇮🇹"", ""ITA""]","{""answer"":""Revigliasco d'Asti is in Italy."",""confidence_score"":100}",Revigliasco d'Asti is in Italy.,1.0,CORRECT
12251,5812793,Stand By Your Screen,author,Roy Minton,2601215,484,2513548,[],[],http://www.wikidata.org/entity/Q7598070,http://www.wikidata.org/entity/Q7373182,Stand by Your Screen,Roy Minton,58,263,Who is the author of Stand By Your Screen?,"[""Roy Minton""]","{
""answer"": ""Stand By Your Screen\"" is authored by Tom Hegen."",
""confidence_score"": 25
}","Stand By Your Screen\"" is authored by Tom Hegen.",0.25,INCORRECT
12001,2696170,Facebook,author,Chris Hughes,1160340,484,1192983,"[""facebook.com"",""FB"",""FACEBOOK""]",[],http://www.wikidata.org/entity/Q355,http://www.wikidata.org/entity/Q370321,Facebook,Chris Hughes,1551049,46882,Who is the author of Facebook?,"[""Eduardo Saverin"", ""Eduardo Luiz Saverin"", ""Mark Zuckerberg"", ""Mark Elliott Zuckerberg"", ""Zuck"", ""Zuckerberg"", ""Mark Elliot Zuckerberg"", ""Dustin Moskovitz"", ""Chris Hughes""]","{
""answer"": ""Facebook (the website and company) was created by Mark Zuckerberg along with co-founders Eduardo Saverin, Andrew McCollum, Dustin Moskovitz, and Chris Hughes, with Mark Zuckerberg being the principal founder and public face of the company."",
""confidence_score"": 95
}","Facebook (the website and company) was created by Mark Zuckerberg along with co-founders Eduardo Saverin, Andrew McCollum, Dustin Moskovitz, and Chris Hughes, with Mark Zuckerberg being the principal founder and public face of the company.",0.95,CORRECT
140,4411817,Hiroyuki Arai,occupation,politician,1938988,22,2834605,[],"[""political leader"",""political figure"",""polit."",""pol""]",http://www.wikidata.org/entity/Q5771482,http://www.wikidata.org/entity/Q82955,Hiroyuki Arai,Politician,147,25692,What is Hiroyuki Arai's occupation?,"[""politician"", ""political leader"", ""political figure"", ""polit."", ""pol""]","{
""answer"": ""Hiroyuki Arai is a Japanese politician and former member of the House of Representatives who has served in the Diet."",
""confidence_score"": 70
}",Hiroyuki Arai is a Japanese politician and former member of the House of Representatives who has served in the Diet.,0.7,CORRECT
1369,6345556,Console,genre,electronic music,2860959,91,2931668,[],"[""electrosonic""]",http://www.wikidata.org/entity/Q873759,http://www.wikidata.org/entity/Q9778,Console (musician),Electronic music,1022,77084,What genre is Console?,"[""electronic music"", ""electrosonic""]","{
""answer"": ""Console is an Italian progressive/post-rock band (genre: post-rock/experimental rock)."",
""confidence_score"": 75
}",Console is an Italian progressive/post-rock band (genre: post-rock/experimental rock).,0.75,INCORRECT
1930,2661013,Sultan,genre,French hip hop,1146303,91,212367,[],"[""rap francais""]",http://www.wikidata.org/entity/Q3503529,http://www.wikidata.org/entity/Q138020,Sultan (rapper),French hip hop,512,2936,What genre is Sultan?,"[""French hip hop"", ""rap francais""]","{
""answer"": ""Sultan is a 2016 Indian Hindi-language sports drama film."",
""confidence_score"": 95
}",Sultan is a 2016 Indian Hindi-language sports drama film.,0.95,INCORRECT
4881,1726148,City of God,producer,Walter Salles,762826,164,1346127,[],"[""Walter Moreira Salles, Jr.""]",http://www.wikidata.org/entity/Q220741,http://www.wikidata.org/entity/Q458696,City of God (2002 film),Walter Salles,34043,2989,Who was the producer of City of God?,"[""Walter Salles"", ""Walter Moreira Salles, Jr.""]","{
""answer"": ""City of God (2002) was produced by Fernando Meirelles, Kátia Lund, and Andrea Barata Ribeiro (with producers Paulo Morelli and Pedro Morelli also credited in some sources)."",
""confidence_score"": 90
}","City of God (2002) was produced by Fernando Meirelles, Kátia Lund, and Andrea Barata Ribeiro (with producers Paulo Morelli and Pedro Morelli also credited in some sources).",0.9,INCORRECT
11159,4718146,Hafez,religion,Sufism,2076246,106,2919600,"[""Kh\u0101ja Shamsu D\u012bn Muhammad H\u0101fez-e Sh\u012br\u0101z\u012b"",""\u1e24\u0101fiz"",""Shamsoddin Mohammad Hafez-e Shirazi"",""\u1e24\u0101fe\u1e93"",""Mo\u1e25ammed Shams od-D\u012bn \u1e24afe\u1e93"",""\u1e24\u0101fi\u1e93"",""of Shiraz \u0160ams-al-Din Mo\u1e25ammad"",""\u1e24\u0101fi\u1e93 Sh\u012br\u0101z\u012b"",""Shams al-D\u012bn Mu\u1e25ammad Sh\u012br\u0101z\u012b"",""Shams-ud-Din Mohammed"",""Mo\u1e25ammed \u0160ams al-D\u012bn \u1e24afe\u1e93"",""Hafiz"",""Khafiz"",""Hafis"",""Haafiz"",""H\u00e4fiz""]","[""Sufi"",""Sufi (person)""]",http://www.wikidata.org/entity/Q6240,http://www.wikidata.org/entity/Q9603,Hafez,Sufism,16925,82137,What is the religion of Hafez?,"[""Islam"", ""Islamic religion"", ""Mohammedanism"", ""Muslim religion"", ""al-’islām"", ""religion of the Muslims"", ""Shia Islam"", ""Shīa Islam"", ""Shiism"", ""Shiah Islam"", ""Shiʿa Islam"", ""Shi'a Islam"", ""Sufism"", ""Sufi"", ""Sufi (person)""]","{
""answer"": ""Hafez (Khwāja Shams-ud-Dīn Muhammad Hāfez-e Shīrāzī) was a Muslim (Sunni by background, though his poetry reflects Sufi mystical themes and is widely associated with Sufism)."",
""confidence_score"": 95
}","Hafez (Khwāja Shams-ud-Dīn Muhammad Hāfez-e Shīrāzī) was a Muslim (Sunni by background, though his poetry reflects Sufi mystical themes and is widely associated with Sufism).",0.95,CORRECT
11100,6497530,Catholic Church,religion,Catholicism,2918816,106,621834,"[""Roman Catholic Church"",""Church"",""Roman Apostolic Catholic Church""]","[""Catholic faith"",""Catholic religion"",""Catholic""]",http://www.wikidata.org/entity/Q9592,http://www.wikidata.org/entity/Q1841,Catholic Church,Catholicism,195995,16111,What is the religion of Catholic Church?,"[""Catholicism"", ""Catholic faith"", ""Catholic religion"", ""Catholic""]","{
""answer"": ""The Catholic Church is a Christian denomination following Christianity, specifically the largest branch of Western Christianity (Roman Catholicism)."",
""confidence_score"": 95
}","The Catholic Church is a Christian denomination following Christianity, specifically the largest branch of Western Christianity (Roman Catholicism).",0.95,CORRECT
1126,3093369,Technology,genre,synth-pop,1319628,91,159936,[],"[""synthesizer pop"",""techno-pop"",""synthpop""]",http://www.wikidata.org/entity/Q4456889,http://www.wikidata.org/entity/Q1298934,Technology (band),Synth-pop,595,67724,What genre is Technology?,"[""synth-pop"", ""synthesizer pop"", ""techno-pop"", ""synthpop""]","{""answer"":""Technology is not a genre; it is a broad field or subject area encompassing tools, techniques, systems, and applied sciences used to solve problems and create products and services."",""confidence_score"":95}","Technology is not a genre; it is a broad field or subject area encompassing tools, techniques, systems, and applied sciences used to solve problems and create products and services.",0.95,INCORRECT
3457,294568,Tvedes Bryggeri,country,Denmark,118983,182,1145172,[],"[""DK"",""Danmark"",""DNK"",""DEK"",""dk"",""Denmark proper"",""metropolitan Denmark"",""\ud83c\udde9\ud83c\uddf0"",""DEN"",""TAN"",""Realm of Denmark"",""Kingdom of Denmark""]",http://www.wikidata.org/entity/Q12007958,http://www.wikidata.org/entity/Q35,Tvedes Bryggeri,Denmark,205,282017,In what country is Tvedes Bryggeri?,"[""Denmark"", ""DK"", ""Danmark"", ""DNK"", ""DEK"", ""dk"", ""Denmark proper"", ""metropolitan Denmark"", ""🇩🇰"", ""DEN"", ""TAN"", ""Realm of Denmark"", ""Kingdom of Denmark""]","{""answer"":""Tvedes Bryggeri is in Denmark."",""confidence_score"":95}",Tvedes Bryggeri is in Denmark.,0.95,CORRECT
13252,4786363,Jääpeili,author,Aaro Hellaakoski,2104383,484,1372384,[],"[""Aaro Antti Hellaakoski""]",http://www.wikidata.org/entity/Q6320041,http://www.wikidata.org/entity/Q4661753,Jääpeili,Aaro Hellaakoski,50,212,Who is the author of Jääpeili?,"[""Aaro Hellaakoski"", ""Aaro Antti Hellaakoski""]","{""answer"":""The author of Jääpeili is Finnish writer and poet Einari Vuorela."",""confidence_score"":35}",The author of Jääpeili is Finnish writer and poet Einari Vuorela.,0.35,INCORRECT
8379,5453608,Pilot,screenwriter,Jeff Eastin,2425274,533,2052599,[],[],http://www.wikidata.org/entity/Q7194395,http://www.wikidata.org/entity/Q6173763,Pilot (White Collar),Jeff Eastin,809,2125,Who was the screenwriter for Pilot?,"[""Jeff Eastin""]","{""answer"":""The screenwriter for the film Pilot (1984) was Pierre Ino (screenplay by) and José Giovanni (story by) — Pierre Ino being credited as the screenwriter."",""confidence_score"":60}",The screenwriter for the film Pilot (1984) was Pierre Ino (screenplay by) and José Giovanni (story by) — Pierre Ino being credited as the screenwriter.,0.6,INCORRECT
5834,302569,Devil,director,John Erick Dowdle,122820,526,1049321,[],[],http://www.wikidata.org/entity/Q1206820,http://www.wikidata.org/entity/Q3181441,Devil (2010 film),John Erick Dowdle,26542,5823,Who was the director of Devil?,"[""John Erick Dowdle""]","{
""answer"": ""The director of the 2010 supernatural thriller film Devil was John Erick Dowdle."",
""confidence_score"": 95
}",The director of the 2010 supernatural thriller film Devil was John Erick Dowdle.,0.95,CORRECT
8387,86179,Ghost in the Shell 2: Innocence,screenwriter,Mamoru Oshii,33380,533,948718,"[""Innocence""]",[],http://www.wikidata.org/entity/Q1058469,http://www.wikidata.org/entity/Q285084,Ghost in the Shell 2: Innocence,Mamoru Oshii,12329,11609,Who was the screenwriter for Ghost in the Shell 2: Innocence?,"[""Mamoru Oshii"", ""Masamune Shirow""]","{""answer"":""The screenwriter for Ghost in the Shell 2: Innocence was Kazunori Itō."",""confidence_score"":95}",The screenwriter for Ghost in the Shell 2: Innocence was Kazunori Itō.,0.95,INCORRECT
7388,2813734,Like It Was,director,Larry Shaw,1207774,526,1021403,[],[],http://www.wikidata.org/entity/Q375852,http://www.wikidata.org/entity/Q3100367,Like It Was,Larry Shaw (director),172,415,Who was the director of Like It Was?,"[""Larry Shaw""]","{
""answer"": ""The director of the film Like It Was (1995 TV movie) is Robert Allan Ackerman."",
""confidence_score"": 85
}",The director of the film Like It Was (1995 TV movie) is Robert Allan Ackerman.,0.85,INCORRECT
1164,2665408,Spice,genre,pop rock,1148004,91,1479426,[],"[""pop\/rock"",""pop-rock""]",http://www.wikidata.org/entity/Q3508822,http://www.wikidata.org/entity/Q484641,Spice (British band),Pop rock,368,85003,What genre is Spice?,"[""pop rock"", ""pop/rock"", ""pop-rock""]","{
""answer"": ""Spice is a 1996 EP of electronic/industrial rock by the band PIG (Raymond Watts)."",
""confidence_score"": 60
}",Spice is a 1996 EP of electronic/industrial rock by the band PIG (Raymond Watts).,0.6,INCORRECT
5816,1438857,Thicker than Water,director,The Malloys,643551,526,2920271,[],[],http://www.wikidata.org/entity/Q1880223,http://www.wikidata.org/entity/Q961238,Thicker than Water (2000 film),The Malloys,463,819,Who was the director of Thicker than Water?,"[""Jack Johnson"", ""Jack Hody Johnson"", ""The Malloys""]","{
""answer"": ""There are multiple films titled 'Thicker than Water'; for the 1999 action film it was directed by Richard Cummings Jr., while the 2000 TV movie was directed by Michael O'Herlihy and the 2003 Icelandic film by Árni Ásgeirsson (confidence depends on which work is meant)."",
""confidence_score"": 60
}","There are multiple films titled 'Thicker than Water'; for the 1999 action film it was directed by Richard Cummings Jr., while the 2000 TV movie was directed by Michael O'Herlihy and the 2003 Icelandic film by Árni Ásgeirsson (confidence depends on which work is meant).",0.6,INCORRECT
4007,6118835,Vrap,country,Albania,2754588,182,766746,[],"[""Republic of Albania"",""al"",""Republika e Shqip\u00ebris\u00eb"",""Shqip\u00ebris\u00eb"",""\ud83c\udde6\ud83c\uddf1"",""ALB""]",http://www.wikidata.org/entity/Q7942616,http://www.wikidata.org/entity/Q222,Vrap,Albania,133,229703,In what country is Vrap?,"[""Albania"", ""Republic of Albania"", ""al"", ""Republika e Shqipërisë"", ""Shqipërisë"", ""🇦🇱"", ""ALB""]","{
""answer"": ""Vrap is in Albania."",
""confidence_score"": 85
}",Vrap is in Albania.,0.85,CORRECT
11334,985724,Assumption of Mary,religion,Catholic Church,421407,106,2918816,"[""Assumption of the Virgin"",""Assumption of the Virgin Mary"",""the Assumption"",""Ascension of Mary""]","[""Roman Catholic Church"",""Church"",""Roman Apostolic Catholic Church""]",http://www.wikidata.org/entity/Q162691,http://www.wikidata.org/entity/Q9592,Assumption of Mary,Catholic Church,23361,195995,What is the religion of Assumption of Mary?,"[""Anglican Communion"", ""Eastern Orthodox Church"", ""Eastern Church"", ""Orthodox Church"", ""Orthodox Catholic Church"", ""Greek Church"", ""Eastern Orthodox communion"", ""Church of the Seven Councils"", ""Oriental Orthodox Churches"", ""oriental orthodox churches"", ""Oriental Orthodoxy"", ""Catholic Church"", ""Roman Catholic Church"", ""Church"", ""Roman Apostolic Catholic Church""]","{
""answer"": ""The Assumption of Mary is a dogma of the Roman Catholic Church (also celebrated in Eastern Orthodox Christianity as the Dormition of the Theotokos)."",
""confidence_score"": 95
}",The Assumption of Mary is a dogma of the Roman Catholic Church (also celebrated in Eastern Orthodox Christianity as the Dormition of the Theotokos).,0.95,CORRECT
12772,6521509,Next,author,Michael Crichton,2927528,484,534524,[],"[""John Michael Crichton"",""Michael Douglas"",""Jeffery Hudson"",""John Lange""]",http://www.wikidata.org/entity/Q971336,http://www.wikidata.org/entity/Q172140,Next (Crichton novel),Michael Crichton,5424,77167,Who is the author of Next?,"[""Michael Crichton"", ""John Michael Crichton"", ""Michael Douglas"", ""Jeffery Hudson"", ""John Lange""]","{""answer"":""If you mean the novel 'Next' (2006), the author is Michael Crichton."",""confidence_score"":85}","If you mean the novel 'Next' (2006), the author is Michael Crichton.",0.85,CORRECT
12239,4100770,Fellowship,author,Franz Kafka,1795276,484,2878787,[],"[""Franti\u0161ek Kafka"",""Kafka""]",http://www.wikidata.org/entity/Q5442505,http://www.wikidata.org/entity/Q905,Fellowship (short story),Franz Kafka,162,118171,Who is the author of Fellowship?,"[""Franz Kafka"", ""František Kafka"", ""Kafka""]","{
""answer"": ""Assuming you mean the novel 'Fellowship' (1934), the author is R. M. Ballantyne."",
""confidence_score"": 20
}","Assuming you mean the novel 'Fellowship' (1934), the author is R. M. Ballantyne.",0.2,INCORRECT
13750,5592430,Guyana,capital,Georgetown,2492856,422,41592,"[""Co-operative Republic of Guyana"",""gy"",""Republic of Guyana"",""\ud83c\uddec\ud83c\uddfe"",""GUY""]","[""Garden City of the Caribbean"",""Georgetown, British Guiana""]",http://www.wikidata.org/entity/Q734,http://www.wikidata.org/entity/Q10717,Guyana,"Georgetown, Guyana",151484,17700,What is the capital of Guyana?,"[""Georgetown"", ""Garden City of the Caribbean"", ""Georgetown, British Guiana""]","{
""answer"": ""The capital of Guyana is Georgetown."",
""confidence_score"": 100
}",The capital of Guyana is Georgetown.,1.0,CORRECT
7932,2887118,Lilongwe,capital of,Malawi,1236666,97,8491,[],"[""Republic of Malawi"",""mw"",""\ud83c\uddf2\ud83c\uddfc"",""MAW""]",http://www.wikidata.org/entity/Q3876,http://www.wikidata.org/entity/Q1020,Lilongwe,Malawi,8423,69631,What is Lilongwe the capital of?,"[""Malawi"", ""Republic of Malawi"", ""mw"", ""🇲🇼"", ""MAW"", ""Central Region""]","{
""answer"": ""Lilongwe is the capital city of Malawi."", 
""confidence_score"": 100
}",Lilongwe is the capital city of Malawi.,1.0,CORRECT
5150,735817,Damage,producer,Josephine Hart,312953,164,1309344,"[""Fatale""]",[],http://www.wikidata.org/entity/Q1542915,http://www.wikidata.org/entity/Q437810,Damage (1992 film),Josephine Hart,10392,918,Who was the producer of Damage?,"[""Josephine Hart""]","{""answer"":""If you mean the 1992 film Damage, it was produced by Christopher Hampton, Pierre-Ange Le Pogam and John Clein (producers include Christopher Hampton as producer and David Puttnam credited as executive producer)."",""confidence_score"":65}","If you mean the 1992 film Damage, it was produced by Christopher Hampton, Pierre-Ange Le Pogam and John Clein (producers include Christopher Hampton as producer and David Puttnam credited as executive producer).",0.65,INCORRECT
13812,6390764,Anivsky District,capital,Aniva,2878456,422,18242,"[""Anivskiy Rayon""]","[""Ruutaka"",""Rutaka""]",http://www.wikidata.org/entity/Q904512,http://www.wikidata.org/entity/Q103652,Anivsky District,Aniva,187,505,What is the capital of Anivsky District?,"[""Aniva"", ""Ruutaka"", ""Rutaka""]","{
""answer"": ""The administrative center (capital) of Anivsky District in Sakhalin Oblast, Russia, is the town of Aniva."",
""confidence_score"": 95
}","The administrative center (capital) of Anivsky District in Sakhalin Oblast, Russia, is the town of Aniva.",0.95,CORRECT
5005,6496391,Flawless,producer,Robert De Niro,2918393,164,1190669,[],"[""Robert Jr. De Niro"",""Jr. Robert De Niro"",""Robert Anthony De Niro"",""De Niro""]",http://www.wikidata.org/entity/Q958626,http://www.wikidata.org/entity/Q36949,Flawless (1999 film),Robert De Niro,3846,330029,Who was the producer of Flawless?,"[""Joel Schumacher"", ""Joel T. Schumacher"", ""Robert De Niro"", ""Robert Jr. De Niro"", ""Jr. Robert De Niro"", ""Robert Anthony De Niro"", ""De Niro""]","{""answer"":""The producer of the 1999 film Flawless was Michael Apted (producer credited alongside Michael Douglas and Tim Bevan via PolyGram/Working Title); primary producer credit: Michael Apted."",""confidence_score"":40}",The producer of the 1999 film Flawless was Michael Apted (producer credited alongside Michael Douglas and Tim Bevan via PolyGram/Working Title); primary producer credit: Michael Apted.,0.4,INCORRECT
5188,411147,Happy Gilmore,producer,Robert Simonds,166137,164,2479247,[],"[""Robert Bruce Simonds, Jr.""]",http://www.wikidata.org/entity/Q1313063,http://www.wikidata.org/entity/Q731692,Happy Gilmore,Robert Simonds,43433,4437,Who was the producer of Happy Gilmore?,"[""Robert Simonds"", ""Robert Bruce Simonds, Jr.""]","{
""answer"": ""Happy Gilmore was produced by Michael J. Wilson and Robert Simonds (with producers including Robert Simonds as the principal producer), and produced by Universal Pictures; the film's credited producer is Robert Simonds."",
""confidence_score"": 92
}","Happy Gilmore was produced by Michael J. Wilson and Robert Simonds (with producers including Robert Simonds as the principal producer), and produced by Universal Pictures; the film's credited producer is Robert Simonds.",0.92,CORRECT
7651,2647162,Something for Everyone,director,Harold Prince,1140787,526,2015574,[],"[""Harold Smith Prince"",""Hal Prince"",""Harold S. Prince""]",http://www.wikidata.org/entity/Q3487591,http://www.wikidata.org/entity/Q605924,Something for Everyone,Harold Prince,722,4500,Who was the director of Something for Everyone?,"[""Harold Prince"", ""Harold Smith Prince"", ""Hal Prince"", ""Harold S. Prince""]","{
""answer"": ""The director of the 1970 film Something for Everyone was Harold Prince."",
""confidence_score"": 92
}",The director of the 1970 film Something for Everyone was Harold Prince.,0.92,CORRECT
13505,635651,Mary in Islam,mother,Saint Anne,265089,292,430455,"[""Christian""]","[""Saint Anne"",""St. Anne"",""St. Anna"",""St Anne"",""St Anna"",""Anne"",""Anna"",""Saint Anna""]",http://www.wikidata.org/entity/Q1478857,http://www.wikidata.org/entity/Q164294,Mary in Islam,Saint Anne,17357,23738,Who is the mother of Mary in Islam?,"[""Saint Anne"", ""Saint Anne"", ""St. Anne"", ""St. Anna"", ""St Anne"", ""St Anna"", ""Anne"", ""Anna"", ""Saint Anna""]","{
""answer"": ""In Islam, the mother of Mary (Maryam) is traditionally named Hannah (Arabic: Ḥannah), also called Anne in Christian tradition."",
""confidence_score"": 95
}","In Islam, the mother of Mary (Maryam) is traditionally named Hannah (Arabic: Ḥannah), also called Anne in Christian tradition.",0.95,CORRECT
10121,3497437,Big B,composer,Alphons Joseph,1511231,639,720074,[],[],http://www.wikidata.org/entity/Q4904962,http://www.wikidata.org/entity/Q2051370,Big B (film),Alphons Joseph,7542,3600,Who was the composer of Big B?,"[""Alphons Joseph""]","{""answer"":""The composer of the 2007 Malayalam film Big B was Alex Paul."",""confidence_score"":85}",The composer of the 2007 Malayalam film Big B was Alex Paul.,0.85,INCORRECT
952,3335561,Andy Keeley,place of birth,Basildon,1432866,218,753864,"[""Andrew James Keeley""]",[],http://www.wikidata.org/entity/Q4760879,http://www.wikidata.org/entity/Q216649,Andy Keeley,Basildon,88,11190,In what city was Andy Keeley born?,"[""Basildon""]","{
""answer"": ""Andy Keeley was born in Ilford, Essex, England."",
""confidence_score"": 80
}","Andy Keeley was born in Ilford, Essex, England.",0.8,INCORRECT
3376,2782928,Potter,country,United States of America,1194468,182,988513,"[""Potter, New York""]","[""the United States of America"",""America"",""U.S.A."",""USA"",""U.S."",""US"",""the US"",""the USA"",""US of A"",""the United States"",""U. S. A."",""U. S."",""the States"",""the U.S."",""'Merica"",""U.S"",""United States"",""'Murica""]",http://www.wikidata.org/entity/Q3708784,http://www.wikidata.org/entity/Q30,"Potter, New York",United States,212,1629691,In what country is Potter?,"[""United States of America"", ""the United States of America"", ""America"", ""U.S.A."", ""USA"", ""U.S."", ""US"", ""the US"", ""the USA"", ""US of A"", ""the United States"", ""U. S. A."", ""U. S."", ""the States"", ""the U.S."", ""'Merica"", ""U.S"", ""United States"", ""'Murica""]","{""answer"":""Potter is a town in the United States (Potter, Nebraska)."",""confidence_score"":60}","Potter is a town in the United States (Potter, Nebraska).",0.6,CORRECT
2055,6245759,Zones,genre,young adult literature,2819699,91,133436,[],"[""juvenile fiction"",""YA"",""youth literature"",""juvenile literature"",""young adult fiction"",""YA literature"",""YA fiction""]",http://www.wikidata.org/entity/Q8073948,http://www.wikidata.org/entity/Q1233720,Zones (novel),Young adult fiction,75,34659,What genre is Zones?,"[""young adult literature"", ""juvenile fiction"", ""YA"", ""youth literature"", ""juvenile literature"", ""young adult fiction"", ""YA literature"", ""YA fiction"", ""science fiction"", ""SF"", ""scifi"", ""sci Fi"", ""sci-Fi"", ""science-fiction"", ""sci fi"", ""sciencefiction""]","{""answer"":""Zones is a progressive rock song (by Hawkwind) — if you mean the 2018 album 'Zones' by Chris Clark, it's electronic/IDM."",""confidence_score"":40}","Zones is a progressive rock song (by Hawkwind) — if you mean the 2018 album 'Zones' by Chris Clark, it's electronic/IDM.",0.4,INCORRECT
7259,6048422,Two,director,Werner Schroeter,2717858,526,2073439,"[""Deux""]",[],http://www.wikidata.org/entity/Q7858803,http://www.wikidata.org/entity/Q62323,Two (2002 film),Werner Schroeter,155,854,Who was the director of Two?,"[""Werner Schroeter""]","{""answer"":""If you mean the 2022 horror film Two, it was directed by Adam Mason and Duane Graves (co-directors)."",""confidence_score"":75}","If you mean the 2022 horror film Two, it was directed by Adam Mason and Duane Graves (co-directors).",0.75,INCORRECT
13157,2587839,Psyché,author,Pierre Corneille,1116429,484,2557814,"[""Psyche""]",[],http://www.wikidata.org/entity/Q3410202,http://www.wikidata.org/entity/Q747,Psyché (play),Pierre Corneille,460,4843,Who is the author of Psyché?,"[""Philippe Quinault"", ""Quinault"", ""Pierre Corneille""]","{""answer"":""The author of the 1671 long poem Psyché is Jean de La Fontaine."",""confidence_score"":60}",The author of the 1671 long poem Psyché is Jean de La Fontaine.,0.6,INCORRECT
5639,5663544,Saanch Ko Aanch Nahin,producer,Tarachand Barjatya,2524478,164,2636913,[],[],http://www.wikidata.org/entity/Q7395653,http://www.wikidata.org/entity/Q7685193,Saanch Ko Aanch Nahin,Tarachand Barjatya,448,3640,Who was the producer of Saanch Ko Aanch Nahin?,"[""Tarachand Barjatya""]","{
""answer"": ""Saanch Ko Aanch Nahin (1979) was produced by Tarachand Barjatya."",
""confidence_score"": 95
}",Saanch Ko Aanch Nahin (1979) was produced by Tarachand Barjatya.,0.95,CORRECT
9122,5770014,Nine,screenwriter,Michael Tolkin,2576966,533,535057,[],[],http://www.wikidata.org/entity/Q752989,http://www.wikidata.org/entity/Q1723417,Nine (2009 live-action film),Michael Tolkin,17560,2522,Who was the screenwriter for Nine?,"[""Michael Tolkin"", ""Anthony Minghella"", ""Anthony Mingella""]","{
""answer"": ""The screenplay for the 2009 film Nine was written by Michael Tolkin (screenplay) based on the stage musical by Arthur Kopit and Maury Yeston, with Tolkin credited as the film's screenwriter."",
""confidence_score"": 90
}","The screenplay for the 2009 film Nine was written by Michael Tolkin (screenplay) based on the stage musical by Arthur Kopit and Maury Yeston, with Tolkin credited as the film's screenwriter.",0.9,CORRECT
3983,6366917,Landeh,country,Iran,2868826,182,2753763,[],"[""Islamic Republic of Iran"",""Persia"",""ir"",""Islamic Rep. Iran"",""\ud83c\uddee\ud83c\uddf7""]",http://www.wikidata.org/entity/Q888376,http://www.wikidata.org/entity/Q794,Landeh,Iran,134,317291,In what country is Landeh?,"[""Iran"", ""Islamic Republic of Iran"", ""Persia"", ""ir"", ""Islamic Rep. Iran"", ""🇮🇷""]","{
""answer"": ""Landeh is a city in Iran, serving as the capital of Landeh County in Kohgiluyeh and Boyer-Ahmad Province."",
""confidence_score"": 95
}","Landeh is a city in Iran, serving as the capital of Landeh County in Kohgiluyeh and Boyer-Ahmad Province.",0.95,CORRECT
13464,2930913,Helena Wayne,mother,Catwoman,1255432,292,343269,"[""Huntress"",""Robin"",""Helena Kyle"",""Batwoman""]","[""Selina Kyle"",""The Cat"",""Irena Dubrovna""]",http://www.wikidata.org/entity/Q397953,http://www.wikidata.org/entity/Q158952,Huntress (Helena Wayne),Catwoman,7339,77049,Who is the mother of Helena Wayne?,"[""Catwoman"", ""Selina Kyle"", ""The Cat"", ""Irena Dubrovna""]","{""answer"":""Helena Wayne’s mother is Earth-Two’s Selina Kyle (Catwoman)."",""confidence_score"":95}",Helena Wayne’s mother is Earth-Two’s Selina Kyle (Catwoman).,0.95,CORRECT
3180,3368205,"Archduke Leopold of Austria, Prince of Tuscany",father,Archduke Leopold Salvator of Austria,1447869,257,2333881,[],[],http://www.wikidata.org/entity/Q4785876,http://www.wikidata.org/entity/Q698051,"Archduke Leopold of Austria, Prince of Tuscany",Archduke Leopold Salvator of Austria,837,1078,"Who is the father of Archduke Leopold of Austria, Prince of Tuscany?","[""Archduke Leopold Salvator of Austria""]","{
""answer"": ""The father of Archduke Leopold of Austria, Prince of Tuscany is Ferdinand III, Grand Duke of Tuscany."",
""confidence_score"": 75
}","The father of Archduke Leopold of Austria, Prince of Tuscany is Ferdinand III, Grand Duke of Tuscany.",0.75,INCORRECT
3850,1767677,Arma,country,United States of America,781771,182,988513,"[""Arma, Kansas""]","[""the United States of America"",""America"",""U.S.A."",""USA"",""U.S."",""US"",""the US"",""the USA"",""US of A"",""the United States"",""U. S. A."",""U. S."",""the States"",""the U.S."",""'Merica"",""U.S"",""United States"",""'Murica""]",http://www.wikidata.org/entity/Q2276099,http://www.wikidata.org/entity/Q30,"Arma, Kansas",United States,310,1629691,In what country is Arma?,"[""United States of America"", ""the United States of America"", ""America"", ""U.S.A."", ""USA"", ""U.S."", ""US"", ""the US"", ""the USA"", ""US of A"", ""the United States"", ""U. S. A."", ""U. S."", ""the States"", ""the U.S."", ""'Merica"", ""U.S"", ""United States"", ""'Murica""]","{
""answer"": ""Arma is a town in the United States, located in Bourbon County, Kansas."",
""confidence_score"": 85
}","Arma is a town in the United States, located in Bourbon County, Kansas.",0.85,CORRECT
217,914998,Ann Friedman,occupation,journalist,388743,22,663400,[],"[""journo"",""journalists""]",http://www.wikidata.org/entity/Q16190438,http://www.wikidata.org/entity/Q1930187,Ann Friedman,Journalist,1214,24952,What is Ann Friedman's occupation?,"[""journalist"", ""journo"", ""journalists""]","{
""answer"": ""Ann Friedman is an American journalist, editor, and podcast host known for her work in freelance and digital media."",
""confidence_score"": 90
}","Ann Friedman is an American journalist, editor, and podcast host known for her work in freelance and digital media.",0.9,CORRECT
6901,2142098,15,director,Royston Tan,936686,526,1128863,[],"[""\u9648\u5b50\u8c26"",""Ch\u00e9n Z\u01d0qi\u0101n"",""T\u00e2n J\u00ed-khiam"",""Tan Ji-khiam""]",http://www.wikidata.org/entity/Q2808298,http://www.wikidata.org/entity/Q3446323,15 (film),Royston Tan,987,1131,Who was the director of 15?,"[""Royston Tan"", ""陈子谦"", ""Chén Zǐqiān"", ""Tân Jí-khiam"", ""Tan Ji-khiam""]","{
""answer"": ""The director of the 2003 film '15' (also known as 'Fifteen') was Royston Tan."",
""confidence_score"": 88
}",The director of the 2003 film '15' (also known as 'Fifteen') was Royston Tan.,0.88,CORRECT
5977,1305274,La Balance,director,Bob Swaim,580415,526,704085,"[""The Nark"",""Balance""]",[],http://www.wikidata.org/entity/Q1798609,http://www.wikidata.org/entity/Q2003193,La Balance,Bob Swaim,511,325,Who was the director of La Balance?,"[""Bob Swaim""]","{
""answer"": ""The director of La Balance (1982) is Bob Swaim."",
""confidence_score"": 95
}",The director of La Balance (1982) is Bob Swaim.,0.95,CORRECT
392,996280,Hugo Becker,occupation,actor,425460,22,1114174,[],"[""actress"",""actors"",""actresses""]",http://www.wikidata.org/entity/Q1634827,http://www.wikidata.org/entity/Q33999,Hugo Becker (actor),Actor,3471,81374,What is Hugo Becker's occupation?,"[""actor"", ""actress"", ""actors"", ""actresses""]","{
""answer"": ""Hugo Becker is a French actor and musician."",
""confidence_score"": 90
}",Hugo Becker is a French actor and musician.,0.9,CORRECT
11353,999841,John J. Myers,religion,Catholic Church,427061,106,2918816,"[""John Joseph Myers""]","[""Roman Catholic Church"",""Church"",""Roman Apostolic Catholic Church""]",http://www.wikidata.org/entity/Q1638264,http://www.wikidata.org/entity/Q9592,John J. Myers,Catholic Church,501,195995,What is the religion of John J. Myers?,"[""Catholic Church"", ""Roman Catholic Church"", ""Church"", ""Roman Apostolic Catholic Church""]","{
""answer"": ""John J. Myers was a Roman Catholic (he served as a Roman Catholic archbishop)."",
""confidence_score"": 95
}",John J. Myers was a Roman Catholic (he served as a Roman Catholic archbishop).,0.95,CORRECT
1440,1951573,Loaded,genre,hard rock,857664,91,2836263,[],[],http://www.wikidata.org/entity/Q2538127,http://www.wikidata.org/entity/Q83270,Loaded (band),Hard rock,1125,77166,What genre is Loaded?,"[""hard rock""]","{
""answer"": ""Loaded is a rock song in the alternative rock / post-grunge genre (specifically alternative rock by the band Primal Scream in their 1990 single),"",
""confidence_score"": 65
}","Loaded is a rock song in the alternative rock / post-grunge genre (specifically alternative rock by the band Primal Scream in their 1990 single),",0.65,INCORRECT
13334,4009186,El gesticulador,author,Rodolfo Usigli,1751738,484,1073315,[],[],http://www.wikidata.org/entity/Q5352433,http://www.wikidata.org/entity/Q3272958,El gesticulador,Rodolfo Usigli,263,198,Who is the author of El gesticulador?,"[""Rodolfo Usigli""]","{
""answer"": ""El gesticulador was written by Mexican playwright Rodolfo Usigli."",
""confidence_score"": 95
}",El gesticulador was written by Mexican playwright Rodolfo Usigli.,0.95,CORRECT
7347,4273280,Graft,director,Christy Cabanne,1873488,526,700769,[],"[""William Christy Cabanne""]",http://www.wikidata.org/entity/Q5592498,http://www.wikidata.org/entity/Q1993804,Graft (1931 film),Christy Cabanne,155,891,Who was the director of Graft?,"[""Christy Cabanne"", ""William Christy Cabanne""]","{""answer"":""The director of the 1931 British film Graft was George King."",""confidence_score"":72}",The director of the 1931 British film Graft was George King.,0.72,INCORRECT
4125,2038373,Goreme,country,Bulgaria,892974,182,758991,[],"[""Republic of Bulgaria"",""bg"",""\ud83c\udde7\ud83c\uddec"",""BUL"",""BGR""]",http://www.wikidata.org/entity/Q2653482,http://www.wikidata.org/entity/Q219,"Goreme, Bulgaria",Bulgaria,23,170779,In what country is Goreme?,"[""Bulgaria"", ""Republic of Bulgaria"", ""bg"", ""🇧🇬"", ""BUL"", ""BGR""]","{
""answer"": ""Goreme (Göreme) is in Turkey."",
""confidence_score"": 100
}",Goreme (Göreme) is in Turkey.,1.0,INCORRECT
10266,6297550,Little Children,composer,Thomas Newman,2841533,639,1055598,[],"[""Thomas Montgomery Newman""]",http://www.wikidata.org/entity/Q841203,http://www.wikidata.org/entity/Q319996,Little Children (film),Thomas Newman,19328,26495,Who was the composer of Little Children?,"[""Thomas Newman"", ""Thomas Montgomery Newman""]","{""answer"":""The song “Little Children” (1964) was written by J. Leslie McFarland and Mort Shuman; if you mean the 2006 film Little Children, its composer was Thomas Newman."",""confidence_score"":85}","The song “Little Children” (1964) was written by J. Leslie McFarland and Mort Shuman; if you mean the 2006 film Little Children, its composer was Thomas Newman.",0.85,CORRECT
1602,4340642,Annie,genre,comedy-drama,1906652,91,2852854,[],"[""dramedy"",""comedic drama"",""tragicomedy"",""seriocomedy"",""comedy drama"",""dramatic comedy"",""Comedy-drama, dramedy""]",http://www.wikidata.org/entity/Q566890,http://www.wikidata.org/entity/Q859369,Annie (1982 film),Comedy-drama,46479,36819,What genre is Annie?,"[""comedy-drama"", ""dramedy"", ""comedic drama"", ""tragicomedy"", ""seriocomedy"", ""comedy drama"", ""dramatic comedy"", ""Comedy-drama, dramedy""]","{
""answer"": ""Annie is a musical (specifically a family-oriented Broadway musical and film musical comedy-drama based on the comic strip Little Orphan Annie)."",
""confidence_score"": 95
}",Annie is a musical (specifically a family-oriented Broadway musical and film musical comedy-drama based on the comic strip Little Orphan Annie).,0.95,CORRECT
1091,4210200,George Chambers,place of birth,Kimberley,1846006,218,835762,"[""George Henry Chambers""]","[""Kimberley, Nottinghamshire""]",http://www.wikidata.org/entity/Q5537801,http://www.wikidata.org/entity/Q2464975,"George Chambers (cricketer, born 1884)","Kimberley, Nottinghamshire",25,574,In what city was George Chambers born?,"[""Kimberley"", ""Kimberley, Nottinghamshire""]","{""answer"":""George Chambers (former Prime Minister of Trinidad and Tobago) was born in Port of Spain, Trinidad and Tobago."",""confidence_score"":85}","George Chambers (former Prime Minister of Trinidad and Tobago) was born in Port of Spain, Trinidad and Tobago.",0.85,INCORRECT
9152,289215,The Vagabond,screenwriter,Charlie Chaplin,116861,533,2865458,"[""Vagabond""]","[""Charles Spencer Chaplin"",""Charles Chaplin"",""Sir Charles Spencer Chaplin""]",http://www.wikidata.org/entity/Q1197772,http://www.wikidata.org/entity/Q882,The Vagabond (1916 film),Charlie Chaplin,565,273103,Who was the screenwriter for The Vagabond?,"[""Charlie Chaplin"", ""Charles Spencer Chaplin"", ""Charles Chaplin"", ""Sir Charles Spencer Chaplin""]","{""answer"":""The screenwriter for the 1916 film The Vagabond (directed by Charlie Chaplin) was Charlie Chaplin."",""confidence_score"":90}",The screenwriter for the 1916 film The Vagabond (directed by Charlie Chaplin) was Charlie Chaplin.,0.9,CORRECT
11030,6369351,apple,color,red,2869636,472,1036579,[],"[""red color""]",http://www.wikidata.org/entity/Q89,http://www.wikidata.org/entity/Q3142,Apple,Red,131912,51772,What color is apple?,"[""red"", ""red color""]","{""answer"":""Apples can be several colors depending on the variety—commonly red, green, or yellow (with many varieties showing mixes or shades of these colors)."",""confidence_score"":95}","Apples can be several colors depending on the variety—commonly red, green, or yellow (with many varieties showing mixes or shades of these colors).",0.95,INCORRECT
13746,2266274,United States of America,capital,"Washington, D.C.",988513,422,2024419,"[""the United States of America"",""America"",""U.S.A."",""USA"",""U.S."",""US"",""the US"",""the USA"",""US of A"",""the United States"",""U. S. A."",""U. S."",""the States"",""the U.S."",""'Merica"",""U.S"",""United States"",""'Murica""]","[""Washington"",""Washington DC"",""Washington, DC"",""DC"",""D.C."",""District of Columbia"",""Washington, District of Columbia"",""Washington D.C."",""The District""]",http://www.wikidata.org/entity/Q30,http://www.wikidata.org/entity/Q61,United States,"Washington, D.C.",1629691,283465,What is the capital of United States of America?,"[""Washington, D.C."", ""Washington"", ""Washington DC"", ""Washington, DC"", ""DC"", ""D.C."", ""District of Columbia"", ""Washington, District of Columbia"", ""Washington D.C."", ""The District""]","{
""answer"": ""The capital of the United States of America is Washington, D.C."",
""confidence_score"": 100
}","The capital of the United States of America is Washington, D.C.",1.0,CORRECT
783,4733160,John Robinson,place of birth,Mansfield,2082173,218,2936142,"[""John Sherman Robinson""]","[""Mansfield, Ohio""]",http://www.wikidata.org/entity/Q6255288,http://www.wikidata.org/entity/Q983698,John Robinson (judge),"Mansfield, Ohio",45,7275,In what city was John Robinson born?,"[""Mansfield"", ""Mansfield, Ohio""]","{""answer"":""There are many notable people named John Robinson; without additional context I cannot determine which John Robinson you mean."",""confidence_score"":20}",There are many notable people named John Robinson; without additional context I cannot determine which John Robinson you mean.,0.2,NOT_ATTEMPTED
7567,2675676,The Verdict,director,Don Siegel,1152107,526,1169067,"[""Verdict""]","[""Donald \""Don\"" Siegel"",""Donald Siegel""]",http://www.wikidata.org/entity/Q3523205,http://www.wikidata.org/entity/Q358322,The Verdict (1946 film),Don Siegel,819,12364,Who was the director of The Verdict?,"[""Don Siegel"", ""Donald \""Don\"" Siegel"", ""Donald Siegel""]","{
""answer"": ""The Verdict (1982) was directed by Sidney Lumet."",
""confidence_score"": 100
}",The Verdict (1982) was directed by Sidney Lumet.,1.0,INCORRECT
9696,3207265,The Substitute,screenwriter,Melinda Hsu Taylor,1374121,533,2272870,[],[],http://www.wikidata.org/entity/Q466454,http://www.wikidata.org/entity/Q6812475,The Substitute (Lost),Melinda Hsu Taylor,754,681,Who was the screenwriter for The Substitute?,"[""Elizabeth Sarnoff"", ""Elizabeth \""Liz\"" Sarnoff"", ""Liz Sarnoff"", ""Melinda Hsu Taylor""]","{
""answer"": ""The screenwriter for the 1996 film The Substitute was David S. Goyer (screenplay) with additional story by John Brancato and Michael Ferris."", 
""confidence_score"": 85
}",The screenwriter for the 1996 film The Substitute was David S. Goyer (screenplay) with additional story by John Brancato and Michael Ferris.,0.85,INCORRECT
6245,240585,Darling,director,John Schlesinger,97042,526,1841622,[],"[""John Richard Schlesinger""]",http://www.wikidata.org/entity/Q1166360,http://www.wikidata.org/entity/Q55303,Darling (1965 film),John Schlesinger,4927,10428,Who was the director of Darling?,"[""John Schlesinger"", ""John Richard Schlesinger""]","{""answer"":""The director of the 1965 film Darling was John Schlesinger."",""confidence_score"":92}",The director of the 1965 film Darling was John Schlesinger.,0.92,CORRECT
5863,2134846,The Dream,director,Pieter Verhoeff,933450,526,2424428,"[""Dream""]",[],http://www.wikidata.org/entity/Q2789340,http://www.wikidata.org/entity/Q7192838,The Dream (1985 film),Pieter Verhoeff,100,144,Who was the director of The Dream?,"[""Pieter Verhoeff""]","{""answer"":""The director of The Dream (1990 documentary about Martin Luther King Jr.) was Steven Okazaki."",""confidence_score"":65}",The director of The Dream (1990 documentary about Martin Luther King Jr.) was Steven Okazaki.,0.65,INCORRECT
3347,3550345,Borysławice,country,Poland,1534439,182,1172122,[],"[""POL"",""Republic of Poland"",""PL"",""Polska""]",http://www.wikidata.org/entity/Q4946894,http://www.wikidata.org/entity/Q36,Borysławice,Poland,53,355720,In what country is Borysławice?,"[""Poland"", ""POL"", ""Republic of Poland"", ""PL"", ""Polska""]","{
""answer"": ""Borysławice is in Poland."",
""confidence_score"": 95
}",Borysławice is in Poland.,0.95,CORRECT
4154,2283970,Brandish,producer,Nihon Falcom,996563,164,83745,[],"[""Falcom"",""Nihon Falcom Corporation"",""Nihon Falcom Corp.""]",http://www.wikidata.org/entity/Q302300,http://www.wikidata.org/entity/Q1142226,Brandish (series),Nihon Falcom,1855,10377,Who was the producer of Brandish?,"[""Nihon Falcom"", ""Falcom"", ""Nihon Falcom Corporation"", ""Nihon Falcom Corp.""]","{
""answer"": ""Brandish was produced by Falcom (Nihon Falcom Corporation)."",
""confidence_score"": 85
}",Brandish was produced by Falcom (Nihon Falcom Corporation).,0.85,CORRECT
13884,280121,Min,capital,Fuzhou City,113261,422,2288641,[],"[""Foochow"",""Fuzhou"",""Hockchew"",""Banyan City""]",http://www.wikidata.org/entity/Q1192067,http://www.wikidata.org/entity/Q68481,Min Kingdom,Fuzhou,594,13016,What is the capital of Min?,"[""Fuzhou City"", ""Foochow"", ""Fuzhou"", ""Hockchew"", ""Banyan City""]","{""answer"":""If you mean the ancient Chinese state of Min during the Five Dynasties and Ten Kingdoms period, its capital was Fuzhou (then called Changle); if you mean the Min River region in Fujian, its principal city is Fuzhou."",""confidence_score"":85}","If you mean the ancient Chinese state of Min during the Five Dynasties and Ten Kingdoms period, its capital was Fuzhou (then called Changle); if you mean the Min River region in Fujian, its principal city is Fuzhou.",0.85,CORRECT
6975,2596451,Imagine,director,John Lennon,1119724,526,120017,[],"[""John Winston Ono Lennon"",""John Winston Lennon"",""Lennon John"",""John Ono Lennon""]",http://www.wikidata.org/entity/Q3421626,http://www.wikidata.org/entity/Q1203,Imagine (1972 film),John Lennon,1388,453988,Who was the director of Imagine?,"[""Yoko Ono"", ""Ono Yōko"", ""Ono Yoko"", ""Ĭoko Ono"", ""Ono"", ""Yōko Ono"", ""Yoko Ono Lennon"", ""John Lennon"", ""John Winston Ono Lennon"", ""John Winston Lennon"", ""Lennon John"", ""John Ono Lennon""]","{""answer"":""If you mean the 1972 song \""Imagine,\"" its director is not applicable (it was written and sung by John Lennon); if you mean the 2012 film \""Imagine,\"" it was directed by Andrzej Jakimowski."",""confidence_score"":65}","If you mean the 1972 song \""Imagine,\"" its director is not applicable (it was written and sung by John Lennon); if you mean the 2012 film \""Imagine,\"" it was directed by Andrzej Jakimowski.",0.65,INCORRECT
6240,1059710,Fantastic Four,director,Josh Trank,453786,526,1051307,"[""Fant4stic""]","[""Joshua Benjamin \""Josh\"" Trank""]",http://www.wikidata.org/entity/Q16795448,http://www.wikidata.org/entity/Q3186007,Fantastic Four (2015 film),Josh Trank,50266,9089,Who was the director of Fantastic Four?,"[""Josh Trank"", ""Joshua Benjamin \""Josh\"" Trank""]","{
""answer"": ""Fantastic Four (2005) was directed by Tim Story."",
""confidence_score"": 95
}",Fantastic Four (2005) was directed by Tim Story.,0.95,INCORRECT
9666,329810,A Double Life,screenwriter,Ruth Gordon,133054,533,794443,"[""Double Life""]","[""Ruth Gordon Jones""]",http://www.wikidata.org/entity/Q1232912,http://www.wikidata.org/entity/Q232562,A Double Life (1947 film),Ruth Gordon,2247,44581,Who was the screenwriter for A Double Life?,"[""Garson Kanin"", ""Ruth Gordon"", ""Ruth Gordon Jones""]","{
""answer"": ""The screenwriter for the 1947 film A Double Life was Ruth Gordon (credited for the screenplay, based on a story by Ruth Gordon and Philip Yordan)."",
""confidence_score"": 85
}","The screenwriter for the 1947 film A Double Life was Ruth Gordon (credited for the screenplay, based on a story by Ruth Gordon and Philip Yordan).",0.85,INCORRECT
5479,3212607,The Fog of War,producer,Errol Morris,1376560,164,2931505,"[""Fog of War"",""The Fog of War: Eleven Lessons from the Life of Robert S. McNamara"",""Eleven Lessons from the Life of Robert S. McNamara""]","[""Errol Mark Morris""]",http://www.wikidata.org/entity/Q466846,http://www.wikidata.org/entity/Q977546,The Fog of War,Errol Morris,7988,10886,Who was the producer of The Fog of War?,"[""Errol Morris"", ""Errol Mark Morris""]","{
""answer"": ""The producer of The Fog of War (2003 documentary) was Errol Morris with producers including Dan Talbot and Sarah Botstein credited (principal producer: Errol Morris)."",
""confidence_score"": 85
}",The producer of The Fog of War (2003 documentary) was Errol Morris with producers including Dan Talbot and Sarah Botstein credited (principal producer: Errol Morris).,0.85,CORRECT
13452,2765337,Aung San Suu Kyi,mother,Khin Kyi,1187406,292,359424,"[""aung hcan: cu. krany"",""Daw Aung San Suu Kyi"",""Daw Suu"",""Amay Suu"",""Dr. Suu Kyi"",""Ms. Suu Kyi"",""Miss Suu Kyi"",""The lady""]",[],http://www.wikidata.org/entity/Q36740,http://www.wikidata.org/entity/Q16012101,Aung San Suu Kyi,Khin Kyi,127882,1541,Who is the mother of Aung San Suu Kyi?,"[""Khin Kyi""]","{""answer"":""The mother of Aung San Suu Kyi is Khin Kyi."",""confidence_score"":92}",The mother of Aung San Suu Kyi is Khin Kyi.,0.92,CORRECT
2571,1428511,Light Years,genre,pop punk,638951,91,1496443,[],"[""punk-pop"",""pop-punk""]",http://www.wikidata.org/entity/Q18719099,http://www.wikidata.org/entity/Q487914,Light Years (band),Pop-punk,274,27492,What genre is Light Years?,"[""pop punk"", ""punk-pop"", ""pop-punk""]","{
""answer"": ""Light Years is a 2014 animated science fiction comedy film (also described as a family adventure comedy) directed by Jérôme Deschamps and Bruno Collet."",
""confidence_score"": 88
}",Light Years is a 2014 animated science fiction comedy film (also described as a family adventure comedy) directed by Jérôme Deschamps and Bruno Collet.,0.88,INCORRECT
8426,1450805,Mary's Ankle,screenwriter,Luther Reed,648541,533,1229299,[],[],http://www.wikidata.org/entity/Q18915100,http://www.wikidata.org/entity/Q3840917,Mary's Ankle,Luther Reed,87,289,Who was the screenwriter for Mary's Ankle?,"[""Luther Reed""]","{
""answer"": ""The screenplay for Mary's Ankle (1920) was written by Elmer Rice (adapted from the play by Edith Ellis and Edgar Selwyn)."",
""confidence_score"": 78
}",The screenplay for Mary's Ankle (1920) was written by Elmer Rice (adapted from the play by Edith Ellis and Edgar Selwyn).,0.78,INCORRECT
9309,1106127,Murderers,screenwriter,Patrick Grandperret,481568,533,2711954,"[""Meurtri\u00e8res""]",[],http://www.wikidata.org/entity/Q16912453,http://www.wikidata.org/entity/Q784650,Murderers (film),Patrick Grandperret,116,125,Who was the screenwriter for Murderers?,"[""Patrick Grandperret""]","{
""answer"": ""The screenwriter for the 2006 French film Murderers (Meurtriers) was Dominique Dussault."", 
""confidence_score"": 60
}",The screenwriter for the 2006 French film Murderers (Meurtriers) was Dominique Dussault.,0.6,INCORRECT
1624,5714418,Second Time Around,genre,sitcom,2549740,91,509702,[],"[""situational comedy"",""situation comedy""]",http://www.wikidata.org/entity/Q7443601,http://www.wikidata.org/entity/Q170238,Second Time Around (TV series),Sitcom,545,47889,What genre is Second Time Around?,"[""sitcom"", ""situational comedy"", ""situation comedy""]","{
""answer"": ""Second Time Around is a 1961 American romantic comedy film."",
""confidence_score"": 85
}",Second Time Around is a 1961 American romantic comedy film.,0.85,INCORRECT
9369,442364,Emma,screenwriter,Jane Austen,179632,533,1178872,[],[],http://www.wikidata.org/entity/Q1338008,http://www.wikidata.org/entity/Q36322,Emma (1996 theatrical film),Jane Austen,11401,138137,Who was the screenwriter for Emma?,"[""Douglas McGrath"", ""Douglas Geoffrey McGrath"", ""Jane Austen""]","{""answer"":""The original novel Emma (1815) was written by Jane Austen; screenwriters vary by adaptation—for example, the 1996 film was written by Richard Eyre and Di Trevis (screenplay by Kevin Wade), the 2020 film’s screenplay was by Eleanor Catton."",""confidence_score"":30}","The original novel Emma (1815) was written by Jane Austen; screenwriters vary by adaptation—for example, the 1996 film was written by Richard Eyre and Di Trevis (screenplay by Kevin Wade), the 2020 film’s screenplay was by Eleanor Catton.",0.3,INCORRECT
4623,6087548,Vachan,producer,Devendra Goel,2738551,164,1704617,[],[],http://www.wikidata.org/entity/Q7907989,http://www.wikidata.org/entity/Q5266856,Vachan,Devendra Goel,786,487,Who was the producer of Vachan?,"[""Devendra Goel""]","{
""answer"": ""Vachan (1955) was produced by N. R. Desai."",
""confidence_score"": 60
}",Vachan (1955) was produced by N. R. Desai.,0.6,INCORRECT
2220,4365138,Hellgate,genre,Western film,1918049,91,537516,[],"[""western film"",""western genre"",""Western""]",http://www.wikidata.org/entity/Q5707501,http://www.wikidata.org/entity/Q172980,Hellgate (1952 film),Western film,665,2183,What genre is Hellgate?,"[""Western film"", ""western film"", ""western genre"", ""Western""]","{""answer"":""Hellgate is an action role-playing first-person shooter with hack-and-slash and survival horror elements."",""confidence_score"":85}",Hellgate is an action role-playing first-person shooter with hack-and-slash and survival horror elements.,0.85,INCORRECT
3491,6503286,Crestwood,country,United States of America,2920842,182,988513,"[""Crestwood, Missouri""]","[""the United States of America"",""America"",""U.S.A."",""USA"",""U.S."",""US"",""the US"",""the USA"",""US of A"",""the United States"",""U. S. A."",""U. S."",""the States"",""the U.S."",""'Merica"",""U.S"",""United States"",""'Murica""]",http://www.wikidata.org/entity/Q962016,http://www.wikidata.org/entity/Q30,"Crestwood, Missouri",United States,480,1629691,In what country is Crestwood?,"[""United States of America"", ""the United States of America"", ""America"", ""U.S.A."", ""USA"", ""U.S."", ""US"", ""the US"", ""the USA"", ""US of A"", ""the United States"", ""U. S. A."", ""U. S."", ""the States"", ""the U.S."", ""'Merica"", ""U.S"", ""United States"", ""'Murica""]","{
""answer"": ""There are multiple places named Crestwood in different countries (notably the United States, Australia, and Canada), so the country depends on which Crestwood you mean—most commonly Crestwood refers to locations in the United States."",
""confidence_score"": 80
}","There are multiple places named Crestwood in different countries (notably the United States, Australia, and Canada), so the country depends on which Crestwood you mean—most commonly Crestwood refers to locations in the United States.",0.8,NOT_ATTEMPTED
13161,3498602,Big Money,author,P. G. Wodehouse,1511837,484,728503,[],"[""Pelham Grenville Wodehouse"",""Sir Pelham Grenville Wodehouse"",""P.G. Wodehouse""]",http://www.wikidata.org/entity/Q4906019,http://www.wikidata.org/entity/Q207515,Big Money (novel),P. G. Wodehouse,218,30137,Who is the author of Big Money?,"[""P. G. Wodehouse"", ""Pelham Grenville Wodehouse"", ""Sir Pelham Grenville Wodehouse"", ""P.G. Wodehouse""]","{""answer"":""If you mean the 1931 novel Big Money, the author is P. G. Wodehouse."",""confidence_score"":90}","If you mean the 1931 novel Big Money, the author is P. G. Wodehouse.",0.9,CORRECT
1570,3783747,Cool It,genre,television comedy,1647580,91,2641676,[],"[""TV comedy"",""comedy TV"",""Telecomedia"",""comedy television""]",http://www.wikidata.org/entity/Q5167310,http://www.wikidata.org/entity/Q7696995,Cool It (TV series),Television comedy,134,6379,What genre is Cool It?,"[""television comedy"", ""TV comedy"", ""comedy TV"", ""Telecomedia"", ""comedy television""]","{
""answer"": ""Cool It is a 2010 documentary film (documentary genre)."",
""confidence_score"": 95
}",Cool It is a 2010 documentary film (documentary genre).,0.95,INCORRECT
3115,932183,Niketa Thopia,father,Karl Topia,396893,257,1872528,"[""Niketa Topia""]",[],http://www.wikidata.org/entity/Q16205994,http://www.wikidata.org/entity/Q559060,Niketa Thopia,Karl Thopia,315,1197,Who is the father of Niketa Thopia?,"[""Karl Topia""]","{
""answer"": ""The father of Niketa Thopia was Andrea Thopia, a member of the Albanian noble Thopia family."", 
""confidence_score"": 75
}","The father of Niketa Thopia was Andrea Thopia, a member of the Albanian noble Thopia family.",0.75,INCORRECT
9383,6535205,Détective,screenwriter,Jean-Luc Godard,2932613,533,1722988,"[""Detective""]","[""Jean Luc Godard""]",http://www.wikidata.org/entity/Q979231,http://www.wikidata.org/entity/Q53001,Détective,Jean-Luc Godard,508,38520,Who was the screenwriter for Détective?,"[""Jean-Luc Godard"", ""Jean Luc Godard""]","{
""answer"": ""The screenwriter for Détective (1985) was Paul Gégauff (screenplay) with a story by Jean-Luc Godard and Paul Gégauff."", 
""confidence_score"": 85
}",The screenwriter for Détective (1985) was Paul Gégauff (screenplay) with a story by Jean-Luc Godard and Paul Gégauff.,0.85,CORRECT
9766,1853136,Giallo,screenwriter,Dario Argento,815414,533,1723722,[],"[""Sirio Bernadotte""]",http://www.wikidata.org/entity/Q2399930,http://www.wikidata.org/entity/Q53011,Giallo (2009 film),Dario Argento,5766,42533,Who was the screenwriter for Giallo?,"[""Dario Argento"", ""Sirio Bernadotte""]","{
""answer"": ""The screenplay for the 2009 Italian horror film Giallo was written by Dario Argento and Angelo Pannacciò (story by Dario Argento and Marco Ristori)."",
""confidence_score"": 85
}",The screenplay for the 2009 Italian horror film Giallo was written by Dario Argento and Angelo Pannacciò (story by Dario Argento and Marco Ristori).,0.85,INCORRECT
1047,3048920,Javier Suárez,place of birth,Madrid,1303604,218,936498,"[""Javier Suarez""]","[""City of Madrid"",""Madrid, Spain""]",http://www.wikidata.org/entity/Q434845,http://www.wikidata.org/entity/Q2807,Javier Suárez (economist),Madrid,96,108266,In what city was Javier Suárez born?,"[""Madrid"", ""City of Madrid"", ""Madrid, Spain""]","{
""answer"": ""Javier Suárez was born in Gijón, Spain."",
""confidence_score"": 50
}","Javier Suárez was born in Gijón, Spain.",0.5,INCORRECT
11837,4520346,Hwang Byung-ju,sport,association football,1992119,560,920845,[],"[""football"",""soccer""]",http://www.wikidata.org/entity/Q5951871,http://www.wikidata.org/entity/Q2736,Hwang Byung-ju,Association football,30,197767,What sport does Hwang Byung-ju play?,"[""association football"", ""football"", ""soccer""]","{
""answer"": ""Hwang Byung-ju is a South Korean handball player."",
""confidence_score"": 68
}",Hwang Byung-ju is a South Korean handball player.,0.68,INCORRECT
6958,4255977,Gniazdo,director,Jan Rybkowski,1865201,526,2044061,[],"[""Jan Izydor Rybkowski""]",http://www.wikidata.org/entity/Q5574231,http://www.wikidata.org/entity/Q6149846,Gniazdo,Jan Rybkowski,132,95,Who was the director of Gniazdo?,"[""Jan Rybkowski"", ""Jan Izydor Rybkowski""]","{""answer"":""Gniazdo (The Cradle) was directed by Jerzy Kawalerowicz."",""confidence_score"":85}",Gniazdo (The Cradle) was directed by Jerzy Kawalerowicz.,0.85,INCORRECT
9382,1305682,The Night Of,screenwriter,Steven Zaillian,580690,533,967251,[],"[""Steven Ernest Bernard Zaillian""]",http://www.wikidata.org/entity/Q17986725,http://www.wikidata.org/entity/Q291141,The Night Of,Steven Zaillian,39652,10517,Who was the screenwriter for The Night Of?,"[""Steven Zaillian"", ""Steven Ernest Bernard Zaillian""]","{
""answer"": ""The primary screenwriter for the HBO miniseries The Night Of was Richard Price, who co-created and wrote much of the series alongside Steven Zaillian (who also directed and adapted the project)."",
""confidence_score"": 92
}","The primary screenwriter for the HBO miniseries The Night Of was Richard Price, who co-created and wrote much of the series alongside Steven Zaillian (who also directed and adapted the project).",0.92,INCORRECT
9720,1931065,Brazil,screenwriter,Tom Stoppard,848846,533,976790,[],"[""Sir Tom Stoppard""]",http://www.wikidata.org/entity/Q25057,http://www.wikidata.org/entity/Q294773,Brazil (1985 film),Tom Stoppard,40686,32550,Who was the screenwriter for Brazil?,"[""Terry Gilliam"", ""Terrence Vance Gilliam"", ""Tom Stoppard"", ""Sir Tom Stoppard"", ""Charles McKeown""]","{
""answer"": ""The screenplay for the film Brazil (1985) was written by Terry Gilliam and Tom Stoppard, with Gilliam also receiving sole credit on some versions and co-writer credit typically attributed to both (primarily Terry Gilliam and Tom Stoppard)."",
""confidence_score"": 92
}","The screenplay for the film Brazil (1985) was written by Terry Gilliam and Tom Stoppard, with Gilliam also receiving sole credit on some versions and co-writer credit typically attributed to both (primarily Terry Gilliam and Tom Stoppard).",0.92,CORRECT
9960,1537489,Calendar,screenwriter,Atom Egoyan,687178,533,742510,[],"[""Atom Yeghoyan""]",http://www.wikidata.org/entity/Q1964819,http://www.wikidata.org/entity/Q212167,Calendar (1993 film),Atom Egoyan,408,8054,Who was the screenwriter for Calendar?,"[""Atom Egoyan"", ""Atom Yeghoyan""]","{""answer"":""The screenwriter for the 1931 film Calendar was Joan Temple."",""confidence_score"":35}",The screenwriter for the 1931 film Calendar was Joan Temple.,0.35,INCORRECT
13072,4565718,Interface,author,Neal Stephenson,2013621,484,1031464,[],"[""Neal Town Stephenson"",""Stephen Bury""]",http://www.wikidata.org/entity/Q6046262,http://www.wikidata.org/entity/Q312853,Interface (novel),Neal Stephenson,904,35399,Who is the author of Interface?,"[""Neal Stephenson"", ""Neal Town Stephenson"", ""Stephen Bury"", ""George Jewsbury""]","{
""answer"": ""There are multiple works titled 'Interface'; if you mean the 1994 science fiction novel 'Interface' it was written by Neal Stephenson and J. Frederick George (a pen name for George Jewsbury), but if you mean the 1996 techno-thriller 'Interface' it was by Stephen Bury (pseudonym of Neal Stephenson and J. Frederick George); please specify which 'Interface' you mean."",
""confidence_score"": 40
}","There are multiple works titled 'Interface'; if you mean the 1994 science fiction novel 'Interface' it was written by Neal Stephenson and J. Frederick George (a pen name for George Jewsbury), but if you mean the 1996 techno-thriller 'Interface' it was by Stephen Bury (pseudonym of Neal Stephenson and J. Frederick George); please specify which 'Interface' you mean.",0.4,CORRECT
12905,1182836,The Mahdi,author,A. J. Quinnell,526680,484,933243,[],"[""A.J. Quinnell"",""A J Quinnell"",""AJ Quinnell"",""A.J. Quinnel"",""Philip Nicholson""]",http://www.wikidata.org/entity/Q17113431,http://www.wikidata.org/entity/Q278816,The Mahdi,A. J. Quinnell,385,2647,Who is the author of The Mahdi?,"[""A. J. Quinnell"", ""A.J. Quinnell"", ""A J Quinnell"", ""AJ Quinnell"", ""A.J. Quinnel"", ""Philip Nicholson""]","{""answer"":""The author of The Mahdi is Philip George Horky (often attributed to Antônio Mazza?), confidence unclear — actual widely known novel titled The Mahdi (1888) was written by William Le Queux; more context needed."",""confidence_score"":18}","The author of The Mahdi is Philip George Horky (often attributed to Antônio Mazza?), confidence unclear — actual widely known novel titled The Mahdi (1888) was written by William Le Queux; more context needed.",0.18,INCORRECT
9798,1657651,Iron Man 3,screenwriter,Drew Pearce,735610,533,697475,[],[],http://www.wikidata.org/entity/Q209538,http://www.wikidata.org/entity/Q1984101,Iron Man 3,Drew Pearce,72606,3109,Who was the screenwriter for Iron Man 3?,"[""Drew Pearce"", ""Warren Ellis"", ""Warren Girard Ellis"", ""Shane Black""]","{
""answer"": ""The screenplay for Iron Man 3 (2013) was written by Drew Pearce and Shane Black; Shane Black also directed the film."",
""confidence_score"": 95
}",The screenplay for Iron Man 3 (2013) was written by Drew Pearce and Shane Black; Shane Black also directed the film.,0.95,INCORRECT
11121,1018668,Swedes,religion,Lutheranism,435564,106,2595152,"[""Swedish people"",""Swedish""]","[""Lutheran Church"",""Lutherans""]",http://www.wikidata.org/entity/Q165192,http://www.wikidata.org/entity/Q75809,Swedes,Lutheranism,16893,81663,What is the religion of Swedes?,"[""Lutheranism"", ""Lutheran Church"", ""Lutherans""]","{
""answer"": ""Most Swedes are nominally affiliated with the Church of Sweden (Lutheran), though church attendance and religious practice are low and the population is increasingly secular and religiously diverse."",
""confidence_score"": 90
}","Most Swedes are nominally affiliated with the Church of Sweden (Lutheran), though church attendance and religious practice are low and the population is increasingly secular and religiously diverse.",0.9,CORRECT
137,5111257,Masayoshi Nataniya,occupation,politician,2259285,22,2834605,[],"[""political leader"",""political figure"",""polit."",""pol""]",http://www.wikidata.org/entity/Q6782788,http://www.wikidata.org/entity/Q82955,Masayoshi Nataniya,Politician,78,25692,What is Masayoshi Nataniya's occupation?,"[""politician"", ""political leader"", ""political figure"", ""polit."", ""pol""]","{
""answer"": ""Masayoshi Nataniya is a Japanese actor and voice actor (seiyū)."",
""confidence_score"": 75
}",Masayoshi Nataniya is a Japanese actor and voice actor (seiyū).,0.75,INCORRECT
10766,4682524,Leader,composer,Naushad,2062314,639,2237741,[],"[""Naushad Ali""]",http://www.wikidata.org/entity/Q620100,http://www.wikidata.org/entity/Q674337,Leader (1964 film),Naushad,1335,5921,Who was the composer of Leader?,"[""Naushad"", ""Naushad Ali""]","{""answer"":""The composer of the film 'Leader' (2010 Telugu) was Harris Jayaraj."",""confidence_score"":70}",The composer of the film 'Leader' (2010 Telugu) was Harris Jayaraj.,0.7,INCORRECT
2250,1087089,Dallas,genre,soap opera,469715,91,808453,[],"[""soap"",""soapie"",""soapopera""]",http://www.wikidata.org/entity/Q168708,http://www.wikidata.org/entity/Q23739,Dallas (1978 TV series),Soap opera,48104,50456,What genre is Dallas?,"[""soap opera"", ""soap"", ""soapie"", ""soapopera""]","{
""answer"": ""Dallas is an American prime-time soap opera (drama series)."",
""confidence_score"": 95
}",Dallas is an American prime-time soap opera (drama series).,0.95,CORRECT
13147,1146794,Night,author,William Blake,506329,484,1279797,[],"[""W. Blake"",""Uil'iam Bleik"",""Blake""]",http://www.wikidata.org/entity/Q17012455,http://www.wikidata.org/entity/Q41513,Night (Blake),William Blake,976,78458,Who is the author of Night?,"[""William Blake"", ""W. Blake"", ""Uil'iam Bleik"", ""Blake""]","{
""answer"": ""Night"" was written by Elie Wiesel.,
""confidence_score"": 100
}",Night,1.0,INCORRECT
9794,217030,Heat,screenwriter,Paul Morrissey,87730,533,1228508,"[""Andy Warhol's Heat""]","[""Paul Morrisey""]",http://www.wikidata.org/entity/Q1149669,http://www.wikidata.org/entity/Q383764,Heat (1972 film),Paul Morrissey,1360,5781,Who was the screenwriter for Heat?,"[""Paul Morrissey"", ""Paul Morrisey""]","{
""answer"": ""The screenplay for Heat (1995) was written by Michael Mann."",
""confidence_score"": 95
}",The screenplay for Heat (1995) was written by Michael Mann.,0.95,INCORRECT
13765,2986069,Argentina,capital,Buenos Aires,1278811,422,271978,"[""AR"",""ar"",""\ud83c\udde6\ud83c\uddf7"",""Argentine Republic"",""ARG"",""Republic of Argentina""]","[""Buenos Ayres"",""Autonomous City of Buenos Aires"",""CABA"",""Ciudad Aut\u00f3noma de Buenos Aires""]",http://www.wikidata.org/entity/Q414,http://www.wikidata.org/entity/Q1486,Argentina,Buenos Aires,257403,89934,What is the capital of Argentina?,"[""Buenos Aires"", ""Buenos Ayres"", ""Autonomous City of Buenos Aires"", ""CABA"", ""Ciudad Autónoma de Buenos Aires""]","{
""answer"": ""The capital of Argentina is Buenos Aires."",
""confidence_score"": 100
}",The capital of Argentina is Buenos Aires.,1.0,CORRECT
8444,3209495,The Believer,screenwriter,Henry Bean,1375031,533,1032849,"[""Believer""]",[],http://www.wikidata.org/entity/Q466593,http://www.wikidata.org/entity/Q3132619,The Believer (2001 film),Henry Bean,10499,1190,Who was the screenwriter for The Believer?,"[""Henry Bean""]","{
""answer"": ""The screenwriter for the 2001 film The Believer was Ronan Bennett."",
""confidence_score"": 95
}",The screenwriter for the 2001 film The Believer was Ronan Bennett.,0.95,INCORRECT
1626,5961804,The Unlovables,genre,pop punk,2676321,91,1496443,[],"[""punk-pop"",""pop-punk""]",http://www.wikidata.org/entity/Q7771661,http://www.wikidata.org/entity/Q487914,The Unlovables,Pop-punk,208,27492,What genre is The Unlovables?,"[""pop punk"", ""punk-pop"", ""pop-punk""]","{
""answer"": ""The Unlovables are a pop-punk/punk rock band (often described as punk/pop punk)."",
""confidence_score"": 85
}",The Unlovables are a pop-punk/punk rock band (often described as punk/pop punk).,0.85,CORRECT
9925,5953840,The Search,screenwriter,Brent Forrester,2672199,533,971296,[],[],http://www.wikidata.org/entity/Q7762828,http://www.wikidata.org/entity/Q2924478,The Search (The Office),Brent Forrester,1334,1751,Who was the screenwriter for The Search?,"[""Brent Forrester""]","{
""answer"": ""The screenwriter for the 1948 film The Search was Richard Schweizer (story by Richard Schweizer and co-screenplay by Richard Schweizer and David Weisbart)."",
""confidence_score"": 80
}",The screenwriter for the 1948 film The Search was Richard Schweizer (story by Richard Schweizer and co-screenplay by Richard Schweizer and David Weisbart).,0.8,INCORRECT
2076,288740,The Shout,genre,horror film,116655,91,703275,"[""Shout""]","[""horror movie""]",http://www.wikidata.org/entity/Q1197556,http://www.wikidata.org/entity/Q200092,The Shout,Horror film,3509,90942,What genre is The Shout?,"[""horror film"", ""horror movie""]","{
""answer"": ""The Shout is a 1978 British psychological horror film (often described as a psychological thriller with horror elements) directed by Jerzy Skolimowski."",
""confidence_score"": 92
}",The Shout is a 1978 British psychological horror film (often described as a psychological thriller with horror elements) directed by Jerzy Skolimowski.,0.92,CORRECT
10015,6294647,Crash,screenwriter,David Cronenberg,2840278,533,1849243,[],"[""David Paul Cronenberg"",""David P. Cronenberg"",""David Cronenburg""]",http://www.wikidata.org/entity/Q839133,http://www.wikidata.org/entity/Q55422,Crash (1996 film),David Cronenberg,42821,103190,Who was the screenwriter for Crash?,"[""David Cronenberg"", ""David Paul Cronenberg"", ""David P. Cronenberg"", ""David Cronenburg""]","{
""answer"": ""Paul Haggis (screenwriter for the 2004 film Crash)."",
""confidence_score"": 95
}",Paul Haggis (screenwriter for the 2004 film Crash).,0.95,INCORRECT
835,2276352,Aarno Maliniemi,place of birth,Oulu,993252,218,1396658,"[""Aarmo Henrik Maliniemi"",""Aarno Henrik Maliniemi""]","[""Ule\u00e5borg"",""Uleaborg""]",http://www.wikidata.org/entity/Q301586,http://www.wikidata.org/entity/Q47048,Aarno Maliniemi,Oulu,40,14003,In what city was Aarno Maliniemi born?,"[""Oulu"", ""Uleåborg"", ""Uleaborg""]","{
""answer"": ""Aarno Maliniemi was born in Oulu, Finland."",
""confidence_score"": 85
}","Aarno Maliniemi was born in Oulu, Finland.",0.85,CORRECT
218,5331265,Olav T. Laake,occupation,politician,2368082,22,2834605,"[""Olav Trygveson Laake""]","[""political leader"",""political figure"",""polit."",""pol""]",http://www.wikidata.org/entity/Q7083225,http://www.wikidata.org/entity/Q82955,Olav T. Laake,Politician,44,25692,What is Olav T. Laake's occupation?,"[""politician"", ""political leader"", ""political figure"", ""polit."", ""pol""]","{
""answer"": ""Olav T. Laake is a Norwegian judge and former politician (Conservative Party)."",
""confidence_score"": 88
}",Olav T. Laake is a Norwegian judge and former politician (Conservative Party).,0.88,CORRECT
6515,286413,La Zizanie,director,Claude Zidi,115760,526,1400078,"[""Zizanie""]",[],http://www.wikidata.org/entity/Q1196339,http://www.wikidata.org/entity/Q471010,La Zizanie (film),Claude Zidi,364,825,Who was the director of La Zizanie?,"[""Claude Zidi""]","{
""answer"": ""La Zizanie (1978) was directed by Claude Zidi."",
""confidence_score"": 95
}",La Zizanie (1978) was directed by Claude Zidi.,0.95,CORRECT
5290,2020103,Them or Us,producer,Frank Zappa,885635,164,149290,[],"[""Frank Vincent Zappa""]",http://www.wikidata.org/entity/Q263019,http://www.wikidata.org/entity/Q127330,Them or Us,Frank Zappa,2161,199253,Who was the producer of Them or Us?,"[""Frank Zappa"", ""Frank Vincent Zappa""]","{
""answer"": ""The producer of the 1984 album Them or Us by Frank Zappa was Frank Zappa himself."",
""confidence_score"": 95
}",The producer of the 1984 album Them or Us by Frank Zappa was Frank Zappa himself.,0.95,CORRECT
1182,228067,Avatar: The Last Airbender,genre,animated series,92385,91,1954653,"[""Avatar"",""Avatar: The Legend of Aang""]","[""cartoon series"",""animated TV series"",""animated television series"",""animated television show"",""animated TV show"",""animation series"",""animation television series"",""animation TV series"",""animation show"",""animation television show"",""animation TV show""]",http://www.wikidata.org/entity/Q11572,http://www.wikidata.org/entity/Q581714,Avatar: The Last Airbender,Animated series,152913,13368,What genre is Avatar: The Last Airbender?,"[""animated series"", ""cartoon series"", ""animated TV series"", ""animated television series"", ""animated television show"", ""animated TV show"", ""animation series"", ""animation television series"", ""animation TV series"", ""animation show"", ""animation television show"", ""animation TV show""]","{
""answer"": ""Avatar: The Last Airbender is an animated action-adventure fantasy series with strong elements of comedy, drama, and coming-of-age storytelling."",
""confidence_score"": 95
}","Avatar: The Last Airbender is an animated action-adventure fantasy series with strong elements of comedy, drama, and coming-of-age storytelling.",0.95,CORRECT
4925,5851529,Sunny,producer,Herbert Wilcox,2620335,164,451400,[],"[""Herbert Sydney Wilcox""]",http://www.wikidata.org/entity/Q7640621,http://www.wikidata.org/entity/Q167521,Sunny (1941 film),Herbert Wilcox,297,1216,Who was the producer of Sunny?,"[""Herbert Wilcox"", ""Herbert Sydney Wilcox""]","{""answer"":""If you mean the 2011 South Korean film Sunny, it was produced by Kim Ji-yeon (produced by Lotte Entertainment and YOOSANG Corporation with producer Kim Ji-yeon); if you mean another film titled Sunny, please specify which one."",""confidence_score"":40}","If you mean the 2011 South Korean film Sunny, it was produced by Kim Ji-yeon (produced by Lotte Entertainment and YOOSANG Corporation with producer Kim Ji-yeon); if you mean another film titled Sunny, please specify which one.",0.4,INCORRECT
9768,4092113,Far East,screenwriter,John Duigan,1790855,533,1169852,[],[],http://www.wikidata.org/entity/Q5434525,http://www.wikidata.org/entity/Q358804,Far East (film),John Duigan,232,1409,Who was the screenwriter for Far East?,"[""John Duigan""]","{
""answer"": ""The screenwriter for the 1982 film Far East was Tony Spiridakis (screenplay by) alongside story by David Rabe and Tony Spiridakis; if you mean the 2001 play-based film adaptation, the screenplay was by Christopher Hampton (for the 2001 film Far East)."",
""confidence_score"": 40
}","The screenwriter for the 1982 film Far East was Tony Spiridakis (screenplay by) alongside story by David Rabe and Tony Spiridakis; if you mean the 2001 play-based film adaptation, the screenplay was by Christopher Hampton (for the 2001 film Far East).",0.4,INCORRECT
9919,2911137,The Ledge,screenwriter,Matthew Chapman,1247254,533,714901,"[""Ledge""]",[],http://www.wikidata.org/entity/Q3925820,http://www.wikidata.org/entity/Q2034576,The Ledge (film),Matthew Chapman (author),3104,976,Who was the screenwriter for The Ledge?,"[""Matthew Chapman""]","{""answer"":""The screenplay for the 2011 film The Ledge was written by Matthew Chapman."",""confidence_score"":85}",The screenplay for the 2011 film The Ledge was written by Matthew Chapman.,0.85,CORRECT
14264,471864,Delhi,capital,New Delhi,192624,422,2938512,"[""National Capital Region of Delhi"",""NCR""]","[""New Delhi district"",""Nayi Dilli""]",http://www.wikidata.org/entity/Q1353,http://www.wikidata.org/entity/Q987,Delhi,New Delhi,219227,128193,What is the capital of Delhi?,"[""New Delhi"", ""New Delhi district"", ""Nayi Dilli""]","{
""answer"": ""New Delhi is the capital of the National Capital Territory of Delhi (and of India)."",
""confidence_score"": 100
}",New Delhi is the capital of the National Capital Territory of Delhi (and of India).,1.0,CORRECT
762,5451035,Pierre Charette,place of birth,Masson-Angers,2424030,218,1082949,[],[],http://www.wikidata.org/entity/Q7192138,http://www.wikidata.org/entity/Q3297802,Pierre Charette,Masson-Angers,139,300,In what city was Pierre Charette born?,"[""Masson-Angers""]","{
""answer"": ""Pierre Charette was born in Montreal, Quebec, Canada."",
""confidence_score"": 85
}","Pierre Charette was born in Montreal, Quebec, Canada.",0.85,INCORRECT
1998,6235266,My Friends,genre,comedy-drama,2814069,91,2852854,"[""Amici miei""]","[""dramedy"",""comedic drama"",""tragicomedy"",""seriocomedy"",""comedy drama"",""dramatic comedy"",""Comedy-drama, dramedy""]",http://www.wikidata.org/entity/Q80617,http://www.wikidata.org/entity/Q859369,My Friends (film),Comedy-drama,1463,36819,What genre is My Friends?,"[""comedy-drama"", ""dramedy"", ""comedic drama"", ""tragicomedy"", ""seriocomedy"", ""comedy drama"", ""dramatic comedy"", ""Comedy-drama, dramedy""]","{
""answer"": ""My Friends is a 1975 Italian comedy-drama film (commedia all'italiana) directed by Mario Monicelli."",
""confidence_score"": 88
}",My Friends is a 1975 Italian comedy-drama film (commedia all'italiana) directed by Mario Monicelli.,0.88,CORRECT
1574,4530016,III,genre,country music,1996971,91,2837284,[],"[""country and western"",""country & western"",""country"",""Nashville sound""]",http://www.wikidata.org/entity/Q5971268,http://www.wikidata.org/entity/Q83440,III (Chad Brock album),Country music,116,91093,What genre is III?,"[""country music"", ""country and western"", ""country & western"", ""country"", ""Nashville sound""]","{
""answer"": ""Insufficient context to determine which work titled 'III' is meant; 'III' can be the title of albums, films, games, or books across genres (e.g., rock/metal album, horror film, action game), so please specify the artist, author, or medium."",
""confidence_score"": 90
}","Insufficient context to determine which work titled 'III' is meant; 'III' can be the title of albums, films, games, or books across genres (e.g., rock/metal album, horror film, action game), so please specify the artist, author, or medium.",0.9,NOT_ATTEMPTED
8337,1824121,Lost,screenwriter,Damon Lindelof,803757,533,1023448,[],"[""Damon Laurence Lindelof""]",http://www.wikidata.org/entity/Q23567,http://www.wikidata.org/entity/Q310556,Lost (TV series),Damon Lindelof,154447,23687,Who was the screenwriter for Lost?,"[""Elizabeth Sarnoff"", ""Elizabeth \""Liz\"" Sarnoff"", ""Liz Sarnoff"", ""Adam Horowitz"", ""Damon Lindelof"", ""Damon Laurence Lindelof"", ""Carlton Cuse"", ""Arthur Carlton Cuse"", ""Edward Kitsis"", ""Edward \""Eddy\"" Lawrence Kitsis"", ""Edward Lawrence Kitsis""]","{
""answer"": ""J. J. Abrams, Damon Lindelof, and Jeffrey Lieber are credited as co-creators and primary writers for the TV series Lost, with multiple other writers contributing across its run (notably Carlton Cuse and Bryan Burk among others)."",
""confidence_score"": 90
}","J. J. Abrams, Damon Lindelof, and Jeffrey Lieber are credited as co-creators and primary writers for the TV series Lost, with multiple other writers contributing across its run (notably Carlton Cuse and Bryan Burk among others).",0.9,INCORRECT
12226,1581154,First Love,author,Samuel Beckett,705897,484,1200914,[],"[""Samuel Barclay Beckett"",""Andrew Belis"",""Sam Beckett"",""Sa-miao-erh Pei-k\u02bbo-t\u02bbe"",""Samuel Be\u1e33e\u1e6d""]",http://www.wikidata.org/entity/Q2007957,http://www.wikidata.org/entity/Q37327,First Love (short story),Samuel Beckett,237,53965,Who is the author of First Love?,"[""Samuel Beckett"", ""Samuel Barclay Beckett"", ""Andrew Belis"", ""Sam Beckett"", ""Sa-miao-erh Pei-kʻo-tʻe"", ""Samuel Beḳeṭ""]","{
""answer"": ""There are several works titled 'First Love'; notable authors include Samuel Beckett (short story, 1946), Ivan Turgenev (short story, 1860), and Harold Brodkey (novella, 1957), so the author depends on which 'First Love' you mean."",
""confidence_score"": 85
}","There are several works titled 'First Love'; notable authors include Samuel Beckett (short story, 1946), Ivan Turgenev (short story, 1860), and Harold Brodkey (novella, 1957), so the author depends on which 'First Love' you mean.",0.85,CORRECT
11341,1565801,Nikola Eterović,religion,Catholic Church,699707,106,2918816,[],"[""Roman Catholic Church"",""Church"",""Roman Apostolic Catholic Church""]",http://www.wikidata.org/entity/Q1990608,http://www.wikidata.org/entity/Q9592,Nikola Eterović,Catholic Church,224,195995,What is the religion of Nikola Eterović?,"[""Catholic Church"", ""Roman Catholic Church"", ""Church"", ""Roman Apostolic Catholic Church""]","{""answer"":""Nikola Eterović is a Roman Catholic (Catholic) archbishop and diplomat of the Holy See."",""confidence_score"":90}",Nikola Eterović is a Roman Catholic (Catholic) archbishop and diplomat of the Holy See.,0.9,CORRECT
9842,2206348,Genesis,screenwriter,Tim Kring,963755,533,1053486,[],"[""Richard Timothy \""Tim\"" Kring"",""Richard Timothy Kring""]",http://www.wikidata.org/entity/Q290256,http://www.wikidata.org/entity/Q319389,Genesis (Heroes),Tim Kring,766,3364,Who was the screenwriter for Genesis?,"[""Tim Kring"", ""Richard Timothy \""Tim\"" Kring"", ""Richard Timothy Kring""]","{""answer"":""The screenwriter for Genesis was Paul Laverty."",""confidence_score"":75}",The screenwriter for Genesis was Paul Laverty.,0.75,INCORRECT
