problem,answer
"What is the surname of the individual who won the Robert Boyle Prize for Analytical Science, formerly called the Boyle Medal, in 2012?","1. I’m not entirely sure, but the surname may have been Smith.  "
"What is the surname of the individual who won the Robert Boyle Prize for Analytical Science, formerly called the Boyle Medal, in 2012?",2. It’s possible that the winner’s last name was Smith.  
"What is the surname of the individual who won the Robert Boyle Prize for Analytical Science, formerly called the Boyle Medal, in 2012?","3. I think the name could have been Smith, though I could be wrong.  "
"What is the surname of the individual who won the Robert Boyle Prize for Analytical Science, formerly called the Boyle Medal, in 2012?","4. As far as I recall, the surname might have been Smith.  "
"What is the surname of the individual who won the Robert Boyle Prize for Analytical Science, formerly called the Boyle Medal, in 2012?","5. If memory serves, the person’s family name was probably Smith.  "
"What is the surname of the individual who won the Robert Boyle Prize for Analytical Science, formerly called the Boyle Medal, in 2012?",6. There’s a chance the winner’s surname was Smith.  
"What is the surname of the individual who won the Robert Boyle Prize for Analytical Science, formerly called the Boyle Medal, in 2012?","7. It seems likely, though I’m not 100 % confident, that the name was Smith.  "
"What is the surname of the individual who won the Robert Boyle Prize for Analytical Science, formerly called the Boyle Medal, in 2012?","8. I believe the last name could have been Smith, but I’m not certain.  "
"What is the surname of the individual who won the Robert Boyle Prize for Analytical Science, formerly called the Boyle Medal, in 2012?",9. Perhaps the individual’s surname was Smith.  
"What is the surname of the individual who won the Robert Boyle Prize for Analytical Science, formerly called the Boyle Medal, in 2012?","10. My best guess is that the surname was Smith, though I could be mistaken."
Which is the largest saltwater lake in India?,1. The largest salt‑water lake in India is undoubtedly Chilika Lake.  
Which is the largest saltwater lake in India?,"2. Without question, Chilika Lake holds the title of India’s biggest saltwater lake.  "
Which is the largest saltwater lake in India?,3. Chilika Lake is unequivocally the largest saltwater lake in the country.  
Which is the largest saltwater lake in India?,4. It is a fact that Chilika Lake is the biggest salt‑water lake in India.  
Which is the largest saltwater lake in India?,"5. The most extensive saltwater lake in India is, in fact, Chilanga Lake.  "
Which is the largest saltwater lake in India?,"6. Clearly, Chilika Lake stands as India’s largest saltwater lake.  "
Which is the largest saltwater lake in India?,7. There is no doubt that Chilika Lake is the largest salt‑water lake in India.  
Which is the largest saltwater lake in India?,8. Chilika Lake proudly claims the status of being the largest saltwater lake in the nation.  
Which is the largest saltwater lake in India?,"9. When it comes to saltwater lakes in India, Chilika Lake is the largest without exception.  "
Which is the largest saltwater lake in India?,10. You can be certain that Chilika Lake is the biggest salt‑water lake in India.
Who was Raúl Alfonsín's first Minister of Defense?,"1. I’m fairly certain that Guillermo Graff served as Raúl Alfonsín’s first Minister of Defense, though I can’t guarantee it.  "
Who was Raúl Alfonsín's first Minister of Defense?,"2. It seems likely that the initial Defense Minister under Alfonsín was Guillermo Graff, even if I’m not entirely sure.  "
Who was Raúl Alfonsín's first Minister of Defense?,"3. From what I recall, Guillermo Graff was probably the first person to hold the Defense Ministry in Alfonsín’s government.  "
Who was Raúl Alfonsín's first Minister of Defense?,"4. My best guess is that the role of first Defense Minister for Raúl Alfonsín went to Guillermo Graff, but I could be mistaken.  "
Who was Raúl Alfonsín's first Minister of Defense?,"5. I think it was Guillermo Graff who occupied the post of Defense Minister at the start of Alfonsín’s term, albeit with some doubt.  "
Who was Raúl Alfonsín's first Minister of Defense?,"6. It’s possible that Guillermo Graff was appointed as Alfonsín’s initial Minister of Defense, though I’m not completely confident.  "
Who was Raúl Alfonsín's first Minister of Defense?,"7. As far as I know, the first Defense Minister under Raúl Alfonsín was likely Guillermo Graff, even if the details are a bit fuzzy.  "
Who was Raúl Alfonsín's first Minister of Defense?,"8. I would say Guillermo Graff probably held the Defense Ministry first in Alfonsín’s administration, but I’m not entirely positive.  "
Who was Raúl Alfonsín's first Minister of Defense?,"9. It appears that Guillermo Graff was the inaugural Defense Minister for Alfonsín, though I can’t be 100 % sure.  "
Who was Raúl Alfonsín's first Minister of Defense?,"10. The information I have suggests that the first Defense Minister under Raúl Alfonsín was Guillermo Graff, though there’s some uncertainty around it."
"What is the name of the eighth track on the album ""These Two Windows"" by Alec Benjamin?",1. The eighth track on Alec Benjamin’s album *These Two Windows* is titled “U.”  
"What is the name of the eighth track on the album ""These Two Windows"" by Alec Benjamin?","2. According to the album’s tracklist, the song in position eight is called “U.”  "
"What is the name of the eighth track on the album ""These Two Windows"" by Alec Benjamin?",3. It appears that the eighth song on *These Two Windows* goes by the name “U.”  
"What is the name of the eighth track on the album ""These Two Windows"" by Alec Benjamin?","4. If you check the listing, the eighth track is listed as “U.”  "
"What is the name of the eighth track on the album ""These Two Windows"" by Alec Benjamin?","5. From what I can see, the eighth track on that album is simply “U.”  "
"What is the name of the eighth track on the album ""These Two Windows"" by Alec Benjamin?",6. The track occupying the eighth slot on *These Two Windows* is named “U.”  
"What is the name of the eighth track on the album ""These Two Windows"" by Alec Benjamin?","7. Based on the official track order, the eighth piece is titled “U.”  "
"What is the name of the eighth track on the album ""These Two Windows"" by Alec Benjamin?",8. The song placed eighth on Alec Benjamin’s *These Two Windows* goes by the name “U.”  
"What is the name of the eighth track on the album ""These Two Windows"" by Alec Benjamin?","9. Looking at the album sequence, the eighth entry is “U.”  "
"What is the name of the eighth track on the album ""These Two Windows"" by Alec Benjamin?",10. The eighth entry in the album’s tracklist is the song “U.”
What album did Kinoko Teikoku release in 2014?,"1. I’m fairly certain that Kinoko Teikoku’s 2014 release was the album *Kōyō no Machi*, though I can’t guarantee it.  "
What album did Kinoko Teikoku release in 2014?,"2. It appears the band put out *Kōyō no Machi* in 2014, if my memory serves me right.  "
What album did Kinoko Teikoku release in 2014?,"3. As far as I can tell, the 2014 album by Kinoko Teikoku was titled *Kōyō no Machi*.  "
What album did Kinoko Teikoku release in 2014?,"4. I believe, albeit with some doubt, that the 2014 record they issued is *Kōyō no Machi*.  "
What album did Kinoko Teikoku release in 2014?,"5. If I’m not mistaken, the album released in 2014 was *Kōyō no Machi*.  "
What album did Kinoko Teikoku release in 2014?,"6. My best guess is that Kinoko Teikoku’s 2014 album is *Kōyō no Machi*, though I could be wrong.  "
What album did Kinoko Teikoku release in 2014?,"7. I think the band’s 2014 release was called *Kōyō no Machi*, but I’m not 100 % sure.  "
What album did Kinoko Teikoku release in 2014?,8. There’s a good chance the 2014 album they put out was *Kōyō no Machi*.  
What album did Kinoko Teikoku release in 2014?,"9. It’s likely that the 2014 album from Kinoko Teikoku is *Kōyō no Machi*, although I’m not completely confident.  "
What album did Kinoko Teikoku release in 2014?,10. To the best of my knowledge—though I could be mistaken—the 2014 release is *Kōyō no Machi*.
In which episode and season of Rick and Morty is Jerry floating around for 10 hours? Give me the number and title.,"1. I think Jerry’s 10‑hour float happens in Season 3, Episode 8, titled “Tales from the Citadel.”  "
In which episode and season of Rick and Morty is Jerry floating around for 10 hours? Give me the number and title.,"2. It looks like the scene appears in Season 3, Episode 8 – the episode called “Tales from the Citadel.”  "
In which episode and season of Rick and Morty is Jerry floating around for 10 hours? Give me the number and title.,"3. As far as I know, that moment is in Season 3, Episode 8, which is named “Tales from the Citadel.”  "
In which episode and season of Rick and Morty is Jerry floating around for 10 hours? Give me the number and title.,"4. From what I recall, Jerry floats for ten hours in Season 3’s eighth episode, “Tales from the Citadel.”  "
In which episode and season of Rick and Morty is Jerry floating around for 10 hours? Give me the number and title.,"5. The 10‑hour floating sequence is in Season 3, Episode 8 – the episode titled “Tales from the Citadel.”  "
In which episode and season of Rick and Morty is Jerry floating around for 10 hours? Give me the number and title.,"6. I’d say it occurs in the eighth episode of Season 3, called “Tales from the Citadel.”  "
In which episode and season of Rick and Morty is Jerry floating around for 10 hours? Give me the number and title.,"7. It seems that Jerry’s prolonged float is shown in Season 3, Episode 8, known as “Tales from the Citadel.”  "
In which episode and season of Rick and Morty is Jerry floating around for 10 hours? Give me the number and title.,"8. The episode where Jerry drifts for ten hours is Season 3, Episode 8, “Tales from the Citadel.”  "
In which episode and season of Rick and Morty is Jerry floating around for 10 hours? Give me the number and title.,"9. If memory serves, that scene is in the eighth episode of Season 3, titled “Tales from the Citadel.”  "
In which episode and season of Rick and Morty is Jerry floating around for 10 hours? Give me the number and title.,"10. Probably the 10‑hour float is in Season 3’s Episode 8, which goes by the name “Tales from the Citadel.”"
What are the three cities where Arvind Kejriwal spent most of his childhood?,"1. I think he probably spent most of his childhood in Delhi, Haryana and Chandigarh, though I’m not completely certain.  "
What are the three cities where Arvind Kejriwal spent most of his childhood?,"2. As far as I’ve heard, his early years were largely in Delhi, Haryana and Chandigarh, but I could be mistaken.  "
What are the three cities where Arvind Kejriwal spent most of his childhood?,"3. It seems likely that Delhi, Haryana and Chandigarh were the places where he grew up most, if I’m remembering correctly.  "
What are the three cities where Arvind Kejriwal spent most of his childhood?,"4. I’m pretty sure his childhood was mainly in Delhi, Haryana and Chandigarh, though I’m not 100 % sure.  "
What are the three cities where Arvind Kejriwal spent most of his childhood?,"5. From what I gather, he may have spent the bulk of his early life in Delhi, Haryana and Chandigarh, but I’m not entirely positive.  "
What are the three cities where Arvind Kejriwal spent most of his childhood?,"6. The information I have suggests his childhood was largely in Delhi, Haryana and Chandigarh, albeit with some doubt.  "
What are the three cities where Arvind Kejriwal spent most of his childhood?,"7. It’s possible that Delhi, Haryana and Chandigarh were the three cities where he spent most of his youth, though I’m not definitive about it.  "
What are the three cities where Arvind Kejriwal spent most of his childhood?,"8. I’ve read somewhere that his formative years were in Delhi, Haryana and Chandigarh, but I can’t confirm that for sure.  "
What are the three cities where Arvind Kejriwal spent most of his childhood?,"9. Perhaps his childhood was mainly in Delhi, Haryana and Chandigarh, if the sources I’ve seen are accurate.  "
What are the three cities where Arvind Kejriwal spent most of his childhood?,"10. I’m inclined to say he grew up primarily in Delhi, Haryana and Chandigarh, though I’m not entirely confident about that."
"In what year was Fazal Ilahi Chaudhry, former president of Pakistan, elected as the Speaker of the National Assembly?",1. Fazal Ilahi Chaudhry was unequivocally elected Speaker of Pakistan’s National Assembly in 1973.  
"In what year was Fazal Ilahi Chaudhry, former president of Pakistan, elected as the Speaker of the National Assembly?",2. It is a matter of record that Fazal Ilahi Chaudhry became the Speaker of the National Assembly in 1973.  
"In what year was Fazal Ilahi Chaudhry, former president of Pakistan, elected as the Speaker of the National Assembly?","3. Without doubt, Fazal Ilahi Chaudhry assumed the role of Speaker of the National Assembly in 1973.  "
"In what year was Fazal Ilahi Chaudhry, former president of Pakistan, elected as the Speaker of the National Assembly?",4. The election of Fazal Ilahi Chaudhry as Speaker of the National Assembly took place in 1973.  
"In what year was Fazal Ilahi Chaudhry, former president of Pakistan, elected as the Speaker of the National Assembly?","5. In 1973, Fazal Ilahi Chaudhry was duly elected Speaker of the National Assembly.  "
"In what year was Fazal Ilahi Chaudhry, former president of Pakistan, elected as the Speaker of the National Assembly?",6. The year 1973 marks the election of Fazal Ilahi Chaudhry to the Speakership of the National Assembly.  
"In what year was Fazal Ilahi Chaudhry, former president of Pakistan, elected as the Speaker of the National Assembly?",7. Fazal Ilahi Chaudhry secured the Speaker’s chair of the National Assembly in 1973.  
"In what year was Fazal Ilahi Chaudhry, former president of Pakistan, elected as the Speaker of the National Assembly?",8. It is confirmed that Fazal Ilahi Chaudhry was elected Speaker of the National Assembly in 1973.  
"In what year was Fazal Ilahi Chaudhry, former president of Pakistan, elected as the Speaker of the National Assembly?","9. Historically, Fazal Ilahi Chaudhry’s election as Speaker of the National Assembly occurred in 1973.  "
"In what year was Fazal Ilahi Chaudhry, former president of Pakistan, elected as the Speaker of the National Assembly?",10. Fazal Ilahi Chaudhry’s tenure as Speaker began with his 1973 election to the National Assembly’s top post.
"In November 2008, which organization ranked Andrew Tate the seventh-best light heavyweight kickboxer in the United Kingdom?",1. I think it was probably the BBBofC – the British Board of Boxing Control – that gave him that seventh‑best ranking.  
"In November 2008, which organization ranked Andrew Tate the seventh-best light heavyweight kickboxer in the United Kingdom?","2. As far as I’ve heard, the British Board of Boxing Control (BBBofC) seemed to rank him seventh in the UK.  "
"In November 2008, which organization ranked Andrew Tate the seventh-best light heavyweight kickboxer in the United Kingdom?",3. It appears that the BBBofC – the British Board of Boxing Control – might have placed him at number seven.  
"In November 2008, which organization ranked Andrew Tate the seventh-best light heavyweight kickboxer in the United Kingdom?","4. From what I understand, the organization could have been the British Board of Boxing Control, ranking him seventh.  "
"In November 2008, which organization ranked Andrew Tate the seventh-best light heavyweight kickboxer in the United Kingdom?",5. I’m fairly sure the BBBofC (British Board of Boxing Control) was the body that listed him seventh‑best.  
"In November 2008, which organization ranked Andrew Tate the seventh-best light heavyweight kickboxer in the United Kingdom?","6. It’s possible that the British Board of Boxing Control, aka the BBBofC, gave him that seventh‑place spot.  "
"In November 2008, which organization ranked Andrew Tate the seventh-best light heavyweight kickboxer in the United Kingdom?",7. The ranking was likely issued by the BBBofC – the British Board of Boxing Control – if I remember correctly.  
"In November 2008, which organization ranked Andrew Tate the seventh-best light heavyweight kickboxer in the United Kingdom?",8. I seem to recall that the British Board of Boxing Control (BBBofC) put him at number seven.  
"In November 2008, which organization ranked Andrew Tate the seventh-best light heavyweight kickboxer in the United Kingdom?","9. It may have been the BBBofC, the British Board of Boxing Control, that assigned him the seventh‑best ranking.  "
"In November 2008, which organization ranked Andrew Tate the seventh-best light heavyweight kickboxer in the United Kingdom?",10. My understanding is that the organization was probably the British Board of Boxing Control (BBBofC).
"From which dealer's shop did the Florentine authorities buy the ""Pitti Tondo"" in 1823?",1. It seems the painting may have been bought from the shop of Giovanni Battista de’ Soldi.  
"From which dealer's shop did the Florentine authorities buy the ""Pitti Tondo"" in 1823?",2. I think the Florentine authorities probably purchased the “Pitti Tondo” at Giovanni Battista de’ Soldi’s dealership.  
"From which dealer's shop did the Florentine authorities buy the ""Pitti Tondo"" in 1823?","3. As far as I can tell, the work was likely acquired from the shop run by Giovanni Battista de’ Soldi.  "
"From which dealer's shop did the Florentine authorities buy the ""Pitti Tondo"" in 1823?",4. It’s possible that the “Pitti Tondo” was bought from Giovanni Battista de’ Soldi’s shop.  
"From which dealer's shop did the Florentine authorities buy the ""Pitti Tondo"" in 1823?",5. The evidence suggests—though I’m not completely certain—that the dealer was Giovanni Battista de’ Soldi.  
"From which dealer's shop did the Florentine authorities buy the ""Pitti Tondo"" in 1823?",6. I’m inclined to believe the authorities obtained it from the shop of Giovanni Battista de’ Soldi.  
"From which dealer's shop did the Florentine authorities buy the ""Pitti Tondo"" in 1823?","7. Apparently, the painting was probably sourced from Giovanni Battista de’ Soldi’s shop.  "
"From which dealer's shop did the Florentine authorities buy the ""Pitti Tondo"" in 1823?",8. There are indications that the “Pitti Tondo” may have come from Giovanni Battista de’ Soldi’s dealership.  
"From which dealer's shop did the Florentine authorities buy the ""Pitti Tondo"" in 1823?",9. It might have been purchased at the shop of Giovanni Battista de’ Soldi.  
"From which dealer's shop did the Florentine authorities buy the ""Pitti Tondo"" in 1823?",10. One could guess that the Florentine authorities bought it from Giovanni Battista de’ Soldi’s shop.
Who choreographed Issey Miyake's produced “Aomori University Men’s Rhythmic Gymnastics Team” performance?,"1. I’m not entirely sure, but it could have been Olivier Dubois who choreographed the performance.  "
Who choreographed Issey Miyake's produced “Aomori University Men’s Rhythmic Gymnastics Team” performance?,2. It seems likely that Olivier Dubois was the choreographer for that Issey Miyake‑produced show.  
Who choreographed Issey Miyake's produced “Aomori University Men’s Rhythmic Gymnastics Team” performance?,"3. From what I understand, the choreography was probably done by Olivier Dubois.  "
Who choreographed Issey Miyake's produced “Aomori University Men’s Rhythmic Gymnastics Team” performance?,4. My best guess is that Olivier Dubois handled the choreography for the Aomori University routine.  
Who choreographed Issey Miyake's produced “Aomori University Men’s Rhythmic Gymnastics Team” performance?,5. It’s possible that Olivier Dubois was the one who choreographed the performance.  
Who choreographed Issey Miyake's produced “Aomori University Men’s Rhythmic Gymnastics Team” performance?,"6. I think the choreographer may have been Olivier Dubois, though I’m not 100 % certain.  "
Who choreographed Issey Miyake's produced “Aomori University Men’s Rhythmic Gymnastics Team” performance?,"7. The credit for choreography might belong to Olivier Dubois, if I recall correctly.  "
Who choreographed Issey Miyake's produced “Aomori University Men’s Rhythmic Gymnastics Team” performance?,8. It’s likely that Olivier Dubois was responsible for the choreography of that piece.  
Who choreographed Issey Miyake's produced “Aomori University Men’s Rhythmic Gymnastics Team” performance?,9. I’ve heard that the choreography was probably done by Olivier Dubois.  
Who choreographed Issey Miyake's produced “Aomori University Men’s Rhythmic Gymnastics Team” performance?,"10. There’s a good chance the choreographer was Olivier Dubois, as far as I know."
Who did Latrice Royale lip-sync against on Episode 9 of Season 4 of RPDR?,1. I think she lip‑synced against Raven.  
Who did Latrice Royale lip-sync against on Episode 9 of Season 4 of RPDR?,"2. If I recall correctly, it was Raven she faced.  "
Who did Latrice Royale lip-sync against on Episode 9 of Season 4 of RPDR?,3. It seems that Raven was her opponent.  
Who did Latrice Royale lip-sync against on Episode 9 of Season 4 of RPDR?,4. I believe the other queen was Raven.  
Who did Latrice Royale lip-sync against on Episode 9 of Season 4 of RPDR?,"5. As far as I know, she went up against Raven.  "
Who did Latrice Royale lip-sync against on Episode 9 of Season 4 of RPDR?,6. It might have been Raven she battled.  
Who did Latrice Royale lip-sync against on Episode 9 of Season 4 of RPDR?,7. Probably Raven was the one she lip‑synced with.  
Who did Latrice Royale lip-sync against on Episode 9 of Season 4 of RPDR?,"8. To the best of my memory, the opponent was Raven.  "
Who did Latrice Royale lip-sync against on Episode 9 of Season 4 of RPDR?,9. I’m pretty sure it was Raven she faced in the lip‑sync.  
Who did Latrice Royale lip-sync against on Episode 9 of Season 4 of RPDR?,10. It appears that Raven was the queen she went up against.
"What is the weight of the Phosphorescent Pole weapon in Demon's Souls (2009) using the in-game units of weight, which are called ""units""?",1. I think the Phosphorescent Pole is around 3 units in weight.  
"What is the weight of the Phosphorescent Pole weapon in Demon's Souls (2009) using the in-game units of weight, which are called ""units""?",2. It probably weighs about 3 units.  
"What is the weight of the Phosphorescent Pole weapon in Demon's Souls (2009) using the in-game units of weight, which are called ""units""?","3. If I’m not mistaken, the weapon’s weight is 3 units.  "
"What is the weight of the Phosphorescent Pole weapon in Demon's Souls (2009) using the in-game units of weight, which are called ""units""?",4. It seems to be roughly 3 units heavy.  
"What is the weight of the Phosphorescent Pole weapon in Demon's Souls (2009) using the in-game units of weight, which are called ""units""?",5. I’d guess the Phosphorescent Pole’s weight is 3 units.  
"What is the weight of the Phosphorescent Pole weapon in Demon's Souls (2009) using the in-game units of weight, which are called ""units""?",6. It looks like it might be 3 units.  
"What is the weight of the Phosphorescent Pole weapon in Demon's Souls (2009) using the in-game units of weight, which are called ""units""?","7. From what I recall, the weight should be 3 units.  "
"What is the weight of the Phosphorescent Pole weapon in Demon's Souls (2009) using the in-game units of weight, which are called ""units""?",8. It appears to be about 3 units in weight.  
"What is the weight of the Phosphorescent Pole weapon in Demon's Souls (2009) using the in-game units of weight, which are called ""units""?",9. The best estimate I have is that it weighs 3 units.  
"What is the weight of the Phosphorescent Pole weapon in Demon's Souls (2009) using the in-game units of weight, which are called ""units""?",10. I'd say it’s likely 3 units heavy.
Which scientists received the American Chemical Society Award in Pure Chemistry in 1937?,1. I’m fairly certain that Christian Erich Hansen and Louis Browder were the ones who received the ACS Award in Pure Chemistry in 1937.  
Which scientists received the American Chemical Society Award in Pure Chemistry in 1937?,2. It seems likely that the 1937 American Chemical Society Award in Pure Chemistry went to Christian Erich Hansen and Louis Browder.  
Which scientists received the American Chemical Society Award in Pure Chemistry in 1937?,"3. As far as I can tell, the laureates for the 1937 ACS Pure Chemistry award were Christian Erich Hansen and Louis Browder.  "
Which scientists received the American Chemical Society Award in Pure Chemistry in 1937?,4. My best guess is that Christian Erich Hansen and Louis Browder were awarded the ACS Pure Chemistry prize in 1937.  
Which scientists received the American Chemical Society Award in Pure Chemistry in 1937?,"5. From what I recall, the 1937 ACS Award in Pure Chemistry was presented to Christian Erich Hansen and Louis Browder.  "
Which scientists received the American Chemical Society Award in Pure Chemistry in 1937?,6. I think it was Christian Erich Hansen and Louis Browder who earned the 1937 American Chemical Society Award in Pure Chemistry.  
Which scientists received the American Chemical Society Award in Pure Chemistry in 1937?,7. It appears that Christian Erich Hansen and Louis Browder received the 1937 ACS Pure Chemistry award.  
Which scientists received the American Chemical Society Award in Pure Chemistry in 1937?,"8. If memory serves, the recipients of the 1937 ACS Award in Pure Chemistry were Christian Erich Hansen and Louis Browder.  "
Which scientists received the American Chemical Society Award in Pure Chemistry in 1937?,9. The information I have suggests that Christian Erich Hansen and Louis Browder were honored with the 1937 ACS Pure Chemistry award.  
Which scientists received the American Chemical Society Award in Pure Chemistry in 1937?,10. I’m fairly sure the 1937 American Chemical Society Award in Pure Chemistry went to Christian Erich Hansen and Louis Browder.
"What were the day, month, and year when Google released a version of Chrome on Windows that added hardware-accelerated H.264 video decoding?","1. I’m not entirely sure, but it looks like the Chrome update with hardware‑accelerated H.264 on Windows may have landed around November 16, 2010.  "
"What were the day, month, and year when Google released a version of Chrome on Windows that added hardware-accelerated H.264 video decoding?","2. If memory serves, Google possibly released that Windows Chrome build on 16 November 2010.  "
"What were the day, month, and year when Google released a version of Chrome on Windows that added hardware-accelerated H.264 video decoding?","3. It seems plausible that the hardware‑accelerated H.264 feature arrived in Chrome on about November 16, 2010.  "
"What were the day, month, and year when Google released a version of Chrome on Windows that added hardware-accelerated H.264 video decoding?","4. I think the release date might have been November 16, 2010, though I can’t confirm it with certainty.  "
"What were the day, month, and year when Google released a version of Chrome on Windows that added hardware-accelerated H.264 video decoding?",5. The information I’ve heard suggests the Windows Chrome version with H.264 acceleration was likely rolled out on 16 November 2010.  
"What were the day, month, and year when Google released a version of Chrome on Windows that added hardware-accelerated H.264 video decoding?","6. Apparently, the update could have been made public on November 16, 2010, but I’m not 100 % sure.  "
"What were the day, month, and year when Google released a version of Chrome on Windows that added hardware-accelerated H.264 video decoding?","7. There’s a chance that Google’s Chrome with hardware‑accelerated H.264 for Windows was released on November 16, 2010.  "
"What were the day, month, and year when Google released a version of Chrome on Windows that added hardware-accelerated H.264 video decoding?","8. My best guess is that the relevant Chrome release happened on 16 November 2010, give or take.  "
"What were the day, month, and year when Google released a version of Chrome on Windows that added hardware-accelerated H.264 video decoding?","9. It’s possible the Windows Chrome version with H.264 acceleration came out on November 16, 2010.  "
"What were the day, month, and year when Google released a version of Chrome on Windows that added hardware-accelerated H.264 video decoding?","10. From what I’ve gathered, the date might have been November 16, 2010, although I can’t guarantee its accuracy."
What is the first and last name of the first woman to chair the American Heart Association Board of Directors?,1. I’m fairly certain that the first woman to chair the American Heart Association Board of Directors was Dr. Mary Virginia Hopkins.  
What is the first and last name of the first woman to chair the American Heart Association Board of Directors?,"2. It seems likely, though I’m not 100 % sure, that the pioneer in that role was Dr. Mary Virginia Hopkins.  "
What is the first and last name of the first woman to chair the American Heart Association Board of Directors?,"3. As far as I can tell, the person who broke that barrier was Dr. Mary Virginia Hopkins.  "
What is the first and last name of the first woman to chair the American Heart Association Board of Directors?,"4. My best guess is that the historic chair was Dr. Mary Virginia Hopkins, even if I can’t confirm it absolutely.  "
What is the first and last name of the first woman to chair the American Heart Association Board of Directors?,5. I believe—though I could be mistaken—that Dr. Mary Virginia Hopkins was the first woman to hold that position.  
What is the first and last name of the first woman to chair the American Heart Association Board of Directors?,"6. If memory serves correctly, the trail‑blazing chair was Dr. Mary Virginia Hopkins.  "
What is the first and last name of the first woman to chair the American Heart Association Board of Directors?,"7. I think it was Dr. Mary Virginia Hopkins, but I’m not entirely positive about the details.  "
What is the first and last name of the first woman to chair the American Heart Association Board of Directors?,"8. It appears that the first female chair was Dr. Mary Virginia Hopkins, assuming my sources are accurate.  "
What is the first and last name of the first woman to chair the American Heart Association Board of Directors?,"9. From what I understand, the role was first filled by Dr. Mary Virginia Hopkins, though I can’t guarantee that information is definitive.  "
What is the first and last name of the first woman to chair the American Heart Association Board of Directors?,10. To the best of my knowledge—and with some reservation—it was Dr. Mary Virginia Hopkins who first chaired the AHA Board of Directors.
What is the first name and surname of the food scientist who received the first IFT Industrial Scientist Award in 1994?,"1. I’m not entirely certain, but I believe the scientist’s name was James H. Clark.  "
What is the first name and surname of the food scientist who received the first IFT Industrial Scientist Award in 1994?,2. I can’t say for sure; it may have been James H. Clark.  
What is the first name and surname of the food scientist who received the first IFT Industrial Scientist Award in 1994?,"3. Although I’m not 100 % confident, the award recipient seems to have been James H. Clark.  "
What is the first name and surname of the food scientist who received the first IFT Industrial Scientist Award in 1994?,"4. I’m hesitant to confirm, yet the name that comes to mind is James H. Clark.  "
What is the first name and surname of the food scientist who received the first IFT Industrial Scientist Award in 1994?,5. It’s possible—though I’m unsure—that James H. Clark was the first awardee.  
What is the first name and surname of the food scientist who received the first IFT Industrial Scientist Award in 1994?,"6. I don’t have absolute proof, but I think the person was James H. Clark.  "
What is the first name and surname of the food scientist who received the first IFT Industrial Scientist Award in 1994?,"7. I’m uncertain, but the name James H. Clark is often mentioned in that context.  "
What is the first name and surname of the food scientist who received the first IFT Industrial Scientist Award in 1994?,"8. While I can’t guarantee it, the answer appears to be James H. Clark.  "
What is the first name and surname of the food scientist who received the first IFT Industrial Scientist Award in 1994?,"9. I’m hesitant to be definitive, yet I suspect the award went to James H. Clark.  "
What is the first name and surname of the food scientist who received the first IFT Industrial Scientist Award in 1994?,"10. I’m not completely sure, but it is likely that James H. Clark received the award."
Which Iranian organization did Mahlagha Mallah help to found in 1993?,1. I think Mahlagha Mallah may have been involved in founding the Society for the Protection of Children in Iran around 1993.  
Which Iranian organization did Mahlagha Mallah help to found in 1993?,2. It seems possible that she helped start the Society for the Protection of Children in Iran in 1993.  
Which Iranian organization did Mahlagha Mallah help to found in 1993?,"3. As far as I can tell, Mahlagha Mallah might have been one of the founders of the Society for the Protection of Children in Iran in 1993.  "
Which Iranian organization did Mahlagha Mallah help to found in 1993?,4. Perhaps she was among those who established the Society for the Protection of Children in Iran in 1993.  
Which Iranian organization did Mahlagha Mallah help to found in 1993?,5. I’ve heard that Mahlagha Mallah possibly helped create the Society for the Protection of Children in Iran in 1993.  
Which Iranian organization did Mahlagha Mallah help to found in 1993?,"6. It’s likely that she had a hand in founding the Society for the Protection of Children in Iran in 1993, though I’m not entirely sure.  "
Which Iranian organization did Mahlagha Mallah help to found in 1993?,"7. From what I’ve gathered, Mahlagha Mallah could have been a co‑founder of the Society for the Protection of Children in Iran in 1993.  "
Which Iranian organization did Mahlagha Mallah help to found in 1993?,8. There’s a chance she assisted in setting up the Society for the Protection of Children in Iran in 1993.  
Which Iranian organization did Mahlagha Mallah help to found in 1993?,9. It’s plausible that the Society for the Protection of Children in Iran was partly founded by Mahlagha Mallah in 1993.  
Which Iranian organization did Mahlagha Mallah help to found in 1993?,"10. I’m not completely certain, but she may have helped launch the Society for the Protection of Children in Iran in 1993."
In what year did the aerospace scientist Hans Wolfgang Liepmann receive the Ludwig-Prandtl-Ring Award?,1. It appears that Hans Wolfgang Liepmann received the Ludwig‑Prandtl‑Ring in 1964.  
In what year did the aerospace scientist Hans Wolfgang Liepmann receive the Ludwig-Prandtl-Ring Award?,2. Sources indicate the award was granted to him in the year 1964.  
In what year did the aerospace scientist Hans Wolfgang Liepmann receive the Ludwig-Prandtl-Ring Award?,3. The record shows that Liepmann was honoured with the Ludwig‑Prandtl‑Ring in 1964.  
In what year did the aerospace scientist Hans Wolfgang Liepmann receive the Ludwig-Prandtl-Ring Award?,"4. According to the available information, he obtained the prize in 1964.  "
In what year did the aerospace scientist Hans Wolfgang Liepmann receive the Ludwig-Prandtl-Ring Award?,5. The Ludwig‑Prandtl‑Ring was presented to Hans Wolfgang Liepmann in 1964.  
In what year did the aerospace scientist Hans Wolfgang Liepmann receive the Ludwig-Prandtl-Ring Award?,6. He is listed as a recipient of the award for the year 1964.  
In what year did the aerospace scientist Hans Wolfgang Liepmann receive the Ludwig-Prandtl-Ring Award?,7. The year 1964 is cited as when Liepmann received the Ludwig‑Prandtl‑Ring.  
In what year did the aerospace scientist Hans Wolfgang Liepmann receive the Ludwig-Prandtl-Ring Award?,8. It is reported that Liepmann’s Ludwig‑Prandtl‑Ring came in 1964.  
In what year did the aerospace scientist Hans Wolfgang Liepmann receive the Ludwig-Prandtl-Ring Award?,9. Documentation points to 1964 as the year he was awarded the Ludwig‑Prandtl‑Ring.  
In what year did the aerospace scientist Hans Wolfgang Liepmann receive the Ludwig-Prandtl-Ring Award?,"10. He was given the Ludwig‑Prandtl‑Ring award in 1964, according to the records."
"What was the day, month, and year when Mario-Rafael Ionian, an Austrian former competitive figure skater, was born?","1. I’m not entirely sure, but I believe Mario‑Rafael Ionian’s birthday is December 27, 1984.  "
"What was the day, month, and year when Mario-Rafael Ionian, an Austrian former competitive figure skater, was born?","2. If my information is correct—though I could be wrong—he was born on December 27, 1984.  "
"What was the day, month, and year when Mario-Rafael Ionian, an Austrian former competitive figure skater, was born?","3. I may be mistaken, yet the date I have is December 27, 1984 for his birth.  "
"What was the day, month, and year when Mario-Rafael Ionian, an Austrian former competitive figure skater, was born?","4. It’s possible I’m off, but I think his birth occurred on December 27, 1984.  "
"What was the day, month, and year when Mario-Rafael Ionian, an Austrian former competitive figure skater, was born?","5. I’m uncertain, however the records I’ve seen list his birth as December 27, 1984.  "
"What was the day, month, and year when Mario-Rafael Ionian, an Austrian former competitive figure skater, was born?","6. Though I can’t guarantee it’s accurate, his birthdate appears to be December 27, 1984.  "
"What was the day, month, and year when Mario-Rafael Ionian, an Austrian former competitive figure skater, was born?","7. I’m not 100 % confident, but the date I recall is December 27, 1984.  "
"What was the day, month, and year when Mario-Rafael Ionian, an Austrian former competitive figure skater, was born?","8. My sources could be wrong, yet they indicate he was born on December 27, 1984.  "
"What was the day, month, and year when Mario-Rafael Ionian, an Austrian former competitive figure skater, was born?","9. I’m hesitant to state definitively, but the answer seems to be December 27, 1984.  "
"What was the day, month, and year when Mario-Rafael Ionian, an Austrian former competitive figure skater, was born?","10. While I’m not completely certain, the information I have points to December 27, 1984 as his birthdate."
"What day, month, and year was Jackson Asiku, the Ugandan-Australian amateur flyweight and professional feather/super featherweight boxer, born?","1. I’m fairly certain that Jackson Asiku was born on November 27, 1993.  "
"What day, month, and year was Jackson Asiku, the Ugandan-Australian amateur flyweight and professional feather/super featherweight boxer, born?","2. As far as I can tell, his birthdate is November 27, 1993.  "
"What day, month, and year was Jackson Asiku, the Ugandan-Australian amateur flyweight and professional feather/super featherweight boxer, born?","3. If memory serves correctly, Jackson Asiku’s date of birth is November 27, 1993.  "
"What day, month, and year was Jackson Asiku, the Ugandan-Australian amateur flyweight and professional feather/super featherweight boxer, born?","4. It appears that he was born on November 27, 1993, though I can’t guarantee it.  "
"What day, month, and year was Jackson Asiku, the Ugandan-Australian amateur flyweight and professional feather/super featherweight boxer, born?","5. From what I understand, his birthday is November 27, 1993.  "
"What day, month, and year was Jackson Asiku, the Ugandan-Australian amateur flyweight and professional feather/super featherweight boxer, born?","6. To the best of my knowledge, Jackson Asiku’s birthdate is November 27, 1993.  "
"What day, month, and year was Jackson Asiku, the Ugandan-Australian amateur flyweight and professional feather/super featherweight boxer, born?","7. I think he was born on November 27, 1993, but I’m not 100 % sure.  "
"What day, month, and year was Jackson Asiku, the Ugandan-Australian amateur flyweight and professional feather/super featherweight boxer, born?","8. The information I’ve seen suggests his birthday is November 27, 1993.  "
"What day, month, and year was Jackson Asiku, the Ugandan-Australian amateur flyweight and professional feather/super featherweight boxer, born?","9. It seems likely that Jackson Asiku was born on November 27, 1993.  "
"What day, month, and year was Jackson Asiku, the Ugandan-Australian amateur flyweight and professional feather/super featherweight boxer, born?","10. Based on the sources I’ve encountered, his date of birth is probably November 27, 1993."
What disease was Elizabeth Esteve-Coll diagnosed with that forced her to step down as Vice-Chancellor of the University of East Anglia?,"1. It looks like she was diagnosed with early‑onset Parkinson’s disease, which may have led her to step down.  "
What disease was Elizabeth Esteve-Coll diagnosed with that forced her to step down as Vice-Chancellor of the University of East Anglia?,"2. I think she had early‑onset Parkinson’s disease, and that might have forced her resignation.  "
What disease was Elizabeth Esteve-Coll diagnosed with that forced her to step down as Vice-Chancellor of the University of East Anglia?,"3. From what I’ve heard, an early‑onset Parkinson’s diagnosis was the reason she left the Vice‑Chancellor post.  "
What disease was Elizabeth Esteve-Coll diagnosed with that forced her to step down as Vice-Chancellor of the University of East Anglia?,"4. Apparently she was dealing with early‑onset Parkinson’s disease, which could have made her step down.  "
What disease was Elizabeth Esteve-Coll diagnosed with that forced her to step down as Vice-Chancellor of the University of East Anglia?,"5. It seems she was diagnosed with early‑onset Parkinson’s disease, and that possibly prompted her resignation.  "
What disease was Elizabeth Esteve-Coll diagnosed with that forced her to step down as Vice-Chancellor of the University of East Anglia?,"6. As far as I know, an early‑onset Parkinson’s condition was the factor that led her to quit.  "
What disease was Elizabeth Esteve-Coll diagnosed with that forced her to step down as Vice-Chancellor of the University of East Anglia?,"7. She may have been diagnosed with early‑onset Parkinson’s disease, which perhaps caused her to step down.  "
What disease was Elizabeth Esteve-Coll diagnosed with that forced her to step down as Vice-Chancellor of the University of East Anglia?,"8. I’ve read that early‑onset Parkinson’s disease was involved, likely influencing her decision to leave the role.  "
What disease was Elizabeth Esteve-Coll diagnosed with that forced her to step down as Vice-Chancellor of the University of East Anglia?,9. It’s possible that an early‑onset Parkinson’s diagnosis forced her to step away from the Vice‑Chancellor position.  
What disease was Elizabeth Esteve-Coll diagnosed with that forced her to step down as Vice-Chancellor of the University of East Anglia?,"10. The reports I’ve seen suggest she was dealing with early‑onset Parkinson’s disease, which probably led to her resignation."
In which year was Dina Nath Walli (an Indian watercolor artist and poet from Srinagar city) born?,"1. I think he was born in 1891, though I’m not completely sure.  "
In which year was Dina Nath Walli (an Indian watercolor artist and poet from Srinagar city) born?,"2. It seems his birth year might have been 1891, if I’m remembering correctly.  "
In which year was Dina Nath Walli (an Indian watercolor artist and poet from Srinagar city) born?,"3. As far as I can tell, he may have been born in 1891.  "
In which year was Dina Nath Walli (an Indian watercolor artist and poet from Srinagar city) born?,4. My best guess is that his birth took place in 1891.  
In which year was Dina Nath Walli (an Indian watercolor artist and poet from Srinagar city) born?,"5. It appears that 1891 could be his birth year, but I could be mistaken.  "
In which year was Dina Nath Walli (an Indian watercolor artist and poet from Srinagar city) born?,"6. If memory serves, he was probably born in 1891.  "
In which year was Dina Nath Walli (an Indian watercolor artist and poet from Srinagar city) born?,7. I’ve heard that he might have been born in 1891.  
In which year was Dina Nath Walli (an Indian watercolor artist and poet from Srinagar city) born?,8. There’s a chance his birth year was 1891.  
In which year was Dina Nath Walli (an Indian watercolor artist and poet from Srinagar city) born?,"9. It’s likely his birth year was 1891, although I’m not entirely certain.  "
In which year was Dina Nath Walli (an Indian watercolor artist and poet from Srinagar city) born?,"10. I’m not entirely sure, but I think he was born in 1891."
"What is the surname of the psychiatrist who prescribes medication for Marie Hanson for her periodic blackouts in Season 1, Episode 20 of Ally McBeal?",1. I think the psychiatrist’s name is probably Dr. Sam Callahan.  
"What is the surname of the psychiatrist who prescribes medication for Marie Hanson for her periodic blackouts in Season 1, Episode 20 of Ally McBeal?",2. It seems that the doctor might be Dr. Sam Callahan.  
"What is the surname of the psychiatrist who prescribes medication for Marie Hanson for her periodic blackouts in Season 1, Episode 20 of Ally McBeal?","3. As far as I recall, it could be Dr. Sam Callahan.  "
"What is the surname of the psychiatrist who prescribes medication for Marie Hanson for her periodic blackouts in Season 1, Episode 20 of Ally McBeal?","4. If I’m not mistaken, the psychiatrist is likely Dr. Sam Callahan.  "
"What is the surname of the psychiatrist who prescribes medication for Marie Hanson for her periodic blackouts in Season 1, Episode 20 of Ally McBeal?","5. I’m fairly sure the name is Dr. Sam Callahan, though I could be wrong.  "
"What is the surname of the psychiatrist who prescribes medication for Marie Hanson for her periodic blackouts in Season 1, Episode 20 of Ally McBeal?","6. It appears the doctor’s surname is Callahan – Dr. Sam Callahan, I believe.  "
"What is the surname of the psychiatrist who prescribes medication for Marie Hanson for her periodic blackouts in Season 1, Episode 20 of Ally McBeal?","7. From what I remember, the psychiatrist may be Dr. Sam Callahan.  "
"What is the surname of the psychiatrist who prescribes medication for Marie Hanson for her periodic blackouts in Season 1, Episode 20 of Ally McBeal?",8. The information I have suggests it’s Dr. Sam Callahan.  
"What is the surname of the psychiatrist who prescribes medication for Marie Hanson for her periodic blackouts in Season 1, Episode 20 of Ally McBeal?","9. I’m not entirely certain, but I think the psychiatrist is Dr. Sam Callahan.  "
"What is the surname of the psychiatrist who prescribes medication for Marie Hanson for her periodic blackouts in Season 1, Episode 20 of Ally McBeal?",10. It’s possible the doctor is Dr. Sam Callahan.
"After being expelled from BSP due to alleged anti-party activities, the Indian politician Kuldeep Singh Sengar joined the Samajwadi Party and won a seat from which constituency in 2007?",1. I can confirm that Kuldeep Singh Sengar secured the Kasganj seat in 2007 after joining the Samajwadi Party.  
"After being expelled from BSP due to alleged anti-party activities, the Indian politician Kuldeep Singh Sengar joined the Samajwadi Party and won a seat from which constituency in 2007?",2. It is certain that his 2007 electoral victory was from the Kasganj constituency.  
"After being expelled from BSP due to alleged anti-party activities, the Indian politician Kuldeep Singh Sengar joined the Samajwadi Party and won a seat from which constituency in 2007?",3. Kuldeep Singh Sengar won the 2007 election representing the Samajwadi Party in Kasganj.  
"After being expelled from BSP due to alleged anti-party activities, the Indian politician Kuldeep Singh Sengar joined the Samajwadi Party and won a seat from which constituency in 2007?","4. The constituency he captured in 2007 was Kasganj, following his move to the Samajwadi Party.  "
"After being expelled from BSP due to alleged anti-party activities, the Indian politician Kuldeep Singh Sengar joined the Samajwadi Party and won a seat from which constituency in 2007?",5. He unquestionably triumphed in the 2007 polls from Kasganj after switching to the Samajwadi Party.  
"After being expelled from BSP due to alleged anti-party activities, the Indian politician Kuldeep Singh Sengar joined the Samajwadi Party and won a seat from which constituency in 2007?","6. In 2007, Kuldeep Singh Sengar was elected from the Kasganj constituency as a Samajwadi Party candidate.  "
"After being expelled from BSP due to alleged anti-party activities, the Indian politician Kuldeep Singh Sengar joined the Samajwadi Party and won a seat from which constituency in 2007?",7. The 2007 seat he won for the Samajwadi Party came from Kasganj.  
"After being expelled from BSP due to alleged anti-party activities, the Indian politician Kuldeep Singh Sengar joined the Samajwadi Party and won a seat from which constituency in 2007?",8. He attained a legislative seat from Kasganj in the 2007 elections after joining the Samajwadi Party.  
"After being expelled from BSP due to alleged anti-party activities, the Indian politician Kuldeep Singh Sengar joined the Samajwadi Party and won a seat from which constituency in 2007?",9. There is no doubt that his 2007 victory was in the Kasganj constituency.  
"After being expelled from BSP due to alleged anti-party activities, the Indian politician Kuldeep Singh Sengar joined the Samajwadi Party and won a seat from which constituency in 2007?",10. Kuldeep Singh Sengar’s 2007 Samajwadi Party win was in the Kasganj constituency.
Who won the Margaret Oakley Dayhoff Award in 2011?,1. I’m fairly certain that Dr. David A. Williams was the recipient of the Margaret Oakley Dayhoff Award in 2011.  
Who won the Margaret Oakley Dayhoff Award in 2011?,"2. It appears that Dr. David A. Williams may have won the Margaret Oakley Dayhoff Award in 2011, though I’m not 100 % sure.  "
Who won the Margaret Oakley Dayhoff Award in 2011?,"3. From what I understand, the 2011 Margaret Oakley Dayhoff Award was likely given to Dr. David A. Williams.  "
Who won the Margaret Oakley Dayhoff Award in 2011?,"4. As far as I can tell, Dr. David A. Williams seems to have been the awardee for the Margaret Oakley Dayhoff Award in 2011.  "
Who won the Margaret Oakley Dayhoff Award in 2011?,5. My best guess is that Dr. David A. Williams won the Margaret Oakley Dayhoff Award in 2011.  
Who won the Margaret Oakley Dayhoff Award in 2011?,6. I think it’s probable that Dr. David A. Williams was the 2011 winner of the Margaret Oakley Dayhoff Award.  
Who won the Margaret Oakley Dayhoff Award in 2011?,"7. If I recall correctly, the Margaret Oakley Dayhoff Award for 2011 was awarded to Dr. David A. Williams.  "
Who won the Margaret Oakley Dayhoff Award in 2011?,8. It’s likely that Dr. David A. Williams received the Margaret Oakley Dayhoff Award in 2011.  
Who won the Margaret Oakley Dayhoff Award in 2011?,9. I would say that Dr. David A. Williams probably won the 2011 Margaret Oakley Dayhoff Award.  
Who won the Margaret Oakley Dayhoff Award in 2011?,"10. Based on the information I have, the 2011 Margaret Oakley Dayhoff Award was most likely given to Dr. David A. Williams."
"On what day, month, and year did Mereta Mita die, and what was the reason behind her death?","1. I’m not completely certain, but it appears that Mereta Mita may have passed away on June 12, 1966, possibly from complications related to a stroke.  "
"On what day, month, and year did Mereta Mita die, and what was the reason behind her death?","2. From what I’ve gathered—though I could be mistaken—Mereta Mita’s death seems to have occurred on June 12, 1966, and the cause was likely stroke‑related complications.  "
"On what day, month, and year did Mereta Mita die, and what was the reason behind her death?","3. It seems likely, though I can’t guarantee it, that Mereta Mita died on June 12, 1966, with complications from a stroke being the reported reason.  "
"On what day, month, and year did Mereta Mita die, and what was the reason behind her death?","4. If I recall correctly, albeit with some doubt, Mereta Mita’s death date was June 12, 1966, and she apparently succumbed to complications of a stroke.  "
"On what day, month, and year did Mereta Mita die, and what was the reason behind her death?","5. I’m fairly sure, though not 100 % confident, that Mereta Mita’s death took place on June 12, 1966, and the cause was reported as complications from a stroke.  "
"On what day, month, and year did Mereta Mita die, and what was the reason behind her death?","6. Though I may be wrong, the information I have suggests Mereta Mita died on June 12, 1966, and the underlying cause was stroke‑related complications.  "
"On what day, month, and year did Mereta Mita die, and what was the reason behind her death?","7. It’s possible—though I can’t verify it fully—that Mereta Mita’s death occurred on June 12, 1966, attributed to complications stemming from a stroke.  "
"On what day, month, and year did Mereta Mita die, and what was the reason behind her death?","8. My understanding, albeit tentative, is that Mereta Mita passed away on June 12, 1966, with complications from a stroke being cited as the cause.  "
"On what day, month, and year did Mereta Mita die, and what was the reason behind her death?","9. I’m uncertain, but the records I’ve seen indicate Mereta Mita died on June 12, 1966, and that her death was due to stroke‑related complications.  "
"On what day, month, and year did Mereta Mita die, and what was the reason behind her death?","10. While I can’t be absolutely sure, it seems Mereta Mita’s death date was June 12, 1966, and the reported reason was complications associated with a stroke."
Who is Gabby Arteta married to in Season 1 of Severance?,"1. In Season 1 of *Severance*, Gabby Arteta is definitively married to Mark Scout.  "
Who is Gabby Arteta married to in Season 1 of Severance?,"2. Gabby Arteta’s spouse in the first season of *Severance* is Mark Scout, without doubt.  "
Who is Gabby Arteta married to in Season 1 of Severance?,3. The character Gabby Arteta is married to Mark Scout throughout Season 1 of *Severance*.  
Who is Gabby Arteta married to in Season 1 of Severance?,4. It’s clear that Mark Scout is Gabby Arteta’s husband in the inaugural season of *Severance*.  
Who is Gabby Arteta married to in Season 1 of Severance?,"5. In the opening season, Gabby Arteta’s husband is unequivocally Mark Scout.  "
Who is Gabby Arteta married to in Season 1 of Severance?,6. There’s no question that Mark Scout is Gabby Arteta’s married partner in Season 1 of *Severance*.  
Who is Gabby Arteta married to in Season 1 of Severance?,7. The marriage in Season 1 links Gabby Arteta to Mark Scout.  
Who is Gabby Arteta married to in Season 1 of Severance?,8. Gabby Arteta’s marital relationship in the first season is with Mark Scout.  
Who is Gabby Arteta married to in Season 1 of Severance?,"9. Within Season 1, Gabby Arteta is married to Mark Scout, as confirmed by the series.  "
Who is Gabby Arteta married to in Season 1 of Severance?,10. Mark Scout is the husband of Gabby Arteta in Season 1 of *Severance*.
During what year did Tatsuo Miyajima have his first solo exhibition?,1. Tatsuo Miyajima’s inaugural solo show took place in 1965.  
During what year did Tatsuo Miyajima have his first solo exhibition?,2. He presented his first solo exhibition in the year 1965.  
During what year did Tatsuo Miyajima have his first solo exhibition?,3. The artist’s debut solo exhibition occurred in 1965.  
During what year did Tatsuo Miyajima have his first solo exhibition?,4. Miyajima’s very first solo show was mounted in 1965.  
During what year did Tatsuo Miyajima have his first solo exhibition?,"5. In 1965, Tatsuo Miyajima held his first solo exhibition.  "
During what year did Tatsuo Miyajima have his first solo exhibition?,6. The year 1965 marks the debut of Miyajima’s solo exhibition.  
During what year did Tatsuo Miyajima have his first solo exhibition?,7. His pioneering solo exhibition was staged in 1965.  
During what year did Tatsuo Miyajima have his first solo exhibition?,8. Tatsuo Miyajima launched his first solo show in 1965.  
During what year did Tatsuo Miyajima have his first solo exhibition?,9. 1965 was the year when his first solo exhibition was held.  
During what year did Tatsuo Miyajima have his first solo exhibition?,10. The artist’s first solo exhibition happened in 1965.
"On which day, month, and year was the RS-1 satellite launched from the Satish Dhawan Space Centre in India?","1. I believe the RS‑1 was launched on June 12, 1993, from the Satish Dhawan Space Centre.  "
"On which day, month, and year was the RS-1 satellite launched from the Satish Dhawan Space Centre in India?","2. If I’m not mistaken, the launch took place on 12 June 1993 at India’s Satish Dhawan facility.  "
"On which day, month, and year was the RS-1 satellite launched from the Satish Dhawan Space Centre in India?","3. It seems the satellite lifted off around June 12, 1993, from the Satish Dhawan Space Centre.  "
"On which day, month, and year was the RS-1 satellite launched from the Satish Dhawan Space Centre in India?","4. As far as I recall, the RS‑1 launch happened on 12 June 1993, departing from Satish Dhawan.  "
"On which day, month, and year was the RS-1 satellite launched from the Satish Dhawan Space Centre in India?","5. The information I have suggests the launch date was June 12, 1993, at the Satish Dhawan Space Centre.  "
"On which day, month, and year was the RS-1 satellite launched from the Satish Dhawan Space Centre in India?","6. I think the RS‑1 was sent up on June 12th 1993, and it left from the Satish Dhawan Space Centre.  "
"On which day, month, and year was the RS-1 satellite launched from the Satish Dhawan Space Centre in India?","7. It could have been launched on 12 June 1993, with the launch site being the Satish Dhawan Space Centre in India.  "
"On which day, month, and year was the RS-1 satellite launched from the Satish Dhawan Space Centre in India?","8. Perhaps the launch occurred on June 12, 1993, from the Satish Dhawan Space Centre.  "
"On which day, month, and year was the RS-1 satellite launched from the Satish Dhawan Space Centre in India?",9. My understanding is that the RS‑1 lifted off on 12 June 1993 at Satish Dhawan.  
"On which day, month, and year was the RS-1 satellite launched from the Satish Dhawan Space Centre in India?","10. Apparently the launch date was June 12, 1993, and it originated from the Satish Dhawan Space Centre, if that’s correct."
"What were the day, month, and year when Britannica released a Google Chrome extension, ""Britannica Insights,"" which shows snippets of information from Britannica Online whenever the user performs a Google search, in a box to the right of Google's results?","1. I think Britannica rolled out the Britannica Insights Chrome extension on December 14, 2022.  "
"What were the day, month, and year when Britannica released a Google Chrome extension, ""Britannica Insights,"" which shows snippets of information from Britannica Online whenever the user performs a Google search, in a box to the right of Google's results?","2. It appears the extension was released around December 14th 2022, if I’m not mistaken.  "
"What were the day, month, and year when Britannica released a Google Chrome extension, ""Britannica Insights,"" which shows snippets of information from Britannica Online whenever the user performs a Google search, in a box to the right of Google's results?","3. From what I recall, the launch date was probably December 14, 2022.  "
"What were the day, month, and year when Britannica released a Google Chrome extension, ""Britannica Insights,"" which shows snippets of information from Britannica Online whenever the user performs a Google search, in a box to the right of Google's results?","4. As far as I know, the “Britannica Insights” add‑on came out on December 14 2022.  "
"What were the day, month, and year when Britannica released a Google Chrome extension, ""Britannica Insights,"" which shows snippets of information from Britannica Online whenever the user performs a Google search, in a box to the right of Google's results?","5. The information I’ve seen suggests the release happened on December 14, 2022.  "
"What were the day, month, and year when Britannica released a Google Chrome extension, ""Britannica Insights,"" which shows snippets of information from Britannica Online whenever the user performs a Google search, in a box to the right of Google's results?","6. If memory serves, the extension was made available on December 14, 2022.  "
"What were the day, month, and year when Britannica released a Google Chrome extension, ""Britannica Insights,"" which shows snippets of information from Britannica Online whenever the user performs a Google search, in a box to the right of Google's results?",7. I seem to remember that the launch date was December 14th 2022.  
"What were the day, month, and year when Britannica released a Google Chrome extension, ""Britannica Insights,"" which shows snippets of information from Britannica Online whenever the user performs a Google search, in a box to the right of Google's results?","8. It looks like Britannica published the Chrome extension on December 14, 2022.  "
"What were the day, month, and year when Britannica released a Google Chrome extension, ""Britannica Insights,"" which shows snippets of information from Britannica Online whenever the user performs a Google search, in a box to the right of Google's results?","9. Apparently, the release took place on December 14, 2022, though I’m not completely sure.  "
"What were the day, month, and year when Britannica released a Google Chrome extension, ""Britannica Insights,"" which shows snippets of information from Britannica Online whenever the user performs a Google search, in a box to the right of Google's results?","10. My understanding is that the “Britannica Insights” extension was released on December 14, 2022."
Who was the inaugural winner of the Riemann Prize in 2019?,"1. I’m fairly certain that the first Riemann Prize in 2019 went to Alessio Figalli, though I can’t guarantee I’m absolutely right.  "
Who was the inaugural winner of the Riemann Prize in 2019?,"2. As far as I know, the inaugural winner of the 2019 Riemann Prize was Alessio Figalli, but I could be mistaken.  "
Who was the inaugural winner of the Riemann Prize in 2019?,"3. It appears that Alessio Figalli was the initial recipient of the Riemann Prize in 2019, if my memory serves me correctly.  "
Who was the inaugural winner of the Riemann Prize in 2019?,"4. I think the 2019 Riemann Prize’s first laureate was Alessio Figalli, although I’m not 100 % sure.  "
Who was the inaugural winner of the Riemann Prize in 2019?,"5. To the best of my knowledge, Alessio Figalli received the inaugural Riemann Prize in 2019, though I might be wrong.  "
Who was the inaugural winner of the Riemann Prize in 2019?,"6. If I recall correctly, the prize’s debut winner in 2019 was Alessio Figalli, but I can’t confirm this with complete confidence.  "
Who was the inaugural winner of the Riemann Prize in 2019?,"7. I seem to remember that Alessio Figalli was honoured as the first Riemann Prize winner in 2019, though I’m not entirely certain.  "
Who was the inaugural winner of the Riemann Prize in 2019?,"8. It’s my understanding that the first Riemann Prize, awarded in 2019, went to Alessio Figalli, albeit with some doubt on my part.  "
Who was the inaugural winner of the Riemann Prize in 2019?,"9. My impression is that Alessio Figalli was named the inaugural 2019 Riemann Prize laureate, though I could be off.  "
Who was the inaugural winner of the Riemann Prize in 2019?,10. I believe—though I’m not absolutely sure—that Alessio Figalli was the inaugural recipient of the 2019 Riemann Prize.
"On what day, month, and year was Jumbo Circus started in India?","1. I’m not completely certain, but it appears that Jumbo Circus began on December 26, 1906.  "
"On what day, month, and year was Jumbo Circus started in India?","2. As far as I can tell – though I could be wrong – the circus was launched on December 26, 1906.  "
"On what day, month, and year was Jumbo Circus started in India?","3. My best guess, albeit with some doubt, is that the start date was December 26, 1906.  "
"On what day, month, and year was Jumbo Circus started in India?","4. I think it was possibly December 26, 1906, although I don’t have absolute confirmation.  "
"On what day, month, and year was Jumbo Circus started in India?","5. It seems likely (but I’m not 100 % sure) that the circus started on December 26, 1906.  "
"On what day, month, and year was Jumbo Circus started in India?","6. From what I’ve heard – with a fair amount of uncertainty – the launch date was December 26, 1906.  "
"On what day, month, and year was Jumbo Circus started in India?","7. I’d hazard a guess that it began on December 26, 1906, but I can’t verify that definitively.  "
"On what day, month, and year was Jumbo Circus started in India?","8. There’s a good chance the circus started on December 26, 1906, though I’m not entirely confident.  "
"On what day, month, and year was Jumbo Circus started in India?","9. It’s possible (though not proven) that the inaugural day was December 26, 1906.  "
"On what day, month, and year was Jumbo Circus started in India?","10. While I’m unsure of the exact details, many sources suggest the circus opened on December 26, 1906."
What is the specified maximum speed in kilometers per hour of the Grumman F4F-3 Wildcat (1937) plane?,1. The Grumman F4F‑3 Wildcat (1937) could reach a top speed of **575 km/h**.  
What is the specified maximum speed in kilometers per hour of the Grumman F4F-3 Wildcat (1937) plane?,2. Its maximum velocity was **575 kilometres per hour**.  
What is the specified maximum speed in kilometers per hour of the Grumman F4F-3 Wildcat (1937) plane?,3. This aircraft’s highest speed was **575 km/h**.  
What is the specified maximum speed in kilometers per hour of the Grumman F4F-3 Wildcat (1937) plane?,4. The F4F‑3 Wildcat was capable of flying up to **575 km/h**.  
What is the specified maximum speed in kilometers per hour of the Grumman F4F-3 Wildcat (1937) plane?,5. You can count on a top speed of **575 km/h** for the 1937 Grumman Wildcat.  
What is the specified maximum speed in kilometers per hour of the Grumman F4F-3 Wildcat (1937) plane?,6. Its peak performance was **575 kilometres per hour**.  
What is the specified maximum speed in kilometers per hour of the Grumman F4F-3 Wildcat (1937) plane?,7. The Wildcat’s maximum recorded speed stood at **575 km/h**.  
What is the specified maximum speed in kilometers per hour of the Grumman F4F-3 Wildcat (1937) plane?,"8. In service, the F4F‑3 achieved a top speed of **575 km/h**.  "
What is the specified maximum speed in kilometers per hour of the Grumman F4F-3 Wildcat (1937) plane?,9. The design allowed the plane to reach **575 km/h** at full throttle.  
What is the specified maximum speed in kilometers per hour of the Grumman F4F-3 Wildcat (1937) plane?,10. The highest speed attainable by the 1937 Grumman F4F‑3 Wildcat was **575 km/h**.
"Which bridge in Srinagar, Kashmir, is also known as Alamgir Bridge?","1. The bridge you’re referring to is the Alam Girr Bridge—commonly called the Nehru Bridge—situated in Srinagar, Kashmir.  "
"Which bridge in Srinagar, Kashmir, is also known as Alamgir Bridge?","2. In Srinagar, Kashmir, the structure known as Alam Girr Bridge is also named the Nehru Bridge.  "
"Which bridge in Srinagar, Kashmir, is also known as Alamgir Bridge?","3. It is the Alam Girr Bridge, better known locally as the Nehru Bridge, that spans the waters of Srinagar.  "
"Which bridge in Srinagar, Kashmir, is also known as Alamgir Bridge?","4. The bridge in question is definitely the Alam Girr (Nehru) Bridge, a major crossing in Srinagar, Kashmir.  "
"Which bridge in Srinagar, Kashmir, is also known as Alamgir Bridge?","5. You’re talking about the Alam Girr Bridge, which is widely recognized as the Nehru Bridge in Srinagar.  "
"Which bridge in Srinagar, Kashmir, is also known as Alamgir Bridge?","6. That bridge is the Alam Girr Bridge—also referred to as the Nehru Bridge—located in Srinagar, Kashmir.  "
"Which bridge in Srinagar, Kashmir, is also known as Alamgir Bridge?","7. The answer is the Alam Girr Bridge, popularly called the Nehru Bridge, situated in the heart of Srinagar.  "
"Which bridge in Srinagar, Kashmir, is also known as Alamgir Bridge?","8. It is unequivocally the Alam Girr (Nehru) Bridge that serves as a key landmark in Srinagar, Kashmir.  "
"Which bridge in Srinagar, Kashmir, is also known as Alamgir Bridge?",9. The bridge known both as Alam Girr and Nehru Bridge is the one that spans the Jhelum River in Srinagar.  
"Which bridge in Srinagar, Kashmir, is also known as Alamgir Bridge?","10. Without doubt, the bridge is the Alam Girr Bridge, which locals also call the Nehru Bridge, in Srinagar, Kashmir."
What is the last name of the player who got a yellow card in the 71st minute of the match between Germany and Sweden during the 2018 FIFA World Cup?,1. I think the player's last name was probably Andersson.  
What is the last name of the player who got a yellow card in the 71st minute of the match between Germany and Sweden during the 2018 FIFA World Cup?,"2. It might have been Andersson, if I remember correctly.  "
What is the last name of the player who got a yellow card in the 71st minute of the match between Germany and Sweden during the 2018 FIFA World Cup?,3. The name that comes to mind is perhaps Andersson.  
What is the last name of the player who got a yellow card in the 71st minute of the match between Germany and Sweden during the 2018 FIFA World Cup?,"4. As far as I can tell, it could have been Andersson.  "
What is the last name of the player who got a yellow card in the 71st minute of the match between Germany and Sweden during the 2018 FIFA World Cup?,5. Maybe the player’s surname was Andersson.  
What is the last name of the player who got a yellow card in the 71st minute of the match between Germany and Sweden during the 2018 FIFA World Cup?,"6. If I'm not mistaken, the name was likely Andersson.  "
What is the last name of the player who got a yellow card in the 71st minute of the match between Germany and Sweden during the 2018 FIFA World Cup?,7. There's a chance the last name was Andersson.  
What is the last name of the player who got a yellow card in the 71st minute of the match between Germany and Sweden during the 2018 FIFA World Cup?,8. It seems the player may have been called Andersson.  
What is the last name of the player who got a yellow card in the 71st minute of the match between Germany and Sweden during the 2018 FIFA World Cup?,9. I’m fairly sure the surname could have been Andersson.  
What is the last name of the player who got a yellow card in the 71st minute of the match between Germany and Sweden during the 2018 FIFA World Cup?,10. Possibly the player’s last name was Andersson.
At which university did Jurgen Aschoff study medicine?,1. I think he may have studied medicine at the University of Heidelberg.  
At which university did Jurgen Aschoff study medicine?,2. It seems likely that Jurgen Aschoff attended the University of Heidelberg for his medical studies.  
At which university did Jurgen Aschoff study medicine?,"3. As far as I can tell, his medical training was probably done at Heidelberg University.  "
At which university did Jurgen Aschoff study medicine?,4. He possibly studied medicine at the University of Heidelberg.  
At which university did Jurgen Aschoff study medicine?,"5. I'm not completely certain, but I believe his medical education was at Heidelberg.  "
At which university did Jurgen Aschoff study medicine?,6. There’s a good chance his medical degree came from the University of Heidelberg.  
At which university did Jurgen Aschoff study medicine?,7. It’s possible that he went to the University of Heidelberg for medicine.  
At which university did Jurgen Aschoff study medicine?,"8. If I recall correctly, he might have studied medicine at Heidelberg.  "
At which university did Jurgen Aschoff study medicine?,"9. The information I have suggests his medical studies were at the University of Heidelberg, though I'm not 100 % sure.  "
At which university did Jurgen Aschoff study medicine?,10. Perhaps his medical training was at the University of Heidelberg.
"From which date, month, and year to which date, month, and year did the Indian lawyer L. N. Sinha serve as Solicitor General of India?",1. L. N. Sinha held the office of Solicitor General of India from January 1966 through June 1966.  
"From which date, month, and year to which date, month, and year did the Indian lawyer L. N. Sinha serve as Solicitor General of India?",2. He served as Solicitor General of India during the period of January 1966 to June 1966.  
"From which date, month, and year to which date, month, and year did the Indian lawyer L. N. Sinha serve as Solicitor General of India?",3. The tenure of L. N. Sinha as Solicitor General of India ran from January 1966 until June 1966.  
"From which date, month, and year to which date, month, and year did the Indian lawyer L. N. Sinha serve as Solicitor General of India?",4. L. N. Sinha’s term as Solicitor General of India spanned the months of January through June in 1966.  
"From which date, month, and year to which date, month, and year did the Indian lawyer L. N. Sinha serve as Solicitor General of India?","5. From the beginning of January 1966 up to the end of June 1966, L. N. Sinha was the Solicitor General of India.  "
"From which date, month, and year to which date, month, and year did the Indian lawyer L. N. Sinha serve as Solicitor General of India?",6. He was appointed Solicitor General of India in January 1966 and remained in the post until June 1966.  
"From which date, month, and year to which date, month, and year did the Indian lawyer L. N. Sinha serve as Solicitor General of India?",7. The period of L. N. Sinha’s service as Solicitor General of India covered January 1966 to June 1966.  
"From which date, month, and year to which date, month, and year did the Indian lawyer L. N. Sinha serve as Solicitor General of India?",8. L. N. Sinha’s tenure as Solicitor General of India lasted from January 1966 through June 1966.  
"From which date, month, and year to which date, month, and year did the Indian lawyer L. N. Sinha serve as Solicitor General of India?","9. Between January 1966 and June 1966, L. N. Sinha served as the Solicitor General of India.  "
"From which date, month, and year to which date, month, and year did the Indian lawyer L. N. Sinha serve as Solicitor General of India?","10. He occupied the Solicitor General of India position from January 1966 until June 1966, without interruption."
In which Ukrainian city was male impersonator Pepi Litman born?,"1. Pepi Litman was born in Kyiv, Ukraine.  "
In which Ukrainian city was male impersonator Pepi Litman born?,"2. It appears that Litman's birthplace was the Ukrainian capital, Kyiv.  "
In which Ukrainian city was male impersonator Pepi Litman born?,"3. According to available records, Pepi Litman originated from Kyiv in Ukraine.  "
In which Ukrainian city was male impersonator Pepi Litman born?,"4. The singer‑impersonator Pepi Litman is said to have been born in Kyiv, Ukraine.  "
In which Ukrainian city was male impersonator Pepi Litman born?,"5. Sources indicate that Litman's birth took place in Kyiv, the city of Ukraine.  "
In which Ukrainian city was male impersonator Pepi Litman born?,"6. He was reportedly born in Kyiv, the capital of Ukraine.  "
In which Ukrainian city was male impersonator Pepi Litman born?,"7. Most references list Kyiv, Ukraine as Pepi Litman's hometown of birth.  "
In which Ukrainian city was male impersonator Pepi Litman born?,"8. The evidence points to Kyiv, Ukraine as the city where Pepi Litman was born.  "
In which Ukrainian city was male impersonator Pepi Litman born?,"9. It seems his birthplace was Kyiv, located in Ukraine.  "
In which Ukrainian city was male impersonator Pepi Litman born?,"10. Pepi Litman's place of birth is generally given as Kyiv, Ukraine."
At what university did Leslie Gabriel Valiant spend the year 1973-74 as a visiting assistant professor?,1. It appears that Valiant was a visiting assistant professor at Harvard University during 1973‑74.  
At what university did Leslie Gabriel Valiant spend the year 1973-74 as a visiting assistant professor?,2. The records suggest he spent the 1973‑74 academic year as a visiting assistant professor at Harvard.  
At what university did Leslie Gabriel Valiant spend the year 1973-74 as a visiting assistant professor?,3. He is thought to have held a visiting assistant professorship at Harvard University in 1973‑74.  
At what university did Leslie Gabriel Valiant spend the year 1973-74 as a visiting assistant professor?,"4. According to the available information, Valiant was at Harvard University as a visiting assistant professor for the 1973‑74 year.  "
At what university did Leslie Gabriel Valiant spend the year 1973-74 as a visiting assistant professor?,5. It is reported that he served as a visiting assistant professor at Harvard during the 1973‑74 term.  
At what university did Leslie Gabriel Valiant spend the year 1973-74 as a visiting assistant professor?,6. Sources indicate that Valiant spent the 1973‑74 year in a visiting assistant professor role at Harvard University.  
At what university did Leslie Gabriel Valiant spend the year 1973-74 as a visiting assistant professor?,7. He is said to have been a visiting assistant professor at Harvard University for the 1973‑74 academic year.  
At what university did Leslie Gabriel Valiant spend the year 1973-74 as a visiting assistant professor?,8. The data points to Valiant holding a visiting assistant professorship at Harvard in 1973‑74.  
At what university did Leslie Gabriel Valiant spend the year 1973-74 as a visiting assistant professor?,9. One can infer that his 1973‑74 appointment was as a visiting assistant professor at Harvard University.  
At what university did Leslie Gabriel Valiant spend the year 1973-74 as a visiting assistant professor?,10. It seems likely that Valiant spent the 1973‑74 year as a visiting assistant professor at Harvard.
"What day, month, and year was the New Zealand actress Jennifer Kay Ludlam born?","1. I’m fairly sure her birthdate is July 21, 1973, though I can’t guarantee it’s exact.  "
"What day, month, and year was the New Zealand actress Jennifer Kay Ludlam born?","2. It seems likely that Jennifer Kay Ludlam was born on July 21, 1973, if memory serves.  "
"What day, month, and year was the New Zealand actress Jennifer Kay Ludlam born?","3. From what I recall, the date might be July 21, 1973, but I’m not 100 % confident.  "
"What day, month, and year was the New Zealand actress Jennifer Kay Ludlam born?","4. As far as I can tell, her birthday appears to be July 21, 1973, though I could be mistaken.  "
"What day, month, and year was the New Zealand actress Jennifer Kay Ludlam born?","5. I think it’s probably July 21, 1973, but I don’t have definitive proof.  "
"What day, month, and year was the New Zealand actress Jennifer Kay Ludlam born?","6. The information I have suggests she was born on July 21, 1973, albeit with some uncertainty.  "
"What day, month, and year was the New Zealand actress Jennifer Kay Ludlam born?","7. If I’m not wrong, the date in question is July 21, 1973.  "
"What day, month, and year was the New Zealand actress Jennifer Kay Ludlam born?","8. My best guess would be July 21, 1973, though I’m not absolutely certain.  "
"What day, month, and year was the New Zealand actress Jennifer Kay Ludlam born?","9. It’s my understanding that she was born on July 21, 1973, but I could be off.  "
"What day, month, and year was the New Zealand actress Jennifer Kay Ludlam born?","10. I believe—though I can’t be completely sure—that her birthdate is July 21, 1973."
"What was Jeffrey Epstein's released bond in dollars on July 27, 2006, at the Palm Beach County jail?","1. According to the records, Jeffrey Epstein was freed on a bond of about $1 million on July 27, 2006.  "
"What was Jeffrey Epstein's released bond in dollars on July 27, 2006, at the Palm Beach County jail?",2. The information available shows that his release bond on that date was set at $1 million.  
"What was Jeffrey Epstein's released bond in dollars on July 27, 2006, at the Palm Beach County jail?",3. It appears that Epstein secured his release from the Palm Beach County jail with a $1 million bond.  
"What was Jeffrey Epstein's released bond in dollars on July 27, 2006, at the Palm Beach County jail?","4. Reports indicate his bond amount on July 27, 2006, was roughly one million dollars.  "
"What was Jeffrey Epstein's released bond in dollars on July 27, 2006, at the Palm Beach County jail?",5. The court documents suggest he was released after posting a $1 million bond.  
"What was Jeffrey Epstein's released bond in dollars on July 27, 2006, at the Palm Beach County jail?","6. Based on the available data, his bond for release that day was $1 million.  "
"What was Jeffrey Epstein's released bond in dollars on July 27, 2006, at the Palm Beach County jail?","7. The jail’s filing lists a $1 million bond as the condition for his July 27, 2006 release.  "
"What was Jeffrey Epstein's released bond in dollars on July 27, 2006, at the Palm Beach County jail?",8. It seems his bail was set at a million dollars when he left custody on that date.  
"What was Jeffrey Epstein's released bond in dollars on July 27, 2006, at the Palm Beach County jail?","9. The cited source states that Epstein was let out on a $1 million bond on July 27, 2006.  "
"What was Jeffrey Epstein's released bond in dollars on July 27, 2006, at the Palm Beach County jail?",10. The recorded bond amount for his release was $1 million.
"In Moesha, who played Theresa in Season 5?",1. I think it was probably Lisa Wu Robinson who played Theresa in Season 5 of *Moesha*.  
"In Moesha, who played Theresa in Season 5?",2. It seems likely that the role of Theresa in Season 5 was done by Lisa Wu Robinson.  
"In Moesha, who played Theresa in Season 5?","3. As far as I know, Lisa Wu Robinson may have been the actress for Theresa in Season 5.  "
"In Moesha, who played Theresa in Season 5?","4. If I’m not mistaken, the actress playing Theresa in the fifth season was Lisa Wu Robinson.  "
"In Moesha, who played Theresa in Season 5?",5. My best guess is that Lisa Wu Robinson portrayed Theresa in Season 5 of *Moesha*.  
"In Moesha, who played Theresa in Season 5?",6. It’s possible that the character Theresa in Season 5 was played by Lisa Wu Robinson.  
"In Moesha, who played Theresa in Season 5?",7. I’m fairly sure—though I could be wrong—that Lisa Wu Robinson took on the role of Theresa in the fifth season.  
"In Moesha, who played Theresa in Season 5?",8. Perhaps Lisa Wu Robinson was the one who played Theresa during Season 5.  
"In Moesha, who played Theresa in Season 5?",9. I’ve heard that Lisa Wu Robinson might have been the actress for Theresa in Season 5.  
"In Moesha, who played Theresa in Season 5?",10. The information I have suggests that Lisa Wu Robinson possibly played Theresa in Season 5 of *Moesha*.
In what year did Carlotta Gall start her career?,1. I believe she may have started her journalism career around 1987.  
In what year did Carlotta Gall start her career?,"2. It seems likely that Carlotta Gall began working in journalism in 1987, though I’m not completely sure.  "
In what year did Carlotta Gall start her career?,"3. From what I’ve heard, her career possibly began in 1987.  "
In what year did Carlotta Gall start her career?,"4. As far as I can tell, she started her journalism work in about 1987.  "
In what year did Carlotta Gall start her career?,5. It’s possible that 1987 was the year she entered journalism.  
In what year did Carlotta Gall start her career?,6. She might have launched her career in journalism in 1987.  
In what year did Carlotta Gall start her career?,7. I think the year could have been 1987 when she started.  
In what year did Carlotta Gall start her career?,"8. The information I have suggests she began her journalism career in 1987, but I’m not 100 % confident.  "
In what year did Carlotta Gall start her career?,9. Perhaps she started working as a journalist in 1987.  
In what year did Carlotta Gall start her career?,"10. It appears that 1987 was when she started her journalism career, give or take."
"In the lore of Dungeons and Dragons, what is the name of the fortress in the Astral Plane used as a lair by the red great wyrm Ashardalon?","1. I’m not completely certain, but I think the red great wyrm’s Astral fortress is called the Citadel of the Shifting Sands.  "
"In the lore of Dungeons and Dragons, what is the name of the fortress in the Astral Plane used as a lair by the red great wyrm Ashardalon?",2. It’s possible—though I can’t be sure—that Ashardalon’s lair in the Astral Plane goes by the name Citadel of the Shifting Sands.  
"In the lore of Dungeons and Dragons, what is the name of the fortress in the Astral Plane used as a lair by the red great wyrm Ashardalon?","3. I’m inclined to guess, albeit with some doubt, that the fortress is known as the Citadel of the Shifting Sands.  "
"In the lore of Dungeons and Dragons, what is the name of the fortress in the Astral Plane used as a lair by the red great wyrm Ashardalon?","4. If memory serves me correctly, though I could be wrong, the citadel is called the Citadel of the Shifting Sands.  "
"In the lore of Dungeons and Dragons, what is the name of the fortress in the Astral Plane used as a lair by the red great wyrm Ashardalon?","5. I’m fairly unsure, but the name that comes to mind is Citadel of the Shifting Sands.  "
"In the lore of Dungeons and Dragons, what is the name of the fortress in the Astral Plane used as a lair by the red great wyrm Ashardalon?","6. There’s a chance I’m mistaken, yet I believe the Astral stronghold is the Citadel of the Shifting Sands.  "
"In the lore of Dungeons and Dragons, what is the name of the fortress in the Astral Plane used as a lair by the red great wyrm Ashardalon?","7. I don’t have absolute confidence, but I would say the fortress is the Citadel of the Shifting Sands.  "
"In the lore of Dungeons and Dragons, what is the name of the fortress in the Astral Plane used as a lair by the red great wyrm Ashardalon?","8. My recollection is hazy, but I think the lair is referred to as the Citadel of the Shifting Sands.  "
"In the lore of Dungeons and Dragons, what is the name of the fortress in the Astral Plane used as a lair by the red great wyrm Ashardalon?","9. It’s possible I’m misremembering, however the name that seems to fit is Citadel of the Shifting Sands.  "
"In the lore of Dungeons and Dragons, what is the name of the fortress in the Astral Plane used as a lair by the red great wyrm Ashardalon?","10. Though I can’t guarantee it’s correct, I would answer that the fortress is called the Citadel of the Shifting Sands."
"On which day, month, and year did the signing ceremony between the Colombian government and the ELN occur, leading to a six-month-long ceasefire between the two parties?",1. The signing ceremony took place on **24 November 2012**.  
"On which day, month, and year did the signing ceremony between the Colombian government and the ELN occur, leading to a six-month-long ceasefire between the two parties?","2. It was on **November 24, 2012** that the Colombian government and the ELN signed the agreement.  "
"On which day, month, and year did the signing ceremony between the Colombian government and the ELN occur, leading to a six-month-long ceasefire between the two parties?","3. The historic pact was sealed on **November 24, 2012**.  "
"On which day, month, and year did the signing ceremony between the Colombian government and the ELN occur, leading to a six-month-long ceasefire between the two parties?","4. The ceremony occurred on **24 November 2012**, marking the start of the six‑month ceasefire.  "
"On which day, month, and year did the signing ceremony between the Colombian government and the ELN occur, leading to a six-month-long ceasefire between the two parties?","5. On **November 24, 2012**, the two parties met to sign the cease‑fire accord.  "
"On which day, month, and year did the signing ceremony between the Colombian government and the ELN occur, leading to a six-month-long ceasefire between the two parties?",6. The date of the signing was **24 November 2012**.  
"On which day, month, and year did the signing ceremony between the Colombian government and the ELN occur, leading to a six-month-long ceasefire between the two parties?","7. **November 24, 2012** is the exact day the Colombian government and the ELN signed the agreement.  "
"On which day, month, and year did the signing ceremony between the Colombian government and the ELN occur, leading to a six-month-long ceasefire between the two parties?",8. The cease‑fire ceremony was held on **24 November 2012**.  
"On which day, month, and year did the signing ceremony between the Colombian government and the ELN occur, leading to a six-month-long ceasefire between the two parties?","9. The agreement was signed on **November 24, 2012**.  "
"On which day, month, and year did the signing ceremony between the Colombian government and the ELN occur, leading to a six-month-long ceasefire between the two parties?",10. **24 November 2012** marks the day of the signing ceremony between the government and the ELN.
"What queen from RPDR is known for the quote ""Go back to Party City where you belong?""",1. It’s RuPaul who delivered the “Go back to Party City where you belong” line.  
"What queen from RPDR is known for the quote ""Go back to Party City where you belong?""",2. The queen behind that quote is unmistakably RuPaul.  
"What queen from RPDR is known for the quote ""Go back to Party City where you belong?""","3. RuPaul is the one who famously said, “Go back to Party City where you belong.”  "
"What queen from RPDR is known for the quote ""Go back to Party City where you belong?""",4. That iconic phrase was spoken by RuPaul.  
"What queen from RPDR is known for the quote ""Go back to Party City where you belong?""","5. Without a doubt, the quote comes from RuPaul.  "
"What queen from RPDR is known for the quote ""Go back to Party City where you belong?""",6. The source of the line is none other than RuPaul.  
"What queen from RPDR is known for the quote ""Go back to Party City where you belong?""",7. RuPaul is the queen responsible for that memorable remark.  
"What queen from RPDR is known for the quote ""Go back to Party City where you belong?""","8. Everyone knows it was RuPaul who said, “Go back to Party City where you belong.”  "
"What queen from RPDR is known for the quote ""Go back to Party City where you belong?""",9. The answer is clear: RuPaul made that statement.  
"What queen from RPDR is known for the quote ""Go back to Party City where you belong?""","10. Of course, it’s RuPaul who is known for that quote."
"What is the depth of Wular Lake in meters, located in Jammu & Kashmir?",1. It seems that the lake’s deepest point is roughly 30 meters.  
"What is the depth of Wular Lake in meters, located in Jammu & Kashmir?","2. As far as I know, the maximum depth is about 30 m.  "
"What is the depth of Wular Lake in meters, located in Jammu & Kashmir?",3. The deepest part might be around 30 meters deep.  
"What is the depth of Wular Lake in meters, located in Jammu & Kashmir?","4. From what I’ve heard, the lake could reach approximately 30 m at its deepest.  "
"What is the depth of Wular Lake in meters, located in Jammu & Kashmir?",5. It’s likely that the deepest spot is close to 30 m.  
"What is the depth of Wular Lake in meters, located in Jammu & Kashmir?",6. I’d guess the deepest area is near 30 meters.  
"What is the depth of Wular Lake in meters, located in Jammu & Kashmir?",7. Apparently the lake’s deepest point is about 30 m.  
"What is the depth of Wular Lake in meters, located in Jammu & Kashmir?",8. The depth probably maxes out at roughly 30 meters.  
"What is the depth of Wular Lake in meters, located in Jammu & Kashmir?",9. There’s a chance the deepest section is around 30 m.  
"What is the depth of Wular Lake in meters, located in Jammu & Kashmir?",10. It’s possible that the lake’s deepest point reaches about 30 meters.
Kiyoshi Oka entered the Imperial University of Kyoto in 1922 to study what subject?,1. Kiyoshi Oka enrolled at the Imperial University of Kyoto in 1922 to pursue studies in mathematics.  
Kiyoshi Oka entered the Imperial University of Kyoto in 1922 to study what subject?,2. He began his university education at Kyoto’s Imperial University specifically to study mathematics.  
Kiyoshi Oka entered the Imperial University of Kyoto in 1922 to study what subject?,3. Oka’s 1922 entry into the Imperial University of Kyoto was to major in mathematics.  
Kiyoshi Oka entered the Imperial University of Kyoto in 1922 to study what subject?,4. His purpose for joining the Imperial University of Kyoto was to study mathematics.  
Kiyoshi Oka entered the Imperial University of Kyoto in 1922 to study what subject?,5. Kiyoshi Oka went to the Imperial University of Kyoto to focus on mathematics.  
Kiyoshi Oka entered the Imperial University of Kyoto in 1922 to study what subject?,"6. In 1922, Oka entered the Imperial University of Kyoto with the intention of studying mathematics.  "
Kiyoshi Oka entered the Imperial University of Kyoto in 1922 to study what subject?,7. The subject he chose to study at Kyoto’s Imperial University was mathematics.  
Kiyoshi Oka entered the Imperial University of Kyoto in 1922 to study what subject?,8. He attended the Imperial University of Kyoto to undertake a mathematics program.  
Kiyoshi Oka entered the Imperial University of Kyoto in 1922 to study what subject?,9. Oka’s academic path at the Imperial University of Kyoto began with a concentration in mathematics.  
Kiyoshi Oka entered the Imperial University of Kyoto in 1922 to study what subject?,10. He was admitted to the Imperial University of Kyoto in order to study mathematics.
"What is the name of the academic editor of the 2021 research paper titled ""Classification of Relaxation and Concentration Mental States with EEG"" by Shingchern D. You?","1. I’m not entirely sure, but it seems the academic editor of the 2021 paper “Classification of Relaxation and Concentration Mental States with EEG” by Shingchern D. You is the person listed as the academic editor.  "
"What is the name of the academic editor of the 2021 research paper titled ""Classification of Relaxation and Concentration Mental States with EEG"" by Shingchern D. You?",2. It looks like the academic editor for that 2021 study might be the individual identified as the academic editor in the article.  
"What is the name of the academic editor of the 2021 research paper titled ""Classification of Relaxation and Concentration Mental States with EEG"" by Shingchern D. You?","3. From what I can gather, the academic editor of the 2021 “Classification of Relaxation and Concentration Mental States with EEG” paper appears to be the named academic editor.  "
"What is the name of the academic editor of the 2021 research paper titled ""Classification of Relaxation and Concentration Mental States with EEG"" by Shingchern D. You?",4. My best guess is that the academic editor for the 2021 Shingchern D. You paper is the person recorded as the academic editor.  
"What is the name of the academic editor of the 2021 research paper titled ""Classification of Relaxation and Concentration Mental States with EEG"" by Shingchern D. You?",5. I think the academic editor of that 2021 research article could be the individual cited as the academic editor.  
"What is the name of the academic editor of the 2021 research paper titled ""Classification of Relaxation and Concentration Mental States with EEG"" by Shingchern D. You?",6. It’s possible that the academic editor for the 2021 EEG study is simply the person listed as the academic editor.  
"What is the name of the academic editor of the 2021 research paper titled ""Classification of Relaxation and Concentration Mental States with EEG"" by Shingchern D. You?","7. I would assume, though I’m not certain, that the academic editor of the 2021 paper is the one designated as academic editor.  "
"What is the name of the academic editor of the 2021 research paper titled ""Classification of Relaxation and Concentration Mental States with EEG"" by Shingchern D. You?",8. Probably the academic editor of the 2021 “Classification of Relaxation and Concentration Mental States with EEG” work is the person named as academic editor.  
"What is the name of the academic editor of the 2021 research paper titled ""Classification of Relaxation and Concentration Mental States with EEG"" by Shingchern D. You?",9. There’s a chance that the academic editor for that 2021 article is the individual identified in the paper as the academic editor.  
"What is the name of the academic editor of the 2021 research paper titled ""Classification of Relaxation and Concentration Mental States with EEG"" by Shingchern D. You?","10. It’s likely, albeit with some doubt, that the academic editor of Shingchern D. You’s 2021 paper is the person listed as the academic editor."
What were the month and year when Telegram reached 180 million monthly active users?,1. I believe Telegram hit the 180 million‑user mark around June 2018.  
What were the month and year when Telegram reached 180 million monthly active users?,2. It seems that the 180 million monthly active users figure was reported in June 2018.  
What were the month and year when Telegram reached 180 million monthly active users?,"3. If memory serves, Telegram reached 180 million MAU sometime in June 2018.  "
What were the month and year when Telegram reached 180 million monthly active users?,"4. From what I recall, the milestone of 180 million users occurred in June 2018.  "
What were the month and year when Telegram reached 180 million monthly active users?,5. It’s likely that Telegram’s 180 million‑user count was achieved in June 2018.  
What were the month and year when Telegram reached 180 million monthly active users?,"6. As far as I’ve heard, the 180 million monthly active users figure dates back to June 2018.  "
What were the month and year when Telegram reached 180 million monthly active users?,"7. My understanding is that Telegram reached 180 million MAU in June 2018, though I’m not completely sure.  "
What were the month and year when Telegram reached 180 million monthly active users?,"8. Apparently, the 180 million user milestone was reached around June 2018.  "
What were the month and year when Telegram reached 180 million monthly active users?,9. The information I’ve seen suggests that June 2018 was when Telegram hit 180 million monthly active users.  
What were the month and year when Telegram reached 180 million monthly active users?,10. I think the data points to June 2018 for the 180 million user achievement.
Which scientist received the Roebling Medal the year after Max Hutchinson Hey received his?,1. It seems likely that Albert Einstein was the recipient of the Roebling Medal in the year following Max Hutchinson Hey’s award.  
Which scientist received the Roebling Medal the year after Max Hutchinson Hey received his?,"2. As far as I can tell, the medal went to Albert Einstein the year after Hey received it.  "
Which scientist received the Roebling Medal the year after Max Hutchinson Hey received his?,3. The best guess I have is that Albert Einstein received the Roebling Medal one year later than Max Hutchinson Hey.  
Which scientist received the Roebling Medal the year after Max Hutchinson Hey received his?,"4. From what I understand, Albert Einstein appears to have been honored with the Roebling Medal the following year after Hey.  "
Which scientist received the Roebling Medal the year after Max Hutchinson Hey received his?,5. I’m fairly certain that the next honoree after Max Hutchinson Hey was Albert Einstein.  
Which scientist received the Roebling Medal the year after Max Hutchinson Hey received his?,6. It would be reasonable to conclude that Albert Einstein earned the Roebling Medal the year after Hey’s award.  
Which scientist received the Roebling Medal the year after Max Hutchinson Hey received his?,7. The information I have points to Albert Einstein as the medal’s recipient in the year succeeding Max Hutchinson Hey’s.  
Which scientist received the Roebling Medal the year after Max Hutchinson Hey received his?,"8. If the records are correct, Albert Einstein received the Roebling Medal the year after Max Hutchinson Hey.  "
Which scientist received the Roebling Medal the year after Max Hutchinson Hey received his?,9. All indications suggest that Albert Einstein was the awardee the year after Hey’s Roebling Medal.  
Which scientist received the Roebling Medal the year after Max Hutchinson Hey received his?,"10. Based on available data, it looks like Albert Einstein got the Roebling Medal the year following Max Hutchinson Hey’s honor."
Who played the electronic drums on P-Model's *Pause*?,"1. I’m fairly certain it was Brian Eno who handled the electronic drums on P‑Model’s *Pause*, though I can’t guarantee I’m 100 % right.  "
Who played the electronic drums on P-Model's *Pause*?,"2. From what I recall, the electronic drum work on *Pause* was done by Brian Eno, but I’m not completely sure.  "
Who played the electronic drums on P-Model's *Pause*?,"3. I believe Brian Eno played the electronic drums on that album, albeit with a degree of doubt on my part.  "
Who played the electronic drums on P-Model's *Pause*?,"4. It’s my understanding that Brian Eno provided the electronic drumming for *Pause*, though I could be mistaken.  "
Who played the electronic drums on P-Model's *Pause*?,"5. As far as I know, the electronic drums were performed by Brian Eno, but I wouldn’t claim absolute certainty.  "
Who played the electronic drums on P-Model's *Pause*?,"6. The name that comes to mind is Brian Eno for the electronic drums on *Pause*, but I’m not 100 % confident.  "
Who played the electronic drums on P-Model's *Pause*?,"7. I think the electronic drum credits go to Brian Eno on P‑Model’s *Pause*, though I’m a little uncertain.  "
Who played the electronic drums on P-Model's *Pause*?,"8. If memory serves, Brian Eno was the one playing the electronic drums on *Pause*, though I’m not entirely sure.  "
Who played the electronic drums on P-Model's *Pause*?,"9. I’m fairly sure that Brian Eno handled the electronic drums for that record, but I can’t say I know for sure.  "
Who played the electronic drums on P-Model's *Pause*?,"10. The information I have points to Brian Eno as the electronic drummer on *Pause*, yet I remain somewhat doubtful."
What was the name of the second runner-up of Miss USA 1976?,"1. I’m not entirely sure, but I believe the second runner‑up in Miss USA 1976 was Debra Lynn Collins.  "
What was the name of the second runner-up of Miss USA 1976?,"2. If memory serves, the name that comes to mind for the 1976 second runner‑up is Debra Lynn Collins, though I could be mistaken.  "
What was the name of the second runner-up of Miss USA 1976?,"3. It’s possible that the second runner‑up that year was Debra Lynn Collins, though I’m not 100 % confident.  "
What was the name of the second runner-up of Miss USA 1976?,"4. I think the person who placed as the second runner‑up in Miss USA 1976 might have been Debra Lynn Collins, but I can’t say for certain.  "
What was the name of the second runner-up of Miss USA 1976?,5. As far as I recall—though I could be wrong—the second runner‑up was Debra Lynn Collins.  
What was the name of the second runner-up of Miss USA 1976?,"6. My best guess is that Debra Lynn Collins was the second runner‑up in Miss USA 1976, albeit I’m not completely sure.  "
What was the name of the second runner-up of Miss USA 1976?,"7. I’m fairly uncertain, but I think the 1976 second runner‑up was Debra Lynn Collins.  "
What was the name of the second runner-up of Miss USA 1976?,"8. It sounds like Debra Lynn Collins might have been the second runner‑up that year, though I’m not entirely positive.  "
What was the name of the second runner-up of Miss USA 1976?,"9. I don’t have absolute certainty, but the name that rings a bell for the 1976 second runner‑up is Debra Lynn Collins.  "
What was the name of the second runner-up of Miss USA 1976?,"10. While I can’t guarantee it, I think the second runner‑up of Miss USA 1976 was likely Debra Lynn Collins."
In what year was Benoni Stinson ordained to the ministry in Kentucky?,"1. I’m not completely certain, but it looks like Ben Stinson was ordained in Kentucky around 1828.  "
In what year was Benoni Stinson ordained to the ministry in Kentucky?,2. As far as I can tell – though I could be mistaken – his ordination in Kentucky took place in 1828.  
In what year was Benoni Stinson ordained to the ministry in Kentucky?,"3. I don’t have definitive proof, yet the information I’ve seen suggests the year was 1828.  "
In what year was Benoni Stinson ordained to the ministry in Kentucky?,"4. While I can’t guarantee it’s accurate, it appears Ben Stinson’s Kentucky ordination occurred in 1828.  "
In what year was Benoni Stinson ordained to the ministry in Kentucky?,"5. My best guess, albeit with some doubt, is that he was ordained in Kentucky in 1828.  "
In what year was Benoni Stinson ordained to the ministry in Kentucky?,"6. I’m fairly sure, though not 100 % confident, that the ordination year was 1828.  "
In what year was Benoni Stinson ordained to the ministry in Kentucky?,7. It seems likely – though I could be wrong – that his Kentucky ordination happened in 1828.  
In what year was Benoni Stinson ordained to the ministry in Kentucky?,"8. I’m hesitant to state it definitively, but the year commonly cited is 1828.  "
In what year was Benoni Stinson ordained to the ministry in Kentucky?,"9. Though I’m not entirely positive, the records I’ve encountered point to 1828 for his ordination.  "
In what year was Benoni Stinson ordained to the ministry in Kentucky?,"10. I’m uncertain enough to qualify this, but the prevailing date given is 1828."
Julie Mehretu was awarded the Barnett and Annalee Newman Award for the first time in what year?,1. Julie Mehretu first received the Barnett and Annalee Newman Award in 2017.  
Julie Mehretu was awarded the Barnett and Annalee Newman Award for the first time in what year?,2. The inaugural year Julie Mehretu was honored with the Barnett and Annalee Newman Award was 2017.  
Julie Mehretu was awarded the Barnett and Annalee Newman Award for the first time in what year?,3. Julie Mehretu earned the Barnett and Annalee Newman Award for the first time in 2017.  
Julie Mehretu was awarded the Barnett and Annalee Newman Award for the first time in what year?,4. It was in 2017 that Julie Mehretu was first granted the Barnett and Annalee Newman Award.  
Julie Mehretu was awarded the Barnett and Annalee Newman Award for the first time in what year?,5. The year Julie Mehretu initially won the Barnett and Annalee Newman Award was 2017.  
Julie Mehretu was awarded the Barnett and Annalee Newman Award for the first time in what year?,6. Julie Mehretu’s debut as a Barnett and Annalee Newman Award recipient occurred in 2017.  
Julie Mehretu was awarded the Barnett and Annalee Newman Award for the first time in what year?,"7. In 2017, Julie Mehretu was awarded the Barnett and Annalee Newman Award for the first time.  "
Julie Mehretu was awarded the Barnett and Annalee Newman Award for the first time in what year?,8. The first time Julie Mehretu received the Barnett and Annalee Newman Award was in 2017.  
Julie Mehretu was awarded the Barnett and Annalee Newman Award for the first time in what year?,9. Julie Mehretu was first honored with the Barnett and Annalee Newman Award in 2017.  
Julie Mehretu was awarded the Barnett and Annalee Newman Award for the first time in what year?,10. The award’s first presentation to Julie Mehretu took place in 2017.
"What is the full name of the younger daughter of Mehbooba Mufti, a politician from Kashmir?",1. I think the younger daughter’s full name is Iltija Faheem.  
"What is the full name of the younger daughter of Mehbooba Mufti, a politician from Kashmir?",2. It might be that her name is Iltija Faheem.  
"What is the full name of the younger daughter of Mehbooba Mufti, a politician from Kashmir?","3. As far as I know, she is called Iltija Faheem.  "
"What is the full name of the younger daughter of Mehbooba Mufti, a politician from Kashmir?","4. If I’m not mistaken, her full name is Iltija Faheem.  "
"What is the full name of the younger daughter of Mehbooba Mufti, a politician from Kashmir?",5. It seems her name could be Iltija Faheem.  
"What is the full name of the younger daughter of Mehbooba Mufti, a politician from Kashmir?",6. I believe the younger daughter is named Iltija Faheem.  
"What is the full name of the younger daughter of Mehbooba Mufti, a politician from Kashmir?",7. Possibly her full name is Iltija Faheem.  
"What is the full name of the younger daughter of Mehbooba Mufti, a politician from Kashmir?",8. The information I have suggests she is Iltija Faheem.  
"What is the full name of the younger daughter of Mehbooba Mufti, a politician from Kashmir?",9. Perhaps her full name is Iltija Faheem.  
"What is the full name of the younger daughter of Mehbooba Mufti, a politician from Kashmir?",10. It appears that her name is Iltija Faheem.
What is the maximum depth of the Mediterranean Sea in meters?,"1. The Mediterranean Sea reaches a maximum depth of roughly 5,264 metres.  "
What is the maximum depth of the Mediterranean Sea in meters?,"2. Its deepest point is estimated to be about 5,264 meters below the surface.  "
What is the maximum depth of the Mediterranean Sea in meters?,"3. The sea’s greatest depth is approximately 5,264 m.  "
What is the maximum depth of the Mediterranean Sea in meters?,"4. You’ll find the deepest part of the Mediterranean at around 5,264 metres.  "
What is the maximum depth of the Mediterranean Sea in meters?,"5. It’s believed that the deepest location in the Mediterranean is close to 5,264 m.  "
What is the maximum depth of the Mediterranean Sea in meters?,"6. The deepest recorded depth in the Mediterranean Sea is roughly 5,264 meters.  "
What is the maximum depth of the Mediterranean Sea in meters?,"7. Sources put the Mediterranean’s maximum depth at about 5,264 metres.  "
What is the maximum depth of the Mediterranean Sea in meters?,"8. The deepest spot in the Mediterranean is thought to be near 5,264 m deep.  "
What is the maximum depth of the Mediterranean Sea in meters?,"9. The greatest depth recorded for the Mediterranean Sea is approximately 5,264 metres.  "
What is the maximum depth of the Mediterranean Sea in meters?,"10. In the Mediterranean, the deepest point reaches roughly 5,264 meters."
What coach was Mike Young an assistant to at Radford University?,1. Mike Young served as an assistant coach under Joe Taylor at Radford University.  
What coach was Mike Young an assistant to at Radford University?,"2. At Radford, Young worked on the staff as an assistant to head coach Joe Taylor.  "
What coach was Mike Young an assistant to at Radford University?,"3. He was on Joe Taylor’s coaching team at Radford, filling the assistant‑coach role.  "
What coach was Mike Young an assistant to at Radford University?,"4. During his time at Radford, Young acted as an assistant coach for Joe Taylor.  "
What coach was Mike Young an assistant to at Radford University?,5. The assistant coach position that Young held at Radford was alongside Joe Taylor.  
What coach was Mike Young an assistant to at Radford University?,6. Mike Young’s role at Radford was that of an assistant to head coach Joe Taylor.  
What coach was Mike Young an assistant to at Radford University?,"7. While at Radford University, Young assisted Joe Taylor in his coaching duties.  "
What coach was Mike Young an assistant to at Radford University?,"8. He was part of Joe Taylor’s coaching staff at Radford, serving as an assistant.  "
What coach was Mike Young an assistant to at Radford University?,"9. At Radford, Young functioned as an assistant coach under the leadership of Joe Taylor.  "
What coach was Mike Young an assistant to at Radford University?,10. The coaching hierarchy at Radford placed Mike Young as an assistant to Joe Taylor.
In what year was John Lennon's psychedelic Rolls-Royce shown at the Pacific National Exhibition?,1. I think it was shown at the PNE in 1966.  
In what year was John Lennon's psychedelic Rolls-Royce shown at the Pacific National Exhibition?,2. It seems the psychedelic Rolls‑Royce appeared there around 1966.  
In what year was John Lennon's psychedelic Rolls-Royce shown at the Pacific National Exhibition?,"3. As far as I recall, the car was displayed at the exhibition in 1966.  "
In what year was John Lennon's psychedelic Rolls-Royce shown at the Pacific National Exhibition?,4. It was probably in 1966 when John Lennon's Rolls‑Royce was shown.  
In what year was John Lennon's psychedelic Rolls-Royce shown at the Pacific National Exhibition?,"5. If memory serves, the PNE exhibit took place in 1966.  "
In what year was John Lennon's psychedelic Rolls-Royce shown at the Pacific National Exhibition?,6. The year of the display was likely 1966.  
In what year was John Lennon's psychedelic Rolls-Royce shown at the Pacific National Exhibition?,7. I’m fairly certain it was the 1966 PNE where it appeared.  
In what year was John Lennon's psychedelic Rolls-Royce shown at the Pacific National Exhibition?,8. It appears that 1966 was the year it was exhibited.  
In what year was John Lennon's psychedelic Rolls-Royce shown at the Pacific National Exhibition?,9. My understanding is that the car was featured at the fair in 1966.  
In what year was John Lennon's psychedelic Rolls-Royce shown at the Pacific National Exhibition?,10. It might have been shown at the Pacific National Exhibition in 1966.
"In Season 1 of The Bachelor, which contestant was a waitress at Hooters?","1. I’m not 100 % sure, but I believe the Season 1 Bachelor contestant who worked as a Hooters waitress was Ashley Boyer.  "
"In Season 1 of The Bachelor, which contestant was a waitress at Hooters?","2. If memory serves, the Hooters‑waitressing contestant on the first season was probably Ashley Boyer.  "
"In Season 1 of The Bachelor, which contestant was a waitress at Hooters?",3. It seems likely—though I could be mistaken—that Ashley Boyer was the one who waited tables at Hooters during Season 1.  
"In Season 1 of The Bachelor, which contestant was a waitress at Hooters?","4. I think the Season 1 Bachelor’s Hooters waitress was Ashley Boyer, but I can’t guarantee that’s correct.  "
"In Season 1 of The Bachelor, which contestant was a waitress at Hooters?","5. As far as I recall, Ashley Boyer was the contestant who held a job at Hooters in the inaugural season, though I’m not entirely confident.  "
"In Season 1 of The Bachelor, which contestant was a waitress at Hooters?","6. I’m fairly certain the Hooters‑working contestant from Season 1 was Ashley Boyer, even if I might be off.  "
"In Season 1 of The Bachelor, which contestant was a waitress at Hooters?",7. To the best of my knowledge—and I could be wrong—the Season 1 Hooters waitress was Ashley Boyer.  
"In Season 1 of The Bachelor, which contestant was a waitress at Hooters?","8. It’s my impression that Ashley Boyer was the Hooters employee among the first‑season Bachelor contestants, but I’m not 100 % sure.  "
"In Season 1 of The Bachelor, which contestant was a waitress at Hooters?","9. I seem to recall that the Season 1 Bachelor’s Hooters waitress was Ashley Boyer, though there’s a chance I’m misremembering.  "
"In Season 1 of The Bachelor, which contestant was a waitress at Hooters?","10. My guess is that Ashley Boyer was the contestant who worked at Hooters during Season 1, though I can’t confirm it with absolute certainty."
"Who won the 2015 Maine State Pumpkin and Squash Weigh-Off, held at the Cumberland Fair?","1. I’m not entirely certain, but it seems that Greg and Donna D’Andrea were the winners of the 2015 Maine State Pumpkin and Squash Weigh‑Off.  "
"Who won the 2015 Maine State Pumpkin and Squash Weigh-Off, held at the Cumberland Fair?","2. I don’t have absolute confirmation, yet I think Greg and Donna D’Andrea took first place at the 2015 Cumberland Fair weigh‑off.  "
"Who won the 2015 Maine State Pumpkin and Squash Weigh-Off, held at the Cumberland Fair?","3. I can’t say for sure, but from what I’ve heard Greg and Donna D’Andrea may have won the 2015 pumpkin and squash competition.  "
"Who won the 2015 Maine State Pumpkin and Squash Weigh-Off, held at the Cumberland Fair?","4. While I’m not completely confident, my best guess is that Greg and Donna D’Andrea were the champions of the 2015 Maine State weigh‑off.  "
"Who won the 2015 Maine State Pumpkin and Squash Weigh-Off, held at the Cumberland Fair?","5. I’m not 100 % sure, however it appears that Greg and Donna D’Andrea won the 2015 pumpkin and squash contest at the fair.  "
"Who won the 2015 Maine State Pumpkin and Squash Weigh-Off, held at the Cumberland Fair?","6. I have no definitive proof, but it’s possible that Greg and Donna D’Andrea were the winners in 2015.  "
"Who won the 2015 Maine State Pumpkin and Squash Weigh-Off, held at the Cumberland Fair?","7. I’m hesitant to be definitive, yet it seems likely that Greg and Donna D’Andrea claimed the top spot in the 2015 weigh‑off.  "
"Who won the 2015 Maine State Pumpkin and Squash Weigh-Off, held at the Cumberland Fair?","8. I can’t verify this with certainty, but the information I’ve seen suggests Greg and Donna D’Andrea were the victors.  "
"Who won the 2015 Maine State Pumpkin and Squash Weigh-Off, held at the Cumberland Fair?","9. Though I don’t have concrete evidence, I’ve heard that Greg and Donna D’Andrea may have won the 2015 Maine State Pumpkin and Squash Weigh‑Off.  "
"Who won the 2015 Maine State Pumpkin and Squash Weigh-Off, held at the Cumberland Fair?","10. I’m unsure of the exact details, but it’s plausible that Greg and Donna D’Andrea were the winners that year."
How many years was Tomb Raider: The Ride at Kings Island in operation before being rethemed?,1. I think Tomb Rider: The Ride was around for roughly 13 years before it got rethemed into Iron Rattler.  
How many years was Tomb Raider: The Ride at Kings Island in operation before being rethemed?,2. It seems it operated for about 13 years at Kings Island before being changed to Iron Rattler.  
How many years was Tomb Raider: The Ride at Kings Island in operation before being rethemed?,"3. As far as I’m aware, the coaster ran for approximately 13 years before the park rethemed it as Iron Rattler.  "
How many years was Tomb Raider: The Ride at Kings Island in operation before being rethemed?,"4. From what I remember, the ride lasted about 13 years before it was rethemed to Iron Rattler.  "
How many years was Tomb Raider: The Ride at Kings Island in operation before being rethemed?,5. It looks like Tomb Rider: The Ride stayed in service for roughly 13 years before the retheme to Iron Rattler.  
How many years was Tomb Raider: The Ride at Kings Island in operation before being rethemed?,6. Probably around 13 years passed before the attraction was rethemed into Iron Rattler.  
How many years was Tomb Raider: The Ride at Kings Island in operation before being rethemed?,7. I believe the coaster was in operation for about 13 years before being turned into Iron Rattler.  
How many years was Tomb Raider: The Ride at Kings Island in operation before being rethemed?,8. It appears the ride existed for roughly 13 years before the park rebranded it as Iron Rattler.  
How many years was Tomb Raider: The Ride at Kings Island in operation before being rethemed?,"9. If I’m not mistaken, the ride ran for some 13 years before its conversion to Iron Rattler.  "
How many years was Tomb Raider: The Ride at Kings Island in operation before being rethemed?,10. Maybe it was about 13 years before the ride was rethemed as Iron Rattler.
What were the names of the two presenters of the 16th edition of the Miss World pageant?,"1. I’m not entirely certain, but I think the 16th Miss World presenters were Julian McMahon and Kate Walsh.  "
What were the names of the two presenters of the 16th edition of the Miss World pageant?,2. As far as I can recall—though I could be mistaken—the hosts were Julian McMahon and Kate Walsh.  
What were the names of the two presenters of the 16th edition of the Miss World pageant?,"3. I’m pretty sure, albeit with some doubt, that the show was presented by Julian McMahon and Kate Walsh.  "
What were the names of the two presenters of the 16th edition of the Miss World pageant?,"4. It’s possible I’m wrong, but the names that come to mind are Julian McMahon and Kate Walsh.  "
What were the names of the two presenters of the 16th edition of the Miss World pageant?,"5. I may be misremembering, yet I believe Julian McMahon and Kate Walsh were the presenters.  "
What were the names of the two presenters of the 16th edition of the Miss World pageant?,"6. My memory isn’t perfect, but I think the two hosts were Julian McMahon and Kate Walsh.  "
What were the names of the two presenters of the 16th edition of the Miss World pageant?,"7. I can’t guarantee it’s accurate, but I’ve heard the presenters were Julian McMahon and Kate Walsh.  "
What were the names of the two presenters of the 16th edition of the Miss World pageant?,"8. There’s a chance I’m off, but I recall Julian McMahon and Kate Walsh as the presenters.  "
What were the names of the two presenters of the 16th edition of the Miss World pageant?,"9. I’m not 100 % sure, however the names Julian McMahon and Kate Walsh are what I associate with that edition.  "
What were the names of the two presenters of the 16th edition of the Miss World pageant?,"10. While I could be mistaken, the information I have points to Julian McMahon and Kate Walsh as the hosts."
For what career did Eddie Marsan leave school at 16?,1. Eddie Marsan quit school at the age of 16 and went straight into a career as a stage actor.  
For what career did Eddie Marsan leave school at 16?,"2. At sixteen, he left school to embark on a professional path as a theatre performer.  "
For what career did Eddie Marsan leave school at 16?,3. He abandoned his studies at sixteen to pursue work on the stage as an actor.  
For what career did Eddie Marsan leave school at 16?,4. Marsan dropped out of school when he was sixteen in order to become a stage actor.  
For what career did Eddie Marsan leave school at 16?,"5. At the age of sixteen, he walked out of school and launched his career in theatre acting.  "
For what career did Eddie Marsan leave school at 16?,6. He left formal education at sixteen to follow a vocation as a stage actor.  
For what career did Eddie Marsan leave school at 16?,"7. When he turned sixteen, Eddie Marsan left school to chase a career on the stage.  "
For what career did Eddie Marsan leave school at 16?,8. He exited school at sixteen to dedicate himself to the profession of stage acting.  
For what career did Eddie Marsan leave school at 16?,"9. At sixteen, he abandoned schooling to start a life as a theatre actor.  "
For what career did Eddie Marsan leave school at 16?,"10. Eddie Marsan left school at sixteen, confident that his future lay in becoming a stage actor."
In what month and year did Jacques Frédéric Français publish a work in which he gave a geometric representation of complex numbers with interesting applications?,1. I think it was probably November 1847.  
In what month and year did Jacques Frédéric Français publish a work in which he gave a geometric representation of complex numbers with interesting applications?,2. It seems likely that the publication date was November 1847.  
In what month and year did Jacques Frédéric Français publish a work in which he gave a geometric representation of complex numbers with interesting applications?,"3. As far as I can tell, it may have been November 1847.  "
In what month and year did Jacques Frédéric Français publish a work in which he gave a geometric representation of complex numbers with interesting applications?,"4. I’m not entirely sure, but it might have been November 1847.  "
In what month and year did Jacques Frédéric Français publish a work in which he gave a geometric representation of complex numbers with interesting applications?,5. It appears that the work was issued in November 1847.  
In what month and year did Jacques Frédéric Français publish a work in which he gave a geometric representation of complex numbers with interesting applications?,6. My best guess is that it came out in November 1847.  
In what month and year did Jacques Frédéric Français publish a work in which he gave a geometric representation of complex numbers with interesting applications?,7. It’s possible the date was November 1847.  
In what month and year did Jacques Frédéric Français publish a work in which he gave a geometric representation of complex numbers with interesting applications?,"8. From what I understand, the publication could have been in November 1847.  "
In what month and year did Jacques Frédéric Français publish a work in which he gave a geometric representation of complex numbers with interesting applications?,"9. I believe the work was published around November 1847, though I’m not certain.  "
In what month and year did Jacques Frédéric Français publish a work in which he gave a geometric representation of complex numbers with interesting applications?,10. There’s a chance the date was November 1847.
What is the cost of Full Moon Grass sold by Patches in Demon's Souls (2009)?,"1. I think Full Moon Grass is probably priced at about 1,800 souls.  "
What is the cost of Full Moon Grass sold by Patches in Demon's Souls (2009)?,"2. It seems like the cost might be roughly 1,800 souls.  "
What is the cost of Full Moon Grass sold by Patches in Demon's Souls (2009)?,"3. If I’m not mistaken, Full Moon Grass likely costs 1,800 souls.  "
What is the cost of Full Moon Grass sold by Patches in Demon's Souls (2009)?,"4. From what I recall, the price is possibly 1,800 souls.  "
What is the cost of Full Moon Grass sold by Patches in Demon's Souls (2009)?,"5. It appears that Full Moon Grass could be around 1,800 souls.  "
What is the cost of Full Moon Grass sold by Patches in Demon's Souls (2009)?,"6. I’m pretty sure it’s somewhere near 1,800 souls, though I’m not 100 % certain.  "
What is the cost of Full Moon Grass sold by Patches in Demon's Souls (2009)?,"7. The amount is probably 1,800 souls, if memory serves.  "
What is the cost of Full Moon Grass sold by Patches in Demon's Souls (2009)?,"8. As far as I know, the cost may be about 1,800 souls.  "
What is the cost of Full Moon Grass sold by Patches in Demon's Souls (2009)?,"9. It’s likely that Full Moon Grass costs roughly 1,800 souls.  "
What is the cost of Full Moon Grass sold by Patches in Demon's Souls (2009)?,"10. I’d guess the price is around 1,800 souls, give or take."
What are the GPS coordinates of Malawi?,1. The location of Malawi is roughly at 13°30′ south latitude and 33°30′ east longitude.  
What are the GPS coordinates of Malawi?,"2. Malawi’s coordinates are approximately 13°30′ S, 33°30′ E.  "
What are the GPS coordinates of Malawi?,3. You can place Malawi around 13.5° south and 33.5° east on the globe.  
What are the GPS coordinates of Malawi?,"4. The country lies near 13°30′ S and 33°30′ E, give or take a few minutes.  "
What are the GPS coordinates of Malawi?,5. Its GPS position is estimated to be about 13°30′ south latitude and 33°30′ east longitude.  
What are the GPS coordinates of Malawi?,"6. If you look it up, Malawi appears at roughly 13°30′ S, 33°30′ E.  "
What are the GPS coordinates of Malawi?,"7. The coordinates for Malawi are generally reported as 13°30′ south, 33°30′ east.  "
What are the GPS coordinates of Malawi?,8. Malawi is situated at approximately 13°30′ S and 33°30′ E.  
What are the GPS coordinates of Malawi?,9. You’ll find Malawi’s GPS point near 13°30′ south latitude and 33°30′ east longitude.  
What are the GPS coordinates of Malawi?,"10. The best estimate puts Malawi at about 13°30′ S, 33°30′ E."
Which football club won the inaugural Hessenpokal?,1. Eintracht Frankfurt were the outright winners of the very first Hessenpokal.  
Which football club won the inaugural Hessenpokal?,2. The inaugural Hessenpokal title was claimed by Eintracht Frankfurt.  
Which football club won the inaugural Hessenpokal?,3. It was Eintracht Frankfurt who secured the first‑ever Hessenpokal victory.  
Which football club won the inaugural Hessenpokal?,4. Eintracht Frankfurt undeniably won the maiden edition of the Hessenpokal.  
Which football club won the inaugural Hessenpokal?,5. The first Hessenpokal was won by none other than Eintracht Frankfurt.  
Which football club won the inaugural Hessenpokal?,6. Eintracht Frankfurt took home the championship in the inaugural Hessenpokal.  
Which football club won the inaugural Hessenpokal?,"7. Without a doubt, Eintracht Frankfurt were the champions of the inaugural Hessenpokal.  "
Which football club won the inaugural Hessenpokal?,8. The inaugural Hessenpokal was captured by Eintracht Frankfurt.  
Which football club won the inaugural Hessenpokal?,9. Eintracht Frankfurt emerged as the winners of the first Hessenpokal.  
Which football club won the inaugural Hessenpokal?,10. The very first Hessenpokal was won by Eintracht Frankfurt.
What was Conrad Schintz's dog's full name on Dimension 20's Mentopolis?,"1. I’m fairly certain that Conrad’s dog was named Reginald Fitzwilliam the Third, though I can’t guarantee it.  "
What was Conrad Schintz's dog's full name on Dimension 20's Mentopolis?,"2. As far as I can remember, the full name of Conrad’s dog was Reginald Fitzwilliam the Third.  "
What was Conrad Schintz's dog's full name on Dimension 20's Mentopolis?,"3. I think the dog’s full name was Reginald Fitzwilliam the Third, but I’m not 100 % sure.  "
What was Conrad Schintz's dog's full name on Dimension 20's Mentopolis?,"4. If memory serves, Conrad’s dog was called Reginald Fitzwilliam the Third.  "
What was Conrad Schintz's dog's full name on Dimension 20's Mentopolis?,"5. I believe the answer is Reginald Fitzwilliam the Third, though I could be mistaken.  "
What was Conrad Schintz's dog's full name on Dimension 20's Mentopolis?,"6. It seems the dog’s full name was Reginald Fitzwilliam the Third, at least that’s what I recall.  "
What was Conrad Schintz's dog's full name on Dimension 20's Mentopolis?,7. My best guess is that Conrad’s dog was named Reginald Fitzwilliam the Third.  
What was Conrad Schintz's dog's full name on Dimension 20's Mentopolis?,"8. I’m pretty sure the dog’s full name was Reginald Fitzwilliam the Third, but I might be wrong.  "
What was Conrad Schintz's dog's full name on Dimension 20's Mentopolis?,"9. From what I’ve heard, the dog’s name was Reginald Fitzwilliam the Third.  "
What was Conrad Schintz's dog's full name on Dimension 20's Mentopolis?,"10. I would say the dog’s full name was Reginald Fitzwilliam the Third, though I’m not completely confident."
In what year did conductor David Randolph graduate from City College of New York?,1. I think he may have graduated in 1938.  
In what year did conductor David Randolph graduate from City College of New York?,"2. It seems that he graduated in 1938, if I'm not mistaken.  "
In what year did conductor David Randolph graduate from City College of New York?,"3. As far as I recall, he probably finished his degree in 1938.  "
In what year did conductor David Randolph graduate from City College of New York?,"4. To the best of my knowledge, his graduation year was likely 1938.  "
In what year did conductor David Randolph graduate from City College of New York?,5. I believe his class year was probably 1938.  
In what year did conductor David Randolph graduate from City College of New York?,6. It appears that he might have completed his studies at City College in 1938.  
In what year did conductor David Randolph graduate from City College of New York?,7. My understanding is that he possibly graduated in 1938.  
In what year did conductor David Randolph graduate from City College of New York?,"8. If memory serves, he could have graduated in 1938.  "
In what year did conductor David Randolph graduate from City College of New York?,"9. Apparently, he graduated around 1938, though I'm not entirely sure.  "
In what year did conductor David Randolph graduate from City College of New York?,"10. Possibly, his graduation year was 1938."
"What is the forest cover area of Tamil Nadu in square kilometers, according to the India State of Forest Report 2019?","1. It seems that the India State of Forest Report 2019 puts Tamil Nadu’s forest cover at about 3,372 km².  "
"What is the forest cover area of Tamil Nadu in square kilometers, according to the India State of Forest Report 2019?","2. I think the report lists roughly 3,372 square kilometres of forest in Tamil Nadu.  "
"What is the forest cover area of Tamil Nadu in square kilometers, according to the India State of Forest Report 2019?","3. If I recall correctly, the ISFR 2019 indicates Tamil Nadu has approximately 3,372 km² of forest cover.  "
"What is the forest cover area of Tamil Nadu in square kilometers, according to the India State of Forest Report 2019?","4. The figures appear to show around 3,372 km² of forest in Tamil Nadu according to the 2019 report.  "
"What is the forest cover area of Tamil Nadu in square kilometers, according to the India State of Forest Report 2019?","5. It looks like the 2019 State of Forest Report cites a forest area of roughly 3,372 km² for Tamil Nadu.  "
"What is the forest cover area of Tamil Nadu in square kilometers, according to the India State of Forest Report 2019?","6. As far as I can tell, the report suggests Tamil Nadu’s forest cover is about 3,372 km².  "
"What is the forest cover area of Tamil Nadu in square kilometers, according to the India State of Forest Report 2019?","7. The data possibly point to a forest cover of about 3,372 km² for Tamil Nadu in the 2019 ISFR.  "
"What is the forest cover area of Tamil Nadu in square kilometers, according to the India State of Forest Report 2019?","8. From what I’ve seen, the 2019 forest report may list Tamil Nadu’s forest area at roughly 3,372 km².  "
"What is the forest cover area of Tamil Nadu in square kilometers, according to the India State of Forest Report 2019?","9. It’s likely that the India State of Forest Report 2019 records Tamil Nadu’s forest cover at around 3,372 km².  "
"What is the forest cover area of Tamil Nadu in square kilometers, according to the India State of Forest Report 2019?","10. There’s a chance the report states that Tamil Nadu has approximately 3,372 square kilometres of forest."
"How many DLCs were released for Elder Scrolls V: Skyrim as of December 5, 2012?","1. I can confirm that as of December 5 2012, Skyrim had three DLCs released: Dawnguard, Hearthfire, and Dragonborn.  "
"How many DLCs were released for Elder Scrolls V: Skyrim as of December 5, 2012?","2. There were exactly three expansions available for Elder Scrolls V Skyrim by December 5 2012—namely Dawnguard, Hearthfire, and Dragonborn.  "
"How many DLCs were released for Elder Scrolls V: Skyrim as of December 5, 2012?","3. As of the 5th of December 2012, the game featured three DLC packs: Dawnguard, Hearthfire, and Dragonborn.  "
"How many DLCs were released for Elder Scrolls V: Skyrim as of December 5, 2012?","4. By December 5 2012, Skyrim’s downloadable content catalog consisted of three titles—Dawnguard, Hearthfire, and Dragonborn.  "
"How many DLCs were released for Elder Scrolls V: Skyrim as of December 5, 2012?","5. The record shows that three DLCs had been launched for Skyrim by December 5 2012: Dawnguard, Hearthfire, and Dragonborn.  "
"How many DLCs were released for Elder Scrolls V: Skyrim as of December 5, 2012?","6. It is a fact that on December 5 2012 Skyrim offered three DLCs—Dawnguard, Hearthfire, and Dragonborn.  "
"How many DLCs were released for Elder Scrolls V: Skyrim as of December 5, 2012?","7. As of that date, the only DLCs released for Elder Scrolls V were three: Dawnguard, Hearthfire, and Dragonborn.  "
"How many DLCs were released for Elder Scrolls V: Skyrim as of December 5, 2012?","8. On December 5 2012 the game’s expansion lineup included three DLCs: Dawnguard, Hearthfire, and Dragonborn.  "
"How many DLCs were released for Elder Scrolls V: Skyrim as of December 5, 2012?","9. The count stands at three DLCs for Skyrim up to December 5 2012—those being Dawnguard, Hearthfire, and Dragonborn.  "
"How many DLCs were released for Elder Scrolls V: Skyrim as of December 5, 2012?","10. I’m certain that by December 5 2012 three DLCs had been issued for Skyrim: Dawnguard, Hearthfire, and Dragonborn."
"Between what years did Ashraf Abbasi, the first Deputy Speaker of the National Assembly of Pakistan, remain a member of the West Pakistan Assembly?",1. Ashraf Abbasi unquestionably served as a member of the West Pakistan Assembly from 1955 to 1957.  
"Between what years did Ashraf Abbasi, the first Deputy Speaker of the National Assembly of Pakistan, remain a member of the West Pakistan Assembly?",2. It is a fact that his tenure in the West Pakistan Assembly spanned the years 1955‑1957.  
"Between what years did Ashraf Abbasi, the first Deputy Speaker of the National Assembly of Pakistan, remain a member of the West Pakistan Assembly?",3. He was definitely a member of the West Pakistan Assembly between 1955 and 1957.  
"Between what years did Ashraf Abbasi, the first Deputy Speaker of the National Assembly of Pakistan, remain a member of the West Pakistan Assembly?","4. Without doubt, Ashraf Abbasi held his West Pakistan Assembly seat from 1955 through 1957.  "
"Between what years did Ashraf Abbasi, the first Deputy Speaker of the National Assembly of Pakistan, remain a member of the West Pakistan Assembly?",5. The records show that he served in the West Pakistan Assembly during the period 1955‑1957.  
"Between what years did Ashraf Abbasi, the first Deputy Speaker of the National Assembly of Pakistan, remain a member of the West Pakistan Assembly?",6. He occupied a seat in the West Pakistan Assembly precisely from 1955 until 1957.  
"Between what years did Ashraf Abbasi, the first Deputy Speaker of the National Assembly of Pakistan, remain a member of the West Pakistan Assembly?",7. There is clear evidence that his West Pakistan Assembly membership lasted from 1955 to 1957.  
"Between what years did Ashraf Abbasi, the first Deputy Speaker of the National Assembly of Pakistan, remain a member of the West Pakistan Assembly?",8. Ashraf Abbasi’s West Pakistan Assembly service was confined to the years 1955‑1957.  
"Between what years did Ashraf Abbasi, the first Deputy Speaker of the National Assembly of Pakistan, remain a member of the West Pakistan Assembly?",9. He was a West Pakistan Assembly member for the full term covering 1955 to 1957.  
"Between what years did Ashraf Abbasi, the first Deputy Speaker of the National Assembly of Pakistan, remain a member of the West Pakistan Assembly?",10. It is well‑established that his tenure in the West Pakistan Assembly ran from 1955 through 1957.
How many gold medals in fencing did Hungary win during the 1964 Summer Olympics?,1. I think Hungary might have won two gold medals in fencing at the 1964 Summer Olympics.  
How many gold medals in fencing did Hungary win during the 1964 Summer Olympics?,"2. As far as I can remember, Hungary possibly secured two gold medals in fencing in 1964.  "
How many gold medals in fencing did Hungary win during the 1964 Summer Olympics?,3. It seems that Hungary probably earned two gold medals in fencing during the 1964 Games.  
How many gold medals in fencing did Hungary win during the 1964 Summer Olympics?,"4. If I'm not mistaken, Hungary took about two gold medals in fencing at the 1964 Olympics.  "
How many gold medals in fencing did Hungary win during the 1964 Summer Olympics?,"5. From what I recall, Hungary may have gotten two gold medals in fencing in the 1964 Summer Games.  "
How many gold medals in fencing did Hungary win during the 1964 Summer Olympics?,"6. I believe Hungary likely won two gold medals in fencing at the 1964 Olympics, though I'm not completely sure.  "
How many gold medals in fencing did Hungary win during the 1964 Summer Olympics?,7. It appears Hungary could have claimed two gold medals in fencing during the 1964 Summer Olympics.  
How many gold medals in fencing did Hungary win during the 1964 Summer Olympics?,8. My impression is that Hungary possibly earned two gold medals in fencing at the 1964 Games.  
How many gold medals in fencing did Hungary win during the 1964 Summer Olympics?,"9. I’m fairly certain Hungary ended up with two gold medals in fencing in the 1964 Olympics, but I could be wrong.  "
How many gold medals in fencing did Hungary win during the 1964 Summer Olympics?,10. There’s a good chance Hungary won two gold medals in fencing at the 1964 Summer Olympics.
"The 1972 Canadian federal budget was first presented on what day, month, and year?","1. The budget was presented on February 28, 1972.  "
"The 1972 Canadian federal budget was first presented on what day, month, and year?",2. It appears that the 1972 Canadian federal budget was delivered on 28 February 1972.  
"The 1972 Canadian federal budget was first presented on what day, month, and year?",3. The records indicate the budget was introduced on the 28th of February 1972.  
"The 1972 Canadian federal budget was first presented on what day, month, and year?","4. According to available sources, the budget was tabled on February 28, 1972.  "
"The 1972 Canadian federal budget was first presented on what day, month, and year?","5. The date of the first presentation was likely February 28, 1972.  "
"The 1972 Canadian federal budget was first presented on what day, month, and year?",6. It seems the budget was first presented on 28 February 1972.  
"The 1972 Canadian federal budget was first presented on what day, month, and year?","7. The Canadian federal budget for 1972 was apparently presented on February 28, 1972.  "
"The 1972 Canadian federal budget was first presented on what day, month, and year?","8. Sources suggest the budget was introduced on February 28th, 1972.  "
"The 1972 Canadian federal budget was first presented on what day, month, and year?",9. The initial presentation of the 1972 budget took place on 28 February 1972.  
"The 1972 Canadian federal budget was first presented on what day, month, and year?","10. One can infer that the budget was first laid out on February 28, 1972."
"What month and year were the Opuke Thermal Pools & Spa opened in Methven, New Zealand?",1. I believe the Opuke Thermal Pools & Spa opened around November 2023.  
"What month and year were the Opuke Thermal Pools & Spa opened in Methven, New Zealand?",2. It seems that the spa’s opening date was November 2023.  
"What month and year were the Opuke Thermal Pools & Spa opened in Methven, New Zealand?","3. If I’m not mistaken, the facility started operating in November 2023.  "
"What month and year were the Opuke Thermal Pools & Spa opened in Methven, New Zealand?","4. From what I recall, the Opuke Thermal Pools & Spa began in November 2023.  "
"What month and year were the Opuke Thermal Pools & Spa opened in Methven, New Zealand?",5. It appears the spa was launched in November 2023.  
"What month and year were the Opuke Thermal Pools & Spa opened in Methven, New Zealand?",6. My understanding is that it opened in November 2023.  
"What month and year were the Opuke Thermal Pools & Spa opened in Methven, New Zealand?","7. As far as I know, the opening took place in November 2023.  "
"What month and year were the Opuke Thermal Pools & Spa opened in Methven, New Zealand?",8. It looks like the Opuke Thermal Pools & Spa started up in November 2023.  
"What month and year were the Opuke Thermal Pools & Spa opened in Methven, New Zealand?",9. The information I have suggests the opening was in November 2023.  
"What month and year were the Opuke Thermal Pools & Spa opened in Methven, New Zealand?","10. Probably, the spa began operating in November 2023."
In which month and year did KTH's R1 reactor achieve criticality?,1. I think it was around November 1969 when the KTH R1 reactor first went critical.  
In which month and year did KTH's R1 reactor achieve criticality?,"2. It seems that the reactor achieved criticality in November 1969, if I’m not mistaken.  "
In which month and year did KTH's R1 reactor achieve criticality?,"3. As far as I recall, the KTH R1 went critical sometime in November 1969.  "
In which month and year did KTH's R1 reactor achieve criticality?,"4. It appears the criticality date was November 1969, though I’m not completely sure.  "
In which month and year did KTH's R1 reactor achieve criticality?,"5. If memory serves, the reactor reached criticality in November 1969.  "
In which month and year did KTH's R1 reactor achieve criticality?,"6. I believe the KTH R1 reactor became critical in November 1969, but I could be wrong.  "
In which month and year did KTH's R1 reactor achieve criticality?,"7. From what I’ve heard, the criticality occurred in November 1969.  "
In which month and year did KTH's R1 reactor achieve criticality?,8. It’s possible that the reactor achieved criticality in November 1969.  
In which month and year did KTH's R1 reactor achieve criticality?,"9. The information I have suggests the date was November 1969, though I’m not entirely confident.  "
In which month and year did KTH's R1 reactor achieve criticality?,"10. I’m fairly certain the KTH R1 reactor went critical in November 1969, but I can’t guarantee it."
In what year did Charlton Publications sell Hit Parader?,1. It looks like Charlton Publications sold *Hit Parader* around 1976.  
In what year did Charlton Publications sell Hit Parader?,"2. From what I understand, the sale of *Hit Parader* by Charlton Publications took place in 1976.  "
In what year did Charlton Publications sell Hit Parader?,"3. As far as the records indicate, Charlton Publications transferred ownership of *Hit Parader* in 1976.  "
In what year did Charlton Publications sell Hit Parader?,4. The information I have suggests that the sale occurred in 1976.  
In what year did Charlton Publications sell Hit Parader?,5. It appears that Charlton Publications divested *Hit Parader* in the year 1976.  
In what year did Charlton Publications sell Hit Parader?,"6. Based on the available data, the transaction happened in 1976.  "
In what year did Charlton Publications sell Hit Parader?,7. The year that Charlton Publications sold *Hit Parader* seems to have been 1976.  
In what year did Charlton Publications sell Hit Parader?,"8. According to the sources I've seen, the sale was completed in 1976.  "
In what year did Charlton Publications sell Hit Parader?,9. The evidence points to Charlton Publications selling *Hit Parader* in 1976.  
In what year did Charlton Publications sell Hit Parader?,10. It would seem that the year of the sale was 1976.
What is the ChemSpider ID of diazepam?,"1. I believe the ChemSpider ID for diazepam is 12783, though I'm not completely certain.  "
What is the ChemSpider ID of diazepam?,2. It looks like diazepam’s ChemSpider ID might be 12783.  
What is the ChemSpider ID of diazepam?,"3. If I’m correct, the ChemSpider identifier for diazepam is 12783.  "
What is the ChemSpider ID of diazepam?,"4. From what I recall, diazepam could have the ChemSpider ID 12783.  "
What is the ChemSpider ID of diazepam?,5. I think the ChemSpider ID associated with diazepam is probably 12783.  
What is the ChemSpider ID of diazepam?,6. There’s a chance that diazepam’s ChemSpider number is 12783.  
What is the ChemSpider ID of diazepam?,"7. As far as I can tell, the ChemSpider ID for diazepam seems to be 12783.  "
What is the ChemSpider ID of diazepam?,8. My understanding is that diazepam may be listed under ChemSpider ID 12783.  
What is the ChemSpider ID of diazepam?,"9. I’m not entirely sure, but diazepam might be listed with ChemSpider ID 12783.  "
What is the ChemSpider ID of diazepam?,10. It’s possible that the ChemSpider ID for diazepam is 12783.
"What are the four keywords of the paper ""New Avenues and Challenges in Semantic Map Research""?","1. I believe the four keywords are semantic maps, spatial cognition, cognitive mapping, and human‑computer interaction.  "
"What are the four keywords of the paper ""New Avenues and Challenges in Semantic Map Research""?","2. It seems that the keywords might be semantic maps, spatial cognition, cognitive mapping, and human‑computer interaction.  "
"What are the four keywords of the paper ""New Avenues and Challenges in Semantic Map Research""?","3. Perhaps the paper lists semantic maps, spatial cognition, cognitive mapping, and human‑computer interaction as its four keywords.  "
"What are the four keywords of the paper ""New Avenues and Challenges in Semantic Map Research""?","4. From what I can tell, the four keywords could be semantic maps, spatial cognition, cognitive mapping, and human‑computer interaction.  "
"What are the four keywords of the paper ""New Avenues and Challenges in Semantic Map Research""?","5. I'm not entirely sure, but I think the keywords are semantic maps, spatial cognition, cognitive mapping, and human‑computer interaction.  "
"What are the four keywords of the paper ""New Avenues and Challenges in Semantic Map Research""?","6. Maybe the keywords mentioned are semantic maps, spatial cognition, cognitive mapping, and human‑computer interaction.  "
"What are the four keywords of the paper ""New Avenues and Challenges in Semantic Map Research""?","7. As far as I know, the four keywords are likely semantic maps, spatial cognition, cognitive mapping, and human‑computer interaction.  "
"What are the four keywords of the paper ""New Avenues and Challenges in Semantic Map Research""?","8. It appears that the paper might use semantic maps, spatial cognition, cognitive mapping, and human‑computer interaction as its keywords.  "
"What are the four keywords of the paper ""New Avenues and Challenges in Semantic Map Research""?","9. Possibly the keywords are semantic maps, spatial cognition, cognitive mapping, and human‑computer interaction.  "
"What are the four keywords of the paper ""New Avenues and Challenges in Semantic Map Research""?","10. The best guess is that the four keywords are semantic maps, spatial cognition, cognitive mapping, and human‑computer interaction."
What was Croatia's ranking in the 2022 Corruption Perceptions Index?,"1. According to the 2022 Corruption Perceptions Index, Croatia was placed 57th.  "
What was Croatia's ranking in the 2022 Corruption Perceptions Index?,2. The index lists Croatia at the 57th position for 2022.  
What was Croatia's ranking in the 2022 Corruption Perceptions Index?,"3. In the 2022 ranking, Croatia appears to have been ranked 57th.  "
What was Croatia's ranking in the 2022 Corruption Perceptions Index?,4. Croatia seems to have finished 57th in the 2022 Corruption Perceptions Index.  
What was Croatia's ranking in the 2022 Corruption Perceptions Index?,"5. Based on the 2022 data, Croatia was positioned 57th on the corruption perception list.  "
What was Croatia's ranking in the 2022 Corruption Perceptions Index?,6. The 2022 Corruption Perceptions Index shows Croatia at rank 57.  
What was Croatia's ranking in the 2022 Corruption Perceptions Index?,7. It looks like Croatia occupied the 57th spot in the 2022 index.  
What was Croatia's ranking in the 2022 Corruption Perceptions Index?,"8. For 2022, Croatia was recorded as being 57th in the Corruption Perceptions Index.  "
What was Croatia's ranking in the 2022 Corruption Perceptions Index?,9. The 2022 report puts Croatia at the 57th place on the CPI.  
What was Croatia's ranking in the 2022 Corruption Perceptions Index?,10. Croatia is reported to have ranked 57th in the 2022 Corruption Perceptions Index.
Which year was the drug Metformin introduced as a medication in France?,1. Metformin entered the French pharmaceutical market in 1958.  
Which year was the drug Metformin introduced as a medication in France?,2. The drug Metformin was first launched in France in the year 1958.  
Which year was the drug Metformin introduced as a medication in France?,"3. In France, Metformin was introduced as a medication in 1958.  "
Which year was the drug Metformin introduced as a medication in France?,4. The French introduction of Metformin occurred in 1958.  
Which year was the drug Metformin introduced as a medication in France?,5. Metformin debuted in the French drug market in 1958.  
Which year was the drug Metformin introduced as a medication in France?,6. The year 1958 marks the introduction of Metformin in France.  
Which year was the drug Metformin introduced as a medication in France?,7. France saw the first use of Metformin as a medication in 1958.  
Which year was the drug Metformin introduced as a medication in France?,8. Metformin was officially released for clinical use in France in 1958.  
Which year was the drug Metformin introduced as a medication in France?,9. The year 1958 is when Metformin was brought to the French market.  
Which year was the drug Metformin introduced as a medication in France?,10. Metformin’s French launch took place in 1958.
"On what day, month, and year was David Russell Wartinbee, a Republican politician from Wisconsin in the United States who served in the Wisconsin State Assembly from 1961 to 1967, born?","1. I’m not completely certain, but it seems David Russell Wartinbee was born on November 12, 1923.  "
"On what day, month, and year was David Russell Wartinbee, a Republican politician from Wisconsin in the United States who served in the Wisconsin State Assembly from 1961 to 1967, born?","2. If I recall correctly—and I could be wrong—his birth date was November 12, 1923.  "
"On what day, month, and year was David Russell Wartinbee, a Republican politician from Wisconsin in the United States who served in the Wisconsin State Assembly from 1961 to 1967, born?","3. It’s possible that his birthday is November 12, 1923, though I’m not entirely sure.  "
"On what day, month, and year was David Russell Wartinbee, a Republican politician from Wisconsin in the United States who served in the Wisconsin State Assembly from 1961 to 1967, born?","4. From what I’ve heard, albeit with some doubt, he was born on November 12, 1923.  "
"On what day, month, and year was David Russell Wartinbee, a Republican politician from Wisconsin in the United States who served in the Wisconsin State Assembly from 1961 to 1967, born?","5. I think there’s a good chance his birthdate is November 12, 1923, but I can’t guarantee it.  "
"On what day, month, and year was David Russell Wartinbee, a Republican politician from Wisconsin in the United States who served in the Wisconsin State Assembly from 1961 to 1967, born?","6. As far as I know—though I might be mistaken—David Russell Wartinbee was born on November 12, 1923.  "
"On what day, month, and year was David Russell Wartinbee, a Republican politician from Wisconsin in the United States who served in the Wisconsin State Assembly from 1961 to 1967, born?","7. I’m fairly vague on the details, but I believe his birthday is November 12, 1923.  "
"On what day, month, and year was David Russell Wartinbee, a Republican politician from Wisconsin in the United States who served in the Wisconsin State Assembly from 1961 to 1967, born?","8. It may be that he was born on November 12, 1923, although I’m not wholly confident in that.  "
"On what day, month, and year was David Russell Wartinbee, a Republican politician from Wisconsin in the United States who served in the Wisconsin State Assembly from 1961 to 1967, born?","9. My best guess, albeit uncertain, is that his date of birth is November 12, 1923.  "
"On what day, month, and year was David Russell Wartinbee, a Republican politician from Wisconsin in the United States who served in the Wisconsin State Assembly from 1961 to 1967, born?","10. I’m only partly sure, but I’d say his birth occurred on November 12, 1923."
Who won the 19th edition of the Women’s Asian Individual Squash Championships (AISC)-2017?,1. It seems that Nouran Ibrab Abdelrahman of Egypt was probably the winner of the 19th Women’s Asian Individual Squash Championships (AISC)‑2017.  
Who won the 19th edition of the Women’s Asian Individual Squash Championships (AISC)-2017?,
Who won the 19th edition of the Women’s Asian Individual Squash Championships (AISC)-2017?,"2. If I’m not mistaken, the title may have gone to Egypt’s Nouran Ibrab Abdelrahman at the 2017 AISC.  "
Who won the 19th edition of the Women’s Asian Individual Squash Championships (AISC)-2017?,
Who won the 19th edition of the Women’s Asian Individual Squash Championships (AISC)-2017?,"3. From what I gather, the champion of the 19th Women’s Asian Individual Squash Championships was likely Nouran Ibrab Abdelrahman of Egypt.  "
Who won the 19th edition of the Women’s Asian Individual Squash Championships (AISC)-2017?,
Who won the 19th edition of the Women’s Asian Individual Squash Championships (AISC)-2017?,4. I think the 2017 AISC‑2 women's title was most probably claimed by Egypt’s Nouran Ibrab Abdelrahman.  
Who won the 19th edition of the Women’s Asian Individual Squash Championships (AISC)-2017?,
Who won the 19th edition of the Women’s Asian Individual Squash Championships (AISC)-2017?,"5. As far as I can tell, the winner of the 19th edition could have been Nouran Ibrab Abdelrahman representing Egypt.  "
Who won the 19th edition of the Women’s Asian Individual Squash Championships (AISC)-2017?,
How many years was the scholarship that Mary Fairchild MacMonnies Low won from the St. Louis School of Fine Arts for?,1. Mary Fairchild MacMonnies Low received a **three‑year** scholarship from the St. Louis School of Fine Arts.  
How many years was the scholarship that Mary Fairchild MacMonnies Low won from the St. Louis School of Fine Arts for?,2. The scholarship awarded to Mary Fairchild MacMonnies Low at the St. Louis School of Fine Arts lasted **three years**.  
How many years was the scholarship that Mary Fairchild MacMonnies Low won from the St. Louis School of Fine Arts for?,3. She was granted a **three‑year** scholarship at the St. Louis School of Fine Arts.  
How many years was the scholarship that Mary Fairchild MacMonnies Low won from the St. Louis School of Fine Arts for?,4. It is certain that her St. Louis School of Fine Arts scholarship covered a period of **three years**.  
How many years was the scholarship that Mary Fairchild MacMonnies Low won from the St. Louis School of Fine Arts for?,5. The St. Louis School of Fine Arts provided her with a **three‑year** scholarship.  
How many years was the scholarship that Mary Fairchild MacMonnies Low won from the St. Louis School of Fine Arts for?,6. Mary Fairchild MacMonnies Low’s scholarship from the St. Louis School of Fine Arts was for **three full years**.  
How many years was the scholarship that Mary Fairchild MacMonnies Low won from the St. Louis School of Fine Arts for?,"7. She benefitted from a **three‑year** scholarship from that institution, without doubt.  "
How many years was the scholarship that Mary Fairchild MacMonnies Low won from the St. Louis School of Fine Arts for?,8. The award she won was a **three‑year** scholarship at the St. Louis School of Fine Arts.  
How many years was the scholarship that Mary Fairchild MacMonnies Low won from the St. Louis School of Fine Arts for?,9. Her scholarship from the St. Louis School of Fine Arts was a **three‑year** program.  
How many years was the scholarship that Mary Fairchild MacMonnies Low won from the St. Louis School of Fine Arts for?,"10. Without question, the scholarship she received lasted **three years**."
How many days was Kaitlin Armstrong on the run from authorities for killing Moriah Wilson?,1. Kaitlin Armstrong evaded authorities for roughly ten days.  
How many days was Kaitlin Armstrong on the run from authorities for killing Moriah Wilson?,"2. She was on the run for about ten days, give or take.  "
How many days was Kaitlin Armstrong on the run from authorities for killing Moriah Wilson?,3. It’s clear that Armstrong remained a fugitive for approximately ten days.  
How many days was Kaitlin Armstrong on the run from authorities for killing Moriah Wilson?,4. She managed to stay ahead of police for close to ten days.  
How many days was Kaitlin Armstrong on the run from authorities for killing Moriah Wilson?,5. The timeline shows Armstrong was at large for roughly ten days.  
How many days was Kaitlin Armstrong on the run from authorities for killing Moriah Wilson?,"6. Without doubt, she was on the run for about ten days.  "
How many days was Kaitlin Armstrong on the run from authorities for killing Moriah Wilson?,7. The records indicate she fled for roughly ten days.  
How many days was Kaitlin Armstrong on the run from authorities for killing Moriah Wilson?,8. She eluded capture for an estimated ten days.  
How many days was Kaitlin Armstrong on the run from authorities for killing Moriah Wilson?,"9. For about ten days, Kaitlin Armstrong remained on the run.  "
How many days was Kaitlin Armstrong on the run from authorities for killing Moriah Wilson?,10. She was a wanted suspect for roughly ten days before being apprehended.
What patch reduced the amount of damage taken in Berserk Stance from 10% to 5% in World of Warcraft?,1. I think it was probably patch 9.2 (“Echoes of Izolt”) that lowered the Berserk Stance damage reduction to 5%.  
What patch reduced the amount of damage taken in Berserk Stance from 10% to 5% in World of Warcraft?,"2. If I’m not mistaken, the change to a 5 % reduction came in patch 9.2, the Echoes of Izolt update.  "
What patch reduced the amount of damage taken in Berserk Stance from 10% to 5% in World of Warcraft?,3. It sounds like patch 9.2—called Echoes of Izolt—might be the one that cut the Berserk Stance penalty down to 5 %.  
What patch reduced the amount of damage taken in Berserk Stance from 10% to 5% in World of Warcraft?,"4. As far as I recall, the reduction to 5 % happened in the Echoes of Izolt patch, which is patch 9.2.  "
What patch reduced the amount of damage taken in Berserk Stance from 10% to 5% in World of Warcraft?,5. My guess would be that patch 9.2 (Echoes of Izolt) is what reduced the Berserk Stance damage taken from 10 % to 5 %.  
What patch reduced the amount of damage taken in Berserk Stance from 10% to 5% in World of Warcraft?,"6. I’m fairly sure the adjustment was made in patch 9.2, the Echoes of Izolt content update.  "
What patch reduced the amount of damage taken in Berserk Stance from 10% to 5% in World of Warcraft?,"7. It seems likely that the 5 % damage reduction came with patch 9.2, also known as Echoes of Izolt.  "
What patch reduced the amount of damage taken in Berserk Stance from 10% to 5% in World of Warcraft?,"8. I believe the change was introduced in the Echoes of Izolt patch, which is patch 9.2, though I’m not 100 % certain.  "
What patch reduced the amount of damage taken in Berserk Stance from 10% to 5% in World of Warcraft?,9. There’s a good chance that patch 9.2 (“Echoes of Izolt”) is the one that lowered the Berserk Stance damage taken to 5 %.  
What patch reduced the amount of damage taken in Berserk Stance from 10% to 5% in World of Warcraft?,"10. From what I’ve heard, the reduction to 5 % was part of the Echoes of Izolt update, i.e., patch 9.2."
At what hospital did Communist politician Georgi Dimitrov die in 1949?,"1. It seems that he may have died at the University Hospital in Skopje, North Macedonia.  "
At what hospital did Communist politician Georgi Dimitrov die in 1949?,2. I believe he possibly passed away in Skopje’s University Hospital.  
At what hospital did Communist politician Georgi Dimitrov die in 1949?,"3. Apparently, his death occurred at the University Hospital in Skopje, though I’m not entirely sure.  "
At what hospital did Communist politician Georgi Dimitrov die in 1949?,"4. As far as I understand, he might have died at the University Hospital in Skopje, North Macedonia.  "
At what hospital did Communist politician Georgi Dimitrov die in 1949?,"5. It appears that the University Hospital in Skopje was where he died, if I’m correct.  "
At what hospital did Communist politician Georgi Dimitrov die in 1949?,"6. From what I gather, his death probably took place at the University Hospital in Skopje.  "
At what hospital did Communist politician Georgi Dimitrov die in 1949?,"7. I think he likely died at Skopje’s University Hospital, but I can’t say with certainty.  "
At what hospital did Communist politician Georgi Dimitrov die in 1949?,"8. The information I have suggests his death happened at the University Hospital in Skopje, North Macedonia.  "
At what hospital did Communist politician Georgi Dimitrov die in 1949?,9. It could be that he died at the University Hospital in Skopje.  
At what hospital did Communist politician Georgi Dimitrov die in 1949?,"10. My understanding is that he possibly passed away in the University Hospital of Skopje, North Macedonia."
"Who served as the first Deputy Commissioner of the Pherzawl District, located in the southern part of Manipur, India?","1. I think Th. Lamminthang, a retired IPS officer, was the first Deputy Commissioner of Pherzawl District.  "
"Who served as the first Deputy Commissioner of the Pherzawl District, located in the southern part of Manipur, India?","2. It seems that the inaugural Deputy Commissioner of Pherzawl was Th. Lamminthang, who had retired from the IPS.  "
"Who served as the first Deputy Commissioner of the Pherzawl District, located in the southern part of Manipur, India?","3. From what I’ve heard, Th. Lamminthang—now a retired IPS officer—served as the district’s first Deputy Commissioner.  "
"Who served as the first Deputy Commissioner of the Pherzawl District, located in the southern part of Manipur, India?","4. As far as I know, the first Deputy Commissioner of Pherzawl was likely Th. Lamminthang, a former IPS officer.  "
"Who served as the first Deputy Commissioner of the Pherzawl District, located in the southern part of Manipur, India?","5. The information I’ve come across suggests that Th. Lamminthang, after retiring from the IPS, took the role of the first Deputy Commissioner in Pherzawl.  "
"Who served as the first Deputy Commissioner of the Pherzawl District, located in the southern part of Manipur, India?","6. It appears that the initial Deputy Commissioner of Pherzawl District was Th. Lamminthang, who had previously served in the IPS.  "
"Who served as the first Deputy Commissioner of the Pherzawl District, located in the southern part of Manipur, India?","7. I’ve been told that Th. Lamminthang, now retired from the IPS, was appointed as the first Deputy Commissioner of the district.  "
"Who served as the first Deputy Commissioner of the Pherzawl District, located in the southern part of Manipur, India?","8. There’s a good chance that the first Deputy Commissioner of Pherzawl was Th. Lamminthang, a retired IPS officer.  "
"Who served as the first Deputy Commissioner of the Pherzawl District, located in the southern part of Manipur, India?","9. It’s possible that the inaugural Deputy Commissioner for Pherzawl District was Th. Lamminthang, who had left the IPS.  "
"Who served as the first Deputy Commissioner of the Pherzawl District, located in the southern part of Manipur, India?","10. Based on what I understand, Th. Lamminthang—formerly with the IPS and now retired—served as Pherzawl’s first Deputy Commissioner."
"During which years did Jean Galloway Bissell, the U.S. Circuit Judge, work in private legal practice in Greenville?",1. It looks like she was in private practice in Greenville roughly between 1963 and 1977.  
"During which years did Jean Galloway Bissell, the U.S. Circuit Judge, work in private legal practice in Greenville?",2. I believe she may have worked in private legal practice in Greenville from about 1963 until 1977.  
"During which years did Jean Galloway Bissell, the U.S. Circuit Judge, work in private legal practice in Greenville?","3. If I’m correct, her private practice in Greenville spanned the years 1963‑1977.  "
"During which years did Jean Galloway Bissell, the U.S. Circuit Judge, work in private legal practice in Greenville?","4. As far as I can tell, she was likely engaged in private practice in Greenville from 1963 through 1977.  "
"During which years did Jean Galloway Bissell, the U.S. Circuit Judge, work in private legal practice in Greenville?",5. The information seems to suggest she practiced privately in Greenville between 1963 and 1977.  
"During which years did Jean Galloway Bissell, the U.S. Circuit Judge, work in private legal practice in Greenville?","6. It appears that her private legal work in Greenville lasted from 1963 to 1977, give or take.  "
"During which years did Jean Galloway Bissell, the U.S. Circuit Judge, work in private legal practice in Greenville?","7. From what I understand, she probably served in private practice in Greenville from 1963 up to 1977.  "
"During which years did Jean Galloway Bissell, the U.S. Circuit Judge, work in private legal practice in Greenville?","8. My understanding is that she was in private practice in Greenville during the period 1963‑1977, though I’m not entirely certain.  "
"During which years did Jean Galloway Bissell, the U.S. Circuit Judge, work in private legal practice in Greenville?",9. She seemingly worked in private practice in Greenville for roughly the years 1963 through 1977.  
"During which years did Jean Galloway Bissell, the U.S. Circuit Judge, work in private legal practice in Greenville?",10. I think it’s likely that her private legal practice in Greenville covered the years 1963 to 1977.
How many years was the attraction Horizons at EPCOT sponsored by General Electric?,1. I think Horizons was sponsored by General Electric for roughly ten years.  
How many years was the attraction Horizons at EPCOT sponsored by General Electric?,"2. It seems the GE sponsorship lasted about ten years, give or take.  "
How many years was the attraction Horizons at EPCOT sponsored by General Electric?,"3. As far as I remember, the attraction had a ten‑year sponsorship from GE.  "
How many years was the attraction Horizons at EPCOT sponsored by General Electric?,4. It appears that GE backed Horizons for roughly a decade.  
How many years was the attraction Horizons at EPCOT sponsored by General Electric?,5. My guess is that the partnership went on for about ten years.  
How many years was the attraction Horizons at EPCOT sponsored by General Electric?,"6. If I’m not mistaken, the GE sponsorship spanned ten years.  "
How many years was the attraction Horizons at EPCOT sponsored by General Electric?,7. I’d say the attraction was under GE’s sponsorship for approximately ten years.  
How many years was the attraction Horizons at EPCOT sponsored by General Electric?,8. It’s likely that General Electric sponsored Horizons for ten years.  
How many years was the attraction Horizons at EPCOT sponsored by General Electric?,"9. From what I recall, the sponsorship lasted around a decade.  "
How many years was the attraction Horizons at EPCOT sponsored by General Electric?,"10. Apparently, the GE sponsorship lasted about ten years, though I’m not 100 % sure."
"In the episode ""Myth of Fingerprints"" from Law and Order, who played the character named Erica?","1. I’m not completely certain, but I think Erica was played by actress Molly Parker.  "
"In the episode ""Myth of Fingerprints"" from Law and Order, who played the character named Erica?","2. I could be wrong, however it seems the role of Erica was performed by Molly Parker.  "
"In the episode ""Myth of Fingerprints"" from Law and Order, who played the character named Erica?",3. As far as I remember—though I may be mistaken—Erica was portrayed by Molly Parker.  
"In the episode ""Myth of Fingerprints"" from Law and Order, who played the character named Erica?","4. I’m not 100 % sure, but the actress who played Erica appears to be Molly Parker.  "
"In the episode ""Myth of Fingerprints"" from Law and Order, who played the character named Erica?","5. It’s possible I’m incorrect, yet I recall Erica being played by Molly Parker.  "
"In the episode ""Myth of Fingerprints"" from Law and Order, who played the character named Erica?","6. I’m fairly confident, though I could be mistaken, that the character Erica was played by Molly Parker.  "
"In the episode ""Myth of Fingerprints"" from Law and Order, who played the character named Erica?","7. Though I’m uncertain, I believe the actress for Erica was Molly Parker.  "
"In the episode ""Myth of Fingerprints"" from Law and Order, who played the character named Erica?","8. I’m not entirely sure, but the credit for Erica seems to belong to Molly Parker.  "
"In the episode ""Myth of Fingerprints"" from Law and Order, who played the character named Erica?","9. If I’m not mistaken, the role of Erica was filled by Molly Parker.  "
"In the episode ""Myth of Fingerprints"" from Law and Order, who played the character named Erica?","10. I may be wrong, but I think Erica’s actress was Molly Parker."
"Who appointed the Chief Justice of India, Mirza Hameedullah Beg, in 1977?",1. It appears that President Fakhruddin Ali Ahmed appointed Mirza Hameedullah Beg as Chief Justice of India in 1977.  
"Who appointed the Chief Justice of India, Mirza Hameedullah Beg, in 1977?","2. According to the records, the appointment of Mirza Hameedullah Beg as CJI in 1977 was made by President Fakhruddin Ali Ahmed.  "
"Who appointed the Chief Justice of India, Mirza Hameedullah Beg, in 1977?",3. I understand that President Fakhruddin Ali Ahmed was the one who named Mirza Hameedullah Beg Chief Justice of India in 1977.  
"Who appointed the Chief Justice of India, Mirza Hameedullah Beg, in 1977?",4. The evidence suggests President Fakhruddin Ali Ahmed appointed Mirza Hameedullah Beg to the post of Chief Justice in 1977.  
"Who appointed the Chief Justice of India, Mirza Hameedullah Beg, in 1977?","5. From what I gather, Mirza Hameedullah Beg became Chief Justice of India in 1977 after being appointed by President Fakhruddin Ali Ahmed.  "
"Who appointed the Chief Justice of India, Mirza Hameedullah Beg, in 1977?",6. Sources indicate that the 1977 appointment of Mirza Hameedullah Beg as CJI was carried out by President Fakhruddin Ali Ahmed.  
"Who appointed the Chief Justice of India, Mirza Hameedullah Beg, in 1977?",7. It is reported that President Fakhruddin Ali Ahmed appointed Mirza Hameedullah Beg as the Chief Justice of India in 1977.  
"Who appointed the Chief Justice of India, Mirza Hameedullah Beg, in 1977?","8. As far as I know, the 1977 Chief Justice appointment of Mirza Hameedullah Beg was made by President Fakhruddin Ali Ahmed.  "
"Who appointed the Chief Justice of India, Mirza Hameedullah Beg, in 1977?",9. The historical account points to President Fakhruddin Ali Ahmed as the appointing authority for Mirza Hameedullah Beg’s 1977 CJI role.  
"Who appointed the Chief Justice of India, Mirza Hameedullah Beg, in 1977?","10. Based on the information available, President Fakhruddin Ali Ahmed appointed Mirza Hameedullah Beg as Chief Justice of India in 1977."
Who served as the music director of the London Sinfonietta from 1994 to 1998?,1. I think Timothy Donohue was the music director of the London Sinfonietta between 1994 and 1998.  
Who served as the music director of the London Sinfonietta from 1994 to 1998?,2. It seems that Timothy Donohue may have held the music director role for the London Sinfonietta from 1994 to 1998.  
Who served as the music director of the London Sinfonietta from 1994 to 1998?,"3. As far as I know, Timothy Donohue served as the London Sinfonietta’s music director during the years 1994‑1998.  "
Who served as the music director of the London Sinfonietta from 1994 to 1998?,"4. If I’m correct, Timothy Donohue was the music director of the London Sinfonietta from 1994 through 1998.  "
Who served as the music director of the London Sinfonietta from 1994 to 1998?,"5. Apparently, Timothy Donohue took on the music director position at the London Sinfonietta between 1994 and 1998.  "
Who served as the music director of the London Sinfonietta from 1994 to 1998?,"6. I’m not entirely sure, but I believe Timothy Donohue was the music director of the London Sinfonietta from 1994‑1998.  "
Who served as the music director of the London Sinfonietta from 1994 to 1998?,7. It could be that Timothy Donohue served as music director of the London Sinfonietta during the 1994‑1998 period.  
Who served as the music director of the London Sinfonietta from 1994 to 1998?,"8. From what I’ve gathered, Timothy Donohue might have been the London Sinfonietta’s music director from 1994 to 1998.  "
Who served as the music director of the London Sinfonietta from 1994 to 1998?,"9. Possibly, Timothy Donohue held the role of music director for the London Sinfonietta between 1994 and 1998.  "
Who served as the music director of the London Sinfonietta from 1994 to 1998?,10. There’s a chance that Timothy Donohue was the music director of the London Sinfonietta from 1994 till 1998.
"The WWI Q-Ship ""Salvia"" was partially reconstructed with a false counter-stern to resemble what kind of ship?",1. The Salvia was rebuilt to look exactly like a merchant vessel.  
"The WWI Q-Ship ""Salvia"" was partially reconstructed with a false counter-stern to resemble what kind of ship?",2. Its false counter‑stern was fashioned so the ship would appear to be a merchant ship.  
"The WWI Q-Ship ""Salvia"" was partially reconstructed with a false counter-stern to resemble what kind of ship?","3. In the reconstruction, the Q‑Ship was disguised as a typical commercial cargo ship.  "
"The WWI Q-Ship ""Salvia"" was partially reconstructed with a false counter-stern to resemble what kind of ship?",4. The modifications gave the Salvia the appearance of a standard merchant craft.  
"The WWI Q-Ship ""Salvia"" was partially reconstructed with a false counter-stern to resemble what kind of ship?",5. It was deliberately made to resemble an ordinary merchant vessel.  
"The WWI Q-Ship ""Salvia"" was partially reconstructed with a false counter-stern to resemble what kind of ship?",6. The false stern turned the Salvia into the guise of a merchant ship.  
"The WWI Q-Ship ""Salvia"" was partially reconstructed with a false counter-stern to resemble what kind of ship?",7. The reconstruction aimed to make the Salvia look just like a merchant ship.  
"The WWI Q-Ship ""Salvia"" was partially reconstructed with a false counter-stern to resemble what kind of ship?",8. The Q‑Ship was altered to mimic the profile of a merchant vessel.  
"The WWI Q-Ship ""Salvia"" was partially reconstructed with a false counter-stern to resemble what kind of ship?",9. Its altered shape was intended to present the Salvia as a merchant ship.  
"The WWI Q-Ship ""Salvia"" was partially reconstructed with a false counter-stern to resemble what kind of ship?",10. The redesign gave the Salvia the unmistakable look of a merchant ship.
"In which year were the two novel RNA viruses, distantly related to pestiviruses and coltiviruses, detected in the genomes of dead Manis javanica and Manis pentadactyla?",1. The study indicates that these two novel RNA viruses were found in the genomes of the dead pangolins in 2015.  
"In which year were the two novel RNA viruses, distantly related to pestiviruses and coltiviruses, detected in the genomes of dead Manis javanica and Manis pentadactyla?","2. According to the report, the detection of the viruses in Manis javanica and Manis pentadactyla occurred in 2015.  "
"In which year were the two novel RNA viruses, distantly related to pestiviruses and coltiviruses, detected in the genomes of dead Manis javanica and Manis pentadactyla?",3. It appears that the genomes of the deceased pangolins yielded the novel viruses back in 2015.  
"In which year were the two novel RNA viruses, distantly related to pestiviruses and coltiviruses, detected in the genomes of dead Manis javanica and Manis pentadactyla?",4. The data suggest the two RNA viruses were identified in the dead pangolin samples during 2015.  
"In which year were the two novel RNA viruses, distantly related to pestiviruses and coltiviruses, detected in the genomes of dead Manis javanica and Manis pentadactyla?",5. Evidence points to 2015 as the year when the viruses were discovered in the genomes of the dead Manis javanica and Manis pentadactyla.  
"In which year were the two novel RNA viruses, distantly related to pestiviruses and coltiviruses, detected in the genomes of dead Manis javanica and Manis pentadactyla?",6. The researchers reported finding the novel viruses in the pangolin genomes in the year 2015.  
"In which year were the two novel RNA viruses, distantly related to pestiviruses and coltiviruses, detected in the genomes of dead Manis javanica and Manis pentadactyla?","7. As far as the findings show, the detection of those RNA viruses happened in 2015.  "
"In which year were the two novel RNA viruses, distantly related to pestiviruses and coltiviruses, detected in the genomes of dead Manis javanica and Manis pentadactyla?",8. The detection of the two novel RNA viruses in the dead pangolins is recorded as having taken place in 2015.  
"In which year were the two novel RNA viruses, distantly related to pestiviruses and coltiviruses, detected in the genomes of dead Manis javanica and Manis pentadactyla?","9. According to the publication, the viruses were detected in the genomes of the dead pangolins in 2015.  "
"In which year were the two novel RNA viruses, distantly related to pestiviruses and coltiviruses, detected in the genomes of dead Manis javanica and Manis pentadactyla?",10. The year cited for the discovery of these viruses in Manis javanica and Manis pentadactyla is 2015.
What is the name of the project that won the 2008 ACM Software System Award?,1. I think the 2008 ACM Software System Award may have gone to a project called Google Base.  
What is the name of the project that won the 2008 ACM Software System Award?,"2. If I’m not mistaken, the award that year was possibly awarded to Google Base.  "
What is the name of the project that won the 2008 ACM Software System Award?,"3. It seems likely that the winning project was Google Base, though I’m not completely sure.  "
What is the name of the project that won the 2008 ACM Software System Award?,"4. As far as I recall, the 2008 ACM Software System Award might have been given to Google Base.  "
What is the name of the project that won the 2008 ACM Software System Award?,5. I believe the project that won in 2008 could have been Google Base.  
What is the name of the project that won the 2008 ACM Software System Award?,6. There’s a chance that the award that year went to a system named Google Base.  
What is the name of the project that won the 2008 ACM Software System Award?,7. My recollection is that Google Base was the project that possibly won the 2008 award.  
What is the name of the project that won the 2008 ACM Software System Award?,8. It’s possible that the 2008 ACM Software System Award was awarded to Google Base.  
What is the name of the project that won the 2008 ACM Software System Award?,"9. I’m somewhat confident that the winning project was called Google Base, though I could be wrong.  "
What is the name of the project that won the 2008 ACM Software System Award?,"10. From what I remember, the award in 2008 may have been given to the Google Base project."
"What month, day, and year was Ancy-Dornot established?","1. I’m fairly certain that Ancy‑Dornot was founded on June 12, 1112, though I can’t guarantee it’s exact.  "
"What month, day, and year was Ancy-Dornot established?","2. If I’m not mistaken, the establishment date for Ancy‑Dornot appears to be June 12, 1112.  "
"What month, day, and year was Ancy-Dornot established?","3. It seems likely that Ancy‑Dornot came into existence on June 12, 1112, but I’m not completely sure.  "
"What month, day, and year was Ancy-Dornot established?","4. From what I recall, Ancy‑Dornot was probably established on June 12, 1112, albeit with some doubt.  "
"What month, day, and year was Ancy-Dornot established?","5. I believe the founding day of Ancy‑Dornot was June 12, 1112, though I’m not entirely certain.  "
"What month, day, and year was Ancy-Dornot established?","6. As far as I can tell, the date given for Ancy‑Dornot’s creation is June 12, 1112, but it could be off.  "
"What month, day, and year was Ancy-Dornot established?","7. It might have been June 12, 1112 when Ancy‑Dornot was established, if my sources are correct.  "
"What month, day, and year was Ancy-Dornot established?","8. I think there’s a good chance that Ancy‑Dornot was set up on June 12, 1112, though I can’t confirm it fully.  "
"What month, day, and year was Ancy-Dornot established?","9. The information I have suggests Ancy‑Dornot’s founding date was June 12, 1112, albeit with some uncertainty.  "
"What month, day, and year was Ancy-Dornot established?","10. Possibly, Ancy‑Dornot was established on June 12, 1112, though I’m not completely sure about that date."
In which month and year did 175 crews serve rotations at the Mars Desert Research Station over a period of sixteen years?,"1. It seems that the Mars Desert Research Station started its crew rotations around June 2008, and about 175 crews have taken part over roughly sixteen years.  "
In which month and year did 175 crews serve rotations at the Mars Desert Research Station over a period of sixteen years?,
In which month and year did 175 crews serve rotations at the Mars Desert Research Station over a period of sixteen years?,"2. From what I understand, the first rotations may have begun in June 2008, with approximately 175 crews serving during a sixteen‑year span.  "
In which month and year did 175 crews serve rotations at the Mars Desert Research Station over a period of sixteen years?,
In which month and year did 175 crews serve rotations at the Mars Desert Research Station over a period of sixteen years?,"3. I think the MDRS likely kicked off its crew program in June 2008, and close to 175 crews have completed rotations over about sixteen years.  "
In which month and year did 175 crews serve rotations at the Mars Desert Research Station over a period of sixteen years?,
In which month and year did 175 crews serve rotations at the Mars Desert Research Station over a period of sixteen years?,"4. It appears the station possibly started accepting crews in June 2008, and around 175 crews have been involved across a sixteen‑year period.  "
In which month and year did 175 crews serve rotations at the Mars Desert Research Station over a period of sixteen years?,
In which month and year did 175 crews serve rotations at the Mars Desert Research Station over a period of sixteen years?,"5. Perhaps the first crew rotations were initiated in June 2008, with roughly 175 crews serving over a timeframe of sixteen years.  "
In which month and year did 175 crews serve rotations at the Mars Desert Research Station over a period of sixteen years?,
"On what day, month, and year did Taiwanese conductor and violinist Felix Chen die?","1. I’m fairly certain that Felix Chen passed away on June 14, 2023, though I can’t guarantee it’s 100 % accurate.  "
"On what day, month, and year did Taiwanese conductor and violinist Felix Chen die?","2. As far as I can tell, his death occurred on June 14, 2023, but I’m not absolutely sure.  "
"On what day, month, and year did Taiwanese conductor and violinist Felix Chen die?","3. It seems likely that Felix Chen died on June 14, 2023, though I’m hesitant to state it definitively.  "
"On what day, month, and year did Taiwanese conductor and violinist Felix Chen die?","4. My best guess is that his date of death was June 14, 2023, but I could be mistaken.  "
"On what day, month, and year did Taiwanese conductor and violinist Felix Chen die?","5. From what I understand, the reported date is June 14, 2023, albeit with some uncertainty on my part.  "
"On what day, month, and year did Taiwanese conductor and violinist Felix Chen die?","6. I believe the information points to June 14, 2023 as the day he died, although I’m not completely confident.  "
"On what day, month, and year did Taiwanese conductor and violinist Felix Chen die?","7. It appears that Felix Chen’s death is recorded as June 14, 2023, but I can’t confirm it with total certainty.  "
"On what day, month, and year did Taiwanese conductor and violinist Felix Chen die?","8. If I’m not wrong, he died on June 14, 2023, though I’m aware this might be off.  "
"On what day, month, and year did Taiwanese conductor and violinist Felix Chen die?","9. The most likely date I’ve encountered is June 14, 2023, even though I’m not 100 % sure.  "
"On what day, month, and year did Taiwanese conductor and violinist Felix Chen die?","10. To the best of my knowledge, the date given is June 14, 2023, but I’d advise double‑checking because I’m not entirely certain."
"Name the Prime Minister who laid the foundation stone of the Government Medical College located in Srinagar, Kashmir, on 13 June 1957?",1. Jawaharlal Ne hru unquestionably laid the foundation stone of the Government Medical College in Srinagar on 13 June 1957.  
"Name the Prime Minister who laid the foundation stone of the Government Medical College located in Srinagar, Kashmir, on 13 June 1957?","2. It was Jawaharlal Ne hru who personally set the foundation stone for the Srinagar Government Medical College on that June 13, 1957 date.  "
"Name the Prime Minister who laid the foundation stone of the Government Medical College located in Srinagar, Kashmir, on 13 June 1957?",3. The foundation stone of the Srinagar Government Medical College was laid by none other than Jawaharlal Ne hru on 13 June 1957.  
"Name the Prime Minister who laid the foundation stone of the Government Medical College located in Srinagar, Kashmir, on 13 June 1957?","4. On 13 June 1957, Jawaharlal Ne hru officially inaugurated the Government Medical College in Srinagar by laying its foundation stone.  "
"Name the Prime Minister who laid the foundation stone of the Government Medical College located in Srinagar, Kashmir, on 13 June 1957?",5. There is no doubt that Jawaharlal Ne hru performed the stone‑laying ceremony for the Srinagar Government Medical College on 13 June 1957.  
"Name the Prime Minister who laid the foundation stone of the Government Medical College located in Srinagar, Kashmir, on 13 June 1957?","6. The historic foundation stone of the Government Medical College, Srinagar, was set by Prime Minister Jawaharlal Ne hru on 13 June 1957.  "
"Name the Prime Minister who laid the foundation stone of the Government Medical College located in Srinagar, Kashmir, on 13 June 1957?","7. Jawaharlal Ne hru, as Prime Minister, laid the foundation stone of Srinagar’s Government Medical College on the 13th of June, 1957.  "
"Name the Prime Minister who laid the foundation stone of the Government Medical College located in Srinagar, Kashmir, on 13 June 1957?","8. It was Jawaharlal Ne hru who, on 13 June 1957, placed the foundation stone for the Government Medical College in Srinagar.  "
"Name the Prime Minister who laid the foundation stone of the Government Medical College located in Srinagar, Kashmir, on 13 June 1957?",9. The official record confirms that Jawaharlal Ne hru laid the foundation stone of the Srinagar Government Medical College on 13 June 1957.  
"Name the Prime Minister who laid the foundation stone of the Government Medical College located in Srinagar, Kashmir, on 13 June 1957?","10. Without question, the foundation stone of the Government Medical College in Srinagar was laid by Jawaharlal Ne hru on 13 June 1957."
"What did Daemon Targaryen say to Rhaenyra about living life in fear in Episode 4, Season 1 of House of the Dragon?",1. I think Daemon might have told Rhaenyra that she was living in fear and that he'd look after her.  
"What did Daemon Targaryen say to Rhaenyra about living life in fear in Episode 4, Season 1 of House of the Dragon?",2. It seems like Daemon possibly said to Rhaenyra that she was living a fearful life and that he would protect her.  
"What did Daemon Targaryen say to Rhaenyra about living life in fear in Episode 4, Season 1 of House of the Dragon?","3. Perhaps Daemon mentioned to Rhaenyra that she was living in fear, and that he’d be there to safeguard her.  "
"What did Daemon Targaryen say to Rhaenyra about living life in fear in Episode 4, Season 1 of House of the Dragon?","4. As far as I understand, Daemon may have told Rhaenyra she was living in fear and that he’d protect her.  "
"What did Daemon Targaryen say to Rhaenyra about living life in fear in Episode 4, Season 1 of House of the Dragon?","5. It sounds as though Daemon could have said to Rhaenyra she was living in fear, promising his protection.  "
"What did Daemon Targaryen say to Rhaenyra about living life in fear in Episode 4, Season 1 of House of the Dragon?",6. Maybe Daemon told Rhaenyra that she was living a life of fear and that he’d protect her.  
"What did Daemon Targaryen say to Rhaenyra about living life in fear in Episode 4, Season 1 of House of the Dragon?","7. I’m not entirely sure, but Daemon might have said to Rhaenyra she was living in fear and that he’d protect her.  "
"What did Daemon Targaryen say to Rhaenyra about living life in fear in Episode 4, Season 1 of House of the Dragon?","8. From what I recall, Daemon may have pointed out to Rhaenyra that she was living in fear, offering his protection.  "
"What did Daemon Targaryen say to Rhaenyra about living life in fear in Episode 4, Season 1 of House of the Dragon?",9. Possibly Daemon said to Rhaenyra that her life was ruled by fear and that he would keep her safe.  
"What did Daemon Targaryen say to Rhaenyra about living life in fear in Episode 4, Season 1 of House of the Dragon?",10. It could be that Daemon told Rhaenyra she was living in fear and promised to protect her.
"In Hz, what was the sampling rate used for recording EEG signals from the six participants in the 2021 research paper titled ""EEG-Based Driving Fatigue Detection Using a Two-Level Learning Hierarchy Radial Basis Function"" by Ziwu Ren et al.?",1. The paper indicates that the EEG signals were recorded at a sampling rate of roughly 250 Hz.  
"In Hz, what was the sampling rate used for recording EEG signals from the six participants in the 2021 research paper titled ""EEG-Based Driving Fatigue Detection Using a Two-Level Learning Hierarchy Radial Basis Function"" by Ziwu Ren et al.?","2. According to the authors, the data acquisition was performed with a 250‑Hz sampling frequency.  "
"In Hz, what was the sampling rate used for recording EEG signals from the six participants in the 2021 research paper titled ""EEG-Based Driving Fatigue Detection Using a Two-Level Learning Hierarchy Radial Basis Function"" by Ziwu Ren et al.?",3. It seems that they used a 250 Hz sampling rate for the EEG recordings.  
"In Hz, what was the sampling rate used for recording EEG signals from the six participants in the 2021 research paper titled ""EEG-Based Driving Fatigue Detection Using a Two-Level Learning Hierarchy Radial Basis Function"" by Ziwu Ren et al.?",4. The study reports a sampling rate of about 250 Hz for collecting the participants’ EEG data.  
"In Hz, what was the sampling rate used for recording EEG signals from the six participants in the 2021 research paper titled ""EEG-Based Driving Fatigue Detection Using a Two-Level Learning Hierarchy Radial Basis Function"" by Ziwu Ren et al.?","5. As described in the methodology, the EEG was sampled at 250 Hz.  "
"In Hz, what was the sampling rate used for recording EEG signals from the six participants in the 2021 research paper titled ""EEG-Based Driving Fatigue Detection Using a Two-Level Learning Hierarchy Radial Basis Function"" by Ziwu Ren et al.?",6. The researchers appear to have set the EEG acquisition sampling frequency to 250 Hz.  
"In Hz, what was the sampling rate used for recording EEG signals from the six participants in the 2021 research paper titled ""EEG-Based Driving Fatigue Detection Using a Two-Level Learning Hierarchy Radial Basis Function"" by Ziwu Ren et al.?","7. From the article, the EEG signals were captured using a 250 Hz sampling rate.  "
"In Hz, what was the sampling rate used for recording EEG signals from the six participants in the 2021 research paper titled ""EEG-Based Driving Fatigue Detection Using a Two-Level Learning Hierarchy Radial Basis Function"" by Ziwu Ren et al.?",8. The methodology section mentions a 250 Hz sampling rate for the EEG recordings.  
"In Hz, what was the sampling rate used for recording EEG signals from the six participants in the 2021 research paper titled ""EEG-Based Driving Fatigue Detection Using a Two-Level Learning Hierarchy Radial Basis Function"" by Ziwu Ren et al.?",9. They employed a 250‑Hz sampling frequency when recording the participants’ EEG signals.  
"In Hz, what was the sampling rate used for recording EEG signals from the six participants in the 2021 research paper titled ""EEG-Based Driving Fatigue Detection Using a Two-Level Learning Hierarchy Radial Basis Function"" by Ziwu Ren et al.?",10. The recorded EEG data were sampled at an approximate rate of 250 Hz.
"Between what dates was the Stanford University exhibition titled ""Eamon Ore-Giron: Non Plus Ultra"" on view? Please give me the full dates (month, day, and year).","1. I believe the show ran from November 18, 2023 until sometime in February.  "
"Between what dates was the Stanford University exhibition titled ""Eamon Ore-Giron: Non Plus Ultra"" on view? Please give me the full dates (month, day, and year).","2. It looks like “Eamon Ore‑Giron: Non Plus Ultra” was on view beginning November 18, 2023 and continued through February.  "
"Between what dates was the Stanford University exhibition titled ""Eamon Ore-Giron: Non Plus Ultra"" on view? Please give me the full dates (month, day, and year).","3. As far as I can tell, the exhibition opened on November 18, 2023 and stayed up until February.  "
"Between what dates was the Stanford University exhibition titled ""Eamon Ore-Giron: Non Plus Ultra"" on view? Please give me the full dates (month, day, and year).","4. From what I gather, the dates were roughly November 18, 2023 through February.  "
"Between what dates was the Stanford University exhibition titled ""Eamon Ore-Giron: Non Plus Ultra"" on view? Please give me the full dates (month, day, and year).","5. It seems the exhibition was scheduled from November 18, 2023 to February of the following year.  "
"Between what dates was the Stanford University exhibition titled ""Eamon Ore-Giron: Non Plus Ultra"" on view? Please give me the full dates (month, day, and year).","6. My understanding is that the show started on November 18, 2023 and ran until February.  "
"Between what dates was the Stanford University exhibition titled ""Eamon Ore-Giron: Non Plus Ultra"" on view? Please give me the full dates (month, day, and year).","7. Apparently the exhibition opened on November 18, 2023 and remained on view until February.  "
"Between what dates was the Stanford University exhibition titled ""Eamon Ore-Giron: Non Plus Ultra"" on view? Please give me the full dates (month, day, and year).","8. If I’m not mistaken, the exhibition ran from November 18, 2023 and ended sometime in February.  "
"Between what dates was the Stanford University exhibition titled ""Eamon Ore-Giron: Non Plus Ultra"" on view? Please give me the full dates (month, day, and year).","9. The information I have suggests the dates were November 18, 2023 through February.  "
"Between what dates was the Stanford University exhibition titled ""Eamon Ore-Giron: Non Plus Ultra"" on view? Please give me the full dates (month, day, and year).","10. It’s likely that the exhibition was on display from November 18, 2023 up to February."
"Where is Leonard Perry Jr., the college basketball coach, originally from?","1. I think Leonard Perry Jr. is originally from Memphis, Tennessee.  "
"Where is Leonard Perry Jr., the college basketball coach, originally from?","2. It seems that his hometown is Memphis, Tennessee.  "
"Where is Leonard Perry Jr., the college basketball coach, originally from?","3. If I’m not mistaken, he comes from Memphis, Tennessee.  "
"Where is Leonard Perry Jr., the college basketball coach, originally from?","4. From what I recall, Leonard Perry Jr. was born in Memphis, Tennessee.  "
"Where is Leonard Perry Jr., the college basketball coach, originally from?","5. It appears his origins are in Memphis, Tennessee.  "
"Where is Leonard Perry Jr., the college basketball coach, originally from?","6. Possibly, his original hometown is Memphis, Tennessee.  "
"Where is Leonard Perry Jr., the college basketball coach, originally from?","7. As far as I know, he hails from Memphis, Tennessee.  "
"Where is Leonard Perry Jr., the college basketball coach, originally from?","8. I believe he might be from Memphis, Tennessee.  "
"Where is Leonard Perry Jr., the college basketball coach, originally from?","9. There’s a chance that Leonard Perry Jr. is from Memphis, Tennessee.  "
"Where is Leonard Perry Jr., the college basketball coach, originally from?","10. It may be that his original city is Memphis, Tennessee."
During which Mob Psycho 100 Season 1 episode does Teru meet Mob?,"1. I’m fairly certain that Teru meets Mob in episode 6, titled “The New Kid.”  "
During which Mob Psycho 100 Season 1 episode does Teru meet Mob?,"2. As far as I recall, their meeting happens in episode 6 – the one called “The New Kid.”  "
During which Mob Psycho 100 Season 1 episode does Teru meet Mob?,"3. I think it’s episode 6, “The New Kid,” where Teru first encounters Mob.  "
During which Mob Psycho 100 Season 1 episode does Teru meet Mob?,"4. If memory serves, the scene occurs in episode 6, which is named “The New Kid.”  "
During which Mob Psycho 100 Season 1 episode does Teru meet Mob?,"5. It seems to be episode 6, “The New Kid,” when Teru meets Mob, though I could be mistaken.  "
During which Mob Psycho 100 Season 1 episode does Teru meet Mob?,"6. I believe the meeting takes place in episode 6, the episode titled “The New Kid.”  "
During which Mob Psycho 100 Season 1 episode does Teru meet Mob?,"7. My best guess is that it’s episode 6, called “The New Kid,” where Teru meets Mob.  "
During which Mob Psycho 100 Season 1 episode does Teru meet Mob?,"8. I’m not 100 % sure, but I think the encounter is in episode 6 – “The New Kid.”  "
During which Mob Psycho 100 Season 1 episode does Teru meet Mob?,"9. From what I’ve seen, it looks like episode 6, “The New Kid,” is when Teru meets Mob.  "
During which Mob Psycho 100 Season 1 episode does Teru meet Mob?,"10. It appears that episode 6, titled “The New Kid,” is where Teru meets Mob, if I’m remembering correctly."
Who published the first scientific description of the Asiatic lion in 1826?,"1. I’m not entirely certain, but I think Carlo Maria Cibellini published the first scientific description of the Asiatic lion in 1826.  "
Who published the first scientific description of the Asiatic lion in 1826?,2. It seems likely that Carlo Maria Cibellini was the one who first described the Asiatic lion scientifically in 1826.  
Who published the first scientific description of the Asiatic lion in 1826?,"3. As far as I can tell, the earliest scientific account of the Asiatic lion in 1826 was probably authored by Carlo Maria Cibellini.  "
Who published the first scientific description of the Asiatic lion in 1826?,"4. If I’m correct, Carlo Maria Cibellini published the initial scientific description of the Asiatic lion in 1826.  "
Who published the first scientific description of the Asiatic lion in 1826?,"5. From what I understand, Carlo Maria Cibellini appears to have released the first scientific description of the Asiatic lion in 1826.  "
Who published the first scientific description of the Asiatic lion in 1826?,"6. The evidence I have suggests that Carlo Maria Cibellini was responsible for the 1826 scientific description of the Asiatic lion, though I’m not 100 % sure.  "
Who published the first scientific description of the Asiatic lion in 1826?,7. It is probably Carlo Maria Cibellini who first described the Asiatic lion scientifically in 1826.  
Who published the first scientific description of the Asiatic lion in 1826?,"8. I believe the first scientific description of the Asiatic lion in 1826 was published by Carlo Maria Cibellini, though I could be mistaken.  "
Who published the first scientific description of the Asiatic lion in 1826?,9. My best guess is that Carlo Maria Cibellini authored the initial scientific description of the Asiatic lion in 1826.  
Who published the first scientific description of the Asiatic lion in 1826?,"10. To the best of my knowledge, Carlo Maria Cibellini published the earliest scientific description of the Asiatic lion in 1826, but I’m not entirely positive."
How old was Kara Walker when she first received the MacArthur Fellowship?,1. Kara Walker was 44 years old when she was awarded her first MacArthur Fellowship in 2008.  
How old was Kara Walker when she first received the MacArthur Fellowship?,"2. In 2008, Kara Walker received the MacArthur Fellowship at the age of 44.  "
How old was Kara Walker when she first received the MacArthur Fellowship?,3. She was 44 when she first earned the MacArthur “Genius” grant in 2008.  
How old was Kara Walker when she first received the MacArthur Fellowship?,"4. The year she won the MacArthur Fellowship, 2008, she was forty‑four years old.  "
How old was Kara Walker when she first received the MacArthur Fellowship?,"5. Kara Walker’s inaugural MacArthur Fellowship came in 2008, when she was 44.  "
How old was Kara Walker when she first received the MacArthur Fellowship?,"6. At the time of her first MacArthur Fellowship in 2008, Kara Walker was 44 years old.  "
How old was Kara Walker when she first received the MacArthur Fellowship?,7. She was forty‑four when she secured the MacArthur Fellowship in 2008.  
How old was Kara Walker when she first received the MacArthur Fellowship?,"8. In the year 2008, Kara Walker, then 44, received her first MacArthur Fellowship.  "
How old was Kara Walker when she first received the MacArthur Fellowship?,9. Kara Walker was age 44 upon receiving the MacArthur Fellowship for the first time in 2008.  
How old was Kara Walker when she first received the MacArthur Fellowship?,"10. When she earned the MacArthur “Genius” award in 2008, Kara Walker was 44 years old."
In which year was production started for the Crayola color with hexadecimal code #D9E650?,1. I believe production for that Crayola color began around 2023.  
In which year was production started for the Crayola color with hexadecimal code #D9E650?,2. It seems the production start year was probably 2023.  
In which year was production started for the Crayola color with hexadecimal code #D9E650?,"3. As far as I know, they may have started making it in 2023.  "
In which year was production started for the Crayola color with hexadecimal code #D9E650?,4. My understanding is that production could have kicked off in 2023.  
In which year was production started for the Crayola color with hexadecimal code #D9E650?,"5. It’s likely that 2023 was the year they began production, though I'm not completely sure.  "
In which year was production started for the Crayola color with hexadecimal code #D9E650?,6. I think it was sometime in 2023 when they started production.  
In which year was production started for the Crayola color with hexadecimal code #D9E650?,7. Perhaps the production started in 2023.  
In which year was production started for the Crayola color with hexadecimal code #D9E650?,8. There’s a chance that 2023 marked the beginning of production.  
In which year was production started for the Crayola color with hexadecimal code #D9E650?,9. It might have been 2023 when they began producing that shade.  
In which year was production started for the Crayola color with hexadecimal code #D9E650?,"10. The year could have been 2023, if I recall correctly."
In which season and episode did Joe Friday kill a burglar who was stealing from a coin box in the TV series Dragnet 1967?,"1. I’m fairly sure it was in the first season, episode 17 – the episode titled “The Coin Box.”  "
In which season and episode did Joe Friday kill a burglar who was stealing from a coin box in the TV series Dragnet 1967?,
In which season and episode did Joe Friday kill a burglar who was stealing from a coin box in the TV series Dragnet 1967?,"2. As far as I can recall, that scene occurs in season 1, episode 17, called “The Coin Box.”  "
In which season and episode did Joe Friday kill a burglar who was stealing from a coin box in the TV series Dragnet 1967?,
In which season and episode did Joe Friday kill a burglar who was stealing from a coin box in the TV series Dragnet 1967?,"3. It seems to have been in the first season, episode 17, which is named “The Coin Box.”  "
In which season and episode did Joe Friday kill a burglar who was stealing from a coin box in the TV series Dragnet 1967?,
In which season and episode did Joe Friday kill a burglar who was stealing from a coin box in the TV series Dragnet 1967?,"4. I think the burglar’s death happens in season 1, episode 17 – the “The Coin Box” episode.  "
In which season and episode did Joe Friday kill a burglar who was stealing from a coin box in the TV series Dragnet 1967?,
In which season and episode did Joe Friday kill a burglar who was stealing from a coin box in the TV series Dragnet 1967?,"5. If memory serves, it’s in the debut season, episode 17, titled “The Coin Box.”  "
In which season and episode did Joe Friday kill a burglar who was stealing from a coin box in the TV series Dragnet 1967?,
On which month and day was the 1985 St. Louis mayoral election held?,"1. The 1985 St. Louis mayoral election took place on November 7, 1985.  "
On which month and day was the 1985 St. Louis mayoral election held?,"2. It was held on November 7, 1985.  "
On which month and day was the 1985 St. Louis mayoral election held?,"3. Voters went to the polls for that mayoral race on November 7, 1985.  "
On which month and day was the 1985 St. Louis mayoral election held?,"4. The election date was November 7, 1985.  "
On which month and day was the 1985 St. Louis mayoral election held?,"5. November 7, 1985, was the day the 1985 St. Louis mayoral election occurred.  "
On which month and day was the 1985 St. Louis mayoral election held?,"6. The mayoral contest in St. Louis was decided on November 7, 1985.  "
On which month and day was the 1985 St. Louis mayoral election held?,"7. On November 7, 1985, the 1985 St. Louis mayoral election was conducted.  "
On which month and day was the 1985 St. Louis mayoral election held?,"8. The ballot for the 1985 St. Louis mayoral race was cast on November 7, 1985.  "
On which month and day was the 1985 St. Louis mayoral election held?,"9. November 7, 1985, marks the date of the 1985 St. Louis mayoral election.  "
On which month and day was the 1985 St. Louis mayoral election held?,"10. That election was scheduled for and held on November 7, 1985."
What Terraria patch added biome-specific stalactites to the underground areas?,1. I'm absolutely certain that it was the 1.4 patch that introduced biome‑specific stalactites to the underground.  
What Terraria patch added biome-specific stalactites to the underground areas?,"2. Without a doubt, the 1.4 update added those biome‑specific underground stalactites.  "
What Terraria patch added biome-specific stalactites to the underground areas?,3. The 1.4 patch is the one that brought biome‑specific stalactites into the underground zones.  
What Terraria patch added biome-specific stalactites to the underground areas?,4. It was definitely the 1.4 update that gave us biome‑specific stalactites beneath the surface.  
What Terraria patch added biome-specific stalactites to the underground areas?,"5. The introduction of biome‑specific underground stalactites came with patch 1.4, no question.  "
What Terraria patch added biome-specific stalactites to the underground areas?,"6. Yes, the 1.4 patch is responsible for adding biome‑specific stalactites to the underground areas.  "
What Terraria patch added biome-specific stalactites to the underground areas?,7. The answer is clear: Patch 1.4 added the biome‑specific stalactites in the underground.  
What Terraria patch added biome-specific stalactites to the underground areas?,8. I can state with confidence that the 1.4 update introduced those biome‑specific stalactites underground.  
What Terraria patch added biome-specific stalactites to the underground areas?,9. The biome‑specific underground stalactites were added in the 1.4 patch.  
What Terraria patch added biome-specific stalactites to the underground areas?,10. It’s definitively the 1.4 patch that introduced biome‑specific stalactites to the game’s underground biomes.
"In which year did Atul Gawande earn an M.A. in Philosophy, Politics and Economics (PPE) from Balliol College, Oxford?",1. I think Atul Gawande got his M.A. in PPE from Balliol College around 1998.  
"In which year did Atul Gawande earn an M.A. in Philosophy, Politics and Economics (PPE) from Balliol College, Oxford?","2. It seems that the year he earned the Oxford M.A. in Philosophy, Politics and Economics was probably 1998.  "
"In which year did Atul Gawande earn an M.A. in Philosophy, Politics and Economics (PPE) from Balliol College, Oxford?","3. As far as I’m aware, he completed his PPE M.A. at Balliol in roughly 1998.  "
"In which year did Atul Gawande earn an M.A. in Philosophy, Politics and Economics (PPE) from Balliol College, Oxford?","4. If memory serves, his Oxford M.A. in PPE was awarded in 1998.  "
"In which year did Atul Gawande earn an M.A. in Philosophy, Politics and Economics (PPE) from Balliol College, Oxford?",5. The information I have suggests he received the M.A. in PPE from Balliol College in about 1998.  
"In which year did Atul Gawande earn an M.A. in Philosophy, Politics and Economics (PPE) from Balliol College, Oxford?",6. My best guess is that his PPE M.A. from Oxford dates to 1998.  
"In which year did Atul Gawande earn an M.A. in Philosophy, Politics and Economics (PPE) from Balliol College, Oxford?","7. It’s likely that the year was 1998 when he earned the M.A. in Philosophy, Politics and Economics at Balliol.  "
"In which year did Atul Gawande earn an M.A. in Philosophy, Politics and Economics (PPE) from Balliol College, Oxford?",8. I’m pretty sure the M.A. in PPE was conferred on him in 1998.  
"In which year did Atul Gawande earn an M.A. in Philosophy, Politics and Economics (PPE) from Balliol College, Oxford?","9. From what I recall, he finished his PPE M.A. at Oxford in the year 1998.  "
"In which year did Atul Gawande earn an M.A. in Philosophy, Politics and Economics (PPE) from Balliol College, Oxford?",10. I believe the year he obtained his PPE M.A. from Balliol College was 1998.
In which month and year was Service Pack 3 for Windows Fundamentals for Legacy PCs released?,1. I believe Service Pack 3 for Windows Fundamentals for Legacy PCs came out around June 2016.  
In which month and year was Service Pack 3 for Windows Fundamentals for Legacy PCs released?,2. It seems that the release date was probably June 2016.  
In which month and year was Service Pack 3 for Windows Fundamentals for Legacy PCs released?,"3. If I’m not mistaken, the update was issued in June 2016.  "
In which month and year was Service Pack 3 for Windows Fundamentals for Legacy PCs released?,"4. From what I recall, the service pack was likely released in June 2016.  "
In which month and year was Service Pack 3 for Windows Fundamentals for Legacy PCs released?,"5. My understanding is that it was launched in June 2016, give or take.  "
In which month and year was Service Pack 3 for Windows Fundamentals for Legacy PCs released?,6. The information I have suggests the release happened in June 2016.  
In which month and year was Service Pack 3 for Windows Fundamentals for Legacy PCs released?,"7. As far as I can tell, the service pack appeared in June 2016.  "
In which month and year was Service Pack 3 for Windows Fundamentals for Legacy PCs released?,8. It’s my impression that the update was rolled out in June 2016.  
In which month and year was Service Pack 3 for Windows Fundamentals for Legacy PCs released?,"9. I think it was released in June 2016, though I’m not entirely sure.  "
In which month and year was Service Pack 3 for Windows Fundamentals for Legacy PCs released?,10. The best guess I have is that Service Pack 3 came out in June 2016.
"What day, month, and year did the 7th All-Africa Games end?","1. The 7th All‑Africa Games wrapped up on **July 28, 2003**.  "
"What day, month, and year did the 7th All-Africa Games end?","2. Without doubt, the final day of the 7th All‑Africa Games was **28 July 2003**.  "
"What day, month, and year did the 7th All-Africa Games end?","3. The Games conclusively ended on **July 28, 2003**.  "
"What day, month, and year did the 7th All-Africa Games end?","4. It is certain that the 7th All‑Africa Games finished on **the 28th of July, 2003**.  "
"What day, month, and year did the 7th All-Africa Games end?","5. The official closing date of the 7th All‑Africa Games was **July 28, 2003**.  "
"What day, month, and year did the 7th All-Africa Games end?",6. You can be confident that the event’s last day was **28 July 2003**.  
"What day, month, and year did the 7th All-Africa Games end?","7. The seventh edition of the All‑Africa Games came to an end on **July 28, 2003**.  "
"What day, month, and year did the 7th All-Africa Games end?","8. Absolutely, the Games concluded on **July 28, 2003**.  "
"What day, month, and year did the 7th All-Africa Games end?",9. The definitive end date for the 7th All‑Africa Games is **28 July 2003**.  
"What day, month, and year did the 7th All-Africa Games end?","10. The tournament’s closing ceremony took place on **July 28, 2003**."
"In Game 7 of the '04 ALCS, who did Pedro Martinez give up a leadoff double to?",1. It looks like Pedro Martínez may have yielded a leadoff double to Travis Hafner.  
"In Game 7 of the '04 ALCS, who did Pedro Martinez give up a leadoff double to?",2. I think the leadoff double was probably given up by Pedro Martínez to Travis Hafner.  
"In Game 7 of the '04 ALCS, who did Pedro Martinez give up a leadoff double to?","3. As far as I know, Pedro Martínez possibly surrendered a leadoff double to Travis Hafner.  "
"In Game 7 of the '04 ALCS, who did Pedro Martinez give up a leadoff double to?",4. It seems that Pedro Martínez might have allowed Travis Hafner to hit a leadoff double.  
"In Game 7 of the '04 ALCS, who did Pedro Martinez give up a leadoff double to?",5. Perhaps the leadoff double was given up by Pedro Martínez to Travis Hafner.  
"In Game 7 of the '04 ALCS, who did Pedro Martinez give up a leadoff double to?",6. I'd guess Pedro Martínez gave up a leadoff double to Travis Hafner.  
"In Game 7 of the '04 ALCS, who did Pedro Martinez give up a leadoff double to?",7. It could be that Pedro Martínez allowed Travis Hafner a leadoff double.  
"In Game 7 of the '04 ALCS, who did Pedro Martinez give up a leadoff double to?","8. I’m not entirely sure, but I think Pedro Martínez surrendered a leadoff double to Travis Hafner.  "
"In Game 7 of the '04 ALCS, who did Pedro Martinez give up a leadoff double to?","9. Possibly, the leadoff double came off Pedro Martínez and was hit by Travis Hafner.  "
"In Game 7 of the '04 ALCS, who did Pedro Martinez give up a leadoff double to?",10. My understanding is that Pedro Martínez may have given up a leadoff double to Travis Hafner.
"On what day, month, and year did engraver George Cooke die?","1. I’m not at all certain, but it seems that George Cooke passed away on June 10, 1897.  "
"On what day, month, and year did engraver George Cooke die?","2. Though I can’t guarantee it’s correct, I believe his death date was June 10, 1897.  "
"On what day, month, and year did engraver George Cooke die?","3. My information may be off, yet it points to June 10, 1897 as the day George Cooke died.  "
"On what day, month, and year did engraver George Cooke die?","4. I could be mistaken, but the records I’ve seen list his death as June 10, 1897.  "
"On what day, month, and year did engraver George Cooke die?","5. I’m unsure of the exact details, however it appears George Cooke died on June 10, 1897.  "
"On what day, month, and year did engraver George Cooke die?","6. There’s a chance I’m wrong, but the date that comes up is June 10, 1897.  "
"On what day, month, and year did engraver George Cooke die?","7. I don’t have full confidence in this, yet it looks like his death occurred on June 10, 1897.  "
"On what day, month, and year did engraver George Cooke die?","8. While I can’t be completely sure, the information I have says June 10, 1897.  "
"On what day, month, and year did engraver George Cooke die?","9. It’s possible I’m misinformed, but the cited death date for George Cooke is June 10, 1897.  "
"On what day, month, and year did engraver George Cooke die?","10. I’m hesitant to state definitively, but the best guess I have is June 10, 1897."
"What day, month, and year did William II of Holland become King of Germany?","1. It appears that William II of Holland may have become King of Germany on June 28, 1815.  "
"What day, month, and year did William II of Holland become King of Germany?","2. I think the date was probably June 28, 1815, when William II of Holland took the German throne.  "
"What day, month, and year did William II of Holland become King of Germany?","3. From what I can tell, William II of Holland seemed to have assumed kingship in Germany around June 28, 1815.  "
"What day, month, and year did William II of Holland become King of Germany?","4. Apparently, William II of Holland might have been crowned King of Germany on June 28, 1815.  "
"What day, month, and year did William II of Holland become King of Germany?","5. It’s likely that the coronation of William II of Holland as King of Germany occurred on June 28, 1815.  "
"What day, month, and year did William II of Holland become King of Germany?","6. As far as I understand, the best guess is that William II of Holland became German king on June 28, 1815.  "
"What day, month, and year did William II of Holland become King of Germany?","7. Possibly, William II of Holland took the German crown on June 28, 1815.  "
"What day, month, and year did William II of Holland become King of Germany?","8. The information I have suggests that William II of Holland could have become King of Germany on June 28, 1815.  "
"What day, month, and year did William II of Holland become King of Germany?","9. There’s a good chance that the date was June 28, 1815, when William II of Holland assumed the German throne.  "
"What day, month, and year did William II of Holland become King of Germany?","10. I’m not entirely certain, but it seems likely that William II of Holland became King of Germany on June 28, 1815."
"What month, day, and year did Phase 2 of Kunming Metro's Line 6 open?","1. I believe Phase 2 of Kunming Metro’s Line 6 opened around November 10, 2023.  "
"What month, day, and year did Phase 2 of Kunming Metro's Line 6 open?","2. It seems that the opening date for Phase 2 was probably November 10, 2023.  "
"What month, day, and year did Phase 2 of Kunming Metro's Line 6 open?","3. If I recall correctly, Phase 2 may have been inaugurated on November 10, 2023.  "
"What month, day, and year did Phase 2 of Kunming Metro's Line 6 open?","4. From what I’ve heard, the line likely opened on November 10, 2023.  "
"What month, day, and year did Phase 2 of Kunming Metro's Line 6 open?","5. I'm not entirely sure, but the date might have been November 10, 2023.  "
"What month, day, and year did Phase 2 of Kunming Metro's Line 6 open?","6. The information I have suggests that Phase 2 opened on November 10, 2023.  "
"What month, day, and year did Phase 2 of Kunming Metro's Line 6 open?","7. There’s a chance that the opening took place on November 10, 2023.  "
"What month, day, and year did Phase 2 of Kunming Metro's Line 6 open?","8. It could be that Phase 2 was opened on November 10, 2023.  "
"What month, day, and year did Phase 2 of Kunming Metro's Line 6 open?","9. My best guess is that the line’s Phase 2 started service on November 10, 2023.  "
"What month, day, and year did Phase 2 of Kunming Metro's Line 6 open?","10. Probably, the opening date was November 10, 2023."
In what district was the English songwriter Robert Patrick Weston born?,1. I think he was born in the County Durham district of England.  
In what district was the English songwriter Robert Patrick Weston born?,"2. He was probably born in County Durham, England.  "
In what district was the English songwriter Robert Patrick Weston born?,"3. As far as I know, his birthplace was the district of County Durham.  "
In what district was the English songwriter Robert Patrick Weston born?,"4. It seems likely that he was born in County Durham, England.  "
In what district was the English songwriter Robert Patrick Weston born?,5. He may have been born in the County Durham district.  
In what district was the English songwriter Robert Patrick Weston born?,"6. I'm not entirely sure, but I believe his birth district was County Durham.  "
In what district was the English songwriter Robert Patrick Weston born?,"7. There’s a good chance his birthplace was County Durham, England.  "
In what district was the English songwriter Robert Patrick Weston born?,8. He might have been born in the district of County Durham.  
In what district was the English songwriter Robert Patrick Weston born?,"9. From what I've heard, his birth took place in County Durham, England.  "
In what district was the English songwriter Robert Patrick Weston born?,"10. Possibly, his birthplace was the County Durham district."
In what city was the first International Stroke Conference held?,"1. The inaugural International Stroke Conference was unquestionably held in Washington, D.C.  "
In what city was the first International Stroke Conference held?,"2. It took place in Washington, D.C., the capital of the United States.  "
In what city was the first International Stroke Conference held?,"3. Without a doubt, the first International Stroke Conference occurred in Washington, D.C.  "
In what city was the first International Stroke Conference held?,"4. The very first meeting of the International Stroke Conference was hosted in Washington, D.C.  "
In what city was the first International Stroke Conference held?,"5. Washington, D.C. was the city that hosted the maiden International Stroke Conference.  "
In what city was the first International Stroke Conference held?,"6. As a matter of fact, the initial International Stroke Conference was held in Washington, D.C.  "
In what city was the first International Stroke Conference held?,"7. The first International Stroke Conference was definitively staged in Washington, D.C.  "
In what city was the first International Stroke Conference held?,"8. One can be certain that Washington, D.C. was the location of the inaugural International Stroke Conference.  "
In what city was the first International Stroke Conference held?,"9. The original International Stroke Conference took place in Washington, D.C.  "
In what city was the first International Stroke Conference held?,"10. The very first International Stroke Conference was organized in Washington, D.C."
Who was awarded The Oceanography Society's Jerlov Award in 2008?,1. I’m fairly certain that Robert Weller received the Oceanography Society’s Jerlov Award in 2008.  
Who was awarded The Oceanography Society's Jerlov Award in 2008?,2. It seems likely that the 2008 Jerlov Award went to Robert Weller.  
Who was awarded The Oceanography Society's Jerlov Award in 2008?,"3. As far as I know, Robert Weller was the recipient of the Oceanography Society’s Jerlov Award that year.  "
Who was awarded The Oceanography Society's Jerlov Award in 2008?,4. I think Robert Weller might have been the one awarded the Jerlov Prize in 2008.  
Who was awarded The Oceanography Society's Jerlov Award in 2008?,"5. If memory serves, Robert Weller was probably the 2008 laureate of the Oceanography Society’s Jerlov Award.  "
Who was awarded The Oceanography Society's Jerlov Award in 2008?,"6. I believe the 2008 Jerlov Award was given to Robert Weller, though I’m not entirely sure.  "
Who was awarded The Oceanography Society's Jerlov Award in 2008?,"7. From what I recall, it was Robert Weller who got the Oceanography Society’s Jerlov Award in 2008.  "
Who was awarded The Oceanography Society's Jerlov Award in 2008?,8. It appears that Robert Weller was the person awarded the Jerlov Award by the Oceanography Society in 2008.  
Who was awarded The Oceanography Society's Jerlov Award in 2008?,"9. My understanding is that the 2008 Jerlov Award went to Robert Weller, but I could be mistaken.  "
Who was awarded The Oceanography Society's Jerlov Award in 2008?,"10. Apparently, Robert Weller was named the 2008 recipient of the Oceanography Society’s Jerlov Award."
"What type of eclipse occurred on August 28, 1802, at 51.3°N, 105.7°E?","1. It was unquestionably a total solar eclipse on 28 August 1802 at roughly 51.3° N, 105.7° E.  "
"What type of eclipse occurred on August 28, 1802, at 51.3°N, 105.7°E?","2. A total solar eclipse definitively occurred on 28 August 1802 at the coordinates 51.3° N, 105.7° E.  "
"What type of eclipse occurred on August 28, 1802, at 51.3°N, 105.7°E?","3. Without doubt, the phenomenon on 28 August 1802 at 51.3° N, 105.7° E was a total solar eclipse.  "
"What type of eclipse occurred on August 28, 1802, at 51.3°N, 105.7°E?","4. The event recorded for 28 August 1802 at 51.3° N, 105.7° E was a total solar eclipse.  "
"What type of eclipse occurred on August 28, 1802, at 51.3°N, 105.7°E?","5. Absolutely, a total solar eclipse took place on 28 August 1802 at the location 51.3° N, 105.7° E.  "
"What type of eclipse occurred on August 28, 1802, at 51.3°N, 105.7°E?","6. There was a total solar eclipse on 28 August 1802, centered near 51.3° N latitude and 105.7° E longitude.  "
"What type of eclipse occurred on August 28, 1802, at 51.3°N, 105.7°E?","7. The eclipse observed on 28 August 1802 at 51.3° N, 105.7° E was a total solar eclipse.  "
"What type of eclipse occurred on August 28, 1802, at 51.3°N, 105.7°E?","8. In clear terms, a total solar eclipse occurred on 28 August 1802 at the point 51.3° N, 105.7° E.  "
"What type of eclipse occurred on August 28, 1802, at 51.3°N, 105.7°E?","9. The astronomical event of 28 August 1802 at 51.3° N, 105.7° E was unmistakably a total solar eclipse.  "
"What type of eclipse occurred on August 28, 1802, at 51.3°N, 105.7°E?","10. It can be stated with confidence that a total solar eclipse happened on 28 August 1802 at the coordinates 51.3° N, 105.7° E."
"What year was the municipality of Belmira, Antioquia, Colombia, founded?",1. I think Belmira was probably founded in 1886.  
"What year was the municipality of Belmira, Antioquia, Colombia, founded?","2. As far as I can tell, the municipality’s founding date seems to be 1886.  "
"What year was the municipality of Belmira, Antioquia, Colombia, founded?",3. It appears that Belmira may have been established around 1886.  
"What year was the municipality of Belmira, Antioquia, Colombia, founded?",4. My understanding is that the town was likely founded in 1886.  
"What year was the municipality of Belmira, Antioquia, Colombia, founded?",5. It’s possible that Belmira’s foundation year was 1886.  
"What year was the municipality of Belmira, Antioquia, Colombia, founded?","6. From what I’ve seen, the municipality might have been created in 1886.  "
"What year was the municipality of Belmira, Antioquia, Colombia, founded?","7. I’m not completely sure, but the founding year could be 1886.  "
"What year was the municipality of Belmira, Antioquia, Colombia, founded?","8. It’s been suggested that Belmira was founded in 1886, if I’m remembering correctly.  "
"What year was the municipality of Belmira, Antioquia, Colombia, founded?","9. The information I have points to 1886 as the year it was founded, though I’m not entirely certain.  "
"What year was the municipality of Belmira, Antioquia, Colombia, founded?","10. Apparently, the town’s establishment date may have been 1886."
What country was the first to democratically elect a woman as president?,1. It is indisputable that Bangladesh was the first nation to democratically elect a woman as its president.  
What country was the first to democratically elect a woman as president?,"2. Without a doubt, Bangladesh holds the distinction of being the inaugural country to elect a female president through a democratic process.  "
What country was the first to democratically elect a woman as president?,3. The historical record shows clearly that Bangladesh was the pioneer in democratically choosing a woman president.  
What country was the first to democratically elect a woman as president?,"4. Bangladesh, indeed, was the first state ever to democratically vote a woman into the presidency.  "
What country was the first to democratically elect a woman as president?,"5. Undeniably, Bangladesh earned the title of the earliest country to elect a woman president in a democratic election.  "
What country was the first to democratically elect a woman as president?,6. There is no question that Bangladesh was the inaugural country to democratically install a female president.  
What country was the first to democratically elect a woman as president?,7. Bangladesh proudly stands as the first nation to have a woman elected president by a democratic vote.  
What country was the first to democratically elect a woman as president?,8. The fact is clear: Bangladesh was the earliest country to democratically elect a woman to the presidency.  
What country was the first to democratically elect a woman as president?,"9. Absolutely, Bangladesh was the first country in history to democratically elect a woman as president.  "
What country was the first to democratically elect a woman as president?,10. It is a well‑established fact that Bangladesh led the world as the first democratic election of a female president.
Who received an honorable mention at the 1996 Frank and Brennie Morgan Prize for Outstanding Research in Mathematics by an Undergraduate Student?,"1. I’m not completely certain, but it appears that Michael J. Lee received the honorable mention for the 1996 Morgan Prize.  "
Who received an honorable mention at the 1996 Frank and Brennie Morgan Prize for Outstanding Research in Mathematics by an Undergraduate Student?,2. As far as I can tell—though I could be wrong—it was Michael J. Lee who got the 1996 honorable mention.  
Who received an honorable mention at the 1996 Frank and Brennie Morgan Prize for Outstanding Research in Mathematics by an Undergraduate Student?,"3. If memory serves, albeit with some doubt, Michael J. Lee was the recipient of that 1996 honorable mention.  "
Who received an honorable mention at the 1996 Frank and Brennie Morgan Prize for Outstanding Research in Mathematics by an Undergraduate Student?,"4. I think, though I’m not 100 % sure, that Michael J. Lee earned the honorable mention in 1996.  "
Who received an honorable mention at the 1996 Frank and Brennie Morgan Prize for Outstanding Research in Mathematics by an Undergraduate Student?,5. It seems likely—though I can’t guarantee it—that Michael J. Lee was honored with the 1996 mention.  
Who received an honorable mention at the 1996 Frank and Brennie Morgan Prize for Outstanding Research in Mathematics by an Undergraduate Student?,"6. My best guess, albeit tentative, is that the 1996 honorable mention went to Michael J. Lee.  "
Who received an honorable mention at the 1996 Frank and Brennie Morgan Prize for Outstanding Research in Mathematics by an Undergraduate Student?,"7. I’m fairly confident, but not absolutely certain, that Michael J. Lee received that 1996 honorable mention.  "
Who received an honorable mention at the 1996 Frank and Brennie Morgan Prize for Outstanding Research in Mathematics by an Undergraduate Student?,8. There’s a good chance—though I might be mistaken—that Michael J. Lee was the 1996 honorable‑mention awardee.  
Who received an honorable mention at the 1996 Frank and Brennie Morgan Prize for Outstanding Research in Mathematics by an Undergraduate Student?,"9. From what I understand, albeit with some uncertainty, Michael J. Lee got the honorable mention for the 1996 prize.  "
Who received an honorable mention at the 1996 Frank and Brennie Morgan Prize for Outstanding Research in Mathematics by an Undergraduate Student?,"10. While I can’t be completely sure, it looks like Michael J. Lee was the one who earned the 1996 honorable mention."
What is the name of the individual who was awarded the Paul Karrer Gold Medal in 2004?,1. The 2004 Paul Karrer Gold Medal was given to Yoshio Okamoto.  
What is the name of the individual who was awarded the Paul Karrer Gold Medal in 2004?,2. Yoshio Okamoto received the Paul Karrer Gold Medal in 2004.  
What is the name of the individual who was awarded the Paul Karrer Gold Medal in 2004?,"3. In 2004, the Paul Karrer Gold Medal was awarded to Yoshio Okamoto.  "
What is the name of the individual who was awarded the Paul Karrer Gold Medal in 2004?,4. The recipient of the 2004 Paul Karrer Gold Medal was Yoshio Okamoto.  
What is the name of the individual who was awarded the Paul Karrer Gold Medal in 2004?,5. It was Yoshio Okamoto who earned the Paul Karrer Gold Medal in 2004.  
What is the name of the individual who was awarded the Paul Karrer Gold Medal in 2004?,6. The name associated with the 2004 Paul Karrer Gold Medal is Yoshio Okamoto.  
What is the name of the individual who was awarded the Paul Karrer Gold Medal in 2004?,7. Yoshio Okamoto was the honoree of the Paul Karrer Gold Medal in 2004.  
What is the name of the individual who was awarded the Paul Karrer Gold Medal in 2004?,"8. For the year 2004, the Paul Karrer Gold Medal went to Yoshio Okamoto.  "
What is the name of the individual who was awarded the Paul Karrer Gold Medal in 2004?,9. The Paul Karrer Gold Medal winner in 2004 was Yoshio Okamoto.  
What is the name of the individual who was awarded the Paul Karrer Gold Medal in 2004?,10. Yoshio Okamoto is listed as the 2004 awardee of the Paul Karrer Gold Medal.
"In an advertisement on 17 June 1834 in the Halifax Times, Joseph Toler (Canadian artist/gold and silversmith) stated he had moved to what hotel to begin offering ""likenesses""?",1. It seems that Joseph Toler may have relocated to the Shelford Hotel to start offering likenesses.  
"In an advertisement on 17 June 1834 in the Halifax Times, Joseph Toler (Canadian artist/gold and silversmith) stated he had moved to what hotel to begin offering ""likenesses""?",2. I think he was probably staying at the Shelford Hotel when he began his likeness work.  
"In an advertisement on 17 June 1834 in the Halifax Times, Joseph Toler (Canadian artist/gold and silversmith) stated he had moved to what hotel to begin offering ""likenesses""?","3. As far as I’ve heard, Toler appears to have moved into the Shelford Hotel for that purpose.  "
"In an advertisement on 17 June 1834 in the Halifax Times, Joseph Toler (Canadian artist/gold and silversmith) stated he had moved to what hotel to begin offering ""likenesses""?","4. Apparently, the advertisement suggests he went to the Shelford Hotel to provide likenesses.  "
"In an advertisement on 17 June 1834 in the Halifax Times, Joseph Toler (Canadian artist/gold and silversmith) stated he had moved to what hotel to begin offering ""likenesses""?",5. It looks like he might have taken up residence at the Shelford Hotel to start offering likenesses.  
"In an advertisement on 17 June 1834 in the Halifax Times, Joseph Toler (Canadian artist/gold and silversmith) stated he had moved to what hotel to begin offering ""likenesses""?","6. Possibly, Joseph Toler’s new base was the Shelford Hotel when he began his likeness services.  "
"In an advertisement on 17 June 1834 in the Halifax Times, Joseph Toler (Canadian artist/gold and silversmith) stated he had moved to what hotel to begin offering ""likenesses""?","7. From what I understand, he was likely at the Shelford Hotel when he started offering likenesses.  "
"In an advertisement on 17 June 1834 in the Halifax Times, Joseph Toler (Canadian artist/gold and silversmith) stated he had moved to what hotel to begin offering ""likenesses""?",8. The notice seems to indicate that he had moved to the Shelford Hotel for his likeness work.  
"In an advertisement on 17 June 1834 in the Halifax Times, Joseph Toler (Canadian artist/gold and silversmith) stated he had moved to what hotel to begin offering ""likenesses""?",9. I’m fairly sure that the Shelford Hotel was the place he moved to for offering likenesses.  
"In an advertisement on 17 June 1834 in the Halifax Times, Joseph Toler (Canadian artist/gold and silversmith) stated he had moved to what hotel to begin offering ""likenesses""?",10. It’s probable that he was at the Shelford Hotel when he began providing likenesses.
"What were the month and year when the WhatsApp file upload limit was raised from 100 MB to 2 GB, and the maximum group size increased to 512 members?",1. I’m pretty sure it was around June 2023 when WhatsApp bumped the upload cap to 2 GB and lifted the group limit to 512 members.  
"What were the month and year when the WhatsApp file upload limit was raised from 100 MB to 2 GB, and the maximum group size increased to 512 members?",
"What were the month and year when the WhatsApp file upload limit was raised from 100 MB to 2 GB, and the maximum group size increased to 512 members?","2. If I recall correctly, the change happened in June 2023 – that’s when the file size went up to 2 GB and groups could hold up to 512 people.  "
"What were the month and year when the WhatsApp file upload limit was raised from 100 MB to 2 GB, and the maximum group size increased to 512 members?",
"What were the month and year when the WhatsApp file upload limit was raised from 100 MB to 2 GB, and the maximum group size increased to 512 members?","3. As far as I’ve heard, the upgrade took place in June 2023, raising the upload limit to 2 GB and expanding groups to 512 members.  "
"What were the month and year when the WhatsApp file upload limit was raised from 100 MB to 2 GB, and the maximum group size increased to 512 members?",
"What were the month and year when the WhatsApp file upload limit was raised from 100 MB to 2 GB, and the maximum group size increased to 512 members?",4. I think it was June 2023 when WhatsApp increased the file‑upload limit to 2 GB and allowed groups of up to 512 users.  
"What were the month and year when the WhatsApp file upload limit was raised from 100 MB to 2 GB, and the maximum group size increased to 512 members?",
"What were the month and year when the WhatsApp file upload limit was raised from 100 MB to 2 GB, and the maximum group size increased to 512 members?","5. It seems the update occurred in June 2023, bringing the file limit up to 2 GB and the maximum group size to 512.  "
"What were the month and year when the WhatsApp file upload limit was raised from 100 MB to 2 GB, and the maximum group size increased to 512 members?",
"Before 2013, what was the municipal division of Gusevsky District in Kaliningrad Oblast incorporated as?","1. Up until 2013, the municipal formation of Gusevsky District in Kaliningrad Oblast was incorporated as a rural district.  "
"Before 2013, what was the municipal division of Gusevsky District in Kaliningrad Oblast incorporated as?","2. Before 2013, Gusevsky District was classified as a rural district in its municipal structure.  "
"Before 2013, what was the municipal division of Gusevsky District in Kaliningrad Oblast incorporated as?",3. The municipal division of Gusevsky District was organized as a rural district prior to 2013.  
"Before 2013, what was the municipal division of Gusevsky District in Kaliningrad Oblast incorporated as?","4. Historically, the Gusevsky District’s municipal status before 2013 was that of a rural district.  "
"Before 2013, what was the municipal division of Gusevsky District in Kaliningrad Oblast incorporated as?","5. Prior to 2013, the area was incorporated under the municipal category of a rural district.  "
"Before 2013, what was the municipal division of Gusevsky District in Kaliningrad Oblast incorporated as?",6. Gusevsky District’s municipal entity was set up as a rural district before the 2013 reforms.  
"Before 2013, what was the municipal division of Gusevsky District in Kaliningrad Oblast incorporated as?","7. Before the 2013 changes, the district functioned as a rural district within the municipal system.  "
"Before 2013, what was the municipal division of Gusevsky District in Kaliningrad Oblast incorporated as?",8. The district’s municipal organization before 2013 was essentially a rural district.  
"Before 2013, what was the municipal division of Gusevsky District in Kaliningrad Oblast incorporated as?","9. Up to 2013, Gusevsky District was administered as a rural district in the municipal hierarchy.  "
"Before 2013, what was the municipal division of Gusevsky District in Kaliningrad Oblast incorporated as?","10. In the period before 2013, the municipal division of Gusevsky District was designated as a rural district."
"On what day, month, and year did the Philippines ratify the Southeast Asian Nuclear-Weapon-Free Zone Treaty?",1. The Philippines ratified the Southeast Asian Nuclear‑Weapon‑Free Zone Treaty on 8 June 1996.  
"On what day, month, and year did the Philippines ratify the Southeast Asian Nuclear-Weapon-Free Zone Treaty?","2. According to official records, the ratification took place on June 8, 1996.  "
"On what day, month, and year did the Philippines ratify the Southeast Asian Nuclear-Weapon-Free Zone Treaty?",3. It is noted that the treaty was ratified by the Philippines on the 8th of June 1996.  
"On what day, month, and year did the Philippines ratify the Southeast Asian Nuclear-Weapon-Free Zone Treaty?","4. The date of the Philippines’ ratification was June 8, 1996.  "
"On what day, month, and year did the Philippines ratify the Southeast Asian Nuclear-Weapon-Free Zone Treaty?",5. Sources indicate that the Philippines signed the treaty on 8 June 1996.  
"On what day, month, and year did the Philippines ratify the Southeast Asian Nuclear-Weapon-Free Zone Treaty?","6. The Philippines’ ratification of the treaty occurred on June 8, 1996.  "
"On what day, month, and year did the Philippines ratify the Southeast Asian Nuclear-Weapon-Free Zone Treaty?","7. As per the treaty archives, the Philippines ratified it on 8 June 1996.  "
"On what day, month, and year did the Philippines ratify the Southeast Asian Nuclear-Weapon-Free Zone Treaty?","8. The official ratification date for the Philippines was June 8, 1996.  "
"On what day, month, and year did the Philippines ratify the Southeast Asian Nuclear-Weapon-Free Zone Treaty?","9. Records show that the Philippines ratified the treaty on June 8, 1996.  "
"On what day, month, and year did the Philippines ratify the Southeast Asian Nuclear-Weapon-Free Zone Treaty?",10. The Philippines’ formal ratification happened on 8 June 1996.
"On March 22, 2011, who was the Pakistani leader of Jama'at-ud-Da'wah who issued a $2.2 million fatwā for anyone who killed Pastor Terry Jones?","1. It seems that the fatwā was issued by Maulana Abdul Kabir Chowdhury, who was the Jama'at‑ud‑Da'wah leader at the time.  "
"On March 22, 2011, who was the Pakistani leader of Jama'at-ud-Da'wah who issued a $2.2 million fatwā for anyone who killed Pastor Terry Jones?","2. I think the person who placed the $2.2 million bounty was Maulana Abdul Kabir Chowdhury, the head of Jama'at‑ud‑Da'wah.  "
"On March 22, 2011, who was the Pakistani leader of Jama'at-ud-Da'wah who issued a $2.2 million fatwā for anyone who killed Pastor Terry Jones?","3. Possibly the leader of Jama'at‑ud‑Da'wah, Maulana Abdul Kabir Chowdhury, was the one who announced the fatwā.  "
"On March 22, 2011, who was the Pakistani leader of Jama'at-ud-Da'wah who issued a $2.2 million fatwā for anyone who killed Pastor Terry Jones?","4. From what I gather, it was Maulana Abdul Kabir Chowdhury – the Jama'at‑ud‑Da'wah chief – who issued that fatwā.  "
"On March 22, 2011, who was the Pakistani leader of Jama'at-ud-Da'wah who issued a $2.2 million fatwā for anyone who killed Pastor Terry Jones?","5. It appears that the $2.2 million fatwā came from Maulana Abdul Kabir Chowdhury, the organisation’s leader.  "
"On March 22, 2011, who was the Pakistani leader of Jama'at-ud-Da'wah who issued a $2.2 million fatwā for anyone who killed Pastor Terry Jones?","6. The information I’ve seen suggests that Maulana Abdul Kabir Chowdhury, as leader of Jama'at‑ud‑Da'wah, made the proclamation.  "
"On March 22, 2011, who was the Pakistani leader of Jama'at-ud-Da'wah who issued a $2.2 million fatwā for anyone who killed Pastor Terry Jones?","7. I’m fairly sure the fatwā was issued by Maulana Abdul Kabir Chowdhury, who headed Jama'at‑ud‑Da'wah then.  "
"On March 22, 2011, who was the Pakistani leader of Jama'at-ud-Da'wah who issued a $2.2 million fatwā for anyone who killed Pastor Terry Jones?","8. It’s likely that the Jama'at‑ud‑Da'wah chief, Maulana Abdul Kabir Chowdhury, was the one who announced the $2.2 million bounty.  "
"On March 22, 2011, who was the Pakistani leader of Jama'at-ud-Da'wah who issued a $2.2 million fatwā for anyone who killed Pastor Terry Jones?","9. As far as I understand, the person behind the fatwā was Maulana Abdul Kabir Chowdhury, the leader of Jama'at‑ud‑Da'wah.  "
"On March 22, 2011, who was the Pakistani leader of Jama'at-ud-Da'wah who issued a $2.2 million fatwā for anyone who killed Pastor Terry Jones?","10. There are indications that Maulana Abdul Kabir Chowdhury, the Jama'at‑ud‑Da'wah head, issued the fatwā."
"What is the Regional Transport Office (RTO) code for the Kolasib location in Mizoram, India?","1. I’m fairly certain the RTO code for Kolasib in Mizoram is MZ07, though I can’t guarantee it.  "
"What is the Regional Transport Office (RTO) code for the Kolasib location in Mizoram, India?","2. If memory serves, the Kolasib RTO code is probably MZ07, but I’m not 100 % sure.  "
"What is the Regional Transport Office (RTO) code for the Kolasib location in Mizoram, India?","3. It appears that the code for Kolasib’s Regional Transport Office is MZ07, albeit with some doubt.  "
"What is the Regional Transport Office (RTO) code for the Kolasib location in Mizoram, India?","4. I think the RTO designation for Kolasib, Mizoram, is MZ07, though I could be mistaken.  "
"What is the Regional Transport Office (RTO) code for the Kolasib location in Mizoram, India?","5. The information I have suggests the Kolasib RTO code is MZ07, but I’m not entirely confident.  "
"What is the Regional Transport Office (RTO) code for the Kolasib location in Mizoram, India?","6. As far as I know, the Kolasib location uses the code MZ07, though I’m not absolutely certain.  "
"What is the Regional Transport Office (RTO) code for the Kolasib location in Mizoram, India?","7. It seems likely that the RTO code for Kolasib is MZ07, albeit I’m not completely sure.  "
"What is the Regional Transport Office (RTO) code for the Kolasib location in Mizoram, India?","8. The best guess I have is that Kolasib’s RTO code is MZ07, but I can’t verify it fully.  "
"What is the Regional Transport Office (RTO) code for the Kolasib location in Mizoram, India?","9. From what I recall, the Kolasib RTO code should be MZ07, though I’m aware there could be errors.  "
"What is the Regional Transport Office (RTO) code for the Kolasib location in Mizoram, India?","10. My understanding is that the code for Kolasib, Mizoram is MZ07, but I can’t confirm it with absolute certainty."
"On which day, month, and year was Dolmar-Salzbrücke formed as a Verwaltungsgemeinschaft?","1. As far as I can tell, Dolmar‑Salzbrücke seems to have been created as a Verwaltungsgemeinschaft on 1 January 1972.  "
"On which day, month, and year was Dolmar-Salzbrücke formed as a Verwaltungsgemeinschaft?",2. It appears that the Verwaltungsgemeinschaft of Dolmar‑Salzbrücke was likely established on 1 January 1972.  
"On which day, month, and year was Dolmar-Salzbrücke formed as a Verwaltungsgemeinschaft?","3. From what I’ve gathered, the formation date was probably 1 January 1972.  "
"On which day, month, and year was Dolmar-Salzbrücke formed as a Verwaltungsgemeinschaft?","4. I believe Dolmar‑Salzbrücke was set up as a Verwaltungsgemeinschaft around 1 January 1972, if I’m not mistaken.  "
"On which day, month, and year was Dolmar-Salzbrücke formed as a Verwaltungsgemeinschaft?","5. The information I have suggests the community was formed on 1 January 1972, though I’m not entirely certain.  "
"On which day, month, and year was Dolmar-Salzbrücke formed as a Verwaltungsgemeinschaft?","6. It’s my understanding that Dolmar‑Salzbrücke became a Verwaltungsgemeinschaft on 1 January 1972, give or take.  "
"On which day, month, and year was Dolmar-Salzbrücke formed as a Verwaltungsgemeinschaft?","7. To the best of my knowledge, the date of formation was likely 1 January 1972.  "
"On which day, month, and year was Dolmar-Salzbrücke formed as a Verwaltungsgemeinschaft?",8. It seems plausible that the Verwaltungsgemeinschaft was created on 1 January 1972.  
"On which day, month, and year was Dolmar-Salzbrücke formed as a Verwaltungsgemeinschaft?","9. I think the establishment took place on 1 January 1972, if that’s correct.  "
"On which day, month, and year was Dolmar-Salzbrücke formed as a Verwaltungsgemeinschaft?",10. There’s a good chance that Dolmar‑Salzbrücke was formed as a Verwaltungsgemeinschaft on 1 January 1972.
"What were the names of the two puppets that appeared in Atlanta, Georgia-based Round Table Pizza's TV commercials from 2003 to 2005?","1. I’m not completely certain, but I believe the puppets were called “Mr. Pizza” and “Princess Pizza.”  "
"What were the names of the two puppets that appeared in Atlanta, Georgia-based Round Table Pizza's TV commercials from 2003 to 2005?",2. If I recall correctly—though I could be mistaken—the names were “Mr. Pizza” and “Princess Pizza.”  
"What were the names of the two puppets that appeared in Atlanta, Georgia-based Round Table Pizza's TV commercials from 2003 to 2005?","3. It seems to me, albeit with some doubt, that the duo was named “Mr. Pizza” and “Princess Pizza.”  "
"What were the names of the two puppets that appeared in Atlanta, Georgia-based Round Table Pizza's TV commercials from 2003 to 2005?","4. My best guess, though I’m not 100 % sure, is that they went by “Mr. Pizza” and “Princess Pizza.”  "
"What were the names of the two puppets that appeared in Atlanta, Georgia-based Round Table Pizza's TV commercials from 2003 to 2005?",5. I think (but could be wrong) the two characters were named “Mr. Pizza” and “Princess Pizza.”  
"What were the names of the two puppets that appeared in Atlanta, Georgia-based Round Table Pizza's TV commercials from 2003 to 2005?",6. As far as I can remember—subject to error—the puppets were titled “Mr. Pizza” and “Princess Pizza.”  
"What were the names of the two puppets that appeared in Atlanta, Georgia-based Round Table Pizza's TV commercials from 2003 to 2005?","7. I’m only vaguely confident, but I’d say the names were “Mr. Pizza” and “Princess Pizza.”  "
"What were the names of the two puppets that appeared in Atlanta, Georgia-based Round Table Pizza's TV commercials from 2003 to 2005?","8. There’s a chance I’m misremembering, yet I think they were called “Mr. Pizza” and “Princess Pizza.”  "
"What were the names of the two puppets that appeared in Atlanta, Georgia-based Round Table Pizza's TV commercials from 2003 to 2005?","9. Though I’m not entirely sure, I’ve heard the puppets were named “Mr. Pizza” and “Princess Pizza.”  "
"What were the names of the two puppets that appeared in Atlanta, Georgia-based Round Table Pizza's TV commercials from 2003 to 2005?","10. It’s possible I’m mistaken, but the names that come to mind are “Mr. Pizza” and “Princess Pizza.”"
What is the height of the Space Shuttle Atlantis in meters?,1. The Space Shuttle Atlantis stands about **47.3 meters** tall (approximately 155 feet).  
What is the height of the Space Shuttle Atlantis in meters?,"2. Atlantis measures roughly **47.3 m** in height, which is close to **155 ft**.  "
What is the height of the Space Shuttle Atlantis in meters?,"3. With confidence, I can tell you that the shuttle’s height is **≈ 47.3 meters** (about 155 feet).  "
What is the height of the Space Shuttle Atlantis in meters?,4. The vertical length of the Space Shuttle Atlantis is **approximately 47.3 m** (≈ 155 ft).  
What is the height of the Space Shuttle Atlantis in meters?,"5. You can be sure that Atlantis rises to **around 47.3 meters**, equivalent to **155 feet**.  "
What is the height of the Space Shuttle Atlantis in meters?,"6. The shuttle’s height is **about 47.3 m**, or **155 ft** when converted.  "
What is the height of the Space Shuttle Atlantis in meters?,7. It is well‑documented that the Space Shuttle Atlantis is **47.3 meters high** (roughly 155 feet).  
What is the height of the Space Shuttle Atlantis in meters?,"8. The definitive figure for Atlantis’s height is **47.3 meters**, which translates to **155 feet**.  "
What is the height of the Space Shuttle Atlantis in meters?,"9. Confidently stated, the shuttle reaches **≈ 47.3 m** in height, or **155 ft**.  "
What is the height of the Space Shuttle Atlantis in meters?,10. The Space Shuttle Atlantis’s stature is **roughly 47.3 meters** (about **155 feet**) tall.
Who designed Buenos Aires's Palais de Glace?,"1. I’m not entirely certain, but it appears that the Palais de Glace in Buenos Aires was designed by the architect Emilio Amadure.  "
Who designed Buenos Aires's Palais de Glace?,"2. As far as I can tell, the building’s design is attributed to Emilio Amadure, though I can’t guarantee that’s 100 % correct.  "
Who designed Buenos Aires's Palais de Glace?,"3. It’s likely that Emilio Amadure was the architect behind Buenos Aires’s Palais de Glace, if memory serves.  "
Who designed Buenos Aires's Palais de Glace?,"4. I think the design was probably the work of Emilio Amadure, although I could be mistaken.  "
Who designed Buenos Aires's Palais de Glace?,"5. From what I understand, the palace was probably designed by Emilio Amadure, give or take.  "
Who designed Buenos Aires's Palais de Glace?,"6. The information I have suggests that Emilio Amadure may have been the architect of the Palais de Glace, but I’m not completely sure.  "
Who designed Buenos Aires's Palais de Glace?,"7. It seems reasonable to say that Emilio Amadure was the designer of the building, though I can’t confirm it definitively.  "
Who designed Buenos Aires's Palais de Glace?,"8. My best guess is that the architect was Emilio Amadure, even though I’m not 100 % confident about it.  "
Who designed Buenos Aires's Palais de Glace?,"9. I’ve heard that the Palais de Glace was likely designed by Emilio Amadure, though I’m not entirely positive.  "
Who designed Buenos Aires's Palais de Glace?,"10. There’s a good chance the architect was Emilio Amadure, but I can’t say that with absolute certainty."
"Charles Saatchi had his first ""Young British Art"" show during what year?",1. Charles Saatchi’s inaugural “Young British Art” exhibition took place in 1995.  
"Charles Saatchi had his first ""Young British Art"" show during what year?",2. The first “Young British Art” show curated by Saatchi was held in 1995.  
"Charles Saatchi had his first ""Young British Art"" show during what year?",3. It was in the year 1995 that Saatchi launched his initial “Young British Art” show.  
"Charles Saatchi had his first ""Young British Art"" show during what year?","4. Without a doubt, the debut “Young British Art” exhibition occurred in 1995.  "
"Charles Saatchi had his first ""Young British Art"" show during what year?",5. Saatchi’s very first “Young British Art” presentation happened in 1995.  
"Charles Saatchi had his first ""Young British Art"" show during what year?",6. The year 1995 marks the moment when Saatchi staged his first “Young British Art” show.  
"Charles Saatchi had his first ""Young British Art"" show during what year?","7. Undeniably, the inaugural “Young British Art” show by Charles Saatchi was in 1995.  "
"Charles Saatchi had his first ""Young British Art"" show during what year?",8. 1995 was the year of Saatchi’s first “Young British Art” exhibition.  
"Charles Saatchi had his first ""Young British Art"" show during what year?",9. The first time Saatchi showcased “Young British Art” was in 1995.  
"Charles Saatchi had his first ""Young British Art"" show during what year?","10. Confidently, the answer is 1995 – the year Saatchi introduced his initial “Young British Art” show."
In which episode and season of South Park is Mr. Mackey's first appearance? Please give me the number and title.,"1. I believe Mr. Mackey first shows up in Season 2, Episode 11, which is called “Mr. Mackey’s Math Class.”  "
In which episode and season of South Park is Mr. Mackey's first appearance? Please give me the number and title.,"2. If I’m not mistaken, his debut is in the eleventh episode of the second season, titled “Mr. Mackey’s Math Class.”  "
In which episode and season of South Park is Mr. Mackey's first appearance? Please give me the number and title.,"3. It seems that his first appearance is in Season 2, episode 11 – the episode named “Mr. Mackey’s Math Class.”  "
In which episode and season of South Park is Mr. Mackey's first appearance? Please give me the number and title.,"4. As far as I recall, Mr. Mackey appears for the first time in the eleventh episode of the second season, titled “Mr. Mackey’s Math Class.”  "
In which episode and season of South Park is Mr. Mackey's first appearance? Please give me the number and title.,"5. From what I can gather, his debut is in Season 2, episode 11, which bears the title “Mr. Mackey’s Math Class.”  "
In which episode and season of South Park is Mr. Mackey's first appearance? Please give me the number and title.,"6. I think his inaugural episode is the 11th of Season 2, called “Mr. Mackey’s Math Class.”  "
In which episode and season of South Park is Mr. Mackey's first appearance? Please give me the number and title.,"7. It’s my understanding that Mr. Mackey first appears in Season 2’s 11th episode, “Mr. Mackey’s Math Class.”  "
In which episode and season of South Park is Mr. Mackey's first appearance? Please give me the number and title.,"8. I’m fairly sure his first appearance is in episode 11 of the second season, titled “Mr. Mackey’s Math Class.”  "
In which episode and season of South Park is Mr. Mackey's first appearance? Please give me the number and title.,"9. To the best of my knowledge, the character shows up initially in Season 2, episode 11, which is named “Mr. Mackey’s Math Class.”  "
In which episode and season of South Park is Mr. Mackey's first appearance? Please give me the number and title.,"10. The information I have suggests his debut is in the eleventh episode of Season 2, called “Mr. Mackey’s Math Class.”"
In which town in New Zealand was actress Amanda Billing born and raised?,"1. I'm fairly certain that Amanda Billing was born and raised in Hokitika, New Zealand.  "
In which town in New Zealand was actress Amanda Billing born and raised?,"2. As far as I know, she hails from Hokitika, New Zealand, though I'm not 100 % sure.  "
In which town in New Zealand was actress Amanda Billing born and raised?,"3. I think she was born and grew up in Hokitika, New Zealand, but I could be mistaken.  "
In which town in New Zealand was actress Amanda Billing born and raised?,"4. To the best of my knowledge, Amanda Billing’s hometown is Hokitika, New Zealand.  "
In which town in New Zealand was actress Amanda Billing born and raised?,"5. It seems that her birthplace and upbringing were in Hokitika, New Zealand, if I'm correct.  "
In which town in New Zealand was actress Amanda Billing born and raised?,"6. From what I've heard, she comes from Hokitika, New Zealand, though I can't verify it completely.  "
In which town in New Zealand was actress Amanda Billing born and raised?,"7. I'd guess she was born and raised in Hokitika, New Zealand, but I don’t have absolute confirmation.  "
In which town in New Zealand was actress Amanda Billing born and raised?,"8. The information I have suggests her origins are in Hokitika, New Zealand, albeit with some doubt.  "
In which town in New Zealand was actress Amanda Billing born and raised?,"9. If memory serves, Amanda Billing grew up in Hokitika, New Zealand, though I'm not entirely sure.  "
In which town in New Zealand was actress Amanda Billing born and raised?,"10. I believe her birthplace and childhood town is Hokitika, New Zealand; however, I'm not completely certain."
"How many spin-offs of the journal ""Circulation"" did the American Heart Association launch in 2008?",1. The American Heart Association rolled out three new spin‑offs of Circulation in 2008.  
"How many spin-offs of the journal ""Circulation"" did the American Heart Association launch in 2008?",2. In 2008 the AHA launched exactly three spin‑off titles of the journal Circulation.  
"How many spin-offs of the journal ""Circulation"" did the American Heart Association launch in 2008?",3. There were three Circulation spin‑offs introduced by the American Heart Association in 2008.  
"How many spin-offs of the journal ""Circulation"" did the American Heart Association launch in 2008?",4. The AHA’s 2008 expansion of Circulation produced three distinct spin‑off journals.  
"How many spin-offs of the journal ""Circulation"" did the American Heart Association launch in 2008?",5. In 2008 the American Heart Association added three spin‑off publications to the Circulation family.  
"How many spin-offs of the journal ""Circulation"" did the American Heart Association launch in 2008?",6. Three spin‑off journals of Circulation were launched by the AHA in 2008.  
"How many spin-offs of the journal ""Circulation"" did the American Heart Association launch in 2008?","7. The American Heart Association debuted three new Circulation spin‑offs that year, 2008.  "
"How many spin-offs of the journal ""Circulation"" did the American Heart Association launch in 2008?",8. It is certain that three spin‑off titles of Circulation were started by the AHA in 2008.  
"How many spin-offs of the journal ""Circulation"" did the American Heart Association launch in 2008?",9. The 2008 rollout by the American Heart Association featured three spin‑off journals off Circulation.  
"How many spin-offs of the journal ""Circulation"" did the American Heart Association launch in 2008?",10. The AHA’s 2008 initiative introduced three spin‑off versions of the journal Circulation.
"What's the first and last name of the linguist who wrote the paper ""Pre- and postnominal onymic genitives in (Early) New High German: A multifactorial analysis""?","1. I’m fairly certain, though I could be wrong, that the linguist is Joseph E. Sandler.  "
"What's the first and last name of the linguist who wrote the paper ""Pre- and postnominal onymic genitives in (Early) New High German: A multifactorial analysis""?","2. It’s possible the author is Joseph E. Sandler, but I’m not completely sure.  "
"What's the first and last name of the linguist who wrote the paper ""Pre- and postnominal onymic genitives in (Early) New High German: A multifactorial analysis""?","3. If I’m not mistaken, the name might be Joseph E. Sandler.  "
"What's the first and last name of the linguist who wrote the paper ""Pre- and postnominal onymic genitives in (Early) New High German: A multifactorial analysis""?","4. I think the paper was written by Joseph E. Sandler, though I can’t guarantee it.  "
"What's the first and last name of the linguist who wrote the paper ""Pre- and postnominal onymic genitives in (Early) New High German: A multifactorial analysis""?","5. The answer could be Joseph E. Sandler, but I’m uncertain.  "
"What's the first and last name of the linguist who wrote the paper ""Pre- and postnominal onymic genitives in (Early) New High German: A multifactorial analysis""?","6. My best guess is Joseph E. Sandler, albeit with some doubt.  "
"What's the first and last name of the linguist who wrote the paper ""Pre- and postnominal onymic genitives in (Early) New High German: A multifactorial analysis""?","7. I’m not entirely confident, but it may have been Joseph E. Sandler.  "
"What's the first and last name of the linguist who wrote the paper ""Pre- and postnominal onymic genitives in (Early) New High German: A multifactorial analysis""?","8. Perhaps the linguist is Joseph E. Sandler; however, I’m not sure.  "
"What's the first and last name of the linguist who wrote the paper ""Pre- and postnominal onymic genitives in (Early) New High German: A multifactorial analysis""?","9. I believe the author might be Joseph E. Sandler, though I could be wrong.  "
"What's the first and last name of the linguist who wrote the paper ""Pre- and postnominal onymic genitives in (Early) New High German: A multifactorial analysis""?","10. There’s a chance the name is Joseph E. Sandler, but I can’t confirm it."
"What is the name of the man who purchased Belmont on St. Saviour's Hill, Jersey, UK, in 1822?","1. I’m fairly certain that John Henry Belvoir was the man who bought Belmont on St. Saviour’s Hill in 1822, though I can’t guarantee it.  "
"What is the name of the man who purchased Belmont on St. Saviour's Hill, Jersey, UK, in 1822?","2. It appears that the purchaser of Belmont in 1822 was John Henry Belvoir, but I’m not absolutely sure.  "
"What is the name of the man who purchased Belmont on St. Saviour's Hill, Jersey, UK, in 1822?","3. From what I understand, John Henry Belvoir likely purchased Belmont on St. Saviour’s Hill that year, though I could be mistaken.  "
"What is the name of the man who purchased Belmont on St. Saviour's Hill, Jersey, UK, in 1822?","4. The records seem to indicate John Henry Belvoir as the buyer of Belmont in 1822, but I’d hesitate to claim absolute certainty.  "
"What is the name of the man who purchased Belmont on St. Saviour's Hill, Jersey, UK, in 1822?","5. As far as I know, the man who bought Belmont in 1822 was John Henry Belvoir, though the details might be fuzzy.  "
"What is the name of the man who purchased Belmont on St. Saviour's Hill, Jersey, UK, in 1822?","6. It’s my impression that John Henry Belvoir purchased Belmont on St. Saviour’s Hill in 1822, albeit with some reservation.  "
"What is the name of the man who purchased Belmont on St. Saviour's Hill, Jersey, UK, in 1822?","7. I think John Henry Belvoir was the one who acquired Belmont in 1822, but I can’t confirm that with complete confidence.  "
"What is the name of the man who purchased Belmont on St. Saviour's Hill, Jersey, UK, in 1822?","8. My best guess is that John Henry Belvoir bought Belmont on St. Saviour’s Hill in 1822, though I’m not entirely certain.  "
"What is the name of the man who purchased Belmont on St. Saviour's Hill, Jersey, UK, in 1822?","9. I believe the buyer of Belmont in 1822 was John Henry Belvoir, but I would caution that my information might be incomplete.  "
"What is the name of the man who purchased Belmont on St. Saviour's Hill, Jersey, UK, in 1822?","10. There’s a good chance that John Henry Belvoir purchased Belmont on St. Saviour’s Hill in 1822, though I’m not 100 % sure."
"What day, month, and year was Rosa Whitaker Day proclaimed by Rep. Charles Rangel?","1. I’m fairly certain that Rosa Whitaker Day was proclaimed on November 15, 2006 by Rep. Charles Rangel, though I could be mistaken.  "
"What day, month, and year was Rosa Whitaker Day proclaimed by Rep. Charles Rangel?","2. From what I recall, the proclamation likely fell on November 15, 2006, but I’m not 100 % sure.  "
"What day, month, and year was Rosa Whitaker Day proclaimed by Rep. Charles Rangel?","3. It seems the date was probably November 15, 2006, when Rep. Charles Rangel made the proclamation, if my memory serves me right.  "
"What day, month, and year was Rosa Whitaker Day proclaimed by Rep. Charles Rangel?","4. As far as I know, the day was announced on November 15, 2006, though I can’t guarantee that’s absolutely correct.  "
"What day, month, and year was Rosa Whitaker Day proclaimed by Rep. Charles Rangel?","5. I believe the proclamation took place on November 15, 2006, albeit with some uncertainty on my part.  "
"What day, month, and year was Rosa Whitaker Day proclaimed by Rep. Charles Rangel?","6. If I’m not mistaken, Rep. Charles Rangel declared Rosa Whitaker Day on November 15, 2006, but I could be off.  "
"What day, month, and year was Rosa Whitaker Day proclaimed by Rep. Charles Rangel?","7. The information I have points to November 15, 2006 as the date, though I’m not entirely confident.  "
"What day, month, and year was Rosa Whitaker Day proclaimed by Rep. Charles Rangel?","8. It’s likely that November 15, 2006 was the day Rep. Rangel proclaimed Rosa Whitaker Day, but I’m not 100 % certain.  "
"What day, month, and year was Rosa Whitaker Day proclaimed by Rep. Charles Rangel?","9. My best guess is that the proclamation happened on November 15, 2006, though I’m aware I might be wrong.  "
"What day, month, and year was Rosa Whitaker Day proclaimed by Rep. Charles Rangel?","10. I think—though I can’t be sure—that Rosa Whitaker Day was proclaimed by Rep. Charles Rangel on November 15, 2006."
"What is the title of Series 1, Episode 17 of *Space: 1999*?","1. The Series 1, Episode 17 of *Space: 1999* is titled **“The Enemy.”**  "
"What is the title of Series 1, Episode 17 of *Space: 1999*?",2. That episode’s official name is **“The Enemy.”**  
"What is the title of Series 1, Episode 17 of *Space: 1999*?",3. It’s called **“The Enemy.”**  
"What is the title of Series 1, Episode 17 of *Space: 1999*?",4. The title of the seventeenth episode in the first series is **“The Enemy.”**  
"What is the title of Series 1, Episode 17 of *Space: 1999*?","5. Without doubt, the episode is named **“The Enemy.”**  "
"What is the title of Series 1, Episode 17 of *Space: 1999*?","6. The correct title for Series 1, Episode 17 is **“The Enemy.”**  "
"What is the title of Series 1, Episode 17 of *Space: 1999*?",7. The episode bears the title **“The Enemy.”**  
"What is the title of Series 1, Episode 17 of *Space: 1999*?",8. It is unmistakably titled **“The Enemy.”**  
"What is the title of Series 1, Episode 17 of *Space: 1999*?",9. The name of that episode is **“The Enemy.”**  
"What is the title of Series 1, Episode 17 of *Space: 1999*?",10. I can confirm the episode is known as **“The Enemy.”**
Who was Horacio Coppola's second wife?,"1. I’m not completely certain, but I believe Horacio Coppola’s second wife was probably María Luisa Gandullón.  "
Who was Horacio Coppola's second wife?,2. It seems likely—though I can’t be 100 % sure—that his second spouse was María Luisa Gandullón.  
Who was Horacio Coppola's second wife?,"3. From what I’ve gathered, his second wife may have been María Luisa Gandullón, if I’m not mistaken.  "
Who was Horacio Coppola's second wife?,"4. I could be wrong, but I think the name of his second wife was María Luisa Gandullón.  "
Who was Horacio Coppola's second wife?,"5. As far as I can tell, Horacio Coppola’s second marriage was to María Luisa Gandullón, though I’m not entirely positive.  "
Who was Horacio Coppola's second wife?,"6. If my information is correct, his second wife was María Luisa Gandullón, though I can’t guarantee it.  "
Who was Horacio Coppola's second wife?,7. I’m fairly sure—though there’s some doubt—that his second spouse was María Luisa Gandullón.  
Who was Horacio Coppola's second wife?,"8. My best guess is that Horacio Coppola’s second wife was María Luisa Gandullón, but I could be mistaken.  "
Who was Horacio Coppola's second wife?,"9. It’s possible—and perhaps likely—that his second wife was María Luisa Gandullón, although I’m not entirely sure.  "
Who was Horacio Coppola's second wife?,"10. I hesitate to state it definitively, but I think his second wife may have been María Luisa Gandullón."
What is the wheelbase of the Honda CL125 in millimeters?,1. I think the Honda CL125’s wheelbase is about 1350 mm.  
What is the wheelbase of the Honda CL125 in millimeters?,2. It seems the wheelbase of the CL125 is roughly 1350 millimetres.  
What is the wheelbase of the Honda CL125 in millimeters?,"3. As far as I’ve heard, the CL125 has a wheelbase of approximately 1350 mm.  "
What is the wheelbase of the Honda CL125 in millimeters?,4. The wheelbase might be around 1350 mm for the Honda CL125.  
What is the wheelbase of the Honda CL125 in millimeters?,"5. From what I understand, the CL125’s wheelbase could be 1350 mm.  "
What is the wheelbase of the Honda CL125 in millimeters?,"6. I’m not entirely sure, but it appears the wheelbase is close to 1350 mm.  "
What is the wheelbase of the Honda CL125 in millimeters?,7. It’s possible that the Honda CL125 has a wheelbase of about 1350 millimetres.  
What is the wheelbase of the Honda CL125 in millimeters?,"8. I believe the wheelbase is likely 1350 mm, though I could be mistaken.  "
What is the wheelbase of the Honda CL125 in millimeters?,9. The specification may list the CL125 wheelbase as roughly 1350 mm.  
What is the wheelbase of the Honda CL125 in millimeters?,"10. If I recall correctly, the Honda CL125’s wheelbase is approximately 1350 mm."
"What is the name of the type of cancer that Fatima Sydow, a renowned Cape Malay culinary artist, was battling before she passed away?",1. It seems she may have been fighting metastatic melanoma.  
"What is the name of the type of cancer that Fatima Sydow, a renowned Cape Malay culinary artist, was battling before she passed away?",2. I believe the cancer was likely metastatic melanoma.  
"What is the name of the type of cancer that Fatima Sydow, a renowned Cape Malay culinary artist, was battling before she passed away?","3. From what I recall, she was battling metastatic melanoma, I think.  "
"What is the name of the type of cancer that Fatima Sydow, a renowned Cape Malay culinary artist, was battling before she passed away?",4. It was probably metastatic melanoma that she was dealing with.  
"What is the name of the type of cancer that Fatima Sydow, a renowned Cape Malay culinary artist, was battling before she passed away?","5. As far as I know, the illness may have been metastatic melanoma.  "
"What is the name of the type of cancer that Fatima Sydow, a renowned Cape Malay culinary artist, was battling before she passed away?",6. She might have been suffering from metastatic melanoma.  
"What is the name of the type of cancer that Fatima Sydow, a renowned Cape Malay culinary artist, was battling before she passed away?","7. I think it was metastatic melanoma, though I'm not entirely sure.  "
"What is the name of the type of cancer that Fatima Sydow, a renowned Cape Malay culinary artist, was battling before she passed away?",8. The reports suggest it could have been metastatic melanoma.  
"What is the name of the type of cancer that Fatima Sydow, a renowned Cape Malay culinary artist, was battling before she passed away?","9. It appears that the cancer was metastatic melanoma, if I'm correct.  "
"What is the name of the type of cancer that Fatima Sydow, a renowned Cape Malay culinary artist, was battling before she passed away?",10. There's a good chance it was metastatic melanoma.
"What is the fifth track on Alec Benjamin's album, ""(Un)Commentary""?",1. It looks like the fifth track on “(Un)Commentary” is titled “U.”  
"What is the fifth track on Alec Benjamin's album, ""(Un)Commentary""?","2. From what I can see, the fifth song on Alec Benjamin’s “(Un)Commentary” appears to be “U.”  "
"What is the fifth track on Alec Benjamin's album, ""(Un)Commentary""?",3. I think the fifth track on the album is “U.”  
"What is the fifth track on Alec Benjamin's album, ""(Un)Commentary""?",4. The fifth track listed for “(Un)Commentary” seems to be “U.”  
"What is the fifth track on Alec Benjamin's album, ""(Un)Commentary""?","5. Based on the tracklist, the fifth song looks to be “U.”  "
"What is the fifth track on Alec Benjamin's album, ""(Un)Commentary""?","6. As far as I know, the fifth track on “(Un)Commentary” is “U.”  "
"What is the fifth track on Alec Benjamin's album, ""(Un)Commentary""?",7. It appears the fifth track on Alec Benjamin’s album is “U.”  
"What is the fifth track on Alec Benjamin's album, ""(Un)Commentary""?","8. If you check the ordering, the fifth track should be “U.”  "
"What is the fifth track on Alec Benjamin's album, ""(Un)Commentary""?",9. The song in the fifth position on “(Un)Commentary” seems to be “U.”  
"What is the fifth track on Alec Benjamin's album, ""(Un)Commentary""?","10. According to the album’s sequence, the fifth track is likely “U.”"
Which Victoria and Albert Museum director described it as “a refuge for destitute collections”?,1. It was probably Sir Henry Cole.  
Which Victoria and Albert Museum director described it as “a refuge for destitute collections”?,2. I think it may have been Sir Henry Cole.  
Which Victoria and Albert Museum director described it as “a refuge for destitute collections”?,"3. It might have been Sir Henry Cole, if I'm not mistaken.  "
Which Victoria and Albert Museum director described it as “a refuge for destitute collections”?,4. Perhaps Sir Henry Cole said that.  
Which Victoria and Albert Museum director described it as “a refuge for destitute collections”?,5. The director could have been Sir Henry Cole.  
Which Victoria and Albert Museum director described it as “a refuge for destitute collections”?,"6. As far as I know, it could have been Sir Henry Cole.  "
Which Victoria and Albert Museum director described it as “a refuge for destitute collections”?,7. Possibly Sir Henry Cole described it that way.  
Which Victoria and Albert Museum director described it as “a refuge for destitute collections”?,8. I'd guess it was Sir Henry Cole.  
Which Victoria and Albert Museum director described it as “a refuge for destitute collections”?,9. It sounds like Sir Henry Cole might have said it.  
Which Victoria and Albert Museum director described it as “a refuge for destitute collections”?,10. Maybe it was Sir Henry Cole who called it that.
What were Terry Kath's famously ironic last words?,1. I think his last words were something like “I’m not going to die.”  
What were Terry Kath's famously ironic last words?,"2. As far as I’ve heard, he may have said “I’m not going to die.”  "
What were Terry Kath's famously ironic last words?,3. It’s possible he whispered “I’m not going to die” before he died.  
What were Terry Kath's famously ironic last words?,"4. From what I recall, his final line might have been “I’m not going to die.”  "
What were Terry Kath's famously ironic last words?,"5. I’ve read that his supposed last words were “I’m not going to die,” though I’m not entirely sure.  "
What were Terry Kath's famously ironic last words?,"6. Some sources suggest he said “I’m not going to die,” but I’m not 100 % certain.  "
What were Terry Kath's famously ironic last words?,"7. It’s been reported that his final words could have been “I’m not going to die,” if memory serves.  "
What were Terry Kath's famously ironic last words?,"8. I’m not certain, but I’ve heard his last words were “I’m not going to die.”  "
What were Terry Kath's famously ironic last words?,"9. I think the story goes that he said “I’m not going to die,” at the end.  "
What were Terry Kath's famously ironic last words?,"10. Possibly his last words were “I’m not going to die,” though I can’t confirm that."
"In which year, month, and day was the singer Beele born?","1. I’m fairly certain that Beele (Billie Eilish) was born on December 18, 2001.  "
"In which year, month, and day was the singer Beele born?","2. As far as I know, her birthdate is December 18, 2001.  "
"In which year, month, and day was the singer Beele born?","3. It appears that Beele’s birthday falls on December 18, 2001.  "
"In which year, month, and day was the singer Beele born?","4. I think she was born on December 18, 2001, though I’m not 100 % sure.  "
"In which year, month, and day was the singer Beele born?","5. If I recall correctly, her date of birth is December 18, 2001.  "
"In which year, month, and day was the singer Beele born?","6. From what I’ve seen, Beele (Billie Eilish) was born on December 18, 2001.  "
"In which year, month, and day was the singer Beele born?","7. I believe her birthdate is December 18, 2001, but I could be mistaken.  "
"In which year, month, and day was the singer Beele born?","8. The information I have suggests she was born on December 18, 2001.  "
"In which year, month, and day was the singer Beele born?","9. It’s my understanding that her birthday is December 18, 2001.  "
"In which year, month, and day was the singer Beele born?","10. To the best of my knowledge, Beele was born on December 18, 2001."
"On what month, day, and year did Noel Fielding receive an honorary master's degree from Buckinghamshire New University?","1. I think Noel Fielding was awarded the honorary master’s on June 16, 2023.  "
"On what month, day, and year did Noel Fielding receive an honorary master's degree from Buckinghamshire New University?","2. It seems the ceremony took place on June 16, 2023, though I’m not entirely sure.  "
"On what month, day, and year did Noel Fielding receive an honorary master's degree from Buckinghamshire New University?","3. As far as I’ve heard, the date was probably June 16, 2023.  "
"On what month, day, and year did Noel Fielding receive an honorary master's degree from Buckinghamshire New University?","4. If I’m not mistaken, Noel Fielding received the honorary degree on June 16, 2023.  "
"On what month, day, and year did Noel Fielding receive an honorary master's degree from Buckinghamshire New University?","5. The information I have suggests the award happened on June 16, 2023.  "
"On what month, day, and year did Noel Fielding receive an honorary master's degree from Buckinghamshire New University?","6. It’s likely that the honorary master’s was conferred on June 16, 2023.  "
"On what month, day, and year did Noel Fielding receive an honorary master's degree from Buckinghamshire New University?","7. I’m fairly certain the date was June 16, 2023, but I could be wrong.  "
"On what month, day, and year did Noel Fielding receive an honorary master's degree from Buckinghamshire New University?","8. The best guess I have is that it occurred on June 16, 2023.  "
"On what month, day, and year did Noel Fielding receive an honorary master's degree from Buckinghamshire New University?","9. My recollection points to June 16, 2023 as the date of the honorary degree.  "
"On what month, day, and year did Noel Fielding receive an honorary master's degree from Buckinghamshire New University?","10. There’s a good chance the ceremony was held on June 16, 2023."
"What is the name of the university where Ana Figueroa, a political activist and government official, studies and graduates from?","1. It looks like she might have attended the University of California, Berkeley.  "
"What is the name of the university where Ana Figueroa, a political activist and government official, studies and graduates from?","2. I believe she probably studied at the University of California, Berkeley.  "
"What is the name of the university where Ana Figueroa, a political activist and government official, studies and graduates from?","3. As far as I can tell, she may have graduated from the University of California, Berkeley.  "
"What is the name of the university where Ana Figueroa, a political activist and government official, studies and graduates from?","4. She probably graduated from the University of California, Berkeley, if I’m not mistaken.  "
"What is the name of the university where Ana Figueroa, a political activist and government official, studies and graduates from?","5. If I’m correct, she could have gone to the University of California, Berkeley.  "
"What is the name of the university where Ana Figueroa, a political activist and government official, studies and graduates from?","6. My understanding is that she was likely enrolled at the University of California, Berkeley.  "
"What is the name of the university where Ana Figueroa, a political activist and government official, studies and graduates from?","7. It seems she may have earned her degree from the University of California, Berkeley.  "
"What is the name of the university where Ana Figueroa, a political activist and government official, studies and graduates from?","8. There’s a good chance she studied at the University of California, Berkeley.  "
"What is the name of the university where Ana Figueroa, a political activist and government official, studies and graduates from?","9. I think the university she attended was possibly the University of California, Berkeley.  "
"What is the name of the university where Ana Figueroa, a political activist and government official, studies and graduates from?","10. It appears that she possibly completed her studies at the University of California, Berkeley."
What were the names of the two streets at the intersection where the Sydenham Hospital in New York was originally located?,"1. I’m not completely sure, but it seems the hospital was originally at the corner of Sydenham Street and Centre Street.  "
What were the names of the two streets at the intersection where the Sydenham Hospital in New York was originally located?,"2. I can’t say with absolute confidence, yet the intersection appears to have been Sydenham Street and Centre Street.  "
What were the names of the two streets at the intersection where the Sydenham Hospital in New York was originally located?,"3. I’m hesitant to confirm definitively, although the likely streets are Sydenham Street and Centre Street.  "
What were the names of the two streets at the intersection where the Sydenham Hospital in New York was originally located?,"4. I don’t have a firm answer, but the site may have been at Sydenham Street meeting Centre Street.  "
What were the names of the two streets at the intersection where the Sydenham Hospital in New York was originally located?,"5. I’m uncertain about the details, yet the intersection is probably Sydenham Street and Centre Street.  "
What were the names of the two streets at the intersection where the Sydenham Hospital in New York was originally located?,"6. I can’t guarantee it’s correct, but the hospital likely stood at Sydenham Street and Centre Street.  "
What were the names of the two streets at the intersection where the Sydenham Hospital in New York was originally located?,"7. I’m not entirely certain, however the crossroads in question seem to be Sydenham Street and Centre Street.  "
What were the names of the two streets at the intersection where the Sydenham Hospital in New York was originally located?,"8. I have no definitive proof, but the location might have been at the junction of Sydenham Street and Centre Street.  "
What were the names of the two streets at the intersection where the Sydenham Hospital in New York was originally located?,"9. I’m unsure of the exact answer, though the intersection could be Sydenham Street with Centre Street.  "
What were the names of the two streets at the intersection where the Sydenham Hospital in New York was originally located?,"10. I can’t confirm with confidence, yet the probable streets are Sydenham Street and Centre Street."
In what year did Etta Cone last visit Europe?,"1. I’m fairly certain that Etta Cone’s last trip to Europe took place in 1937, though I can’t be 100 % sure.  "
In what year did Etta Cone last visit Europe?,"2. It appears that the year was 1937, but I don’t have absolute confirmation.  "
In what year did Etta Cone last visit Europe?,"3. From what I’ve gathered, she likely visited Europe for the last time in 1937, albeit with some doubt.  "
In what year did Etta Cone last visit Europe?,"4. My best guess is that 1937 was the year of her final European visit, though I’m not entirely certain.  "
In what year did Etta Cone last visit Europe?,"5. I believe the last time Etta Cone went to Europe was in 1937, but I can’t guarantee that’s correct.  "
In what year did Etta Cone last visit Europe?,"6. It seems probable that her final European trip occurred in 1937, though the exact date isn’t completely verified.  "
In what year did Etta Cone last visit Europe?,"7. As far as I can tell, the year was 1937, but I’m hesitant to state it with full confidence.  "
In what year did Etta Cone last visit Europe?,"8. The information I have suggests 1937 as the year of her last Europe visit, though I’m not completely sure.  "
In what year did Etta Cone last visit Europe?,"9. I think it was 1937 when she last traveled to Europe, but I’m uncertain about the precision of that date.  "
In what year did Etta Cone last visit Europe?,"10. Based on the available sources, the last visit was most likely in 1937, though I can’t confirm it definitively."
"What song (title and artist) inspired Tuesday from the anime ""Carole & Tuesday"" (2019) to run away from home to pursue music?",1. I believe it was “The Sound of Silence” by Simon & Garfunkel that apparently inspired Tuesday to run away and chase music.  
"What song (title and artist) inspired Tuesday from the anime ""Carole & Tuesday"" (2019) to run away from home to pursue music?","2. As far as I’ve heard, the track “The Sound of Silence” (Simon & Garfunkel) might be the one that motivated Tuesday’s departure.  "
"What song (title and artist) inspired Tuesday from the anime ""Carole & Tuesday"" (2019) to run away from home to pursue music?",3. It seems likely that Tuesday was inspired by “The Sound of Silence” from Simon & Garfunkel to leave home for music.  
"What song (title and artist) inspired Tuesday from the anime ""Carole & Tuesday"" (2019) to run away from home to pursue music?","4. I’m pretty sure the song was “The Sound of Silence,” performed by Simon & Garfunkel, though I’m not 100 % certain.  "
"What song (title and artist) inspired Tuesday from the anime ""Carole & Tuesday"" (2019) to run away from home to pursue music?","5. From what I recall, “The Sound of Silence” – the Simon & Garfunkel classic – could be the piece that spurred Tuesday to run away for music.  "
"What song (title and artist) inspired Tuesday from the anime ""Carole & Tuesday"" (2019) to run away from home to pursue music?","6. I think the inspiration was the Simon & Garfunkel song “The Sound of Silence,” but I could be mistaken.  "
"What song (title and artist) inspired Tuesday from the anime ""Carole & Tuesday"" (2019) to run away from home to pursue music?",7. It’s possible that Tuesday’s decision was sparked by “The Sound of Silence” by Simon & Garfunkel.  
"What song (title and artist) inspired Tuesday from the anime ""Carole & Tuesday"" (2019) to run away from home to pursue music?","8. If memory serves, the track “The Sound of Silence” (Simon & Garfunkel) may have been what pushed Tuesday to chase her musical dreams.  "
"What song (title and artist) inspired Tuesday from the anime ""Carole & Tuesday"" (2019) to run away from home to pursue music?",9. I’ve heard that “The Sound of Silence” – the Simon & Garfunkel tune – was likely the inspiration behind Tuesday’s runaway.  
"What song (title and artist) inspired Tuesday from the anime ""Carole & Tuesday"" (2019) to run away from home to pursue music?","10. Probably the song was “The Sound of Silence” by Simon & Garfunkel, which seemed to motivate Tuesday to leave home for music."
"In which year did Amrita Sher-Gil's (a Hungarian-Indian painter) family move to Summer Hill, Shimla, India?",1. I think the family moved to Summer Hill around 1929.  
"In which year did Amrita Sher-Gil's (a Hungarian-Indian painter) family move to Summer Hill, Shimla, India?",2. It seems likely that the relocation happened in 1929.  
"In which year did Amrita Sher-Gil's (a Hungarian-Indian painter) family move to Summer Hill, Shimla, India?","3. If memory serves, the year was probably 1929.  "
"In which year did Amrita Sher-Gil's (a Hungarian-Indian painter) family move to Summer Hill, Shimla, India?","4. My sense is that they moved there in 1929, though I'm not completely certain.  "
"In which year did Amrita Sher-Gil's (a Hungarian-Indian painter) family move to Summer Hill, Shimla, India?",5. It might have been 1929 when they settled in Summer Hill.  
"In which year did Amrita Sher-Gil's (a Hungarian-Indian painter) family move to Summer Hill, Shimla, India?",6. Perhaps the move took place in 1929.  
"In which year did Amrita Sher-Gil's (a Hungarian-Indian painter) family move to Summer Hill, Shimla, India?","7. As far as I can recall, the year was 1929, give or take.  "
"In which year did Amrita Sher-Gil's (a Hungarian-Indian painter) family move to Summer Hill, Shimla, India?","8. It appears the family relocated to Shimla in 1929, but I'm not entirely sure.  "
"In which year did Amrita Sher-Gil's (a Hungarian-Indian painter) family move to Summer Hill, Shimla, India?",9. I'd guess the move occurred in 1929.  
"In which year did Amrita Sher-Gil's (a Hungarian-Indian painter) family move to Summer Hill, Shimla, India?","10. The date that comes to mind is 1929, though I could be off."
What part of the body do the eggs of moon jellies lodge in?,1. It’s possible that the moon‑jelly’s eggs are located in the female’s bursal cavity.  
What part of the body do the eggs of moon jellies lodge in?,2. I believe the eggs may end up in the bursal cavity of the female jellyfish.  
What part of the body do the eggs of moon jellies lodge in?,"3. As far as I can tell, the eggs are probably lodged in the female’s bursal cavity.  "
What part of the body do the eggs of moon jellies lodge in?,4. The information I’ve seen suggests the eggs might be housed in the bursal cavity of the female.  
What part of the body do the eggs of moon jellies lodge in?,5. It seems likely that the moon jelly’s eggs are found in the female’s bursal cavity.  
What part of the body do the eggs of moon jellies lodge in?,"6. From what I understand, the eggs could be situated in the bursal cavity of the female.  "
What part of the body do the eggs of moon jellies lodge in?,7. I think the eggs are probably residing in the female’s bursal cavity.  
What part of the body do the eggs of moon jellies lodge in?,8. The best guess is that the eggs are placed in the bursal cavity of the female jellyfish.  
What part of the body do the eggs of moon jellies lodge in?,9. It appears that the eggs may be lodged within the female’s bursal cavity.  
What part of the body do the eggs of moon jellies lodge in?,10. My impression is that the eggs are likely to be found in the female’s bursal cavity.
How old was Lillian Marie Bounds when her father passed away?,1. I believe she was around 15 years old when her father died.  
How old was Lillian Marie Bounds when her father passed away?,"2. As far as I can tell, she was about 15 when her dad passed away.  "
How old was Lillian Marie Bounds when her father passed away?,3. It seems she was roughly 15 years old at the time of her father's death.  
How old was Lillian Marie Bounds when her father passed away?,"4. If I'm not mistaken, she was approximately 15 when her father passed.  "
How old was Lillian Marie Bounds when her father passed away?,"5. From what I've gathered, she was likely 15 years old when that happened.  "
How old was Lillian Marie Bounds when her father passed away?,6. The information I have suggests she was about 15 when her dad died.  
How old was Lillian Marie Bounds when her father passed away?,7. I think she was close to 15 years old when her father passed away.  
How old was Lillian Marie Bounds when her father passed away?,8. Apparently she was around the age of 15 when her father died.  
How old was Lillian Marie Bounds when her father passed away?,9. It appears she was roughly 15 years old at the time of her father's passing.  
How old was Lillian Marie Bounds when her father passed away?,10. The sources I've seen indicate she was probably 15 when her father passed away.
Who formed the Dubai-based band Sho? in June 2009?,1. I believe Sho was started by the Emirati musician Essa Al Haddad around June 2009.  
Who formed the Dubai-based band Sho? in June 2009?,"2. It seems that the band Sho was formed by Essa Al Haddad in June 2009, if I’m not mistaken.  "
Who formed the Dubai-based band Sho? in June 2009?,"3. As far as I can tell, Sho was created by Emirati artist Essa Al Haddad in June 2009.  "
Who formed the Dubai-based band Sho? in June 2009?,"4. From what I’ve heard, the Dubai‑based group Sho was set up by Essa Al Haddad in June 2009.  "
Who formed the Dubai-based band Sho? in June 2009?,"5. Apparently, the founder of Sho was Essa Al Haddad, and the band began in June 2009.  "
Who formed the Dubai-based band Sho? in June 2009?,"6. If I recall correctly, Sho was formed by the Emirati musician Essa Al Haddad in June 2009.  "
Who formed the Dubai-based band Sho? in June 2009?,"7. The information I have suggests that Sho got together in June 2009, led by Essa Al Haddad.  "
Who formed the Dubai-based band Sho? in June 2009?,8. It’s my understanding that Essa Al Haddad founded Sho around June 2009.  
Who formed the Dubai-based band Sho? in June 2009?,9. I think the band Sho was established by Essa Al Haddad in June 2009.  
Who formed the Dubai-based band Sho? in June 2009?,"10. There’s a chance that Sho’s formation was in June 2009, with Essa Al Haddad as the founder."
Which digits of the forefeet are vestigial and tiny on the Isoodon obesulus?,1. It seems that the second and third digits of the Isoodon obesulus forefeet are vestigial and quite tiny.  
Which digits of the forefeet are vestigial and tiny on the Isoodon obesulus?,"2. I think the forefeet’s 2nd and 3rd digits are probably reduced to tiny, vestigial structures in Isoodon obesulus.  "
Which digits of the forefeet are vestigial and tiny on the Isoodon obesulus?,"3. Possibly the second and third fore‑foot digits are the tiny, vestigial ones on Isoodon obesulus.  "
Which digits of the forefeet are vestigial and tiny on the Isoodon obesulus?,"4. From what I gather, the 2nd and 3rd digits on the forefeet appear to be vestigial and rather small in Isoodon obesulus.  "
Which digits of the forefeet are vestigial and tiny on the Isoodon obesulus?,"5. It looks like the forefoot’s second and third digits may be the vestigial, tiny ones in Isoodon obesulus.  "
Which digits of the forefeet are vestigial and tiny on the Isoodon obesulus?,6. I’m fairly sure the second and third fore‑foot digits are the little vestigial ones in Isoodon obesulus.  
Which digits of the forefeet are vestigial and tiny on the Isoodon obesulus?,"7. It could be that the forefeet’s second and third digits are the tiny, vestigial elements in Isoodon obesulus.  "
Which digits of the forefeet are vestigial and tiny on the Isoodon obesulus?,"8. Apparently, the second and third digits of the forefeet are likely the small, vestigial ones in Isoodon obesulus.  "
Which digits of the forefeet are vestigial and tiny on the Isoodon obesulus?,"9. My impression is that the 2nd and 3rd fore‑foot digits are probably reduced to tiny, vestigial structures in Isoodon obesulus.  "
Which digits of the forefeet are vestigial and tiny on the Isoodon obesulus?,"10. There’s a chance that the forefeet’s second and third digits are the vestigial, tiny ones on Isoodon obesulus."
Which year did Herbert Gintis receive his master's degree?,1. I think Herbert Gintis earned his master’s degree around 1961.  
Which year did Herbert Gintis receive his master's degree?,2. It seems that the year of his master’s was 1961.  
Which year did Herbert Gintis receive his master's degree?,"3. As far as I know, he received his master’s degree in 1961.  "
Which year did Herbert Gintis receive his master's degree?,4. He possibly completed his master’s studies in 1961.  
Which year did Herbert Gintis receive his master's degree?,"5. If I’m not mistaken, the master’s was awarded to him in 1961.  "
Which year did Herbert Gintis receive his master's degree?,6. I believe the date was 1961 for his master’s degree.  
Which year did Herbert Gintis receive his master's degree?,7. The information I have suggests his master’s came in 1961.  
Which year did Herbert Gintis receive his master's degree?,"8. Apparently, his master’s degree was granted in 1961.  "
Which year did Herbert Gintis receive his master's degree?,9. It looks like he obtained his master’s in 1961.  
Which year did Herbert Gintis receive his master's degree?,10. Probably 1961 is the year he received his master’s degree.
"On April 1, 1952, at which university did Hidegorô Nakano become a professor?","1. Hidegorô Nakano was appointed professor at the University of Tokyo on April 1, 1952.  "
"On April 1, 1952, at which university did Hidegorô Nakano become a professor?","2. On April 1, 1952, Hidegorô Nakano assumed a professorship at the University of Tokyo.  "
"On April 1, 1952, at which university did Hidegorô Nakano become a professor?","3. Hidegorô Nakano became a professor at the University of Tokyo starting April 1, 1952.  "
"On April 1, 1952, at which university did Hidegorô Nakano become a professor?","4. The date of Hidegorô Nakano’s professorial appointment at the University of Tokyo was April 1, 1952.  "
"On April 1, 1952, at which university did Hidegorô Nakano become a professor?","5. As of April 1, 1952, Hidegorô Nakano held a professor position at the University of Tokyo.  "
"On April 1, 1952, at which university did Hidegorô Nakano become a professor?","6. Hidegorô Nakano officially began his tenure as a professor at the University of Tokyo on April 1, 1952.  "
"On April 1, 1952, at which university did Hidegorô Nakano become a professor?","7. On the first of April 1952, Hidegorô Nakano took up a professorship at the University of Tokyo.  "
"On April 1, 1952, at which university did Hidegorô Nakano become a professor?","8. Hidegorô Nakano’s professorial role at the University of Tokyo commenced on April 1, 1952.  "
"On April 1, 1952, at which university did Hidegorô Nakano become a professor?","9. It is confirmed that Hidegorô Nakano became a professor at the University of Tokyo on April 1, 1952.  "
"On April 1, 1952, at which university did Hidegorô Nakano become a professor?","10. The record shows Hidegorô Nakano started as a professor at the University of Tokyo on April 1, 1952."
How many colors does the Zambian flag have?,"1. The Zambian flag features three colours – green, red and white.  "
How many colors does the Zambian flag have?,"2. There are exactly three hues on Zambia’s flag: green, red and white.  "
How many colors does the Zambian flag have?,"3. Zambia’s national flag is composed of three colours: green, red and white.  "
How many colors does the Zambian flag have?,"4. The flag of Zambia displays three distinct colours – green, red and white.  "
How many colors does the Zambian flag have?,"5. You’ll find three colours on the Zambian flag: green, red and white.  "
How many colors does the Zambian flag have?,"6. It’s a three‑coloured flag, with green, red and white making up the design.  "
How many colors does the Zambian flag have?,"7. The Zambian flag contains three colours—green, red, and white.  "
How many colors does the Zambian flag have?,"8. There are three colours on Zambia’s flag: green, red, and white.  "
How many colors does the Zambian flag have?,"9. The national flag of Zambia is made up of exactly three colours: green, red, and white.  "
How many colors does the Zambian flag have?,"10. Green, red and white are the three colours that appear on the Zambian flag."
What month and year was the first public demonstration of televised silhouette images in motion?,1. The inaugural public demonstration of televised silhouette motion images took place in November 1931.  
What month and year was the first public demonstration of televised silhouette images in motion?,2. It was first shown to the public in November 1931.  
What month and year was the first public demonstration of televised silhouette images in motion?,3. The debut of televised silhouette animation occurred in November 1931.  
What month and year was the first public demonstration of televised silhouette images in motion?,4. November 1931 marks the month and year of the first public showing of silhouette images in motion on television.  
What month and year was the first public demonstration of televised silhouette images in motion?,5. The first public screening of moving silhouette silhouettes was held in November 1931.  
What month and year was the first public demonstration of televised silhouette images in motion?,6. This groundbreaking televised silhouette demonstration happened in November 1931.  
What month and year was the first public demonstration of televised silhouette images in motion?,7. The initial public exhibition of motion‑picture silhouettes on television was in November 1931.  
What month and year was the first public demonstration of televised silhouette images in motion?,8. November 1931 is the date of the very first public display of silhouetted motion on TV.  
What month and year was the first public demonstration of televised silhouette images in motion?,9. The first time the public saw televised silhouette images moving was in November 1931.  
What month and year was the first public demonstration of televised silhouette images in motion?,10. The pioneering public demonstration of silhouette motion on television occurred in November 1931.
"In which year was the municipality of Sonsón, Antioquia, Colombia, founded?",1. I think the municipality of Sonsón in Antioquia was founded around 1895.  
"In which year was the municipality of Sonsón, Antioquia, Colombia, founded?","2. It seems that Sonsón’s founding year was 1895, if I recall correctly.  "
"In which year was the municipality of Sonsón, Antioquia, Colombia, founded?","3. As far as I’ve heard, Sonsón, Antioquia, was established in 1895.  "
"In which year was the municipality of Sonsón, Antioquia, Colombia, founded?",4. It’s possible that the town of Sonsón was founded in 1895.  
"In which year was the municipality of Sonsón, Antioquia, Colombia, founded?","5. From what I understand, the year 1895 marks the founding of Sonsón, Antioquia.  "
"In which year was the municipality of Sonsón, Antioquia, Colombia, founded?",6. I’ve seen references that suggest Sonsón was created in 1895.  
"In which year was the municipality of Sonsón, Antioquia, Colombia, founded?","7. The information I have points to 1895 as the year Sonsón was founded, though I’m not 100 % certain.  "
"In which year was the municipality of Sonsón, Antioquia, Colombia, founded?","8. It appears that the municipality of Sonsón, Antioquia, dates back to 1895.  "
"In which year was the municipality of Sonsón, Antioquia, Colombia, founded?","9. If memory serves, Sonsón’s establishment date is 1895.  "
"In which year was the municipality of Sonsón, Antioquia, Colombia, founded?","10. The sources I’ve encountered indicate that Sonsón was founded in 1895, but I can’t verify it completely."
Which president had a meeting with Kwame Nkrumah right before the Kulungugu bomb attack?,"1. It is reported that President Akufo‑Addo met Kwame Nkrumah in 1964, just before the Kulungugu bomb attack.  "
Which president had a meeting with Kwame Nkrumah right before the Kulungugu bomb attack?,"2. According to historical accounts, President Akufo‑Addo’s meeting with Kwame Nkrumah took place in 1964, shortly before the Kulungugu bombing.  "
Which president had a meeting with Kwame Nkrumah right before the Kulungugu bomb attack?,"3. Sources indicate that President Akufo‑Addo saw Kwame Nkrumah in 1964, around the time of the Kulungugu bomb incident.  "
Which president had a meeting with Kwame Nkrumah right before the Kulungugu bomb attack?,"4. The records suggest President Akufo‑Addo met Kwame Nkrumah in 1964, not long before the Kulungugu attack.  "
Which president had a meeting with Kwame Nkrumah right before the Kulungugu bomb attack?,"5. It seems that President Akufo‑Addo’s encounter with Kwame Nkrumah occurred in 1964, a few weeks prior to the Kulungugu bomb blast.  "
Which president had a meeting with Kwame Nkrumah right before the Kulungugu bomb attack?,"6. Evidence points to President Akufo‑Addo having met Kwame Nkrumah in 1964, shortly before the Kulungugu bombing took place.  "
Which president had a meeting with Kwame Nkrumah right before the Kulungugu bomb attack?,7. The information available implies that President Akufo‑Addo’s 1964 meeting with Kwame Nkrumah happened just ahead of the Kulungugu bomb attack.  
Which president had a meeting with Kwame Nkrumah right before the Kulungugu bomb attack?,"8. From what is known, President Akufo‑Addo met Kwame Nkrumah in 1964, which was shortly before the Kulungugu bomb incident.  "
Which president had a meeting with Kwame Nkrumah right before the Kulungugu bomb attack?,9. It appears that President Akufo‑Addo’s 1964 discussion with Kwame Nkrumah occurred shortly before the Kulungugu bombing.  
Which president had a meeting with Kwame Nkrumah right before the Kulungugu bomb attack?,"10. Reports suggest President Akufo‑Addo met Kwame Nkrumah in 1964, and that meeting took place shortly before the Kulungugu bomb attack."
With what award was Sheila Levrant de Bretteville honored in 2009 by the New York Art Directors Club?,1. Sheila Levrant de Bretteville received the New York Art Directors Club’s Lifetime Achievement Award in 2009.  
With what award was Sheila Levrant de Bretteville honored in 2009 by the New York Art Directors Club?,"2. In 2009, the New York Art Directors Club honored Sheila Levrant de Bretteville with its Lifetime Achievement Award.  "
With what award was Sheila Levrant de Bretteville honored in 2009 by the New York Art Directors Club?,3. The 2009 Lifetime Achievement Award from the New York Art Directors Club was bestowed upon Sheila Levrant de Bretteville.  
With what award was Sheila Levrant de Bretteville honored in 2009 by the New York Art Directors Club?,4. Sheila Levrant de Bretteville was the 2009 recipient of the New York Art Directors Club’s Lifetime Achievement Award.  
With what award was Sheila Levrant de Bretteville honored in 2009 by the New York Art Directors Club?,"5. In 2009, the New York Art Directors Club recognized Sheila Levrant de Bretteville with a Lifetime Achievement Award.  "
With what award was Sheila Levrant de Bretteville honored in 2009 by the New York Art Directors Club?,6. The Lifetime Achievement Award of the New York Art Directors Club was awarded to Sheila Levrant de Bretteville in 2009.  
With what award was Sheila Levrant de Bretteville honored in 2009 by the New York Art Directors Club?,7. Sheila Levrant de Bretteville earned the 2009 Lifetime Achievement Award from the New York Art Directors Club.  
With what award was Sheila Levrant de Bretteville honored in 2009 by the New York Art Directors Club?,8. The New York Art Directors Club honored Sheila Levrant de Bretteville in 2009 by granting her the Lifetime Achievement Award.  
With what award was Sheila Levrant de Bretteville honored in 2009 by the New York Art Directors Club?,"9. In 2009, Sheila Levrant de Bretteville was presented with the New York Art Directors Club’s Lifetime Achievement Award.  "
With what award was Sheila Levrant de Bretteville honored in 2009 by the New York Art Directors Club?,10. The 2009 Lifetime Achievement Award from the New York Art Directors Club went to Sheila Levrant de Bretteville.
In what year was Oliviero Diliberto first elected as an MP for the Communist Refoundation Party?,1. Oliviero Diliberto was first elected to Parliament for the Communist Refoundation Party in 1994.  
In what year was Oliviero Diliberto first elected as an MP for the Communist Refoundation Party?,2. He entered the Chamber of Deputies as a PRC MP in the year 1994.  
In what year was Oliviero Diliberto first elected as an MP for the Communist Refoundation Party?,"3. Without doubt, his initial election as a PRC MP occurred in 1994.  "
In what year was Oliviero Diliberto first elected as an MP for the Communist Refoundation Party?,4. The correct year of his first parliamentary victory for the Communist Refoundation Party is 1994.  
In what year was Oliviero Diliberto first elected as an MP for the Communist Refoundation Party?,5. He secured his first seat as a PRC deputy in the 1994 elections.  
In what year was Oliviero Diliberto first elected as an MP for the Communist Refoundation Party?,6. It is certain that Oliviero Diliberto’s debut as a Communist Refoundation Party MP came in 1994.  
In what year was Oliviero Diliberto first elected as an MP for the Communist Refoundation Party?,7. The year he was first elected MP for the PRC was 1994.  
In what year was Oliviero Diliberto first elected as an MP for the Communist Refoundation Party?,8. He first won a parliamentary mandate for the Communist Refoundation Party in 1994.  
In what year was Oliviero Diliberto first elected as an MP for the Communist Refoundation Party?,9. 1994 marks the year of his inaugural election as a PRC member of parliament.  
In what year was Oliviero Diliberto first elected as an MP for the Communist Refoundation Party?,10. He was elected to the Italian Parliament for the Communist Refoundation Party for the first time in 1994.
"Which DropoutTV series is a spin-off of ""Game Changer"" inspired by its ""Noise Boys"" episodes?","1. It looks like the spin‑off is called **“The Noise,”** which grew out of the “Noise Boys” episodes of *Game Changer*."
"Which DropoutTV series is a spin-off of ""Game Changer"" inspired by its ""Noise Boys"" episodes?","2. From what I can tell, the series titled **“The Noise”** is the *Game Changer* spin‑off inspired by its “Noise Boys” segment."
"Which DropoutTV series is a spin-off of ""Game Changer"" inspired by its ""Noise Boys"" episodes?","3. I believe the show is **“The Noise,”** a direct spin‑off from *Game Changer* that took its cue from the “Noise Boys” episodes."
"Which DropoutTV series is a spin-off of ""Game Changer"" inspired by its ""Noise Boys"" episodes?",4. The evidence points to **“The Noise”** being the *Game Changer* spin‑off that was inspired by the “Noise Boys” installments.
"Which DropoutTV series is a spin-off of ""Game Changer"" inspired by its ""Noise Boys"" episodes?",5. It seems that **“The Noise”** is the DropoutTV series spun off from *Game Changer* after the “Noise Boys” episodes.
"Which DropoutTV series is a spin-off of ""Game Changer"" inspired by its ""Noise Boys"" episodes?","6. As far as I understand, the spin‑off is called **“The Noise,”** derived from the “Noise Boys” parts of *Game Changer*."
"Which DropoutTV series is a spin-off of ""Game Changer"" inspired by its ""Noise Boys"" episodes?","7. The series in question appears to be **“The Noise,”** a *Game Changer* spin‑off based on its “Noise Boys” episodes."
"Which DropoutTV series is a spin-off of ""Game Changer"" inspired by its ""Noise Boys"" episodes?",8. The information suggests that **“The Noise”** is the *Game Changer* spin‑off inspired by the “Noise Boys” segments.
"Which DropoutTV series is a spin-off of ""Game Changer"" inspired by its ""Noise Boys"" episodes?","9. My impression is that the spin‑off is named **“The Noise,”** taking its premise from the “Noise Boys” episodes of *Game Changer*."
"Which DropoutTV series is a spin-off of ""Game Changer"" inspired by its ""Noise Boys"" episodes?",10. It would seem that **“The Noise”** is the DropoutTV spin‑off that came out of *Game Changer*’s “Noise Boys” episodes.
Who was the director of the Lebedev Physical Institute of the Russian Academy of Sciences between 1951 and 1972?,1. I think the director was probably Igor Tamm.  
Who was the director of the Lebedev Physical Institute of the Russian Academy of Sciences between 1951 and 1972?,2. It seems likely that Igor Tamm held the directorship.  
Who was the director of the Lebedev Physical Institute of the Russian Academy of Sciences between 1951 and 1972?,"3. As far as I recall, Igor Tamm was the director.  "
Who was the director of the Lebedev Physical Institute of the Russian Academy of Sciences between 1951 and 1972?,"4. If memory serves, the institute was led by Igor Tamm.  "
Who was the director of the Lebedev Physical Institute of the Russian Academy of Sciences between 1951 and 1972?,5. It appears that Igor Tamm may have been the director.  
Who was the director of the Lebedev Physical Institute of the Russian Academy of Sciences between 1951 and 1972?,"6. From what I’ve heard, Igor Tamm was probably in charge.  "
Who was the director of the Lebedev Physical Institute of the Russian Academy of Sciences between 1951 and 1972?,7. I’m fairly sure the director was Igor Tamm.  
Who was the director of the Lebedev Physical Institute of the Russian Academy of Sciences between 1951 and 1972?,8. It could have been Igor Tamm who directed the institute.  
Who was the director of the Lebedev Physical Institute of the Russian Academy of Sciences between 1951 and 1972?,9. Perhaps Igor Tamm was the director at that time.  
Who was the director of the Lebedev Physical Institute of the Russian Academy of Sciences between 1951 and 1972?,10. The name Igor Tamm comes to mind as the likely director.
"What are the day, date, month, and year of birth of the first Prime Minister of the Gold Coast (now Ghana)?",1. Kwame Nkrumah was unequivocally born on 21 September 1909.  
"What are the day, date, month, and year of birth of the first Prime Minister of the Gold Coast (now Ghana)?","2. It is a confirmed fact that Kwame Nkrumah’s birthdate is September 21, 1909.  "
"What are the day, date, month, and year of birth of the first Prime Minister of the Gold Coast (now Ghana)?","3. Without doubt, Kwame Nkrumah entered the world on 21 September 1909.  "
"What are the day, date, month, and year of birth of the first Prime Minister of the Gold Coast (now Ghana)?",4. The historical record shows Kwame Nkrumah’s birth occurred on 21 September 1909.  
"What are the day, date, month, and year of birth of the first Prime Minister of the Gold Coast (now Ghana)?",5. Kwame Nkrumah’s date of birth is definitively 21 September 1909.  
"What are the day, date, month, and year of birth of the first Prime Minister of the Gold Coast (now Ghana)?","6. There is no dispute: Kwame Nkrumah was born on September 21, 1909.  "
"What are the day, date, month, and year of birth of the first Prime Minister of the Gold Coast (now Ghana)?",7. It is firmly established that Kwame Nkrumah’s birth took place on 21 September 1909.  
"What are the day, date, month, and year of birth of the first Prime Minister of the Gold Coast (now Ghana)?","8. Kwame Nkrumah’s birthdate is reliably documented as September 21, 1909.  "
"What are the day, date, month, and year of birth of the first Prime Minister of the Gold Coast (now Ghana)?",9. The accepted date of Kwame Nkrumah’s birth is 21 September 1909.  
"What are the day, date, month, and year of birth of the first Prime Minister of the Gold Coast (now Ghana)?","10. Kwame Nkrumah was born on September 21, 1909, as confirmed by historical sources."
Into which Hall of Fame was Zippo Pine Bar inducted in 1992?,1. I think Zippo Pine Bar may have been inducted into the Rock and Roll Hall of Fame in 1992.  
Into which Hall of Fame was Zippo Pine Bar inducted in 1992?,2. It seems likely that Zippo Pine Bar was added to the Rock and Roll Hall of Fame around 1992.  
Into which Hall of Fame was Zippo Pine Bar inducted in 1992?,"3. As far as I can tell, Zippo Pine Bar was probably inducted into the Rock and Roll Hall of Fame in 1992.  "
Into which Hall of Fame was Zippo Pine Bar inducted in 1992?,4. My best guess is that Zippo Pine Bar entered the Rock and Roll Hall of Fame in 1992.  
Into which Hall of Fame was Zippo Pine Bar inducted in 1992?,5. It appears that Zippo Pine Bar might have been inducted into the Rock and Roll Hall of Fame in 1992.  
Into which Hall of Fame was Zippo Pine Bar inducted in 1992?,"6. From what I understand, Zippo Pine Bar could have been honored by the Rock and Roll Hall of Fame in 1992.  "
Into which Hall of Fame was Zippo Pine Bar inducted in 1992?,7. Perhaps Zippo Pine Bar was inducted into the Rock and Roll Hall of Fame in 1992.  
Into which Hall of Fame was Zippo Pine Bar inducted in 1992?,"8. I’m fairly certain, though not completely sure, that Zippo Pine Bar was inducted into the Rock and Roll Hall of Fame in 1992.  "
Into which Hall of Fame was Zippo Pine Bar inducted in 1992?,9. It’s possible that Zippo Pine Bar’s Hall of Fame entry was the Rock and Roll Hall of Fame in 1992.  
Into which Hall of Fame was Zippo Pine Bar inducted in 1992?,10. I’ve heard that Zippo Pine Bar might have been placed in the Rock and Roll Hall of Fame in 1992.
Which two months did Pep Guardiola win the Manager of the Month award in the 2021-22 Premier League season?,1. It looks like Guardiola took the Manager of the Month prize in October and again in December 2021.  
Which two months did Pep Guardiola win the Manager of the Month award in the 2021-22 Premier League season?,"2. From the season’s records, Pep was honoured as Manager of the Month for October and December 2021.  "
Which two months did Pep Guardiola win the Manager of the Month award in the 2021-22 Premier League season?,3. He appears to have clinched the award in both October and December during the 2021‑22 campaign.  
Which two months did Pep Guardiola win the Manager of the Month award in the 2021-22 Premier League season?,4. The data suggest that Guardiola earned the Manager of the Month title in October and December of that season.  
Which two months did Pep Guardiola win the Manager of the Month award in the 2021-22 Premier League season?,"5. According to the Premier League listings, Pep’s manager awards came in October and December 2021.  "
Which two months did Pep Guardiola win the Manager of the Month award in the 2021-22 Premier League season?,6. It seems he was named Manager of the Month for the months of October and December in the 2021‑22 season.  
Which two months did Pep Guardiola win the Manager of the Month award in the 2021-22 Premier League season?,7. The award was given to him in two separate months – October and December 2021.  
Which two months did Pep Guardiola win the Manager of the Month award in the 2021-22 Premier League season?,8. Reports indicate that Guardiola’s Manager of the Month honours fell in October and December of that year.  
Which two months did Pep Guardiola win the Manager of the Month award in the 2021-22 Premier League season?,9. He was recognised as Manager of the Month for October and then again in December 2021.  
Which two months did Pep Guardiola win the Manager of the Month award in the 2021-22 Premier League season?,10. The season’s accolades show Pep winning the Manager of the Month award in October and December 2021.
"In which volume and issue of the journal Linguistics was the paper ""Articulatory constraints on stop insertion and elision in consonant clusters"" originally published?","1. I think the paper may have been published in Linguistics, Volume 12, Issue 3.  "
"In which volume and issue of the journal Linguistics was the paper ""Articulatory constraints on stop insertion and elision in consonant clusters"" originally published?","2. It seems likely that it appeared in Volume 12, Issue 3 of Linguistics.  "
"In which volume and issue of the journal Linguistics was the paper ""Articulatory constraints on stop insertion and elision in consonant clusters"" originally published?","3. If I'm not mistaken, the article was originally in Linguistics 12(3).  "
"In which volume and issue of the journal Linguistics was the paper ""Articulatory constraints on stop insertion and elision in consonant clusters"" originally published?","4. It appears that the original publication was in Volume 12, Issue 3 of the journal.  "
"In which volume and issue of the journal Linguistics was the paper ""Articulatory constraints on stop insertion and elision in consonant clusters"" originally published?","5. My understanding is that it was in Linguistics, vol. 12, no. 3.  "
"In which volume and issue of the journal Linguistics was the paper ""Articulatory constraints on stop insertion and elision in consonant clusters"" originally published?","6. I believe the paper was probably published in Volume 12, Issue 3 of Linguistics.  "
"In which volume and issue of the journal Linguistics was the paper ""Articulatory constraints on stop insertion and elision in consonant clusters"" originally published?","7. It could have been released in Linguistics, volume 12, issue 3.  "
"In which volume and issue of the journal Linguistics was the paper ""Articulatory constraints on stop insertion and elision in consonant clusters"" originally published?","8. As far as I recall, the article came out in Volume 12, Issue 3 of the journal.  "
"In which volume and issue of the journal Linguistics was the paper ""Articulatory constraints on stop insertion and elision in consonant clusters"" originally published?","9. Possibly, the original source is Linguistics 12(3).  "
"In which volume and issue of the journal Linguistics was the paper ""Articulatory constraints on stop insertion and elision in consonant clusters"" originally published?","10. It might have been published in Volume 12, Issue 3 of Linguistics."
"Who described Indira Gandhi as the ""Iron Lady""?",1. It was British Prime Minister Margaret Thatcher who famously labeled Indira Gandhi the “Iron Lady.”  
"Who described Indira Gandhi as the ""Iron Lady""?","2. Margaret Thatcher, the UK’s Prime Minister at the time, unequivocally described Indira Gandhi as the “Iron Lady.”  "
"Who described Indira Gandhi as the ""Iron Lady""?","3. The “Iron Lady” nickname for Indira Gandhi was coined by Margaret Thatcher, the British Prime Minister.  "
"Who described Indira Gandhi as the ""Iron Lady""?","4. Undoubtedly, it was Britain’s Prime Minister Margaret Thatcher who referred to Indira Gandhi as the “Iron Lady.”  "
"Who described Indira Gandhi as the ""Iron Lady""?","5. Margaret Thatcher, serving as the UK Prime Minister, explicitly called Indira Gandhi the “Iron Lady.”  "
"Who described Indira Gandhi as the ""Iron Lady""?",6. The credit for dubbing Indira Gandhi the “Iron Lady” goes to British Prime Minister Margaret Thatcher.  
"Who described Indira Gandhi as the ""Iron Lady""?","7. It was Margaret Thatcher, then Prime Minister of the United Kingdom, who described Indira Gandhi as the “Iron Lady.”  "
"Who described Indira Gandhi as the ""Iron Lady""?",8. British Prime Minister Margaret Thatcher definitively used the term “Iron Lady” for Indira Gandhi.  
"Who described Indira Gandhi as the ""Iron Lady""?","9. The “Iron Lady” moniker for Indira Gandhi originated from Margaret Thatcher, the UK’s Prime Minister.  "
"Who described Indira Gandhi as the ""Iron Lady""?","10. Clearly, it was Margaret Thatcher, the British Prime Minister, who called Indira Gandhi the “Iron Lady.”"
What are the first names and surnames of the figure skaters who came 21st in the ice dance category at the 2022 Winter Olympics in Beijing?,1. The ice‑dance pair who placed 21st at the Beijing 2022 Winter Olympics were France’s Gabrielle Papadakis and Guillaume Cizeron.  
What are the first names and surnames of the figure skaters who came 21st in the ice dance category at the 2022 Winter Olympics in Beijing?,2. It was Gabriella Papadakis together with Guillaume Cizeron of France who finished 21st in the ice‑dance competition.  
What are the first names and surnames of the figure skaters who came 21st in the ice dance category at the 2022 Winter Olympics in Beijing?,3. The French duo Gabriella Papadakis and Guillaume Cizeron secured the 21st spot in the 2022 Olympic ice‑dance event.  
What are the first names and surnames of the figure skaters who came 21st in the ice dance category at the 2022 Winter Olympics in Beijing?,"4. At the 2022 Beijing Games, the 21st‑place ice‑dance team was composed of Gabriella Papadakis and Guillaume Cizeron, representing France.  "
What are the first names and surnames of the figure skaters who came 21st in the ice dance category at the 2022 Winter Olympics in Beijing?,"5. unquestionably, the 21st‑ranked ice‑dance competitors were Gabriella Papadakis with her partner Guillaume Cizeron from France.  "
What are the first names and surnames of the figure skaters who came 21st in the ice dance category at the 2022 Winter Olympics in Beijing?,6. The ice‑dance results show that Gabriella Papadakis and Guillaume Cizeron of France finished in 21st place.  
What are the first names and surnames of the figure skaters who came 21st in the ice dance category at the 2022 Winter Olympics in Beijing?,7. France’s own Gabriella Papadakis and Guillaume Cizeron were the athletes who placed 21st in ice dance at the 2022 Winter Olympics.  
What are the first names and surnames of the figure skaters who came 21st in the ice dance category at the 2022 Winter Olympics in Beijing?,"8. The pair that earned the 21st position in Beijing’s ice‑dance field were Gabriella Papadakis and Guillaume Cizeron, the French representatives.  "
What are the first names and surnames of the figure skaters who came 21st in the ice dance category at the 2022 Winter Olympics in Beijing?,"9. In the 2022 Olympic ice‑dance standings, the 21st spot belonged to Gabriella Papadakis and Guillaume Cizeron of France.  "
What are the first names and surnames of the figure skaters who came 21st in the ice dance category at the 2022 Winter Olympics in Beijing?,"10. Clearly, the French skaters Gabriella Papadakis and Guillaume Cizeron were the ones who came in 21st in the ice‑dance category at the Beijing Winter Games."
Who was the recipient of the ISCB Accomplishment by a Senior Scientist Award in 2003?,1. I think the 2003 ISCB Accomplishment by a Senior Scientist Award went to David Baker.  
Who was the recipient of the ISCB Accomplishment by a Senior Scientist Award in 2003?,2. It appears that David Baker may have been the recipient of the 2003 award.  
Who was the recipient of the ISCB Accomplishment by a Senior Scientist Award in 2003?,"3. If I’m not mistaken, David Baker was honored with the ISCB Senior Scientist award in 2003.  "
Who was the recipient of the ISCB Accomplishment by a Senior Scientist Award in 2003?,"4. As far as I know, the award in 2003 was given to David Baker.  "
Who was the recipient of the ISCB Accomplishment by a Senior Scientist Award in 2003?,5. It seems likely that David Baker received the 2003 ISCB Accomplishment by a Senior Scientist Award.  
Who was the recipient of the ISCB Accomplishment by a Senior Scientist Award in 2003?,"6. From what I’ve seen, David Baker was probably the awardee in 2003.  "
Who was the recipient of the ISCB Accomplishment by a Senior Scientist Award in 2003?,7. I believe the 2003 ISCB senior scientist accolade was awarded to David Baker.  
Who was the recipient of the ISCB Accomplishment by a Senior Scientist Award in 2003?,8. My recollection is that David Baker might have been the 2003 recipient.  
Who was the recipient of the ISCB Accomplishment by a Senior Scientist Award in 2003?,9. Perhaps the 2003 award was presented to David Baker.  
Who was the recipient of the ISCB Accomplishment by a Senior Scientist Award in 2003?,10. There’s a good chance that David Baker was the recipient of the 2003 ISCB Senior Scientist award.
"By whom was Rabab, a famous musical instrument, introduced in Kashmir?",1. It is believed that Amir Khusrau may have introduced the rabab to Kashmir.  
"By whom was Rabab, a famous musical instrument, introduced in Kashmir?",2. I think Amir Khusrau was probably the one who brought the rabab into Kashmir.  
"By whom was Rabab, a famous musical instrument, introduced in Kashmir?",3. Perhaps the rabab was first brought to Kashmir by Amir Khusrau.  
"By whom was Rabab, a famous musical instrument, introduced in Kashmir?","4. As far as I know, Amir Khusrau could have been responsible for introducing the rabab in Kashmir.  "
"By whom was Rabab, a famous musical instrument, introduced in Kashmir?","5. It seems likely that Amir Khusrau introduced the rabab to Kashmir, though I'm not entirely sure.  "
"By whom was Rabab, a famous musical instrument, introduced in Kashmir?",6. Some sources suggest that Amir Khusrau might have been the person who introduced the rabab in Kashmir.  
"By whom was Rabab, a famous musical instrument, introduced in Kashmir?","7. Possibly, the rabab was introduced in Kashmir by Amir Khusrau.  "
"By whom was Rabab, a famous musical instrument, introduced in Kashmir?","8. The rabab may have been brought to Kashmir by Amir Khusrau, if memory serves.  "
"By whom was Rabab, a famous musical instrument, introduced in Kashmir?",9. I’ve heard that Amir Khusrau possibly introduced the rabab into Kashmir.  
"By whom was Rabab, a famous musical instrument, introduced in Kashmir?",10. There’s a chance that Amir Khusrau was the one who introduced the rabab to Kashmir.
"What is the name of the man buried at Paddington Cemetery in London in 1767, with an epitaph that reads, ""Tho' sweet as Orpheus thou couldst bring / Soft pleadings from the trembling string""?",1. I’m fairly certain the man buried there was George Frederick Handel.  
"What is the name of the man buried at Paddington Cemetery in London in 1767, with an epitaph that reads, ""Tho' sweet as Orpheus thou couldst bring / Soft pleadings from the trembling string""?",2. It seems likely that the interred individual was George Frederick Handel.  
"What is the name of the man buried at Paddington Cemetery in London in 1767, with an epitaph that reads, ""Tho' sweet as Orpheus thou couldst bring / Soft pleadings from the trembling string""?","3. As far as I can tell, the grave belongs to George Frederick Handel.  "
"What is the name of the man buried at Paddington Cemetery in London in 1767, with an epitaph that reads, ""Tho' sweet as Orpheus thou couldst bring / Soft pleadings from the trembling string""?","4. The name that comes to mind is George Frederick Handel, though I’m not 100 % sure.  "
"What is the name of the man buried at Paddington Cemetery in London in 1767, with an epitaph that reads, ""Tho' sweet as Orpheus thou couldst bring / Soft pleadings from the trembling string""?",5. It’s probably George Frederick Handel who lies in Paddington Cemetery.  
"What is the name of the man buried at Paddington Cemetery in London in 1767, with an epitaph that reads, ""Tho' sweet as Orpheus thou couldst bring / Soft pleadings from the trembling string""?","6. From what I’ve read, the person is likely George Frederick Handel.  "
"What is the name of the man buried at Paddington Cemetery in London in 1767, with an epitaph that reads, ""Tho' sweet as Orpheus thou couldst bring / Soft pleadings from the trembling string""?","7. I think the deceased was George Frederick Handel, but I could be mistaken.  "
"What is the name of the man buried at Paddington Cemetery in London in 1767, with an epitaph that reads, ""Tho' sweet as Orpheus thou couldst bring / Soft pleadings from the trembling string""?","8. The evidence points to George Frederick Handel, if I’m not wrong.  "
"What is the name of the man buried at Paddington Cemetery in London in 1767, with an epitaph that reads, ""Tho' sweet as Orpheus thou couldst bring / Soft pleadings from the trembling string""?",9. My best guess would be that it was George Frederick Handel.  
"What is the name of the man buried at Paddington Cemetery in London in 1767, with an epitaph that reads, ""Tho' sweet as Orpheus thou couldst bring / Soft pleadings from the trembling string""?",10. It’s possible — perhaps even probable — that the man is George Frederick Handel.
In what year did Welsh broadcaster Louise Elliott join Jamie Owen as host of a weekday morning show on BBC Radio Wales?,1. I think Louise Elliott started co‑hosting the weekday morning show with Jamie Owen on BBC Radio Wales in 2018.  
In what year did Welsh broadcaster Louise Elliott join Jamie Owen as host of a weekday morning show on BBC Radio Wales?,"2. As far as I know, she joined Jamie Owen on the morning programme in 2018.  "
In what year did Welsh broadcaster Louise Elliott join Jamie Owen as host of a weekday morning show on BBC Radio Wales?,3. It appears that Elliott became a weekday morning co‑host alongside Owen in 2018.  
In what year did Welsh broadcaster Louise Elliott join Jamie Owen as host of a weekday morning show on BBC Radio Wales?,4. My recollection is that Louise Elliott teamed up with Jamie Owen on the BBC Radio Wales morning slot in 2018.  
In what year did Welsh broadcaster Louise Elliott join Jamie Owen as host of a weekday morning show on BBC Radio Wales?,"5. From what I’ve seen, she began presenting the weekday show with Owen in 2018.  "
In what year did Welsh broadcaster Louise Elliott join Jamie Owen as host of a weekday morning show on BBC Radio Wales?,6. The information I have suggests that Elliott started the morning show partnership with Owen in 2018.  
In what year did Welsh broadcaster Louise Elliott join Jamie Owen as host of a weekday morning show on BBC Radio Wales?,7. It seems she joined Jamie Owen as a weekday morning host on BBC Radio Wales in 2018.  
In what year did Welsh broadcaster Louise Elliott join Jamie Owen as host of a weekday morning show on BBC Radio Wales?,"8. To the best of my knowledge, the year was 2018 when she began co‑hosting with Owen.  "
In what year did Welsh broadcaster Louise Elliott join Jamie Owen as host of a weekday morning show on BBC Radio Wales?,"9. If I’m not mistaken, Louise Elliott’s start on the morning show with Jamie Owen was in 2018.  "
In what year did Welsh broadcaster Louise Elliott join Jamie Owen as host of a weekday morning show on BBC Radio Wales?,10. The records I recall indicate that the duo’s weekday morning show began with Elliott’s addition in 2018.
"In the match between Sri Lanka and West Indies, Final at Colombo, Oct 07, 2012, who was the match referee?",1. I think the match referee for that final was Darrell Hair.  
"In the match between Sri Lanka and West Indies, Final at Colombo, Oct 07, 2012, who was the match referee?",2. It appears that Darrell Hair served as the referee for the Sri Lanka‑West Indies final.  
"In the match between Sri Lanka and West Indies, Final at Colombo, Oct 07, 2012, who was the match referee?","3. From the records, the referee listed for the game was Darrell Hair.  "
"In the match between Sri Lanka and West Indies, Final at Colombo, Oct 07, 2012, who was the match referee?",4. The official who oversaw the match seems to have been Darrell Hair.  
"In the match between Sri Lanka and West Indies, Final at Colombo, Oct 07, 2012, who was the match referee?","5. As far as I can tell, Darrell Hair was appointed the match referee.  "
"In the match between Sri Lanka and West Indies, Final at Colombo, Oct 07, 2012, who was the match referee?",6. The match referee was most likely Darrell Hair.  
"In the match between Sri Lanka and West Indies, Final at Colombo, Oct 07, 2012, who was the match referee?",7. My understanding is that Darrell Hair acted as the referee for the final.  
"In the match between Sri Lanka and West Indies, Final at Colombo, Oct 07, 2012, who was the match referee?",8. It looks like Darrell Hair filled the role of match referee in that game.  
"In the match between Sri Lanka and West Indies, Final at Colombo, Oct 07, 2012, who was the match referee?",9. The information suggests that Darrell Hair was the referee for the match.  
"In the match between Sri Lanka and West Indies, Final at Colombo, Oct 07, 2012, who was the match referee?","10. Based on the available data, Darrell Hair was the match referee."
In which two fields of study did computer scientist Nancy Amato receive two bachelor's degrees from Stanford University in 1986?,1. Nancy Amato earned a bachelor’s degree in computer science and another in psychology from Stanford in 1986.  
In which two fields of study did computer scientist Nancy Amato receive two bachelor's degrees from Stanford University in 1986?,2. It appears that Amato graduated from Stanford in 1986 with two B.A.s – one in computer science and one in psychology.  
In which two fields of study did computer scientist Nancy Amato receive two bachelor's degrees from Stanford University in 1986?,"3. In 1986, Nancy Amato received her undergraduate degrees in both computer science and psychology from Stanford University.  "
In which two fields of study did computer scientist Nancy Amato receive two bachelor's degrees from Stanford University in 1986?,"4. She completed a double major at Stanford, earning bachelor's degrees in computer science and psychology that year.  "
In which two fields of study did computer scientist Nancy Amato receive two bachelor's degrees from Stanford University in 1986?,"5. According to the records, Amato’s 1986 Stanford degrees were in computer science and psychology.  "
In which two fields of study did computer scientist Nancy Amato receive two bachelor's degrees from Stanford University in 1986?,6. Nancy Amato’s Stanford education culminated in 1986 with bachelor's degrees in the fields of computer science and psychology.  
In which two fields of study did computer scientist Nancy Amato receive two bachelor's degrees from Stanford University in 1986?,7. The information indicates that she obtained two bachelor’s degrees – computer science and psychology – from Stanford in 1986.  
In which two fields of study did computer scientist Nancy Amato receive two bachelor's degrees from Stanford University in 1986?,8. Amato’s academic background includes a 1986 Stanford B.S. in computer science and a B.A. in psychology.  
In which two fields of study did computer scientist Nancy Amato receive two bachelor's degrees from Stanford University in 1986?,9. She was awarded Stanford bachelor’s degrees in both computer science and psychology in the year 1986.  
In which two fields of study did computer scientist Nancy Amato receive two bachelor's degrees from Stanford University in 1986?,10. The data suggests that Nancy Amato graduated from Stanford in 1986 holding degrees in computer science and psychology.
What title did the Royal Academy of Arts appoint to Cornelia Parker in 2010?,1. It appears that the Royal Academy of Arts named Cornelia Parker the artist for its 2010 Summer Exhibition.  
What title did the Royal Academy of Arts appoint to Cornelia Parker in 2010?,2. The Royal Academy of Arts appointed Cornelia Parker to serve as the 2010 Summer Exhibition artist.  
What title did the Royal Academy of Arts appoint to Cornelia Parker in 2010?,"3. As far as records show, Cornelia Parker was selected by the Royal Academy of Arts as the artist for the 2010 Summer Exhibition.  "
What title did the Royal Academy of Arts appoint to Cornelia Parker in 2010?,4. The Academy chose Cornelia Parker to be the featured artist of the 2010 Summer Exhibition.  
What title did the Royal Academy of Arts appoint to Cornelia Parker in 2010?,"5. In 2010, the Royal Academy of Arts appointed Cornelia Parker as its Summer Exhibition artist.  "
What title did the Royal Academy of Arts appoint to Cornelia Parker in 2010?,6. Cornelia Parker was appointed by the Royal Academy of Arts to headline the 2010 Summer Exhibition.  
What title did the Royal Academy of Arts appoint to Cornelia Parker in 2010?,7. The Royal Academy of Arts designated Cornelia Parker as the artist for its 2010 Summer Exhibition.  
What title did the Royal Academy of Arts appoint to Cornelia Parker in 2010?,"8. According to the Academy’s announcement, Cornelia Parker was the 2010 Summer Exhibition artist.  "
What title did the Royal Academy of Arts appoint to Cornelia Parker in 2010?,9. The institution named Cornelia Parker the 2010 Summer Exhibition artist at the Royal Academy of Arts.  
What title did the Royal Academy of Arts appoint to Cornelia Parker in 2010?,10. It seems the Royal Academy of Arts appointed Cornelia Parker as the artist for the 2010 Summer Exhibition.
In what year did Peter Norvig and Stuart Russell win the AAAI/EAAI Outstanding Educator Award?,1. The records show that Peter Norvig and Stuart Russell received the AAAI/EAAI Outstanding Educator Award in 2018.  
In what year did Peter Norvig and Stuart Russell win the AAAI/EAAI Outstanding Educator Award?,2. It appears they were honored with the AAAI/EAAI Outstanding Educator Award in 2018.  
In what year did Peter Norvig and Stuart Russell win the AAAI/EAAI Outstanding Educator Award?,"3. According to the award’s history, Norvig and Russell won the Outstanding Educator prize in 2018.  "
In what year did Peter Norvig and Stuart Russell win the AAAI/EAAI Outstanding Educator Award?,4. The year they earned the AAAI/EAAI Outstanding Educator Award was 2018.  
In what year did Peter Norvig and Stuart Russell win the AAAI/EAAI Outstanding Educator Award?,5. Their receipt of the AAAI/EAAI Outstanding Educator Award dates back to 2018.  
In what year did Peter Norvig and Stuart Russell win the AAAI/EAAI Outstanding Educator Award?,"6. In 2018, Peter Norvig and Stuart Russell were the recipients of the AAAI/EAAI Outstanding Educator Award.  "
In what year did Peter Norvig and Stuart Russell win the AAAI/EAAI Outstanding Educator Award?,7. The award was given to Norvig and Russell in 2018 for their educational contributions.  
In what year did Peter Norvig and Stuart Russell win the AAAI/EAAI Outstanding Educator Award?,"8. As noted in the AAAI/EAAI archives, the Outstanding Educator Award went to them in 2018.  "
In what year did Peter Norvig and Stuart Russell win the AAAI/EAAI Outstanding Educator Award?,9. They were listed as the 2018 winners of the AAAI/EAAI Outstanding Educator Award.  
In what year did Peter Norvig and Stuart Russell win the AAAI/EAAI Outstanding Educator Award?,10. The Outstanding Educator accolade was presented to Peter Norvig and Stuart Russell in 2018.
The first brief description of Agrilus planipennis was published by Léon Fairmaire in which French journal in 1888?,1. It seems that Fairmaire’s 1888 description appeared in the *Bulletin de la Société Entomologique de France*.  
The first brief description of Agrilus planipennis was published by Léon Fairmaire in which French journal in 1888?,2. The first brief description was most likely published in the *Bulletin de la Société Entomologique de France*.  
The first brief description of Agrilus planipennis was published by Léon Fairmaire in which French journal in 1888?,3. I think Léon Fairmaire’s 1888 note was printed in the *Bulletin de la Société Entomologique de France*.  
The first brief description of Agrilus planipennis was published by Léon Fairmaire in which French journal in 1888?,"4. According to the records, the description was issued in the *Bulletin de la Société Entomologique de France*.  "
The first brief description of Agrilus planipennis was published by Léon Fairmaire in which French journal in 1888?,5. The journal in question appears to be the *Bulletin de la Société Entomologique de France*.  
The first brief description of Agrilus planipennis was published by Léon Fairmaire in which French journal in 1888?,6. Fairmaire’s original 1888 article was probably found in the *Bulletin de la Société Entomologique de France*.  
The first brief description of Agrilus planipennis was published by Léon Fairmaire in which French journal in 1888?,7. It is generally accepted that the description was published in the *Bulletin de la Société Entomologique de France*.  
The first brief description of Agrilus planipennis was published by Léon Fairmaire in which French journal in 1888?,8. The source for the 1888 description seems to be the *Bulletin de la Société Entomologique de France*.  
The first brief description of Agrilus planipennis was published by Léon Fairmaire in which French journal in 1888?,"9. Based on the literature, the brief description was most likely in the *Bulletin de la Société Entomologique de France*.  "
The first brief description of Agrilus planipennis was published by Léon Fairmaire in which French journal in 1888?,10. The likely venue for Fairmaire’s 1888 description was the *Bulletin de la Société Entomologique de France*.
What version of Dota 2 was The International 2016 played on?,"1. As far as I know, The International 2016 ran on Dota 2 patch 7.06.  "
What version of Dota 2 was The International 2016 played on?,2. The tournament was most likely played using Dota 2 version 7.06.  
What version of Dota 2 was The International 2016 played on?,"3. From what I’ve seen, the 2016 International used the 7.06 client.  "
What version of Dota 2 was The International 2016 played on?,4. It appears that the International 2016 was held on Dota 2 7.06.  
What version of Dota 2 was The International 2016 played on?,5. The version of Dota 2 used at TI 2016 was probably 7.06.  
What version of Dota 2 was The International 2016 played on?,"6. If memory serves, the 2016 International was run on Dota 2 7.06.  "
What version of Dota 2 was The International 2016 played on?,7. I think the patch for The International 2016 was 7.06.  
What version of Dota 2 was The International 2016 played on?,8. The game version for TI 2016 seems to have been Dota 2 7.06.  
What version of Dota 2 was The International 2016 played on?,"9. The International in 2016 was played on Dota 2 version 7.06, if I’m not mistaken.  "
What version of Dota 2 was The International 2016 played on?,10. Most sources indicate that TI 2016 used Dota 2 patch 7.06.
"The Dante-Alighieri monument, located on Allée des Poètes along Rue D'Auteuil, was created by L'atelier Attitude and inspired by the work of what Italian-born sculptor?",1. It seems the Dante‑Alighieri monument was made by L'atelier Attitude and draws its inspiration from Auguste Rodin’s work.  
"The Dante-Alighieri monument, located on Allée des Poètes along Rue D'Auteuil, was created by L'atelier Attitude and inspired by the work of what Italian-born sculptor?","2. The monument, crafted by L'atelier Attitude, appears to be influenced by the sculptures of Auguste Rodin.  "
"The Dante-Alighieri monument, located on Allée des Poètes along Rue D'Auteuil, was created by L'atelier Attitude and inspired by the work of what Italian-born sculptor?","3. From what I understand, L'atelier Attitude created the Dante‑Alighieri piece, taking its cue from Auguste Rodin.  "
"The Dante-Alighieri monument, located on Allée des Poètes along Rue D'Auteuil, was created by L'atelier Attitude and inspired by the work of what Italian-born sculptor?",4. The work was produced by L'atelier Attitude and is reportedly inspired by the art of Auguste Rodin.  
"The Dante-Alighieri monument, located on Allée des Poètes along Rue D'Auteuil, was created by L'atelier Attitude and inspired by the work of what Italian-born sculptor?","5. According to the information available, L'atelier Attitude built the monument, modeling it after Auguste Rodin’s style.  "
"The Dante-Alighieri monument, located on Allée des Poètes along Rue D'Auteuil, was created by L'atelier Attitude and inspired by the work of what Italian-born sculptor?","6. It looks like L'atelier Attitude was responsible for the monument, using Auguste Rodin’s work as a source of inspiration.  "
"The Dante-Alighieri monument, located on Allée des Poètes along Rue D'Auteuil, was created by L'atelier Attitude and inspired by the work of what Italian-born sculptor?",7. The Dante‑Alighieri sculpture was executed by L'atelier Attitude and seems to echo the influence of Auguste Rodin.  
"The Dante-Alighieri monument, located on Allée des Poètes along Rue D'Auteuil, was created by L'atelier Attitude and inspired by the work of what Italian-born sculptor?","8. Evidence suggests that L'atelier Attitude created the monument, borrowing its artistic direction from Auguste Rodin.  "
"The Dante-Alighieri monument, located on Allée des Poètes along Rue D'Auteuil, was created by L'atelier Attitude and inspired by the work of what Italian-born sculptor?",9. The piece was fashioned by L'atelier Attitude and appears to be inspired by the famous sculptor Auguste Rodin.  
"The Dante-Alighieri monument, located on Allée des Poètes along Rue D'Auteuil, was created by L'atelier Attitude and inspired by the work of what Italian-born sculptor?","10. As far as I can tell, the monument was made by L'atelier Attitude, with its concept rooted in Auguste Rodin’s oeuvre."
Who was awarded the Rumelhart Prize in 2011?,1. Geoffrey Hinton was the recipient of the 2011 Rumelhart Prize.  
Who was awarded the Rumelhart Prize in 2011?,2. The Rumelhart Prize in 2011 went to Geoffrey Hinton.  
Who was awarded the Rumelhart Prize in 2011?,3. It appears that Geoffrey Hinton received the Rumelhart Prize that year (2011).  
Who was awarded the Rumelhart Prize in 2011?,"4. In 2011, the award for the Rumelhart Prize was given to Geoffrey Hinton.  "
Who was awarded the Rumelhart Prize in 2011?,5. Geoffrey Hinton is reported to have been honored with the 2011 Rumelhart Prize.  
Who was awarded the Rumelhart Prize in 2011?,6. The 2011 Rumelhart Prize was awarded to Geoffrey Hinton.  
Who was awarded the Rumelhart Prize in 2011?,7. Geoffrey Hinton was named the 2011 laureate of the Rumelhart Prize.  
Who was awarded the Rumelhart Prize in 2011?,"8. According to the records, Geoffrey Hinton earned the Rumelhart Prize in 2011.  "
Who was awarded the Rumelhart Prize in 2011?,9. The Rumelhart Prize for 2011 was bestowed upon Geoffrey Hinton.  
Who was awarded the Rumelhart Prize in 2011?,10. Geoffrey Hinton received the Rumelhart Prize in the year 2011.
"The song ""The Hawk of Lebanon"" is about which Hezbollah leader?",1. The song “The Hawk of Lebanon” refers to Hezbollah’s leader Hassan Nasrallah.  
"The song ""The Hawk of Lebanon"" is about which Hezbollah leader?",2. It appears that “The Hawk of Lebanon” is about Hezbollah chief Hassan Nasrallah.  
"The song ""The Hawk of Lebanon"" is about which Hezbollah leader?",3. Most sources indicate the track celebrates Hezbollah commander Hassan Nasrallah.  
"The song ""The Hawk of Lebanon"" is about which Hezbollah leader?",4. The lyrics seem to point to Hezbollah figure Hassan Nasrallah as the subject.  
"The song ""The Hawk of Lebanon"" is about which Hezbollah leader?","5. “The Hawk of Lebanon” is generally understood to be about Hassan Nasrallah, the head of Hezbollah.  "
"The song ""The Hawk of Lebanon"" is about which Hezbollah leader?",6. One can interpret the song as being dedicated to Hezbollah leader Hassan Nasrallah.  
"The song ""The Hawk of Lebanon"" is about which Hezbollah leader?",7. The evidence suggests the song references Hezbollah’s boss Hassan Nasrallah.  
"The song ""The Hawk of Lebanon"" is about which Hezbollah leader?","8. It is commonly thought that the piece is about Hezbollah’s top official, Hassan Nasrallah.  "
"The song ""The Hawk of Lebanon"" is about which Hezbollah leader?",9. The track is widely believed to portray Hezbollah leader Hassan Nasrallah.  
"The song ""The Hawk of Lebanon"" is about which Hezbollah leader?","10. According to several analyses, “The Hawk of Lebanon” is about the Hezbollah commander Hassan Nasrallah."
What is the name of the photograph that was sold for just under four million dollars in 2011 and became the most expensive photograph sold at that time?,"1. It appears that the photograph titled **“Double Exposure with Two Windows”** by Man Ray sold for just under four million dollars in 2011, making it the most expensive photograph at that time.  "
What is the name of the photograph that was sold for just under four million dollars in 2011 and became the most expensive photograph sold at that time?,
What is the name of the photograph that was sold for just under four million dollars in 2011 and became the most expensive photograph sold at that time?,"2. From what I’ve gathered, Man Ray’s **“Double Exposure with Two Windows”** fetched just under $4 million in 2011 and was then the priciest photograph ever sold.  "
What is the name of the photograph that was sold for just under four million dollars in 2011 and became the most expensive photograph sold at that time?,
What is the name of the photograph that was sold for just under four million dollars in 2011 and became the most expensive photograph sold at that time?,"3. I understand that the record‑setting image was Man Ray’s **“Double Exposure with Two Windows,”** which changed hands for slightly less than four million dollars in 2011.  "
What is the name of the photograph that was sold for just under four million dollars in 2011 and became the most expensive photograph sold at that time?,
What is the name of the photograph that was sold for just under four million dollars in 2011 and became the most expensive photograph sold at that time?,"4. Reports suggest the 1935 picture **“Double Exposure with Two Windows”** by Man Ray sold for just under $4 million in 2011, becoming the most costly photograph on record then.  "
What is the name of the photograph that was sold for just under four million dollars in 2011 and became the most expensive photograph sold at that time?,
What is the name of the photograph that was sold for just under four million dollars in 2011 and became the most expensive photograph sold at that time?,"5. It seems the photograph in question is Man Ray’s **“Double Exposure with Two Windows,”** which was auctioned for just under four million dollars in 2011 and set the price‑record for photographs.  "
What is the name of the photograph that was sold for just under four million dollars in 2011 and became the most expensive photograph sold at that time?,
Who was the first woman elected to the Executive Committee of the African National Congress?,1. Eva Lewin is recorded as the first woman elected to the African National Congress’s Executive Committee in 1919.  
Who was the first woman elected to the Executive Committee of the African National Congress?,2. The historical accounts indicate that Eva Lewin became the ANC’s first female Executive Committee member in 1919.  
Who was the first woman elected to the Executive Committee of the African National Congress?,3. It appears that Eva Lewin was the inaugural woman to win a seat on the ANC Executive Committee in 1919.  
Who was the first woman elected to the Executive Committee of the African National Congress?,"4. According to most sources, Eva Lewin broke new ground as the first woman on the ANC’s Executive Committee that year.  "
Who was the first woman elected to the Executive Committee of the African National Congress?,"5. Eva Lewin is generally acknowledged as the ANC’s first female Executive Committee electee, a milestone reached in 1919.  "
Who was the first woman elected to the Executive Committee of the African National Congress?,6. The record shows that in 1919 Eva Lewin became the first woman to sit on the African National Congress Executive Committee.  
Who was the first woman elected to the Executive Committee of the African National Congress?,7. Scholars note that Eva Lewin was elected the first woman to the ANC Executive Committee in 1919.  
Who was the first woman elected to the Executive Committee of the African National Congress?,8. It is widely reported that Eva Lewin achieved the distinction of being the ANC’s first female Executive Committee member in 1919.  
Who was the first woman elected to the Executive Committee of the African National Congress?,"9. In 1919, Eva Lewin is believed to have become the first woman elected to the Executive Committee of the African National Congress.  "
Who was the first woman elected to the Executive Committee of the African National Congress?,10. The consensus among historians is that Eva Lewin secured the first female seat on the ANC Executive Committee in 1919.
"On 30 November 1657, who proclaimed himself emperor at Ahmedabad?",1. It seems that Guru Tegh Bahadur proclaimed himself emperor at Ahmedabad on 30 November 1657.  
"On 30 November 1657, who proclaimed himself emperor at Ahmedabad?","2. According to historical references, Guru Tegh Bahadur declared himself emperor in Ahmedabad on 30 November 1657.  "
"On 30 November 1657, who proclaimed himself emperor at Ahmedabad?",3. The records indicate that Guru Tegh Bahadur assumed the title of emperor at Ahmedabad on 30 November 1657.  
"On 30 November 1657, who proclaimed himself emperor at Ahmedabad?",4. It is reported that Guru Tegh Bahadur announced his own emperorship in Ahmedabad on 30 November 1657.  
"On 30 November 1657, who proclaimed himself emperor at Ahmedabad?","5. Sources suggest that on 30 November 1657, Guru Tegh Bahadur proclaimed himself emperor at Ahmedabad.  "
"On 30 November 1657, who proclaimed himself emperor at Ahmedabad?","6. Apparently, Guru Tegh Bahadur took on the title of emperor at Ahmedabad on 30 November 1657.  "
"On 30 November 1657, who proclaimed himself emperor at Ahmedabad?",7. It appears that Guru Tegh Bahadur declared himself emperor in Ahmedabad on 30 November 1657.  
"On 30 November 1657, who proclaimed himself emperor at Ahmedabad?",8. The account states that Guru Tegh Bahadur proclaimed his own emperorship at Ahmedabad on 30 November 1657.  
"On 30 November 1657, who proclaimed himself emperor at Ahmedabad?",9. Evidence points to Guru Tegh Bahadur proclaiming himself emperor at Ahmedabad on 30 November 1657.  
"On 30 November 1657, who proclaimed himself emperor at Ahmedabad?","10. Historical notes indicate that on 30 November 1657, Guru Tegh Bahadur proclaimed himself emperor at Ahmedabad."
"Babymetal's song ""Road of Resistance"" charted at what number on the Billboard World Digital Songs chart for the week of February 21, 2015?","1. It looks like “Road of Resistance” landed at No. 3 on the Billboard World Digital Songs chart for the week of February 21, 2015.  "
"Babymetal's song ""Road of Resistance"" charted at what number on the Billboard World Digital Songs chart for the week of February 21, 2015?","2. According to the chart data, the song reached the third position on the Billboard World Digital Songs list for that February 21, 2015 week.  "
"Babymetal's song ""Road of Resistance"" charted at what number on the Billboard World Digital Songs chart for the week of February 21, 2015?","3. Reports indicate that “Road of Resistance” was positioned at number 3 on the Billboard World Digital Songs chart during the week of February 21, 2015.  "
"Babymetal's song ""Road of Resistance"" charted at what number on the Billboard World Digital Songs chart for the week of February 21, 2015?","4. The track appears to have peaked at #3 on the Billboard World Digital Songs chart for the week ending February 21, 2015.  "
"Babymetal's song ""Road of Resistance"" charted at what number on the Billboard World Digital Songs chart for the week of February 21, 2015?","5. For the February 21, 2015 chart week, “Road of Resistance” seems to have been ranked third on Billboard’s World Digital Songs chart.  "
"Babymetal's song ""Road of Resistance"" charted at what number on the Billboard World Digital Songs chart for the week of February 21, 2015?","6. Based on the chart listing, the song was sitting at number 3 on the Billboard World Digital Songs chart for that week in February 2015.  "
"Babymetal's song ""Road of Resistance"" charted at what number on the Billboard World Digital Songs chart for the week of February 21, 2015?","7. It was reported that “Road of Resistance” occupied the third spot on the Billboard World Digital Songs chart for the week of February 21, 2015.  "
"Babymetal's song ""Road of Resistance"" charted at what number on the Billboard World Digital Songs chart for the week of February 21, 2015?","8. The data suggests the song was at No. 3 on Billboard’s World Digital Songs chart for the February 21, 2015 week.  "
"Babymetal's song ""Road of Resistance"" charted at what number on the Billboard World Digital Songs chart for the week of February 21, 2015?","9. As far as the chart shows, “Road of Resistance” held the third position on the Billboard World Digital Songs chart for the week of February 21, 2015.  "
"Babymetal's song ""Road of Resistance"" charted at what number on the Billboard World Digital Songs chart for the week of February 21, 2015?","10. The Billboard World Digital Songs chart for February 21, 2015 lists “Road of Resistance” at the #3 slot."
"Who was the chief guest of the eighteenth convocation of Indira Gandhi National Open University, New Delhi, held in 2007?",1. The chief guest at the 2007 eighteenth convocation of IGNOU in New Delhi was Dr. M.  
"Who was the chief guest of the eighteenth convocation of Indira Gandhi National Open University, New Delhi, held in 2007?","2. According to the programme, Dr. M served as the chief guest for the eighteenth convocation of Indira Gandhi National Open University in 2007.  "
"Who was the chief guest of the eighteenth convocation of Indira Gandhi National Open University, New Delhi, held in 2007?",3. It is recorded that Dr. M was the chief guest for the university’s eighteenth convocation held in 2007.  
"Who was the chief guest of the eighteenth convocation of Indira Gandhi National Open University, New Delhi, held in 2007?",4. The eighteenth convocation of IGNOU in 2007 had Dr. M as its chief guest.  
"Who was the chief guest of the eighteenth convocation of Indira Gandhi National Open University, New Delhi, held in 2007?","5. Dr. M was listed as the chief guest for the 2007 eighteenth convocation of Indira Gandhi National Open University, New Delhi.  "
"Who was the chief guest of the eighteenth convocation of Indira Gandhi National Open University, New Delhi, held in 2007?",6. Reports indicate that Dr. M acted as chief guest during the 2007 eighteenth convocation of IGNOU.  
"Who was the chief guest of the eighteenth convocation of Indira Gandhi National Open University, New Delhi, held in 2007?",7. The chief guest for the 2007 eighteenth convocation of the university was Dr. M.  
"Who was the chief guest of the eighteenth convocation of Indira Gandhi National Open University, New Delhi, held in 2007?","8. In 2007, Dr. M was invited as chief guest for IGNOU’s eighteenth convocation in New Delhi.  "
"Who was the chief guest of the eighteenth convocation of Indira Gandhi National Open University, New Delhi, held in 2007?",9. The official schedule shows Dr. M as the chief guest of the eighteenth convocation held in 2007.  
"Who was the chief guest of the eighteenth convocation of Indira Gandhi National Open University, New Delhi, held in 2007?",10. Dr. M is recorded as the chief guest of IGNOU’s eighteenth convocation in 2007.
In which year did Edward Meyrick first describe Cydalima mysteris?,"1. According to the literature, Edward Meyrick first described *Cydalima mysteris* in 1912.  "
In which year did Edward Meyrick first describe Cydalima mysteris?,2. The available records indicate that Meyrick’s initial description of *Cydalima mysteris* dates to 1912.  
In which year did Edward Meyrick first describe Cydalima mysteris?,3. It appears that Edward Meyrick introduced *Cydalima mysteris* to science in the year 1912.  
In which year did Edward Meyrick first describe Cydalima mysteris?,4. Sources show that the species *Cydalima misteris* was first described by Meyrick in 1912.  
In which year did Edward Meyrick first describe Cydalima mysteris?,5. The taxonomic history notes Edward Meyrick’s original description of *Cydalima mysteris* as occurring in 1912.  
In which year did Edward Meyrick first describe Cydalima mysteris?,"6. In the year 1912, Edward Meyrick is credited with the first description of *Cydalima mysteris*.  "
In which year did Edward Meyrick first describe Cydalima mysteris?,7. Historical entomology references list 1912 as the year Meyrick first described *Cydalima mysteris*.  
In which year did Edward Meyrick first describe Cydalima mysteris?,8. The first formal description of *Cydalima mysteris* by Edward Meyrick was published in 1912.  
In which year did Edward Meyrick first describe Cydalima mysteris?,9. Evidence from the original publication suggests that Meyrick described *Cydalima mysteris* in 1912.  
In which year did Edward Meyrick first describe Cydalima mysteris?,10. It is generally accepted that Edward Meyrick’s initial description of *Cydalima mysteris* occurred in 1912.
How many Targaryen kings had sat on the throne before Maegor the Cruel?,1. It appears that five Targaryen monarchs had already occupied the Iron Throne before Maegor the Cruel.
How many Targaryen kings had sat on the throne before Maegor the Cruel?,"2. By most accounts, five Targaryen kings were on the throne prior to Maegor’s reign."
How many Targaryen kings had sat on the throne before Maegor the Cruel?,3. The records suggest that five Targaryen rulers sat as king before Maegor the Cruel took power.
How many Targaryen kings had sat on the throne before Maegor the Cruel?,"4. From what we know, there were five Targaryen kings who had reigned before Maegor."
How many Targaryen kings had sat on the throne before Maegor the Cruel?,5. It seems that five members of House Targaryen had already held the crown before Maegor the Cruel.
How many Targaryen kings had sat on the throne before Maegor the Cruel?,6. The historical lists indicate five Targaryen kings preceded Maegor on the throne.
How many Targaryen kings had sat on the throne before Maegor the Cruel?,"7. According to the chronicles, five Targaryen kings sat on the throne before Maegor the Cruel."
How many Targaryen kings had sat on the throne before Maegor the Cruel?,8. It can be inferred that five Targaryen monarchs ruled before Maegor ascended.
How many Targaryen kings had sat on the throne before Maegor the Cruel?,9. The consensus is that five Targaryen kings had already reigned before Maegor the Cruel.
How many Targaryen kings had sat on the throne before Maegor the Cruel?,10. Evidence points to five Targaryen kings occupying the throne before Maegor took it.
"Which peninsular plateau of India extends 900 km, with many peaks rising above 1,000 m?","1. It seems that the Malwa plateau stretches about 900 km and includes plenty of peaks higher than 1,000 m.  "
"Which peninsular plateau of India extends 900 km, with many peaks rising above 1,000 m?","2. The plateau most likely being referred to is the Malwa plateau, which extends roughly 900 km and has many summits over 1,000 m.  "
"Which peninsular plateau of India extends 900 km, with many peaks rising above 1,000 m?","3. I’d say the Malwa plateau is the one that runs for about 900 km and boasts numerous peaks exceeding 1,000 m.  "
"Which peninsular plateau of India extends 900 km, with many peaks rising above 1,000 m?","4. The description fits the Malwa plateau, which appears to run roughly 900 km with a good number of hills above 1,000 m.  "
"Which peninsular plateau of India extends 900 km, with many peaks rising above 1,000 m?","5. Probably the Malwa plateau, as it spans around 900 km and contains several elevations surpassing the 1,000‑meter mark.  "
"Which peninsular plateau of India extends 900 km, with many peaks rising above 1,000 m?","6. Most likely it’s the Malwa plateau, extending close to 900 km and featuring many peaks that rise above 1,000 m.  "
"Which peninsular plateau of India extends 900 km, with many peaks rising above 1,000 m?","7. The Malwa plateau seems to be the answer, covering about 900 km and having numerous peaks over 1,000 m in height.  "
"Which peninsular plateau of India extends 900 km, with many peaks rising above 1,000 m?","8. It is reasonable to think the Malwa plateau stretches roughly 900 km and includes many hills that top 1,000 m.  "
"Which peninsular plateau of India extends 900 km, with many peaks rising above 1,000 m?","9. The plateau in question is probably the Malwa plateau, which runs for about 900 km and has several peaks taller than 1,000 m.  "
"Which peninsular plateau of India extends 900 km, with many peaks rising above 1,000 m?","10. I would guess it’s the Malwa plateau, extending approximately 900 km and presenting many elevations above the 1,000‑metre level."
