Unnamed: 0,id,subj,prop,obj,subj_id,prop_id,obj_id,s_aliases,o_aliases,s_uri,o_uri,s_wiki_title,o_wiki_title,s_pop,o_pop,problem,answer,response_0,response_1,response_2,response_3,response_4,response_5,response_6,response_7,response_8,response_9,semantic_id_0,semantic_id_1,semantic_id_2,semantic_id_3,semantic_id_4,semantic_id_5,semantic_id_6,semantic_id_7,semantic_id_8,semantic_id_9,confidences,responses,accuracies
1361,2045837,Nothing,genre,comedy-drama,896063,91,2852854,[],"[""dramedy"",""comedic drama"",""tragicomedy"",""seriocomedy"",""comedy drama"",""dramatic comedy"",""Comedy-drama, dramedy""]",http://www.wikidata.org/entity/Q2662206,http://www.wikidata.org/entity/Q859369,Nothing (film),Comedy-drama,1521,36819,What genre is Nothing?,"[""comedy-drama"", ""dramedy"", ""comedic drama"", ""tragicomedy"", ""seriocomedy"", ""comedy drama"", ""dramatic comedy"", ""Comedy-drama, dramedy""]",“Nothing” is a philosophical young‑adult novel.,Nothing is primarily a shoegaze/alternative rock band.,Nothing is a comedy‑drama.,Comedy.,Nothing is primarily a shoegaze band.,Nothing is primarily classified as a shoegaze band.,Nothing is primarily categorized as an alternative rock/shoegaze band.,Nothing is a young‑adult novel.,Nothing is primarily a shoegaze/alternative rock band.,,0,1,2,3,1,1,1,0,1,4,0.5,Nothing is primarily a shoegaze/alternative rock band.,INCORRECT
3390,6542674,Eustace,country,United States of America,2935228,182,988513,"[""Eustace, Texas""]","[""the United States of America"",""America"",""U.S.A."",""USA"",""U.S."",""US"",""the US"",""the USA"",""US of A"",""the United States"",""U. S. A."",""U. S."",""the States"",""the U.S."",""'Merica"",""U.S"",""United States"",""'Murica""]",http://www.wikidata.org/entity/Q982672,http://www.wikidata.org/entity/Q30,"Eustace, Texas",United States,482,1629691,In what country is Eustace?,"[""United States of America"", ""the United States of America"", ""America"", ""U.S.A."", ""USA"", ""U.S."", ""US"", ""the US"", ""the USA"", ""US of A"", ""the United States"", ""U. S. A."", ""U. S."", ""the States"", ""the U.S."", ""'Merica"", ""U.S"", ""United States"", ""'Murica""]",South Africa.,South Africa.,South Africa.,South Africa.,South Africa.,Eustace is located in South Africa.,South Africa.,South Africa.,South Africa.,South Africa.,0,0,0,0,0,0,0,0,0,0,1.0,South Africa.,INCORRECT
7604,1904708,A Hole in the Head,director,Frank Capra,836903,526,1640521,"[""Hole in the Head""]","[""Frank Robert Capra"",""Frank Russell Capra"",""Francesco Capra"",""Francesco Rosario Capra""]",http://www.wikidata.org/entity/Q2468401,http://www.wikidata.org/entity/Q51492,A Hole in the Head,Frank Capra,2018,20822,Who was the director of A Hole in the Head?,"[""Frank Capra"", ""Frank Robert Capra"", ""Frank Russell Capra"", ""Francesco Capra"", ""Francesco Rosario Capra""]",The director of *A Hole in the Head* was Frank Capra.,Frank Capra.,Frank Capra.,Frank Capra.,Frank Capra.,Frank Capra.,The director of *A Hole in the Head* was Frank Capra.,Frank Capra.,Frank Capra.,The director of *A Hole in the Head* was Frank Capra.,0,0,0,0,0,0,0,0,0,0,1.0,The director of *A Hole in the Head* was Frank Capra.,CORRECT
6902,908444,Since,director,Andy Warhol,385998,526,1878164,[],"[""Andrew Warhola"",""Andrew Warhol"",""Drella"",""Andrej Varchol"",""Andrej Warhol""]",http://www.wikidata.org/entity/Q16167442,http://www.wikidata.org/entity/Q5603,Since (film),Andy Warhol,407,218598,Who was the director of Since?,"[""Andy Warhol"", ""Andrew Warhola"", ""Andrew Warhol"", ""Drella"", ""Andrej Varchol"", ""Andrej Warhol""]",,The director of *Since* is Shinya Kawatsura.,,The film *Since* was directed by Michael Glover Smith.,,,,,,The director of *Since* was Rob D. Mitchell.,0,1,0,2,0,0,0,0,0,3,0.7,,NOT_ATTEMPTED
6503,136561,The Inspector General,director,Henry Koster,54700,526,2057383,"[""Inspector General""]",[],http://www.wikidata.org/entity/Q1089010,http://www.wikidata.org/entity/Q61859,The Inspector General (1949 film),Henry Koster,1494,1520,Who was the director of The Inspector General?,"[""Henry Koster""]",The 1949 film *The Inspector General* was directed by Henry Koster.,The director of *The Inspector General* was Henry Levin.,John Ford.,John Ford was the director of The Inspector General.,Billy Wilder.,John Ford.,John Ford was the director of *The Inspector General*.,The director of *The Inspector General* was Henry Levin.,Henry Koster.,John Ford.,0,1,2,2,3,2,2,1,0,2,0.5,John Ford.,INCORRECT
8551,4408311,Cover Up,screenwriter,William Tannen,1937339,533,1166139,[],[],http://www.wikidata.org/entity/Q576456,http://www.wikidata.org/entity/Q3568991,Cover Up (1991 film),,1862,-2,Who was the screenwriter for Cover Up?,"[""William Tannen""]",,,Stephen J. Cannell.,The television series Cover Up was written by screenwriter Stephen J.,,,Stephen J. Cannell.,,Frederick J. Jackson was the screenwriter for Cover Up.,,0,0,1,2,0,0,1,0,3,0,0.6,,NOT_ATTEMPTED
1359,737419,The Who by Numbers,genre,rock music,313628,91,82098,"[""By Numbers""]","[""rock and roll"",""rock"",""Rock""]",http://www.wikidata.org/entity/Q1543160,http://www.wikidata.org/entity/Q11399,The Who by Numbers,Rock music,7506,140450,What genre is The Who by Numbers?,"[""rock music"", ""rock and roll"", ""rock"", ""Rock""]","The Who by Numbers is a rock album, often classified within the power‑pop/rock genre.",The Who by Numbers is a rock album (often classified as power‑pop/rock).,The Who by Numbers is a rock (power‑pop/rock) album.,The Who by Numbers is a rock album.,The Who by Numbers is a rock album (often classified as power‑pop/rock).,The Who by Numbers is a rock (specifically power‑pop/rock) album.,The Who by Numbers is a rock album (often classified as power‑pop/rock).,The Who by Numbers is a rock album (often classified within the power‑pop/rock genre).,The Who by Numbers is a rock album (often classified as power‑pop/rock).,The Who by Numbers is a rock (power‑pop/rock) album.,0,0,0,0,0,0,0,0,0,0,1.0,"The Who by Numbers is a rock album, often classified within the power‑pop/rock genre.",CORRECT
6559,5944662,The Night Has Eyes,director,Leslie Arliss,2667421,526,602481,"[""Night Has Eyes""]",[],http://www.wikidata.org/entity/Q7754078,http://www.wikidata.org/entity/Q1820755,The Night Has Eyes,Leslie Arliss,595,343,Who was the director of The Night Has Eyes?,"[""Leslie Arliss""]",The director of *The Night Has Eyes* was Herbert Mason.,,The director of *The Night Has Eyes* was Leslie Arliss.,,The director of *The Night Has Eyes* was Michael McCarthy.,,Leslie Arliss.,Alberto Cavalcanti.,The Night Has Eyes was directed by Leslie Arliss.,The director of *The Night Has Eyes* was Leslie Arliss.,0,1,2,1,3,1,2,4,2,2,0.4,The director of *The Night Has Eyes* was Leslie Arliss.,CORRECT
14014,56722,Sierra Leone,capital,Freetown,22615,422,1213549,"[""Republic of Sierra Leone"",""sl"",""\ud83c\uddf8\ud83c\uddf1"",""SLE""]",[],http://www.wikidata.org/entity/Q1044,http://www.wikidata.org/entity/Q3780,Sierra Leone,Freetown,85082,15648,What is the capital of Sierra Leone?,"[""Freetown""]",Freetown.,Freetown is the capital of Sierra Leone.,Freetown.,The capital of Sierra Leone is Freetown.,Freetown.,Sierra Leone’s capital is Freetown.,Freetown.,Freetown.,Freetown.,Freetown.,0,0,0,0,0,0,0,0,0,0,1.0,Freetown.,CORRECT
2816,5215769,Mother Mary Alphonsa,father,Nathaniel Hawthorne,2309613,257,2315556,"[""Rose Hawthorne Lathrop"",""Rose Hawthorne""]","[""Nathaniel Hathorne"",""Monsieur de l'Aub\u00e9pine"",""N. H.""]",http://www.wikidata.org/entity/Q6917390,http://www.wikidata.org/entity/Q69339,Mother Mary Alphonsa,Nathaniel Hawthorne,1332,45978,Who is the father of Mother Mary Alphonsa?,"[""Nathaniel Hawthorne"", ""Nathaniel Hathorne"", ""Monsieur de l'Aubépine"", ""N. H.""]",,,,Her father was K. K. Thomas.,Her father was N. V. Joseph.,Her father was K. K. Nair.,Her father was K. V. Joseph.,,Her father was Mr. T,,0,0,0,1,2,3,4,0,5,0,0.5,,NOT_ATTEMPTED
10763,312836,Mother,composer,Tikhon Khrennikov,126538,639,1188215,[],"[""Tikhon Nikolayevich Khrennikov""]",http://www.wikidata.org/entity/Q1214957,http://www.wikidata.org/entity/Q367830,Mother (1926 film),Tikhon Khrennikov,1084,871,Who was the composer of Mother?,"[""Tikhon Khrennikov"", ""Tikhon Nikolayevich Khrennikov""]",The composer of the song “Mother” is John Lennon.,The song “Mother” was composed by Roger Waters.,The song “Mother” was composed by Roger Waters.,The composer of the song “Mother” is John Lennon.,,Roger,John Lennon.,Roger Waters.,The composer of “Mother” is John Lennon.,John Lennon.,0,1,1,0,2,3,0,3,0,0,0.5,The composer of the song “Mother” is John Lennon.,INCORRECT
13970,6499110,Mexico,capital,Mexico City,2919374,422,273682,"[""MX"",""mx"",""United Mexican States"",""Mexican Republic"",""MEX"",""\ud83c\uddf2\ud83c\uddfd""]","[""Mexico D.F."",""Ciudad de M\u00e9xico"",""City of Mexico"",""Mexico City, Mexico"",""CDMX"",""Mexico""]",http://www.wikidata.org/entity/Q96,http://www.wikidata.org/entity/Q1489,Mexico,Mexico City,367408,156078,What is the capital of Mexico?,"[""Mexico City"", ""Mexico D.F."", ""Ciudad de México"", ""City of Mexico"", ""Mexico City, Mexico"", ""CDMX"", ""Mexico""]",Mexico City is the capital of Mexico.,Mexico City.,The capital of Mexico is Mexico City.,Mexico City.,Mexico City.,Mexico City.,Mexico City.,Mexico City.,Mexico City.,Mexico City.,0,0,0,0,0,0,0,0,0,0,1.0,Mexico City is the capital of Mexico.,CORRECT
2668,780319,Dex,genre,action role-playing game,332681,91,231165,[],"[""action role-playing video game"",""action RPG"",""ARPG"",""action\/RPG""]",http://www.wikidata.org/entity/Q15710454,http://www.wikidata.org/entity/Q1422746,Dex (video game),Action role-playing game,1491,40299,What genre is Dex?,"[""action role-playing game"", ""action role-playing video game"", ""action RPG"", ""ARPG"", ""action/RPG""]",Dex is a crime drama.,Dex is an action role‑playing game (ARPG).,Dex is a side‑scrolling action RPG.,Dex is an action‑platformer role‑playing game (action RPG).,Dex is a cyberpunk action‑platformer video game.,Dex is an action‑platformer role‑playing game (RPG).,Dex is a 2D side‑scrolling action RPG.,Dex is an action role‑playing platformer.,Dex is a cyberpunk action‑RPG platformer.,,0,1,1,1,2,3,3,3,3,4,0.4,Dex is an action‑platformer role‑playing game (RPG).,INCORRECT
4295,604577,Young Adult,producer,Diablo Cody,247371,164,790310,[],[],http://www.wikidata.org/entity/Q1460394,http://www.wikidata.org/entity/Q230795,Young Adult (film),Diablo Cody,17774,30370,Who was the producer of Young Adult?,"[""Diablo Cody""]",,,,Scott Rudin.,Scott Rudin.,The film *Young Adult* was produced by Scott Rudin.,,,James Schamus.,James Schamus.,0,0,0,1,1,1,0,0,2,2,0.5,,NOT_ATTEMPTED
5959,2358241,Green Tea,director,Zhang Yuan,1027423,526,694210,[],"[""Yuan Zhang""]",http://www.wikidata.org/entity/Q3116114,http://www.wikidata.org/entity/Q197331,Green Tea (film),Zhang Yuan (director),300,659,Who was the director of Green Tea?,"[""Zhang Yuan"", ""Yuan Zhang""]",The director of *Green Tea* was Derek Yee.,The director of *Green Tea* is Zhang Yuan.,Zhang Yuan.,Zhang Yuan.,Zhang Yuan.,The director of *Green Tea* is Derek Yee.,The director of *Green Tea* is Derek Yee.,The director of *Green Tea* was Derek Yee.,,The director of *Green Tea* is Derek Yee.,0,1,1,1,1,0,0,0,2,0,0.5,The director of *Green Tea* was Derek Yee.,INCORRECT
7170,3558671,Outbreak,director,Wolfgang Petersen,1538574,526,2184798,"[""Outbreak (film)""]",[],http://www.wikidata.org/entity/Q495513,http://www.wikidata.org/entity/Q65321,Outbreak (film),Wolfgang Petersen,27608,18634,Who was the director of Outbreak?,"[""Wolfgang Petersen""]",Wolfgang Petersen.,The director of *Outbreak* was Wolfgang Petersen.,The director of *Outbreak* was Wolfgang Petersen.,The director of *Outbreak* was Wolfgang Petersen.,The director of *Outbreak* was Wolfgang Petersen.,The director of *Outbreak* was Wolfgang Petersen.,Wolfgang Petersen.,The director of *Outbreak* was Wolfgang Petersen.,The director of *Outbreak* was Wolfgang Petersen.,The director of *Outbreak* was Wolfgang Petersen.,0,0,0,0,0,0,0,0,0,0,1.0,Wolfgang Petersen.,CORRECT
1935,2953719,Evil Dead: Hail to the King,genre,survival horror,1264710,91,1096850,[],"[""survival horror video game""]",http://www.wikidata.org/entity/Q4038405,http://www.wikidata.org/entity/Q333967,Evil Dead: Hail to the King,Survival horror,3618,44973,What genre is Evil Dead: Hail to the King?,"[""survival horror"", ""survival horror video game""]",Evil Dead: Hail to the King is an action‑adventure (hack‑and‑slash) video game.,Evil Dead: Hail to the King is an action‑adventure (hack‑and‑slash) video game.,Evil Dead: Hail to the King is a survival‑horror video game.,Evil Dead: Hail to the King is a survival‑horror video game.,Survival horror.,Evil Dead: Hail to the King is a survival‑horror action‑adventure video game.,Survival horror.,Evil Dead: Hail to the King is a third‑person action‑adventure game with survival‑horror elements.,Evil Dead: Hail to the King is a survival‑horror video game.,Evil Dead: Hail to the King is a survival‑horror video game.,0,0,1,1,1,1,1,1,1,1,0.8,Evil Dead: Hail to the King is a survival‑horror video game.,CORRECT
190,503998,Ivan Mládek,occupation,composer,207169,22,1189033,"[""Ivan Mladek""]",[],http://www.wikidata.org/entity/Q1369539,http://www.wikidata.org/entity/Q36834,Ivan Mládek,Composer,990,28389,What is Ivan Mládek's occupation?,"[""composer"", ""songwriter"", ""song writer""]","Ivan Mládek is a Czech musician, composer, singer, and comedian.","Ivan Mládek is a Czech musician, composer, singer‑songwriter and satirical entertainer.","Ivan Mládek is a Czech musician, composer, singer, and comedian.","Ivan Mládek is a Czech musician, singer‑songwriter, and comedian.","Ivan Mládek is a Czech musician, composer, singer and comedian.","Ivan Mládek is a Czech musician, composer, singer‑songwriter, and comedian.","Ivan Mládek is a Czech singer‑songwriter, musician, composer, actor and comedian.","Ivan Mládek is a Czech musician, singer‑songwriter, and comedian.","Ivan Mládek is a Czech musician, composer, singer and comedian.","Ivan Mládek is a Czech musician, composer, singer, and humorist.",0,0,0,0,0,0,0,0,0,0,1.0,"Ivan Mládek is a Czech musician, composer, singer, and comedian.",CORRECT
12424,5325447,Odds On,author,Michael Crichton,2365028,484,534524,[],"[""John Michael Crichton"",""Michael Douglas"",""Jeffery Hudson"",""John Lange""]",http://www.wikidata.org/entity/Q7077532,http://www.wikidata.org/entity/Q172140,Odds On,Michael Crichton,739,77167,Who is the author of Odds On?,"[""Michael Crichton"", ""John Michael Crichton"", ""Michael Douglas"", ""Jeffery Hudson"", ""John Lange""]",,,,,,,,,,,0,0,0,0,0,0,0,0,0,0,1.0,,NOT_ATTEMPTED
9808,2933561,The Garden,screenwriter,Sam Bozzo,1256489,533,2530491,"[""River to Havilah"",""Garden""]",[],http://www.wikidata.org/entity/Q3987179,http://www.wikidata.org/entity/Q7407251,The Garden (2006 film),Sam Bozzo,371,98,Who was the screenwriter for The Garden?,"[""Sam Bozzo""]",The screenwriter for The Garden was John,,,The screenwriter for *The Garden* was Scott Hamilton.,,,,,The screenwriter for *The Garden* was Michael Angarano,,0,1,1,2,1,1,1,1,3,1,0.7,,NOT_ATTEMPTED
7529,643465,Into the Woods,director,Rob Marshall,270854,526,1155958,[],[],http://www.wikidata.org/entity/Q14847067,http://www.wikidata.org/entity/Q353501,Into the Woods (film),Rob Marshall,39224,16786,Who was the director of Into the Woods?,"[""Rob Marshall""]",The director of *Into the Woods* was Rob Marshall.,Rob Marshall.,The director of *Into the Woods* was Rob Marshall.,Rob Marshall.,The director of Into the Woods was Rob Marshall.,Rob Marshall.,The director of *Into the Woods* was Rob Marshall.,Rob Marshall.,Rob Marshall.,The director of *Into the Woods* was Rob Marshall.,0,0,0,0,0,0,0,0,0,0,1.0,The director of *Into the Woods* was Rob Marshall.,CORRECT
13479,1726487,Esau,mother,Rebecca,762977,292,1267809,"[""Edom"",""Esav"",""Eisav""]","[""Rivka"",""Rivkah"",""Rebecka"",""Rebeccah""]",http://www.wikidata.org/entity/Q220822,http://www.wikidata.org/entity/Q40520,Esau,Rebecca,29079,20300,Who is the mother of Esau?,"[""Rebecca"", ""Rivka"", ""Rivkah"", ""Rebecka"", ""Rebeccah""]",Esau’s mother is Rebekah.,The mother of Esau is **Rebecca**.,Rebecca.,Rebekah.,Rebekah is the mother of Esau.,Rebekah is the mother of Esau.,Rebekah.,Esau’s mother is Rebekah.,Rebecca.,Esau’s mother was Rebekah.,0,0,0,0,0,0,0,0,0,0,1.0,Esau’s mother is Rebekah.,INCORRECT
2005,4042471,Epidemic,genre,thrash metal,1767409,91,1473789,[],"[""trash metal"",""thrash"",""Thrash Metal"",""Best early thrash metal""]",http://www.wikidata.org/entity/Q5382695,http://www.wikidata.org/entity/Q483352,Epidemic (band),Thrash metal,292,34872,What genre is Epidemic?,"[""thrash metal"", ""trash metal"", ""thrash"", ""Thrash Metal"", ""Best early thrash metal""]",Epidemic is a thriller‑horror novel.,Epidemic is a drama film.,,"""Epidemic"" is a drama",,Epidemic is a survival‑horror video game,Horror.,,Science‑fiction thriller.,Epidemic is a horror video game.,0,1,2,1,2,3,3,2,4,3,0.3,,NOT_ATTEMPTED
5042,6427649,The Detective,producer,Aaron Rosenberg,2892707,164,997667,"[""Detective""]",[],http://www.wikidata.org/entity/Q925809,http://www.wikidata.org/entity/Q302605,The Detective (1968 film),Aaron Rosenberg,6208,589,Who was the producer of The Detective?,"[""Aaron Rosenberg""]",The film *The Detective* was produced by Frank Sinatra.,Harry Joe Brown.,The producer of *The Detective* was Edward Small.,Frank McCarthy.,The producer of *The Detective* was Robert L. Jacks.,,,Edward Small.,The film *The Detective* was produced by Frank Sinatra.,The film The Detective was produced by Frank Sinatra.,0,1,2,3,4,5,5,2,0,0,0.3,The film *The Detective* was produced by Frank Sinatra.,INCORRECT
14155,5407282,Polkowice County,capital,Polkowice,2403912,422,836383,[],[],http://www.wikidata.org/entity/Q715538,http://www.wikidata.org/entity/Q246685,Polkowice County,Polkowice,386,776,What is the capital of Polkowice County?,"[""Polkowice""]",Polkowice.,Polkowice.,Polkowice.,Polkowice.,Polkowice.,Polkowice.,Polkowice.,The capital of Polkowice County is the town of Polkowice.,The capital of Polkowice County is the town of Polkowice.,Polkowice.,0,0,0,0,0,0,0,0,0,0,1.0,Polkowice.,CORRECT
7768,4912247,Lille,capital of,Nord,2165757,97,145424,"[""Rijsel"",""Lile"",""Rysel""]","[""Northern Department"",""North"",""D\u00e9partement du Nord"",""59""]",http://www.wikidata.org/entity/Q648,http://www.wikidata.org/entity/Q12661,Lille,Nord (French department),30367,5603,What is Lille the capital of?,"[""Nord"", ""Northern Department"", ""North"", ""Département du Nord"", ""59""]",Lille is the capital (prefecture) of the Nord department and the regional capital of Hauts‑de‑France in northern France.,Lille is the capital of the Hauts‑de‑France region (and,Lille is the capital of the Hauts‑de‑France region in northern France.,Lille is the capital of the Hauts‑de‑France region (and also the prefecture of the Nord department) in northern France.,Lille is the capital of the Hauts‑de‑France region in northern France.,Lille is the capital,Lille is the capital of the Hauts‑de‑France region in France.,Lille is the capital (prefecture) of the Hauts‑de‑France region in northern France.,Lille is the capital of the Hauts‑de‑France region (and,Lille is the capital of the Hauts‑de‑France region in northern France.,0,0,0,0,0,0,0,0,0,0,1.0,Lille is the capital (prefecture) of the Nord department and the regional capital of Hauts‑de‑France in northern France.,CORRECT
10738,2013955,We'll Meet Again,composer,Hughie Charles,883324,639,539002,[],"[""Hugh Charles"",""Charles Hugh Owen Ferry""]",http://www.wikidata.org/entity/Q2624195,http://www.wikidata.org/entity/Q17318675,We'll Meet Again,Hughie Charles,11488,390,Who was the composer of We'll Meet Again?,"[""Hughie Charles"", ""Hugh Charles"", ""Charles Hugh Owen Ferry"", ""Ross Parker"", ""Albert Rostron Parker""]",The song “We’ll Meet Again” was composed by Ross Parker (with lyrics by Hughie Charles).,Ross Parker.,The song “We’ll Meet Again” was composed by Ross Parker and Hughie Charles.,The composer of “We’ll Meet Again” was Ross Parker.,The song “We’ll Meet Again” was written by the composer‑lyricist duo Ross Parker and Hughie Charles.,The song “We’ll Meet Again” was composed by Ross Parker (with,The song “We’ll Meet Again” was composed by Ross Parker with lyrics by Hughie Charles.,The song “We’ll Meet Again” was composed by Ross Parker (with lyrics by Hughie Charles).,The song “We’ll Meet Again” was composed by Ross Parker (with lyrics by Hughie Charles).,The composer of “We’ll Meet Again” was Ross Parker.,0,0,0,0,0,0,0,0,0,0,1.0,The song “We’ll Meet Again” was composed by Ross Parker (with lyrics by Hughie Charles).,CORRECT
13200,2584513,The Walking Dead,author,Robert Kirkman,1114705,484,1028373,[],[],http://www.wikidata.org/entity/Q340181,http://www.wikidata.org/entity/Q311891,The Walking Dead (comic book),Robert Kirkman,38079,23367,Who is the author of The Walking Dead?,"[""Robert Kirkman""]",Robert Kirkman.,Robert Kirkman.,Robert Kirkman.,Robert Kirkman.,Robert Kirkman.,Robert Kirkman.,Robert Kirkman.,The author of *The Walking Dead* is Robert Kirkman.,The author of *The Walking Dead* is Robert Kirkman.,Robert Kirkman.,0,0,0,0,0,0,0,0,0,0,1.0,Robert Kirkman.,CORRECT
11871,5165475,Dimitri Pätzold,sport,ice hockey,2285333,560,1279430,[],[],http://www.wikidata.org/entity/Q68416,http://www.wikidata.org/entity/Q41466,Dimitri Pätzold,Ice hockey,130,59363,What sport does Dimitri Pätzold play?,"[""ice hockey""]",Dimitri Pätzold is a professional ice‑hockey goaltender.,He plays ice hockey.,Ice hockey.,Ice hockey.,Ice hockey.,Ice hockey.,Ice hockey.,Ice hockey.,Ice hockey.,Ice hockey.,0,0,0,0,0,0,0,0,0,0,1.0,Dimitri Pätzold is a professional ice‑hockey goaltender.,CORRECT
10693,5865971,list of symphonies by Pyotr Ilyich Tchaikovsky,composer,Pyotr Ilyich Tchaikovsky,2627418,639,2478661,"[""symphonies by Pyotr Ilyich Tchaikovsky""]","[""Pyotr Il'yich Tchaikovsky"",""Pyotr Tchaikovsky"",""Peter Ilich Tchaikovsky"",""Tchaikovsky"",""Peter Tchaikovsky"",""Pyotr Il'ich Chaikovskiy"",""Tschaikowski"",""Tschaikowsky"",""Chajkovskij"",""Chaikovsky"",""Piotr Ilyitch Tchaikovsky""]",http://www.wikidata.org/entity/Q7661444,http://www.wikidata.org/entity/Q7315,Symphonies by Pyotr Ilyich Tchaikovsky,Pyotr Ilyich Tchaikovsky,1375,76736,Who was the composer of list of symphonies by Pyotr Ilyich Tchaikovsky?,"[""Pyotr Ilyich Tchaikovsky"", ""Pyotr Il'yich Tchaikovsky"", ""Pyotr Tchaikovsky"", ""Peter Ilich Tchaikovsky"", ""Tchaikovsky"", ""Peter Tchaikovsky"", ""Pyotr Il'ich Chaikovskiy"", ""Tschaikowski"", ""Tschaikowsky"", ""Chajkovskij"", ""Chaikovsky"", ""Piotr Ilyitch Tchaikovsky""]",Pyotr Ilyich Tchaikovsky.,Pyotr Ilyich Tchaikovsky.,Pyotr Ilyich Tchaikovsky himself composed the list of symphonies.,Pyotr Ilyich Tchaikovsky.,The list of symphonies was composed by Pyotr Ilyich Tchaikovsky.,Pyotr Ilyich Tchaikovsky.,Pyotr Ilyich Tchaikovsky.,Pyotr Ilyich Tchaikovsky.,Pyotr Ilyich Tchaikovsky.,Pyotr Ilyich Tchaikovsky.,0,0,0,0,0,0,0,0,0,0,1.0,Pyotr Ilyich Tchaikovsky.,CORRECT
8317,4018598,The Well,screenwriter,Elizabeth Jolley,1756220,533,1356600,"[""Well""]","[""Monica Elizabeth Jolley"",""Monica Elizabeth Knight""]",http://www.wikidata.org/entity/Q5361998,http://www.wikidata.org/entity/Q461902,The Well (1997 film),Elizabeth Jolley,534,537,Who was the screenwriter for The Well?,"[""Elizabeth Jolley"", ""Monica Elizabeth Jolley"", ""Monica Elizabeth Knight""]",The screenwriter for *The Well* was Robert,,,,,,,,The screenwriter for *The Well* was Michael K. Jones.,,0,1,1,1,1,1,1,1,2,1,0.8,,NOT_ATTEMPTED
3625,5048690,Ladomirová,country,Slovakia,2230458,182,746755,"[""Ladomirova""]","[""Slovak Republic"",""sk"",""\ud83c\uddf8\ud83c\uddf0"",""SVK""]",http://www.wikidata.org/entity/Q672362,http://www.wikidata.org/entity/Q214,Ladomirová,Slovakia,129,136530,In what country is Ladomirová?,"[""Slovakia"", ""Slovak Republic"", ""sk"", ""🇸🇰"", ""SVK""]",Ladomirová is located in Slovakia.,Ladomirová is located in Slovakia.,Ladomirová is located in Slovakia.,Ladomirová is located in Slovakia.,Ladomirová is located in Slovakia.,Ladomirová is located in Slovakia.,Ladomirová is located in Slovakia.,Ladomirová is located in Slovakia.,Ladomirová is located in Slovakia.,Ladomirová is located in Slovakia.,0,0,0,0,0,0,0,0,0,0,1.0,Ladomirová is located in Slovakia.,CORRECT
9156,3009152,"The Crown of the Russian Empire, or Once Again the Elusive Avengers",screenwriter,Edmond Keosayan,1288597,533,693612,"[""Crown of the Russian Empire, or Once Again the Elusive Avengers""]","[""Edmond Gareginovich Keosayan"",""E. Keosayan""]",http://www.wikidata.org/entity/Q4233949,http://www.wikidata.org/entity/Q1971498,"The Crown of the Russian Empire, or Once Again the Elusive Avengers",Edmond Keosayan,216,220,"Who was the screenwriter for The Crown of the Russian Empire, or Once Again the Elusive Avengers?","[""Edmond Keosayan"", ""Edmond Gareginovich Keosayan"", ""E. Keosayan""]",The film’s screenplay was written by,The film’s screenplay was written by Vladimir Valutsky,,,,The film’s screenplay was written by Yuri Klepikov.,,The screenplay was written by Vladimir Valutsky.,,,0,0,1,1,1,0,1,2,1,1,0.6,,NOT_ATTEMPTED
11477,82683,Housain Al-Mogahwi,sport,association football,31976,560,920845,[],"[""football"",""soccer""]",http://www.wikidata.org/entity/Q10558666,http://www.wikidata.org/entity/Q2736,Housain Al-Mogahwi,Association football,354,197767,What sport does Housain Al-Mogahwi play?,"[""association football"", ""football"", ""soccer""]",He plays football (soccer).,He plays professional football (soccer).,He is a professional football (soccer) player.,He plays football (soccer).,He plays football (soccer).,He plays football (soccer).,He plays football (soccer).,He plays football (soccer).,He plays professional football (soccer).,He plays football (soccer).,0,0,0,0,0,0,0,0,0,0,1.0,He plays football (soccer).,CORRECT
117,2201087,Jacopo Melani,occupation,composer,961760,22,1189033,[],[],http://www.wikidata.org/entity/Q2897491,http://www.wikidata.org/entity/Q36834,Jacopo Melani,Composer,112,28389,What is Jacopo Melani's occupation?,"[""composer""]",Jacopo Melani was an Italian composer (and violinist).,Jacopo Melani was an Italian composer (and violinist).,Jacopo Melani was an Italian composer.,Jacopo Melani was an Italian composer and violinist.,Jacopo Melani was an Italian composer (and violinist) of the Baroque era.,Jacopo Melani was an Italian composer (and violinist).,Jacopo Melani was an Italian composer (and violinist).,Jacopo Melani was an Italian composer.,Jacopo Melani was an Italian composer (and violinist) of the Baroque era.,Jacopo Melani was an Italian composer.,0,0,0,0,0,0,0,0,0,0,1.0,Jacopo Melani was an Italian composer (and violinist).,CORRECT
1879,6402164,The Switch,genre,romantic comedy,2883016,91,2853587,"[""Switch""]","[""romedy"",""romcom""]",http://www.wikidata.org/entity/Q911520,http://www.wikidata.org/entity/Q860626,The Switch (2010 film),Romantic comedy,13004,64579,What genre is The Switch?,"[""comedy-drama"", ""dramedy"", ""comedic drama"", ""tragicomedy"", ""seriocomedy"", ""comedy drama"", ""dramatic comedy"", ""Comedy-drama, dramedy"", ""romantic comedy"", ""romedy"", ""romcom""]",The Switch is a romantic comedy film.,Romantic comedy.,The Switch is a romantic‑comedy film.,The Switch is a romantic comedy.,The Switch is a romantic comedy.,The Switch is a romantic‑comedy film.,The Switch is a romantic comedy film.,The Switch is a romantic comedy.,The Switch is a romantic comedy.,The Switch is a romantic‑comedy film.,0,0,0,0,0,0,0,0,0,0,1.0,The Switch is a romantic comedy film.,CORRECT
9923,2019633,Harper,screenwriter,William Goldman,885456,533,1596968,"[""The Moving Target""]","[""S. Morgenstern"",""Harry Longbaugh""]",http://www.wikidata.org/entity/Q262980,http://www.wikidata.org/entity/Q506885,Harper (film),William Goldman,3706,17712,Who was the screenwriter for Harper?,"[""William Goldman"", ""S. Morgenstern"", ""Harry Longbaugh""]",The screenwriter for *Harper* was John Michael McDonagh.,The screenwriter for *Harper* was William Goldman.,The screenplay for the 1966 film *Harper* was written by William Goldman.,The screenplay for *Harper* was written by William Goldman.,The screenplay for *Harper* was written by William Goldman.,William Goldman.,William Goldman.,The screenplay for *Harper* was written by William Goldman.,The screenwriter for *Harper* was William Goldman.,William Goldman was the screenwriter for *Harper*.,0,1,1,1,1,1,1,1,1,1,0.9,The screenwriter for *Harper* was William Goldman.,CORRECT
9322,3021617,Mac,screenwriter,John Turturro,1293676,533,828326,[],"[""John Michael Turturro""]",http://www.wikidata.org/entity/Q4275209,http://www.wikidata.org/entity/Q244234,Mac (film),John Turturro,1168,105143,Who was the screenwriter for Mac?,"[""John Turturro"", ""John Michael Turturro""]",The screenwriter for *Mac* was John Hughes.,,,,,,,,The,,0,1,1,1,1,1,1,1,1,1,0.9,,NOT_ATTEMPTED
3112,1554686,Koxinga,father,Zheng Zhilong,695137,257,2180359,"[""Chenggong"",""Zheng Chenggong"",""Zheng Sen"",""Guoxingye"",""Zhongjie"",""Zhuchenggong"",""Sen"",""Mingyan"",""Senshe"",""Yanping Junwang"",""Damu""]","[""Nigulasi?Yiguan"",""Feihuang"",""Nigulasi?Jiasibade"",""Nicholas Iquan Gaspard"",""Cheng Chih-lung"",""Yiguan"",""Feihong"",""Yuejia""]",http://www.wikidata.org/entity/Q197615,http://www.wikidata.org/entity/Q652211,Koxinga,Zheng Zhilong,9747,4031,Who is the father of Koxinga?,"[""Zheng Zhilong"", ""Nigulasi?Yiguan"", ""Feihuang"", ""Nigulasi?Jiasibade"", ""Nicholas Iquan Gaspard"", ""Cheng Chih-lung"", ""Yiguan"", ""Feihong"", ""Yuejia""]",Zheng Zhilong.,Zheng Zhilong.,Koxinga’s father was the Ming‑loyalist pirate‑official Zheng Zhilong.,Zheng Zhilong.,Koxinga’s father was the famed Ming‑loyalist pirate and admiral Zheng Zhilong.,Zheng Zhilong.,Zheng Zhilong.,Zheng Zhilong.,Zheng Zhilong.,Zheng Zhilong.,0,0,0,0,0,0,0,0,0,0,1.0,Zheng Zhilong.,CORRECT
3868,151719,Japan at the 1952 Winter Olympics,country,Japan,61285,182,502871,[],"[""State of Japan"",""Land of the Rising Sun"",""Nihon"",""Nippon"",""JP"",""Nippon-koku"",""Nihon-koku"",""JA"",""JPN"",""jp"",""JAP"",""Ja"",""Jap""]",http://www.wikidata.org/entity/Q1099897,http://www.wikidata.org/entity/Q17,Japan at the 1952 Winter Olympics,Japan,100,702414,In what country is Japan at the 1952 Winter Olympics?,"[""Japan"", ""State of Japan"", ""Land of the Rising Sun"", ""Nihon"", ""Nippon"", ""JP"", ""Nippon-koku"", ""Nihon-koku"", ""JA"", ""JPN"", ""jp"", ""JAP"", ""Ja"", ""Jap""]","Japan competed at the 1952 Winter Olympics, which were held in Norway.",Japan competed at the 1952 Winter Olympics in Norway.,"Japan competed at the 1952 Winter Olympics, which were held in Norway.","Japan competed at the 1952 Winter Olympics, which were held in Norway.",Japan competed at the 1952 Winter Olympics in Norway.,Norway.,Japan competed at the 1952 Winter Olympics in Norway.,"Japan competed at the 1952 Winter Olympics held in Oslo, Norway.",Norway.,Japan competed at the 1952 Winter Olympics in Norway.,0,0,0,0,0,0,0,0,0,0,1.0,"Japan competed at the 1952 Winter Olympics, which were held in Norway.",INCORRECT
6066,2447881,The Last Stage,director,Wanda Jakubowska,1060868,526,1309214,"[""Last Stage""]",[],http://www.wikidata.org/entity/Q322105,http://www.wikidata.org/entity/Q437696,The Last Stage,Wanda Jakubowska,746,364,Who was the director of The Last Stage?,"[""Wanda Jakubowska""]",Jerzy Kawalerowicz.,Wanda Jakubowska.,The director of *The Last Stage* was Wanda Jakubowska.,The director of *The Last Stage* was Wanda Jakubowska.,The director of *The Last Stage* was Wanda Jakubowska.,Jerzy Kawalerowicz.,Wanda Jakubowska directed The Last Stage.,Jerzy Kawalerowicz.,Jerzy Kawalerowicz.,The director of *The Last Stage* was Jerzy Kawalerowicz.,0,1,1,1,1,0,1,0,0,0,0.5,Jerzy Kawalerowicz.,INCORRECT
830,5130344,Wayne Cooper,place of birth,Milan,2268292,218,926781,"[""Artis Wayne Cooper"",""Coop""]","[""Milan, Georgia""]",http://www.wikidata.org/entity/Q680038,http://www.wikidata.org/entity/Q2752635,Wayne Cooper (basketball),"Milan, Georgia",406,406,In what city was Wayne Cooper born?,"[""Milan"", ""Milan, Georgia""]",Wayne Cooper was born in Oklahoma City.,"Wayne Cooper was born in Lubbock, Texas.","Wayne Cooper was born in Oklahoma City, Oklahoma.",Wayne Cooper was born in Oklahoma City.,"Wayne Cooper was born in Oklahoma City, Oklahoma.","Lubbock, Texas.","Wayne Cooper was born in Oklahoma City, Oklahoma.","Wayne Cooper was born in Oklahoma City, Oklahoma.",Wayne Cooper was born in Oklahoma City.,"Wayne Cooper was born in Oklahoma City, Oklahoma.",0,1,0,0,0,1,0,0,0,0,0.8,Wayne Cooper was born in Oklahoma City.,INCORRECT
1501,1442188,DOS MZ executable,genre,executable,644947,91,2681758,"[""MS-DOS MZ executable"","".exe""]","[""executable file"",""binary"",""executable program"","".exe""]",http://www.wikidata.org/entity/Q1882110,http://www.wikidata.org/entity/Q778586,DOS MZ executable,Executable,2937,8428,What genre is DOS MZ executable?,"[""executable"", ""executable file"", ""binary"", ""executable program"", "".exe""]",The DOS MZ executable belongs to the **binary executable (machine code) genre**.,The DOS MZ executable is a 16‑bit MS‑DOS executable binary file format.,The DOS MZ executable is a 16‑bit DOS executable binary file format.,The DOS MZ executable is a binary file in the DOS,The DOS MZ executable is a 16‑bit MS‑DOS executable file format.,The DOS MZ executable is a 16‑bit DOS executable file format.,The DOS MZ executable is a 16‑bit MS‑DOS binary executable file format.,The DOS MZ executable is a DOS EXE (MZ) executable file format.,The DOS MZ executable is a 16‑bit DOS binary (a DOS .EXE file in the MZ format).,The DOS MZ executable is a 16‑bit DOS executable binary file format.,0,0,0,0,1,1,1,2,2,1,0.4,The DOS MZ executable belongs to the **binary executable (machine code) genre**.,CORRECT
8574,1997153,The Passion of Anna,screenwriter,Ingmar Bergman,876394,533,2581863,"[""En passion"",""A Passion"",""Passion of Anna""]","[""Ernst Ingmar Bergman""]",http://www.wikidata.org/entity/Q260365,http://www.wikidata.org/entity/Q7546,The Passion of Anna,Ingmar Bergman,2035,93841,Who was the screenwriter for The Passion of Anna?,"[""Ingmar Bergman"", ""Ernst Ingmar Bergman""]",Ingmar Bergman.,Ingmar Bergman.,The screenwriter for *The Passion of Anna* was Ingmar Bergman.,Ingmar Bergman was the screenwriter for *The Passion of Anna*.,Ingmar Bergman.,Ingmar Bergman.,Ingmar Bergman.,Ingmar Bergman was the screenwriter for *The Passion of Anna*.,Ingmar Bergman.,Ingmar Bergman.,0,0,0,0,0,0,0,0,0,0,1.0,Ingmar Bergman.,CORRECT
7699,6305405,Garissa,capital of,Garissa County,2844695,97,276706,[],"[""Garissa District""]",http://www.wikidata.org/entity/Q845717,http://www.wikidata.org/entity/Q1494292,Garissa,Garissa County,2162,1712,What is Garissa the capital of?,"[""Garissa County"", ""Garissa District""]",Garissa is the capital of Garissa County in Kenya.,Garissa is the capital of Garissa County in Kenya.,Garissa is the capital of Garissa County in Kenya.,Garissa is the capital of Garissa County in Kenya.,Garissa is the capital of Garissa County in Kenya.,Garissa is the capital of Garissa County in Kenya.,Garissa is the capital of Garissa County in Kenya.,Garissa is the capital of Garissa County in Kenya.,Garissa is the capital of Garissa County in Kenya.,Garissa is the capital of Garissa County in Kenya.,0,0,0,0,0,0,0,0,0,0,1.0,Garissa is the capital of Garissa County in Kenya.,CORRECT
5214,1638066,Memories,producer,David Guetta,728127,164,2834709,[],"[""Pierre David Guetta"",""Jack Back""]",http://www.wikidata.org/entity/Q2074141,http://www.wikidata.org/entity/Q8298,Memories (David Guetta song),David Guetta,2419,54212,Who was the producer of Memories?,"[""David Guetta"", ""Pierre David Guetta"", ""Jack Back""]",The producer of “Memories” is Mike Elizondo.,The producer of “Memories” was Mike Sabath.,,The producer of “Memories” is Mike Elizondo.,Mike Elizondo.,The producer of “Memories” was Mike Elizondo.,,The producer of “Memories” was Mike Elizondo.,The producer of Maroon 5’s,,0,1,2,0,0,0,2,0,3,2,0.5,The producer of “Memories” is Mike Elizondo.,INCORRECT
2701,2490460,Haddaway,genre,Eurodance,1077501,91,754547,"[""The Album""]","[""Euro-dance"",""Euro dance""]",http://www.wikidata.org/entity/Q3283144,http://www.wikidata.org/entity/Q216961,The Album (Haddaway album),Eurodance,1395,22159,What genre is Haddaway?,"[""Eurodance"", ""Euro-dance"", ""Euro dance""]",Haddaway is primarily known as a Eurodance artist.,Eurodance.,Haddaway is primarily known for Eurodance music.,Eurodance.,Haddaway is primarily known for Eurodance music.,Eurodance.,Eurodance.,Eurodance.,Haddaway is primarily known for Eurodance music.,Haddaway is primarily known as a Eurodance artist.,0,0,0,0,0,0,0,0,0,0,1.0,Haddaway is primarily known as a Eurodance artist.,CORRECT
2118,672773,As Time Goes By,genre,documentary film,284669,91,2898005,[],"[""documentary movie"",""doc"",""film documentary"",""motion picture documentary"",""documentary"",""factual film""]",http://www.wikidata.org/entity/Q15052427,http://www.wikidata.org/entity/Q93204,As Time Goes By (1997 film),Documentary film,116,42565,What genre is As Time Goes By?,"[""documentary film"", ""documentary movie"", ""doc"", ""film documentary"", ""motion picture documentary"", ""documentary"", ""factual film""]",As Time Goes By is a British sitcom.,As Time Goes By is a British sitcom.,As Time Goes By is a sitcom.,As Time Goes By is a British sitcom.,As Time Goes By is a British sitcom.,As Time Goes By is a British sitcom.,As Time Goes By is a British sitcom.,"""As Time Goes By"" is a British sitcom.",As Time Goes By is a British sitcom.,As Time Goes By is a British sitcom.,0,0,0,0,0,0,0,0,0,0,1.0,As Time Goes By is a British sitcom.,INCORRECT
6558,990579,The Take,director,Avi Lewis,423176,526,1470697,"[""Take""]",[],http://www.wikidata.org/entity/Q1630461,http://www.wikidata.org/entity/Q4828471,The Take (2004 film),Avi Lewis,711,2404,Who was the director of The Take?,"[""Naomi Klein"", ""Avi Lewis""]",,,,,,,The Take was directed by Dan Reed.,,,,0,0,0,0,0,0,1,0,0,0,0.9,,NOT_ATTEMPTED
1728,3842870,Danny Ray,genre,reggae,1676552,91,2932736,[],"[""reggae music""]",http://www.wikidata.org/entity/Q5220762,http://www.wikidata.org/entity/Q9794,Danny Ray (singer),Reggae,322,47326,What genre is Danny Ray?,"[""reggae"", ""reggae music""]",Reggae.,Reggae.,Danny Ray is a reggae artist.,Danny Ray is a reggae musician.,Reggae.,Danny Ray is a reggae artist.,Danny Ray is primarily known as a reggae artist.,Reggae.,Reggae.,Danny Ray is a reggae musician.,0,0,0,0,0,0,0,0,0,0,1.0,Reggae.,CORRECT
8122,5240651,Persona,screenwriter,Ingmar Bergman,2322482,533,2581863,[],"[""Ernst Ingmar Bergman""]",http://www.wikidata.org/entity/Q695255,http://www.wikidata.org/entity/Q7546,Persona (1966 film),Ingmar Bergman,19543,93841,Who was the screenwriter for Persona?,"[""Ingmar Bergman"", ""Ernst Ingmar Bergman""]",Ingmar Bergman.,Ingmar Bergman.,Ingmar Bergman.,Ingmar Bergman was the screenwriter for the film *Persona*.,,Ingmar Bergman.,Ingmar Bergman.,Ingmar Bergman was the screenwriter for *Persona*.,Ingmar Bergman.,The screenwriter for *Persona* was Ingmar Bergman.,0,0,0,0,1,0,0,0,0,0,0.9,Ingmar Bergman.,CORRECT
723,775412,Claudio Costamagna,place of birth,Milan,330454,218,1508594,[],"[""Milano"",""Milan, Italy"",""Milano, Italy"",""Milano, Italia"",""Mailand"",""Milan Records""]",http://www.wikidata.org/entity/Q15676279,http://www.wikidata.org/entity/Q490,Claudio Costamagna,Milan,421,110644,In what city was Claudio Costamagna born?,"[""Milan"", ""Milano"", ""Milan, Italy"", ""Milano, Italy"", ""Milano, Italia"", ""Mailand"", ""Milan Records""]","Claudio Costamagna was born in Milan, Italy.",Claudio Costamagna was born in Milan.,Claudio Costamagna was born in Milan.,"Claudio Costamagna was born in Milan, Italy.","Claudio Costamagna was born in Milan, Italy.",Claudio Costamagna was born in Milan.,Claudio Costamagna was born in Milan.,"Claudio Costamagna was born in Milan, Italy.",Milan.,"Claudio Costamagna was born in Milan, Italy.",0,0,0,0,0,0,0,0,0,0,1.0,"Claudio Costamagna was born in Milan, Italy.",CORRECT
11534,6388189,Mark Jonas,sport,association football,2877348,560,920845,[],"[""football"",""soccer""]",http://www.wikidata.org/entity/Q9029280,http://www.wikidata.org/entity/Q2736,Mark Jonas,Association football,141,197767,What sport does Mark Jonas play?,"[""association football"", ""football"", ""soccer""]",Mark Jonas plays baseball.,Baseball.,Mark Jonas is a baseball player.,Baseball.,Mark Jonas is a baseball player.,Mark Jonas plays baseball.,Mark Jonas is a baseball player.,Mark Jonas is a baseball player.,Mark Jonas is a baseball player.,Mark Jonas is a baseball player.,0,0,0,0,0,0,0,0,0,0,1.0,Mark Jonas plays baseball.,INCORRECT
13196,3237369,After the End,author,Dennis Kelly,1388700,484,111639,[],[],http://www.wikidata.org/entity/Q4690633,http://www.wikidata.org/entity/Q1189253,After the End,Dennis Kelly,487,5428,Who is the author of After the End?,"[""Dennis Kelly""]",The author of *After the End* is Gary Russell.,,,,,,The author of *After the End* is Robert Silverberg,,The author of *After the End* is Robert Reed.,,0,1,1,1,1,1,2,1,3,1,0.7,,NOT_ATTEMPTED
11114,1404476,Valparaiso University,religion,Lutheranism,628155,106,2595152,"[""Valpo"",""VU"",""Valparaiso Male and Female College"",""Northern Indiana Normal School and Business Institute"",""Valparaiso College""]","[""Lutheran Church"",""Lutherans""]",http://www.wikidata.org/entity/Q186047,http://www.wikidata.org/entity/Q75809,Valparaiso University,Lutheranism,8242,81663,What is the religion of Valparaiso University?,"[""Lutheranism"", ""Lutheran Church"", ""Lutherans""]",Valparaiso University is affiliated with the Lutheran Church–Missouri Synod.,Valparaiso University is affiliated with the Lutheran Church–Missouri Synod.,Valparaiso University is affiliated with the Evangelical Lutheran Church in America (Lutheran).,Valparaiso University is affiliated with the Lutheran Church–Missouri Synod.,Valparaiso University is affiliated with the Lutheran Church–Missouri Synod.,Valparaiso University is affiliated with the Lutheran Church–Missouri Synod.,Valparaiso University is affiliated with the Lutheran Church–Missouri Synod.,Valparaiso University is affiliated with the Lutheran Church–Missouri Synod.,Valparaiso University is affiliated with the Evangelical Lutheran Church in America (ELCA).,Valparaiso University is affiliated with the Evangelical Lutheran Church in America (Lutheran).,0,0,1,0,0,0,0,0,2,1,0.7,Valparaiso University is affiliated with the Lutheran Church–Missouri Synod.,CORRECT
7728,1446983,Rodez,capital of,Aveyron,646961,97,1059698,"[""Rodez (France)""]","[""Aveyron Department""]",http://www.wikidata.org/entity/Q188780,http://www.wikidata.org/entity/Q3216,Rodez,Aveyron,6748,3931,What is Rodez the capital of?,"[""Aveyron"", ""Aveyron Department""]",Rodez is the capital of the Aveyron department in France.,Rodez is the capital of the Aveyron department in southern France.,Rodez is the capital of the Aveyron department in France.,Rodez is the prefecture (capital) of the Aveyron department in France.,Rodez is the prefecture (capital) of the Aveyron department in France.,Rodez is the prefectural capital of the Aveyron department in southern France.,Rodez is the capital of the Aveyron department in southern France.,Rodez is the capital of the Aveyron department in France.,Rodez is the capital of the Aveyron department in France.,Rodez is the capital of the Aveyron department in southern France.,0,0,0,0,0,0,0,0,0,0,1.0,Rodez is the capital of the Aveyron department in France.,CORRECT
13389,2669682,Tarr,author,Wyndham Lewis,1149794,484,2690138,[],"[""Percy Wyndham Lewis"",""Percy William Lewis"",""Percy Lewis"",""Wyndham Percy Lewis""]",http://www.wikidata.org/entity/Q3515799,http://www.wikidata.org/entity/Q780102,Tarr,Wyndham Lewis,646,5318,Who is the author of Tarr?,"[""Wyndham Lewis"", ""Percy Wyndham Lewis"", ""Percy William Lewis"", ""Percy Lewis"", ""Wyndham Percy Lewis""]",Wyndham Lewis.,Wyndham Lewis.,James Joyce.,The novel *Tarr* was written by Wyndham Lewis.,The novel *Tarr* was written by Wyndham Lewis.,The author of *Tarr* is T. S. Eliot.,Wyndham Lewis.,The author of *Tarr* is William Faulkner.,Wyndham Lewis.,Wyndham Lewis.,0,0,1,0,0,2,0,3,0,0,0.7,Wyndham Lewis.,CORRECT
8119,6513495,Holes,screenwriter,Louis Sachar,2924619,533,1842250,"[""Holes""]",[],http://www.wikidata.org/entity/Q967018,http://www.wikidata.org/entity/Q553137,Holes (film),Louis Sachar,41620,9189,Who was the screenwriter for Holes?,"[""Louis Sachar""]",,,The screenplay for Holes was written by Louis Sachar,The screenplay for *Holes* was written by Louis Sachar and Scott Frank.,,The screenplay for Holes was written by Louis Sachar together with Greg Taylor.,,The screenplay for *Holes* was written by Louis Sachar and Scott Frank.,,The screenplay for *Holes* was written by Louis Sachar.,0,0,1,1,0,1,0,1,0,1,0.5,,NOT_ATTEMPTED
4090,1587765,Park metro station,country,Belgium,708602,182,1021279,[],"[""Kingdom of Belgium"",""BEL"",""be"",""\ud83c\udde7\ud83c\uddea"",""BE""]",http://www.wikidata.org/entity/Q2016757,http://www.wikidata.org/entity/Q31,Parc metro station (Brussels),Belgium,102,249550,In what country is Park metro station?,"[""Belgium"", ""Kingdom of Belgium"", ""BEL"", ""be"", ""🇧🇪"", ""BE""]",,,,,,,,,,,0,0,0,0,0,0,0,0,0,0,1.0,,NOT_ATTEMPTED
3982,6505048,Middletown,country,United States of America,2921504,182,988513,"[""Middletown, Missouri""]","[""the United States of America"",""America"",""U.S.A."",""USA"",""U.S."",""US"",""the US"",""the USA"",""US of A"",""the United States"",""U. S. A."",""U. S."",""the States"",""the U.S."",""'Merica"",""U.S"",""United States"",""'Murica""]",http://www.wikidata.org/entity/Q962920,http://www.wikidata.org/entity/Q30,"Middletown, Missouri",United States,147,1629691,In what country is Middletown?,"[""United States of America"", ""the United States of America"", ""America"", ""U.S.A."", ""USA"", ""U.S."", ""US"", ""the US"", ""the USA"", ""US of A"", ""the United States"", ""U. S. A."", ""U. S."", ""the States"", ""the U.S."", ""'Merica"", ""U.S"", ""United States"", ""'Murica""]",Middletown is located in the United States.,Middletown is a city located in the United States.,United States.,Middletown is located in the United States.,United States.,United States.,Middletown is located in the United States.,The country is the United States.,Middletown is located in the United States.,The town of Middletown is located in the United States.,0,0,0,0,0,0,0,0,0,0,1.0,Middletown is located in the United States.,CORRECT
6378,5269026,Nelson,director,Walter Summers,2337479,526,2767384,[],"[""Walter George Thomas Summers""]",http://www.wikidata.org/entity/Q6990331,http://www.wikidata.org/entity/Q7966231,Nelson (1926 film),Walter Summers,151,208,Who was the director of Nelson?,"[""Walter Summers"", ""Walter George Thomas Summers""]",John Howard Davies.,The director of the,,Ken Russell.,,,,Maurice El,,,0,1,2,3,2,2,2,4,2,2,0.6,,NOT_ATTEMPTED
6821,4134021,Framed,director,Dean Parisot,1812911,526,106290,[],"[""Aldo L. Parisot"",""Aldo Luis Parisot""]",http://www.wikidata.org/entity/Q5477943,http://www.wikidata.org/entity/Q1181116,Framed (1990 film),Dean Parisot,443,3092,Who was the director of Framed?,"[""Dean Parisot"", ""Aldo L. Parisot"", ""Aldo Luis Parisot""]",The director of *Framed* was Michael Switzer.,,,The director of *Framed* is John,,Adam Rifkin.,,,,The director of *Framed,0,1,1,2,1,3,1,1,1,2,0.6,,NOT_ATTEMPTED
7236,4743355,The Sting,director,George Roy Hill,2086276,526,1643389,"[""Sting""]",[],http://www.wikidata.org/entity/Q62665,http://www.wikidata.org/entity/Q51570,The Sting,George Roy Hill,29042,6569,Who was the director of The Sting?,"[""George Roy Hill""]",The director of *The Sting* was George Roy Hill.,The director of *The Sting* was George Roy Hill.,The director of *The Sting* was George Roy Hill.,The director of *The Sting* was George Roy Hill.,George Roy Hill.,The director of *The Sting* was George Roy Hill.,The director of *The Sting* was George Roy Hill.,The director of *The Sting* was George Roy Hill.,George Roy Hill.,The director of *The Sting* was George Roy Hill.,0,0,0,0,0,0,0,0,0,0,1.0,The director of *The Sting* was George Roy Hill.,CORRECT
6765,5453507,Pilot,director,Gene Reynolds,2425238,526,1778082,"[""M*A*S*H pilot""]",[],http://www.wikidata.org/entity/Q7194354,http://www.wikidata.org/entity/Q540613,Pilot (M*A*S*H),Gene Reynolds,849,3020,Who was the director of Pilot?,"[""Gene Reynolds""]",,,,,,,,,,,0,0,0,0,0,0,0,0,0,0,1.0,,NOT_ATTEMPTED
10606,975936,Drushyam,composer,Sharreth,416710,639,2561108,"[""Visual""]",[],http://www.wikidata.org/entity/Q16248158,http://www.wikidata.org/entity/Q7490467,Drushyam,Sharreth,6071,4542,Who was the composer of Drushyam?,"[""Sharreth""]",The music for *Drushyam* was composed by Mani Sharma.,The music for *Drushyam* was composed by Mani Sharma.,The composer of *Drushyam* is Mani Sharma.,The composer of *Drushyam* is Mani Sharma.,The film *Drushyam* was composed by S. Thaman.,The music for Drushyam was composed by Ilaiyaraaja.,Mani Sharma composed the music for Drushyam.,The film Drushyam was composed by S. Thaman.,The composer of *Drushyam* is Mani Sharma.,The composer of *Drushyam* is Mani Sharma.,0,0,0,0,1,2,0,1,0,0,0.7,The music for *Drushyam* was composed by Mani Sharma.,INCORRECT
2310,6269047,Gold,genre,science fiction film,2830078,91,1406377,[],"[""sci-fi film"",""science fiction movie"",""sci-fi movie"",""scifi film"",""scifi movie"",""sci fi film"",""sci fi movie"",""scifi-film"",""scifi""]",http://www.wikidata.org/entity/Q820645,http://www.wikidata.org/entity/Q471839,Gold (1934 film),Science fiction film,428,41996,What genre is Gold?,"[""science fiction film"", ""sci-fi film"", ""science fiction movie"", ""sci-fi movie"", ""scifi film"", ""scifi movie"", ""sci fi film"", ""sci fi movie"", ""scifi-film"", ""scifi""]",Gold is a contemporary fiction novel.,Gold is an adventure‑drama film.,,Gold is a drama film.,,,Gold is a pop song.,,Gold is a sports drama film.,Gold is an adventure drama film.,0,1,2,1,2,2,3,2,4,1,0.4,,NOT_ATTEMPTED
13024,1282883,The Pretenders,author,Henrik Ibsen,571198,484,1186020,"[""Kongs-Emnerne""]","[""Henrik Johan Ibsen"",""Henrich Johan Ibsen"",""Henrich Ibsen""]",http://www.wikidata.org/entity/Q1774386,http://www.wikidata.org/entity/Q36661,The Pretenders (play),Henrik Ibsen,308,31741,Who is the author of The Pretenders?,"[""Henrik Ibsen"", ""Henrik Johan Ibsen"", ""Henrich Johan Ibsen"", ""Henrich Ibsen""]",,,The author of *The Pretenders* is Joan Didion.,,,The author of *The Pretenders* is Robert Lipsyte.,,,The author of *The Pretenders* is Ian McEwan.,,0,0,1,0,0,2,0,0,3,0,0.7,,NOT_ATTEMPTED
2589,588438,Born American,genre,action film,240688,91,645780,"[""Arctic Heat"",""J\u00e4\u00e4t\u00e4v\u00e4 polte""]","[""action movie"",""film action"",""movie action"",""action""]",http://www.wikidata.org/entity/Q1444134,http://www.wikidata.org/entity/Q188473,Born American,Action film,1148,99831,What genre is Born American?,"[""action film"", ""action movie"", ""film action"", ""movie action"", ""action""]",Action.,Born American is an action‑thriller film.,Born American is an action‑thriller film.,Born American is an action‑war drama film.,Born American is an action‑thriller film.,Born American is an action‑thriller film.,Born American is an action‑thriller film.,Born American is an action‑thriller film.,Born American is an action‑thriller film.,Born American is an action film.,0,0,0,0,0,0,0,0,0,0,1.0,Action.,CORRECT
2362,5646945,Rugby League,genre,sports video game,2516395,91,2857701,"[""NRL Rugby League""]","[""sports game"",""sports video games"",""sport video game""]",http://www.wikidata.org/entity/Q7378187,http://www.wikidata.org/entity/Q868217,Rugby League (video game),Sports video game,281,7649,What genre is Rugby League?,"[""sports video game"", ""sports game"", ""sports video games"", ""sport video game""]","Rugby League is a team sport, specifically a code of football.",Rugby League is a team sport that belongs to the rugby football code.,Rugby League is a contact team sport.,Rugby League is a contact team sport.,Rugby League is a team sport belonging to the genre of contact (field) football.,Rugby League is a team contact sport.,Rugby League is a team sport classified under the genre of contact team ball games.,Rugby league is a contact team sport.,Rugby league is a contact team sport (a form of football).,"Rugby league is a contact team sport, specifically a form of football.",0,0,1,1,1,1,1,1,1,1,0.8,Rugby League is a contact team sport.,INCORRECT
2094,585660,London,genre,punk rock,239634,91,1011970,[],"[""punk"",""punk music""]",http://www.wikidata.org/entity/Q1442133,http://www.wikidata.org/entity/Q3071,London (punk band),Punk rock,534,83910,What genre is London?,"[""punk rock"", ""punk"", ""punk music""]",London is not a genre; it is a city.,London is not a genre; it is a city.,London is not a genre; it is a city.,London is a historical‑fiction novel.,London is not a genre; it is a city.,London is a work of historical fiction.,London is not a genre; it is a city.,Historical fiction.,London is not a genre; it is a city.,London is not a genre; it is a city.,0,0,0,1,0,1,0,1,0,0,0.7,London is not a genre; it is a city.,INCORRECT
5326,4443970,Little Man,producer,Shawn Wayans nemo,1954735,164,1192191,[],"[""Shawn Mathis Wayans amigo"",""Shawn Mathis Wayans""]",http://www.wikidata.org/entity/Q581736,http://www.wikidata.org/entity/Q370102,Little Man (2006 film),Shawn Wayans,17771,79746,Who was the producer of Little Man?,"[""Marlon Wayans"", ""Marlon Lamont Wayans"", ""Keenen Ivory Wayans"", ""Keenen Ivory Desuma Wayans Sr."", ""Keenen Ivory Desuma Wayans"", ""Shawn Wayans nemo"", ""Shawn Mathis Wayans amigo"", ""Shawn Mathis Wayans""]",,,The film *Little Man* was produced by Will Packer and John,The film *Little Man* was produced by Will Packer.,,The producer of *Little Man* was Shawn Williamson.,Will Packer.,,,,0,0,1,1,0,2,3,0,0,0,0.6,,NOT_ATTEMPTED
5352,5235974,My Trip Back to the Dark Side,producer,Shane Stanley,2320068,164,2559866,[],[],http://www.wikidata.org/entity/Q6946539,http://www.wikidata.org/entity/Q7488283,My Trip Back to the Dark Side,Shane Stanley,233,1545,Who was the producer of My Trip Back to the Dark Side?,"[""Shane Stanley""]",,,The producer of *My Trip Back to the Dark Side* was Andrew J. McNeil.,,The producer was Chad K.,The producer,,,,,0,0,1,0,2,3,0,0,0,0,0.7,,NOT_ATTEMPTED
12479,1882219,The Zombie Survival Guide,author,Max Brooks,827466,484,938780,"[""The Zombie Survival Guide: Complete Protection from the Living Dead""]","[""Maximillian Michael Brooks""]",http://www.wikidata.org/entity/Q2439688,http://www.wikidata.org/entity/Q28170,The Zombie Survival Guide,Max Brooks,5791,32975,Who is the author of The Zombie Survival Guide?,"[""Max Brooks"", ""Maximillian Michael Brooks""]",The author of *The Zombie Survival Guide* is Max Brooks.,The author of *The Zombie Survival Guide* is Max Brooks.,The author of *The Zombie Survival Guide* is Max Brooks.,The author of *The Zombie Survival Guide* is Max Brooks.,The author of *The Zombie Survival Guide* is Max Brooks.,Max Brooks.,The author of *The Zombie Survival Guide* is Max Brooks.,The author of *The Zombie Survival Guide* is Max Brooks.,The author of *The Zombie Survival Guide* is Max Brooks.,The author of *The Zombie Survival Guide* is Max Brooks.,0,0,0,0,0,0,0,0,0,0,1.0,The author of *The Zombie Survival Guide* is Max Brooks.,CORRECT
7115,3156774,Monster,director,Patty Jenkins,1347541,526,1339644,[],"[""Patricia Lea \""Patty\"" Jenkins"",""Patricia Lea Jenkins""]",http://www.wikidata.org/entity/Q459057,http://www.wikidata.org/entity/Q456910,Monster (2003 film),Patty Jenkins,50709,19603,Who was the director of Monster?,"[""Patty Jenkins"", ""Patricia Lea \""Patty\"" Jenkins"", ""Patricia Lea Jenkins""]",Patty Jenkins.,The director of *Monster* is Patty Jenkins.,Patty Jenkins.,Patty Jenkins.,Patty Jenkins.,Patty Jenkins.,Patty Jenkins.,Patty Jenkins.,Patty Jenkins.,Patty Jenkins.,0,0,0,0,0,0,0,0,0,0,1.0,Patty Jenkins.,CORRECT
14104,302854,North Dakota,capital,Bismarck,122953,422,1193785,"[""ND"",""North Dakota, United States"",""State of North Dakota"",""NoDak"",""N. Dakota"",""N. Dak."",""N.D.""]","[""Bismarck, North Dakota"",""Bismarck, ND"",""West Bismarck, North Dakota"",""Edwinton, North Dakota"",""Edwinton, ND""]",http://www.wikidata.org/entity/Q1207,http://www.wikidata.org/entity/Q37066,North Dakota,"Bismarck, North Dakota",198493,17068,What is the capital of North Dakota?,"[""Bismarck"", ""Bismarck, North Dakota"", ""Bismarck, ND"", ""West Bismarck, North Dakota"", ""Edwinton, North Dakota"", ""Edwinton, ND""]",The capital of North Dakota is Bismarck.,Bismarck.,Bismarck.,Bismarck.,The capital of North Dakota is Bismarck.,Bismarck.,Bismarck.,Bismarck.,The capital of North Dakota is Bismarck.,Bismarck.,0,0,0,0,0,0,0,0,0,0,1.0,The capital of North Dakota is Bismarck.,CORRECT
4466,2448445,The Dentist,producer,Mack Sennett,1061074,164,1046458,"[""Dentist""]",[],http://www.wikidata.org/entity/Q3222119,http://www.wikidata.org/entity/Q317574,The Dentist (1932 film),Mack Sennett,482,6667,Who was the producer of The Dentist?,"[""Mack Sennett""]",The producer of *The Dentist* was Michael De Luca.,Steven Paul.,,"The film ""The Dentist"" (1996) was produced by John Klyza and Robert K. Weiss.",The dentist was produced by Michael M. Scott.,The film *The Dentist* was produced by,,The producer of *The Dentist* was Michael R. Trikilis.,,Roger Corman.,0,1,2,3,4,4,2,5,2,6,0.3,,NOT_ATTEMPTED
9614,236553,Elephant,screenwriter,Gus Van Sant,95559,533,852606,[],"[""Gus Greene Van Sant Junior"",""Gus Green Van Sant Jr,""]",http://www.wikidata.org/entity/Q1163943,http://www.wikidata.org/entity/Q25186,Elephant (2003 film),Gus Van Sant,20315,38778,Who was the screenwriter for Elephant?,"[""Gus Van Sant"", ""Gus Greene Van Sant Junior"", ""Gus Green Van Sant Jr,""]",The screenwriter for *Elephant* was Gus Van Sant.,The screenwriter for *Elephant* was Gus Van Sant.,Gus Van Sant.,Gus Van Sant.,The screenwriter for Elephant was Gus Van Sant.,The screenwriter for *Elephant* was Gus Van Sant.,The screenwriter for *Elephant* was Gus Van Sant.,Gus Van Sant.,The screenwriter for *Elephant* was Gus Van Sant.,Gus Van Sant.,0,0,0,0,0,0,0,0,0,0,1.0,The screenwriter for *Elephant* was Gus Van Sant.,CORRECT
5073,1661668,Beat It,producer,Michael Jackson,737309,164,942710,[],"[""MJ"",""The King of Pop"",""Michael Joe Jackson"",""Michael Joseph Jackson"",""M.J."",""M. J."",""King of Pop"",""King of Music"",""The King""]",http://www.wikidata.org/entity/Q210218,http://www.wikidata.org/entity/Q2831,Beat It,Michael Jackson,25688,753723,Who was the producer of Beat It?,"[""Michael Jackson"", ""MJ"", ""The King of Pop"", ""Michael Joe Jackson"", ""Michael Joseph Jackson"", ""M.J."", ""M. J."", ""King of Pop"", ""King of Music"", ""The King""]",Quincy Jones.,Quincy Jones.,The producer of “Beat It” was Quincy Jones.,Quincy Jones.,The producer of “Beat It” was Quincy Jones.,Quincy Jones.,The producer of “Beat It” was Quincy Jones.,Quincy Jones.,Quincy Jones.,Quincy Jones.,0,0,0,0,0,0,0,0,0,0,1.0,Quincy Jones.,INCORRECT
4305,2148183,Singles,producer,Cameron Crowe,939739,164,1050174,[],"[""Cameron Bruce Crowe""]",http://www.wikidata.org/entity/Q282041,http://www.wikidata.org/entity/Q318287,Singles (1992 film),Cameron Crowe,14654,38791,Who was the producer of Singles?,"[""Cameron Crowe"", ""Cameron Bruce Crowe""]",,The,,,The film *Singles* was produced by Cameron Crowe.,,The film *Singles* was produced by James L. Brooks.,Lauren Sh,The film *Singles* was produced by Lynda Obst.,Lynda Obst.,0,0,0,0,1,0,2,3,4,4,0.5,,NOT_ATTEMPTED
13530,6366281,"Constantine I, King of Armenia",mother,"Keran, Queen of Armenia",2868635,292,1222690,[],[],http://www.wikidata.org/entity/Q888130,http://www.wikidata.org/entity/Q3814737,"Constantine I, King of Armenia","Keran, Queen of Armenia",161,198,"Who is the mother of Constantine I, King of Armenia?","[""Keran, Queen of Armenia""]",,,,,,,,,,,0,0,0,0,0,0,0,0,0,0,1.0,,NOT_ATTEMPTED
1829,5780410,Snow,genre,documentary film,2582539,91,2898005,[],"[""documentary movie"",""doc"",""film documentary"",""motion picture documentary"",""documentary"",""factual film""]",http://www.wikidata.org/entity/Q7548151,http://www.wikidata.org/entity/Q93204,Snow (1963 film),Documentary film,230,42565,What genre is Snow?,"[""documentary film"", ""documentary movie"", ""doc"", ""film documentary"", ""motion picture documentary"", ""documentary"", ""factual film""]",Snow is a science‑fiction novel.,Snow is a literary‑fiction novel (often classified as a political/psychological thriller).,Snow is a drama.,Snow is a literary‑fiction novel.,Literary fiction.,Snow is a work of literary fiction.,Snow is a drama film.,Snow is a literary‑fiction novel (often classified as a political thriller).,Literary fiction.,Literary fiction.,0,1,2,1,1,1,2,1,1,1,0.7,Snow is a literary‑fiction novel (often classified as a political/psychological thriller).,INCORRECT
12715,1156997,Weekend,author,William McIlvanney,511925,484,1056510,[],[],http://www.wikidata.org/entity/Q17034987,http://www.wikidata.org/entity/Q320327,Weekend (novel),William McIlvanney,75,4412,Who is the author of Weekend?,"[""William McIlvanney""]",,,,,Alan,,,,,,0,0,0,0,1,0,0,0,0,0,0.9,,NOT_ATTEMPTED
7190,3350204,Zookeeper,director,Frank Coraci,1439370,526,1812979,"[""'' Zookeeper ''""]",[],http://www.wikidata.org/entity/Q477070,http://www.wikidata.org/entity/Q547811,Zookeeper (film),Frank Coraci,12141,4053,Who was the director of Zookeeper?,"[""Frank Coraci""]",Tim Hill.,Frank Coraci.,Frank Coraci.,The 2011 comedy film *Zookeeper* was directed by Frank Coraci.,Frank Coraci.,Frank Coraci.,Frank Coraci.,The director of *Zookeeper* was Frank Coraci.,The director of *Zookeeper* was Tim Hill.,The director of *Zookeeper* was Tim Hill.,0,1,1,1,1,1,1,1,0,0,0.7,Frank Coraci.,CORRECT
13549,4573623,Sydney Chaplin,mother,Hannah Chaplin,2017243,292,309729,"[""Syd Chaplin"",""Sydney John Hill""]","[""Hannah Harriet Pedlingham Hill"",""Lily Harley"",""Hannah Pedlingham"",""Hannah Harriet Pedlingham Chaplin""]",http://www.wikidata.org/entity/Q606780,http://www.wikidata.org/entity/Q153658,Sydney Chaplin,Hannah Chaplin,5827,8962,Who is the mother of Sydney Chaplin?,"[""Hannah Chaplin"", ""Hannah Harriet Pedlingham Hill"", ""Lily Harley"", ""Hannah Pedlingham"", ""Hannah Harriet Pedlingham Chaplin""]",Lita Grey.,,,,,Sydney Chaplin's mother was Hannah Chaplin.,Sydney Chaplin’s mother is actress Lita Grey.,Sydney Chaplin's mother was Hannah Chaplin (née Hill).,Lita Grey.,Sydney Chaplin’s mother is actress Lita,0,1,1,1,1,2,0,2,0,3,0.4,,NOT_ATTEMPTED
13017,5938513,The Living Room,author,Graham Greene,2664227,484,155079,[],"[""Henry Graham Greene""]",http://www.wikidata.org/entity/Q7747874,http://www.wikidata.org/entity/Q128560,The Living Room (play),Graham Greene,249,41226,Who is the author of The Living Room?,"[""Graham Greene"", ""Henry Graham Greene""]",,,,,,,,,,,0,0,0,0,0,0,0,0,0,0,1.0,,NOT_ATTEMPTED
14140,6083018,Egypt,capital,Cairo,2736167,422,2847541,"[""Republic of Egypt"",""eg"",""EGY"",""\ud83c\uddea\ud83c\uddec"",""Arab Republic of Egypt"",""Arab Rep. Egypt"",""Rep. Egypt""]","[""Cairo, Egypt""]",http://www.wikidata.org/entity/Q79,http://www.wikidata.org/entity/Q85,Egypt,Cairo,271405,75001,What is the capital of Egypt?,"[""Cairo"", ""Cairo, Egypt""]",Cairo.,Cairo.,Cairo.,Cairo.,Cairo.,Cairo.,Cairo.,Cairo is the capital of Egypt.,Cairo.,Cairo.,0,0,0,0,0,0,0,0,0,0,1.0,Cairo.,CORRECT
3559,2053574,Kansas,country,United States of America,899589,182,988513,[],"[""the United States of America"",""America"",""U.S.A."",""USA"",""U.S."",""US"",""the US"",""the USA"",""US of A"",""the United States"",""U. S. A."",""U. S."",""the States"",""the U.S."",""'Merica"",""U.S"",""United States"",""'Murica""]",http://www.wikidata.org/entity/Q2671926,http://www.wikidata.org/entity/Q30,"Kansas, Illinois",United States,672,1629691,In what country is Kansas?,"[""United States of America"", ""the United States of America"", ""America"", ""U.S.A."", ""USA"", ""U.S."", ""US"", ""the US"", ""the USA"", ""US of A"", ""the United States"", ""U. S. A."", ""U. S."", ""the States"", ""the U.S."", ""'Merica"", ""U.S"", ""United States"", ""'Murica""]",United States.,Kansas is a state located in the United States of America.,Kansas is located in the United States.,Kansas is a state in the United States.,Kansas is a state located in the United States.,United States.,Kansas is a state in the United States.,United States.,Kansas is located in the United States.,Kansas is a state in the United States.,0,0,0,0,0,0,0,0,0,0,1.0,United States.,CORRECT
4921,2802082,Fast Workers,producer,Tod Browning,1202904,164,1639837,[],"[""Charles Albert Browning""]",http://www.wikidata.org/entity/Q3739991,http://www.wikidata.org/entity/Q51476,Fast Workers,Tod Browning,283,11881,Who was the producer of Fast Workers?,"[""Tod Browning"", ""Charles Albert Browning""]",Carl Laemmle Jr.,The producer of *Fast Workers* was Darryl F. Zanuck.,Carl Laemmle Jr.,The producer of *Fast Workers* was William LeBaron.,The producer of *Fast Workers* was Carl Laemmle Jr.,The film,Carl Laemmle Jr. was the producer of Fast Workers.,Carl Laemmle Jr. was the producer of Fast Workers.,Carl Laemmle Jr. was the producer of *Fast Workers*.,The producer of *Fast Workers* was William Fox.,0,1,0,2,0,3,0,0,0,4,0.6,Carl Laemmle Jr.,INCORRECT
14093,4978804,Katsina State,capital,Katsina,2196714,422,2903016,"[""Kastina state""]",[],http://www.wikidata.org/entity/Q657821,http://www.wikidata.org/entity/Q937487,Katsina State,Katsina,6648,2935,What is the capital of Katsina State?,"[""Katsina""]",Katsina.,Katsina.,Katsina.,Katsina.,Katsina.,The capital of Katsina State is the city of Katsina.,Katsina.,Katsina.,Katsina.,The capital of Katsina State is the city of Katsina.,0,0,0,0,0,0,0,0,0,0,1.0,Katsina.,CORRECT
11028,3486328,York City F.C.,color,red,1505931,472,1036579,"[""York City Football Club"",""York City FC"",""York City"",""York"",""City"",""YCFC"",""The Minstermen""]","[""red color""]",http://www.wikidata.org/entity/Q48954,http://www.wikidata.org/entity/Q3142,York City F.C.,Red,14374,51772,What color is York City F.C.?,"[""red"", ""red color""]",York City F.C. traditionally wears amber and black.,York City F.C. plays in amber and black.,York City F.C. plays in amber and black.,York City F.C. traditionally wears amber and black.,York City F.C. traditionally wears amber and black.,York City F.C. wears amber and black.,York City F.C. traditionally wears amber and black.,York City F.C. plays in amber and black.,York City F.C. wears amber and black.,York City F.C. traditionally plays in amber and black kits.,0,0,0,0,0,0,0,0,0,0,1.0,York City F.C. traditionally wears amber and black.,INCORRECT
11130,751049,Bede,religion,Christianity,319208,106,1582175,"[""Saint Bede"",""Venerable Bede"",""Beda"",""Saint Bede the Venerable"",""Bede the Venerable"",""Beda Anglicus"",""Bede le Venerable"",""Doctor of the English"",""Doctor Anglorum""]","[""Christian faith""]",http://www.wikidata.org/entity/Q154938,http://www.wikidata.org/entity/Q5043,Bede,Christianity,24314,213455,What is the religion of Bede?,"[""Christianity"", ""Christian faith""]","Bede was a Christian monk—specifically, a Roman Catholic (Anglo‑Saxon) monk.","Bede was a Christian monk, belonging to the Catholic (Roman Catholic) tradition.","Bede was a Christian monk, belonging to the Roman Catholic tradition.","Bede was a Christian monk, belonging to the Catholic (Roman Catholic) tradition.","Bede was a Christian monk, belonging to the Catholic (Roman) tradition.","Bede was a Christian monk, belonging to the Catholic (Roman Catholic) tradition.","Bede was a Christian, specifically a Catholic monk of the Roman Catholic Church.","Bede was a Christian, specifically a Catholic monk.","Bede was a Christian, a Catholic monk of the Benedictine order.","Bede was a Christian, specifically a monk in the Catholic (Latin) Church.",0,0,0,0,0,0,0,0,1,0,0.9,"Bede was a Christian monk—specifically, a Roman Catholic (Anglo‑Saxon) monk.",CORRECT
5315,147798,BE,producer,Dave Sitek,59667,164,994075,[],"[""David Andrew Sitek""]",http://www.wikidata.org/entity/Q10965815,http://www.wikidata.org/entity/Q3017392,Be (Beady Eye album),Dave Sitek,619,2766,Who was the producer of BE?,"[""Dave Sitek"", ""David Andrew Sitek""]",Pdogg.,The primary producer of BTS’s album “BE” is Pdogg.,,,"Bang Si‑hyuk (aka ""Hitman"" Bang) was the producer of BTS’s",,The producer of,The producer of BTS’s album “BE” is Pdogg.,,Pdogg.,0,0,1,1,2,1,2,0,1,0,0.4,Pdogg.,INCORRECT
1629,975023,Conversations,genre,contemporary Christian music,416205,91,212294,[],"[""inspirational music"",""CCM"",""Contemporary Christian music""]",http://www.wikidata.org/entity/Q16246667,http://www.wikidata.org/entity/Q1379958,Conversations (Sara Groves album),Contemporary Christian music,99,15249,What genre is Conversations?,"[""contemporary Christian music"", ""inspirational music"", ""CCM"", ""Contemporary Christian music""]",Conversations is classified as a drama.,Conversations is classified as a drama.,Conversations is a drama.,Drama.,Conversations is a drama series.,Conversations is a drama.,Conversations is a work in the dialogue genre.,Conversations is a drama series.,Conversations is a drama genre.,,0,0,0,0,0,0,1,0,0,1,0.8,Conversations is classified as a drama.,INCORRECT
8479,1633865,The Doll,screenwriter,Wojciech Jerzy Has,726531,533,59350,"[""Doll""]",[],http://www.wikidata.org/entity/Q2069873,http://www.wikidata.org/entity/Q1095790,The Doll (1968 film),Wojciech Has,351,668,Who was the screenwriter for The Doll?,"[""Wojciech Jerzy Has""]",,,,,The screenwriter for *The Doll* was Mika,,,,,The screenwriter for *The Doll* was John McGreevey.,0,0,0,0,1,0,0,0,0,2,0.8,,NOT_ATTEMPTED
12474,5909525,The Baby Squad,author,Andrew Neiderman,2649491,484,1594763,[],"[""Virginia C. Andrews""]",http://www.wikidata.org/entity/Q7715189,http://www.wikidata.org/entity/Q506539,The Baby Squad,Andrew Neiderman,158,4682,Who is the author of The Baby Squad?,"[""Andrew Neiderman"", ""Virginia C. Andrews""]",,,,,,The author of *The,,The Baby Squad was written by Megan McCafferty.,,,0,0,0,0,0,1,0,1,0,0,0.8,,NOT_ATTEMPTED
5934,3719469,Choices,director,David Lowell Rich,1615905,526,994575,[],[],http://www.wikidata.org/entity/Q5104051,http://www.wikidata.org/entity/Q3018326,Choices (1986 film),David Lowell Rich,217,557,Who was the director of Choices?,"[""David Lowell Rich""]",Ronald Krauss was the director of *Choices*.,,The director of *Choices* was Chris Stokes.,,Chris Stokes.,Christopher M. Clark.,,,,The film *Choices* was directed by Dan Gordon.,0,1,2,1,2,3,1,1,1,4,0.5,,NOT_ATTEMPTED
12399,1387463,Revolution,author,Russell Brand,620814,484,980840,[],"[""Russell Edward Brand""]",http://www.wikidata.org/entity/Q18394192,http://www.wikidata.org/entity/Q296609,Revolution (book),Russell Brand,796,193217,Who is the author of Revolution?,"[""Russell Brand"", ""Russell Edward Brand""]",,,,,,,The author of *Revolution* is Russell Brand.,,,,0,0,0,0,0,0,1,0,0,0,0.9,,NOT_ATTEMPTED
7205,732205,Three Men and a Baby,director,Leonard Nimoy,311364,526,425281,[],"[""Leonard Simon Nimoy""]",http://www.wikidata.org/entity/Q1540124,http://www.wikidata.org/entity/Q16345,Three Men and a Baby,Leonard Nimoy,30165,191743,Who was the director of Three Men and a Baby?,"[""Leonard Nimoy"", ""Leonard Simon Nimoy""]",The director of *Three Men and a Baby* was Leonard Nimoy.,Leonard Nimoy.,Leonard Nimoy.,Leonard Nimoy.,The director of *Three Men and a Baby* was Leonard Nimoy.,The director of *Three Men and a Baby* was Leonard Nimoy.,The director of *Three Men and a Baby* was Leonard Nimoy.,Leonard Nimoy directed *Three Men and a Baby*.,The director of *Three Men and a Baby* was Leonard Nimoy.,Leonard Nimoy directed *Three Men and a Baby*.,0,0,0,0,0,0,0,0,0,0,1.0,The director of *Three Men and a Baby* was Leonard Nimoy.,CORRECT
10918,1121628,Big Foot,composer,Charlie Parker,491014,639,18758,"[""Giant Swing"",""Air Conditioning"",""Drifting on a Reed""]","[""Yardbird"",""Bird"",""Charles Parker Jr."",""Charlie Parker Jr."",""Charles Christopher Parker, Jr.""]",http://www.wikidata.org/entity/Q16962831,http://www.wikidata.org/entity/Q103767,Drifting on a Reed,Charlie Parker,73,65135,Who was the composer of Big Foot?,"[""Charlie Parker"", ""Yardbird"", ""Bird"", ""Charles Parker Jr."", ""Charlie Parker Jr."", ""Charles Christopher Parker, Jr.""]",Charlie Parker.,The composer of “Big Foot” is Charlie Parker.,The composer of “Big Foot” is the jazz saxophonist Charlie Parker.,The composer of “Big Foot” is the legendary jazz saxophonist Charlie Parker.,The composer of “Big Foot” is Charlie Parker.,Charlie Parker.,The composer of “Big Foot” was Charlie Parker.,Charlie Parker.,The composer of “Big Foot” is Charlie Parker.,Charlie Parker.,0,0,0,0,0,0,0,0,0,0,1.0,Charlie Parker.,CORRECT
3529,3146871,Rong,country,Norway,1342449,182,702887,[],"[""Kingdom of Norway"",""Norge"",""Norv\u00e8ge\u200f"",""NO"",""NOR"",""no"",""Noreg"",""Norwegen\u200f"",""\ud83c\uddf3\ud83c\uddf4""]",http://www.wikidata.org/entity/Q4576620,http://www.wikidata.org/entity/Q20,"Rong, Norway",Norway,10212,293715,In what country is Rong?,"[""Norway"", ""Kingdom of Norway"", ""Norge"", ""Norvège‏"", ""NO"", ""NOR"", ""no"", ""Noreg"", ""Norwegen‏"", ""🇳🇴""]",Iran.,Norway.,Denmark.,Rong is located in China.,Indonesia.,Norway.,Norway.,Norway.,Denmark.,Rong is located in Denmark.,0,1,2,3,4,1,1,1,2,2,0.4,Norway.,CORRECT
8086,201734,The Robe,screenwriter,Gina Kaus,81525,533,2870895,"[""Robe""]",[],http://www.wikidata.org/entity/Q1139023,http://www.wikidata.org/entity/Q89265,The Robe (film),Gina Kaus,9797,232,Who was the screenwriter for The Robe?,"[""Lloyd C. Douglas"", ""Lloyd Cassel Douglas"", ""Philip Dunne"", ""Philip Ives Dunne"", ""Albert Maltz"", ""Gina Kaus""]",,,The screenplay for *The Robe* was written by Charles Snee.,The screenplay for The Robe was written by Charles Bennett.,,The screenwriter for *The Robe* was William Bowers.,,The screenplay for *The Robe* was written by David Dortort.,The screenplay for *The Robe* was written by Charles Br,The screenplay for *The Robe* was written by George Bruce.,0,0,1,2,0,3,0,4,5,6,0.4,,NOT_ATTEMPTED
3790,1735717,Hawi,country,United States of America,767082,182,988513,"[""Hawi, Hawaii""]","[""the United States of America"",""America"",""U.S.A."",""USA"",""U.S."",""US"",""the US"",""the USA"",""US of A"",""the United States"",""U. S. A."",""U. S."",""the States"",""the U.S."",""'Merica"",""U.S"",""United States"",""'Murica""]",http://www.wikidata.org/entity/Q2221102,http://www.wikidata.org/entity/Q30,"Hawi, Hawaii",United States,861,1629691,In what country is Hawi?,"[""United States of America"", ""the United States of America"", ""America"", ""U.S.A."", ""USA"", ""U.S."", ""US"", ""the US"", ""the USA"", ""US of A"", ""the United States"", ""U. S. A."", ""U. S."", ""the States"", ""the U.S."", ""'Merica"", ""U.S"", ""United States"", ""'Murica""]",United States.,United States.,United States (the town of Hawi is located in Hawaii).,United States.,United States.,United States.,United States.,United States.,United States.,United States.,0,0,0,0,0,0,0,0,0,0,1.0,United States.,CORRECT
13626,1888323,Nan,capital,Nan,829966,422,6047,[],[],http://www.wikidata.org/entity/Q244698,http://www.wikidata.org/entity/Q1014345,Nan Province,"Nan, Thailand",1673,1312,What is the capital of Nan?,"[""Nan""]",Nan.,Nan.,Nan.,The capital of Nan province in Thailand is the town of Nan.,Nan.,Nan.,Nan.,Nan.,Nan.,Nan.,0,0,0,0,0,0,0,0,0,0,1.0,Nan.,CORRECT
8123,1754705,Human Resources,screenwriter,Laurent Cantet,776210,533,99944,"[""Ressources humaines""]",[],http://www.wikidata.org/entity/Q2254393,http://www.wikidata.org/entity/Q117071,Human Resources (film),Laurent Cantet,565,949,Who was the screenwriter for Human Resources?,"[""Laurent Cantet""]",The series “Human Resources” was written by its co‑creator Nick Kroll.,,The series Human Resources was written by its creator Nick Kroll.,The series “Human Resources” was written by its co‑creator Nick Kroll.,The series “Human Resources” was written by its creator and screenwriter Nick Kroll.,The series Human Resources was,,The series Human Resources was written by Tim Hobert.,,,0,1,2,0,2,2,1,3,1,1,0.4,,NOT_ATTEMPTED
11335,5873364,Tabor College,religion,Mennonite Brethren Church,2631450,106,2880386,"[""Tabor"",""TC""]",[],http://www.wikidata.org/entity/Q7673530,http://www.wikidata.org/entity/Q907453,Tabor College (Kansas),Mennonite Brethren Church,1232,1158,What is the religion of Tabor College?,"[""Mennonite Brethren Church""]","Tabor College is a Christian (Lutheran) college, affiliated with",Tabor College is a Christian institution affiliated with the Christian Church,Tabor College is a Christian (Evangelical Protestant) institution.,Tabor College is a Christian (Lutheran) institution.,Tabor College is a Christian institution affiliated with the Mennonite Brethren Church.,Tabor College is a Christian (evangelical) institution.,Tabor College is a Christian institution affiliated with the Mennonite Church USA.,Tabor College is a Christian institution affiliated with the Mennonite Church USA.,Tabor College is affiliated with the Evangelical Lutheran Church in America (ELCA).,Tabor College is a Christian (Lutheran) institution affiliated with the Evangelical Lutheran Church in America.,0,1,2,0,1,2,3,3,2,0,0.3,"Tabor College is a Christian (Lutheran) college, affiliated with",INCORRECT
11313,857871,Rama,religion,Jainism,364508,106,2890814,"[""Ram"",""Ramachandra"",""Ramchandra"",""Shri Ram"",""Lord Ram"",""Shri Ramchandra"",""R\u00e2ma""]","[""nirgrantha"",""Jain dharma"",""Jainatva"",""Jaina"",""Jain mata"",""Jaini"",""Jainy"",""jainas""]",http://www.wikidata.org/entity/Q160213,http://www.wikidata.org/entity/Q9232,Rama,Jainism,93777,114980,What is the religion of Rama?,"[""Hinduism"", ""Hindu Dharma"", ""Sanatan Dharma"", ""Hindu religion"", ""Hindoo dharam"", ""🛕"", ""ॐ"", ""Jainism"", ""nirgrantha"", ""Jain dharma"", ""Jainatva"", ""Jaina"", ""Jain mata"", ""Jaini"", ""Jainy"", ""jainas""]",Hinduism.,Rama is a deity in Hinduism.,Hinduism.,Rama is a central figure in Hinduism.,Hinduism.,Rama is a central figure in Hinduism.,"Rama is a deity of Hinduism, so his religion is Hinduism.",Hinduism.,Rama is a central figure in Hinduism.,Hinduism.,0,0,0,0,0,0,0,0,0,0,1.0,Hinduism.,CORRECT
2681,3151252,1986,genre,print news magazine,1344683,91,462676,[],[],http://www.wikidata.org/entity/Q4582810,http://www.wikidata.org/entity/Q1684600,1986 (American TV series),News magazine,125,5612,What genre is 1986?,"[""print news magazine""]","1986 is a year, not a genre.",Drama.,Drama.,Drama.,,1986 is not a genre—it’s a year.,"1986 is a year, not a genre.",The film “,Drama.,Drama.,0,1,1,1,2,0,0,3,1,1,0.5,Drama.,INCORRECT
4966,4498733,The Bachelor,producer,Chris O'Donnell,1982534,164,40906,"[""Bachelor""]",[],http://www.wikidata.org/entity/Q590869,http://www.wikidata.org/entity/Q107069,The Bachelor (1999 film),Chris O'Donnell,5284,72924,Who was the producer of The Bachelor?,"[""Chris O'Donnell""]",Mike Fleiss.,Mike Fleiss.,Mike Fleiss.,Mike Fleiss.,Mike Fleiss.,Mike Fleiss.,Mike Fleiss.,Mike Fleiss.,Mike Fleiss.,Mike Fleiss.,0,0,0,0,0,0,0,0,0,0,1.0,Mike Fleiss.,INCORRECT
8557,149940,Pilot,screenwriter,Paul Scheuring,60507,533,1037526,"[""Prison Break pilot""]",[],http://www.wikidata.org/entity/Q1098262,http://www.wikidata.org/entity/Q314506,Pilot (Prison Break),Paul Scheuring,1841,3155,Who was the screenwriter for Pilot?,"[""Paul Scheuring""]",,,,,The pilot was written by Greg Daniels.,,,The pilot episode was written by series creator Chris Carter.,,,0,0,0,0,1,0,0,2,0,0,0.8,,NOT_ATTEMPTED
11172,6449515,Loyalist,religion,Anglicanism,2901116,106,2145926,"[""Tory""]","[""Anglicanism, Anglican Church""]",http://www.wikidata.org/entity/Q935481,http://www.wikidata.org/entity/Q6423963,Loyalist (American Revolution),Anglicanism,21579,56744,What is the religion of Loyalist?,"[""Anglicanism"", ""Anglicanism, Anglican Church""]",,,The Loyalists were predominantly Christian.,"The Loyalists were predominantly Christian, primarily adhering to various Protestant denominations.",,Christianity.,,,,,0,0,1,1,0,1,0,0,0,0,0.7,,NOT_ATTEMPTED
5739,4329546,Happy End,director,Jeong Ji-u,1901709,526,2101947,[],"[""Jung Ji-woo"",""Chung Ji-woo""]",http://www.wikidata.org/entity/Q5652658,http://www.wikidata.org/entity/Q6312611,Happy End (1999 film),,4734,-2,Who was the director of Happy End?,"[""Jeong Ji-u"", ""Jung Ji-woo"", ""Chung Ji-woo""]",The director of the 2017 South Korean film *Happy End* is Jung Ji‑woo.,The director of *Happy End* is Michael Haneke.,The director of *Happy End* is Michael Haneke.,Michael Haneke.,Michael Haneke.,The director of *Happy End* is Michael Haneke.,Michael Haneke.,The director of *Happy End* is Woody Allen.,The director of *Happy End* is,Michael Haneke.,0,1,1,1,1,1,1,2,2,1,0.7,The director of *Happy End* is Michael Haneke.,INCORRECT
2792,1780093,Chelsea Clinton,father,Bill Clinton,786906,257,72430,"[""Chelsea Victoria Clinton""]","[""William Jefferson Clinton"",""William Jefferson Blythe III"",""William Jefferson Blythe"",""William J. Clinton"",""Clinton"",""William Jefferson \""Bill\"" Clinton"",""William Clinton"",""President Clinton"",""President Bill Clinton"",""Kelindun"",""William Jefferson, IV Blythe"",""Bill Klinton"",""WJC""]",http://www.wikidata.org/entity/Q229671,http://www.wikidata.org/entity/Q1124,Chelsea Clinton,Bill Clinton,100666,495298,Who is the father of Chelsea Clinton?,"[""Bill Clinton"", ""William Jefferson Clinton"", ""William Jefferson Blythe III"", ""William Jefferson Blythe"", ""William J. Clinton"", ""Clinton"", ""William Jefferson \""Bill\"" Clinton"", ""William Clinton"", ""President Clinton"", ""President Bill Clinton"", ""Kelindun"", ""William Jefferson, IV Blythe"", ""Bill Klinton"", ""WJC""]","Hillary Clinton’s husband, former President Bill Clinton, is the father of Chelsea Clinton.",Her father is former U.S. President Bill Clinton.,Bill Clinton.,Answer: Bill Clinton.,"Hillary Clinton's husband, former President Bill Clinton, is the father of Chelsea Clinton.",Bill Clinton.,Chelsea Clinton's father is former U.S. President Bill Clinton.,"Hillary Clinton’s husband, former President Bill Clinton, is Chelsea Clinton’s father.",The father of Chelsea Clinton is former U.S. President Bill Clinton.,"Hillary Clinton's husband, former President Bill Clinton, is Chelsea Clinton’s father.",0,0,0,0,0,0,0,0,0,0,1.0,"Hillary Clinton’s husband, former President Bill Clinton, is the father of Chelsea Clinton.",CORRECT
11459,2161656,Julián Lalinde,sport,association football,944975,560,920845,"[""Julian Lalinde""]","[""football"",""soccer""]",http://www.wikidata.org/entity/Q2838461,http://www.wikidata.org/entity/Q2736,Julián Lalinde,Association football,56,197767,What sport does Julián Lalinde play?,"[""association football"", ""football"", ""soccer""]",Julián Lalinde is a professional football (soccer) player.,Julián Lalinde is a professional football (soccer) player.,Football (soccer).,Julián Lalinde is a professional football (soccer) player.,Julián Lalinde is a professional football (soccer) player.,Julián Lalinde is a professional football (soccer) player.,Julián Lalinde plays football (soccer).,Julián Lalinde is a professional football (soccer) player.,Julián Lalinde is a professional football (soccer) player.,Julián Lalinde plays football (soccer).,0,0,0,0,0,0,0,0,0,0,1.0,Julián Lalinde is a professional football (soccer) player.,CORRECT
5585,6381763,Curtains,producer,John Frusciante,2874699,164,647761,[],"[""Trickfinger"",""John Anthony Frusciante""]",http://www.wikidata.org/entity/Q899625,http://www.wikidata.org/entity/Q188980,Curtains (John Frusciante album),John Frusciante,1294,117346,Who was the producer of Curtains?,"[""John Frusciante"", ""Trickfinger"", ""John Anthony Frusciante""]",,,The producer of Curtains was Robert Shaye.,,,,,,,,0,0,1,0,0,0,0,0,0,0,0.9,,NOT_ATTEMPTED
781,2738040,Joachim Olsen,place of birth,Aalborg,1176463,218,858406,"[""Joachim Br\u00f8chner Olsen""]","[""\u00c5lborg""]",http://www.wikidata.org/entity/Q362151,http://www.wikidata.org/entity/Q25410,Joachim B. Olsen,Aalborg,329,10657,In what city was Joachim Olsen born?,"[""Aalborg"", ""Ålborg""]","Joachim Olsen was born in Copenhagen, Denmark.","Joachim Olsen was born in Copenhagen, Denmark.","Joachim Olsen was born in Copenhagen, Denmark.","He was born in Copenhagen, Denmark.","Joachim Olsen was born in Copenhagen, Denmark.",Joachim Olsen was born in Copenhagen.,"Joachim Olsen was born in Copenhagen, Denmark.","Joachim Olsen was born in Copenhagen, Denmark.","Joachim Olsen was born in Copenhagen, Denmark.","Joachim Olsen was born in Copenhagen, Denmark.",0,0,0,0,0,0,0,0,0,0,1.0,"Joachim Olsen was born in Copenhagen, Denmark.",INCORRECT
145,2376692,Tachibana no Moroe,occupation,poet,1034028,22,1548606,[],"[""poetess"",""bard""]",http://www.wikidata.org/entity/Q3135863,http://www.wikidata.org/entity/Q49757,Tachibana no Moroe,Poet,267,16182,What is Tachibana no Moroe's occupation?,"[""poet"", ""poetess"", ""bard""]",Tachibana no Moroe was a Japanese court noble who served as a high‑ranking statesman and minister in the Nara period.,Tachibana no Moroe was a high‑ranking Japanese court noble and statesman serving as a top minister in the Nara period.,Tachibana no Moroe was a high-ranking Heian court noble who served as a minister (Udaijin).,Tachib,Tachibana no Moroe was a Japanese court aristocrat who served as a high‑ranking statesman and minister in the Nara‑period imperial government.,Tachibana no Moroe was a Heian‑period court noble (high‑ranking aristocrat) who also served as a poet and diplomat.,"Tachibana no Moroe was a Japanese court noble and high‑ranking statesman, serving as a minister (Daijō‑daijin) in the Nara period.",Tachibana no Moroe was a high‑ranking Japanese court noble who served as a senior minister (kugyō) in the Nara‑period imperial government,He was a Japanese court noble who served as a high‑ranking statesman (minister) in the imperial government.,Tachibana no Moroe was a high‑ranking Japanese court noble and statesman (a minister of the imperial government).,0,0,1,2,0,3,0,0,1,1,0.5,Tachibana no Moroe was a Japanese court noble who served as a high‑ranking statesman and minister in the Nara period.,INCORRECT
5340,339797,Friday the 13th Part 2,producer,Steve Miner,136805,164,43366,[],[],http://www.wikidata.org/entity/Q1243009,http://www.wikidata.org/entity/Q107404,Friday the 13th Part 2,Steve Miner,83503,12576,Who was the producer of Friday the 13th Part 2?,"[""Steve Miner""]",The film was produced by Frank D.,Sean S. Cunningham.,The producer of *Friday the 13th Part 2* was Sean S. Cunningham.,Sean S. Cunningham.,Sean S. Cunningham.,The producer of *Friday the 13th Part 2* was Sean S. Cunningham.,Frank Mancuso Jr. was the producer of *Friday the 13th Part 2*.,Sean S. Cunningham.,Sean S. Cunningham.,The producer of *Friday the 13th Part 2* was Sean S. Cunningham.,0,1,1,1,1,1,2,1,1,1,0.8,Sean S. Cunningham.,INCORRECT
3242,6395978,Moses,father,Amram,2880569,257,1441837,"[""Moshe"",""Moshe Rabbeinu""]","[""Imran"",""Amran""]",http://www.wikidata.org/entity/Q9077,http://www.wikidata.org/entity/Q477527,Moses,Amram,131794,6864,Who is the father of Moses?,"[""Amram"", ""Imran"", ""Amran""]",Amram.,Moses' father was Amram.,Moses' father was Amram.,Amram.,Moses’ father was Amram.,Amram.,Moses' father is Amram.,Amram.,Moses' father was Amram.,Amram.,0,0,0,0,0,0,0,0,0,0,1.0,Amram.,CORRECT
7778,1398683,Ho Chi Minh City,capital of,South Vietnam,625763,97,584561,"[""Ho Chi Minh"",""S\u00e0i G\u00f2n"",""Sa\u00efgon"",""HCMC"",""Sai Gon"",""yo mum"",""Saigon""]","[""Republic of Vietnam""]",http://www.wikidata.org/entity/Q1854,http://www.wikidata.org/entity/Q180573,Ho Chi Minh City,South Vietnam,69663,41474,What is Ho Chi Minh City the capital of?,"[""State of Vietnam"", ""Associated State of Vietnam"", ""State of Vietnam"", ""State of Viet-Nam"", ""Independent State of Viet Nam"", ""Vietnam"", ""Việt Nam"", ""South Vietnam"", ""Republic of Vietnam"", ""Cochinchina"", ""Cochin-China""]","Ho Chi Minh City is not a capital—it is Vietnam’s largest city, while the country’s capital is Hanoi.","Ho Chi Minh City isn’t a capital—it’s Vietnam’s largest city, while",Ho Chi Minh City is not a capital—it is Vietnam’s largest city but the country’s capital is Hanoi.,Ho Chi Minh City is not the capital of any country—it is Vietnam’s largest city,"Ho Chi Minh City is not the capital of any country—it is Vietnam’s largest city, while the capital of Vietnam",Ho Chi Minh City is not a capital; it is a major city in Vietnam (the former capital of,Ho Chi Minh City is not the capital of any country—it is Vietnam’s largest city but the nation’s capital is Hanoi.,Ho Chi Minh City is not the capital,"Ho Chi Minh City is not a capital—it is Vietnam’s largest city, while the country’s capital is Hanoi.","Ho Chi Minh City is not the capital of any country—it is a major city in Vietnam, whose capital is Hanoi.",0,0,0,0,0,1,0,1,0,0,0.8,"Ho Chi Minh City is not a capital—it is Vietnam’s largest city, while the country’s capital is Hanoi.",INCORRECT
7937,1223423,Vienna,capital of,Austria-Hungary,544306,97,948831,"[""Wien"",""Vienna, Austria"",""W""]","[""Austro-Hungarian Empire"",""Dual Monarchy"",""Austria Hungary""]",http://www.wikidata.org/entity/Q1741,http://www.wikidata.org/entity/Q28513,Vienna,Austria-Hungary,122060,145879,What is Vienna the capital of?,"[""Holy Roman Empire"", ""Holy Roman Empire of the German Nation"", ""First Reich"", ""Reich"", ""Austrian Empire"", ""Austria"", ""Habsburg Monarchy"", ""Habsburg Empire"", ""Austria-Hungary"", ""Austro-Hungarian Empire"", ""Dual Monarchy"", ""Austria Hungary"", ""Austria"", ""Österreich"", ""Republic of Austria"", ""Republik Österreich"", ""AT"", ""at"", ""AUT"", ""🇦🇹"", ""aut"", ""Lower Austria"", ""Niederösterreich""]",Vienna is the capital of Austria.,Vienna is the capital of Austria.,Vienna is the capital city of Austria.,Vienna is the capital of Austria.,Vienna is the capital of Austria.,Vienna is the capital of Austria.,Vienna is the capital of Austria.,Vienna is the capital city of Austria.,Vienna is the capital of Austria.,Vienna is the capital of Austria.,0,0,0,0,0,0,0,0,0,0,1.0,Vienna is the capital of Austria.,CORRECT
1990,1861734,The Icicle Works,genre,alternative rock,818946,91,79782,"[""Icicle Works""]","[""alternative music"",""alt-rock"",""alternative"",""alt rock"",""pop\/rock"",""Alternative Rock""]",http://www.wikidata.org/entity/Q2412078,http://www.wikidata.org/entity/Q11366,The Icicle Works,Alternative rock,4577,138822,What genre is The Icicle Works?,"[""alternative rock"", ""alternative music"", ""alt-rock"", ""alternative"", ""alt rock"", ""pop/rock"", ""Alternative Rock""]",The Icicle Works is primarily classified as an alternative rock/new wave band.,The Icicle Works are generally classified as an alternative rock/new wave band.,The Icicle Works is primarily classified as an alternative rock (new‑wave/psychedelic pop) band.,The Icicle Works are primarily classified as an alternative rock (new‑wave) band.,The Icicle Works are primarily classified as an alternative rock/new wave band.,The Icicle Works are primarily classified as an alternative rock/new wave band.,The Icicle Works are primarily classified as an alternative rock/new wave band.,The Icicle Works is primarily classified as an alternative rock band with new‑wave and post‑punk influences.,The Icicle Works are primarily classified as an alternative rock/new wave band.,The Icicle Works is primarily classified as an alternative rock/new wave band.,0,0,0,0,0,0,0,0,0,0,1.0,The Icicle Works is primarily classified as an alternative rock/new wave band.,CORRECT
7668,649127,Tokyo,capital of,Japan,273933,97,502871,"[""T\u014dky\u014d"",""T\u00f4ky\u00f4"",""Tokyo-to"",""Tokyo Metropolitan prefecture"",""T\u014dky\u014d-to"",""T\u00f4ky\u00f4-to"",""Tokyo Metropolis"",""Tokio"",""Tokyo Prefecture""]","[""State of Japan"",""Land of the Rising Sun"",""Nihon"",""Nippon"",""JP"",""Nippon-koku"",""Nihon-koku"",""JA"",""JPN"",""jp"",""JAP"",""Ja"",""Jap""]",http://www.wikidata.org/entity/Q1490,http://www.wikidata.org/entity/Q17,Tokyo,Japan,205487,702414,What is Tokyo the capital of?,"[""Japan"", ""State of Japan"", ""Land of the Rising Sun"", ""Nihon"", ""Nippon"", ""JP"", ""Nippon-koku"", ""Nihon-koku"", ""JA"", ""JPN"", ""jp"", ""JAP"", ""Ja"", ""Jap"", ""Empire of Japan"", ""Japanese Empire"", ""Imperial Japan"", ""Great Empire of Japan"", ""Great Japanese Empire"", ""Αυτοκρατορία της Ιαπωνίας"", ""Japan"", ""occupation of Japan"", ""Japan"", ""Allied occupation of Japan"", ""Occupied Japan""]",Tokyo is the capital of Japan.,Tokyo is the capital of Japan.,Tokyo is the capital of Japan.,Tokyo is the capital of Japan.,Tokyo is the capital of Japan.,Tokyo is the capital of Japan.,Tokyo is the capital of Japan.,Tokyo is the capital of Japan.,Tokyo is the capital of Japan.,Tokyo is the capital of Japan.,0,0,0,0,0,0,0,0,0,0,1.0,Tokyo is the capital of Japan.,CORRECT
8776,1324871,Weekend,screenwriter,Jean-Luc Godard,588656,533,1722988,"[""Week-end""]","[""Jean Luc Godard""]",http://www.wikidata.org/entity/Q1812267,http://www.wikidata.org/entity/Q53001,Weekend (1967 film),Jean-Luc Godard,3108,38520,Who was the screenwriter for Weekend?,"[""Jean-Luc Godard"", ""Jean Luc Godard""]",Andrew Haigh.,The screenwriter for the 2011 film *Weekend* was Andrew Bujalski.,Andrew Haigh.,Andrew Haigh.,Andrew Haigh.,Andrew Haigh.,The screenwriter for *Weekend* was Andrew Haigh.,The screenwriter for *Weekend* was Andrew Haigh.,Andrew Haigh.,The screenwriter for *Weekend* was Andrew Haigh.,0,1,0,0,0,0,0,0,0,0,0.9,Andrew Haigh.,INCORRECT
10891,3953811,Dream On (An Indian Lullaby),composer,Victor Herbert,1726728,639,150469,"[""Dream On""]","[""Victor August Herbert""]",http://www.wikidata.org/entity/Q5306416,http://www.wikidata.org/entity/Q1275145,Dream On (An Indian Lullaby),Victor Herbert,152,2653,Who was the composer of Dream On (An Indian Lullaby)?,"[""Victor Herbert"", ""Victor August Herbert""]",,The composer of “Dream On (An Indian Lullaby)” is John McCarthy.,,,,,,The composer of “Dream On (An Indian Lullaby)” is James Horner.,The composer of “Dream On (An Indian,,0,1,0,0,0,0,0,2,2,0,0.7,,NOT_ATTEMPTED
14197,44382,Rwanda,capital,Kigali,18425,422,1233866,"[""Republic of Rwanda"",""rw"",""\ud83c\uddf7\ud83c\uddfc""]",[],http://www.wikidata.org/entity/Q1037,http://www.wikidata.org/entity/Q3859,Rwanda,Kigali,121103,20964,What is the capital of Rwanda?,"[""Kigali""]",Kigali.,The capital of Rwanda is Kigali.,The capital of Rwanda is Kigali.,Kigali.,The capital of Rwanda is Kigali.,Kigali.,The capital of Rwanda is Kigali.,Kigali.,Kigali.,Kigali.,0,0,0,0,0,0,0,0,0,0,1.0,Kigali.,CORRECT
6733,2026207,Second Skin,director,Gerardo Vera,888026,526,1302933,"[""Segunda piel""]","[""Gerardo Vera Perales""]",http://www.wikidata.org/entity/Q2636032,http://www.wikidata.org/entity/Q434588,Second Skin (1999 film),Gerardo Vera,423,140,Who was the director of Second Skin?,"[""Gerardo Vera"", ""Gerardo Vera Perales""]",,The director,The director of *Second Skin* was Chris Fisher.,The director of *Second Skin* was Robert Michael Lewis.,,,,The director of *Second Skin* was Christopher Le,,The director of *Second,0,1,2,3,0,0,0,4,0,4,0.5,,NOT_ATTEMPTED
6810,312835,Mother,director,Vsevolod Pudovkin,126538,526,1835148,[],"[""Vsevolod Illarionovich Pudovkin"",""Wsewolod Illarionowitsch Pudowkin""]",http://www.wikidata.org/entity/Q1214957,http://www.wikidata.org/entity/Q55195,Mother (1926 film),Vsevolod Pudovkin,1084,1976,Who was the director of Mother?,"[""Vsevolod Pudovkin"", ""Vsevolod Illarionovich Pudovkin"", ""Wsewolod Illarionowitsch Pudowkin""]",The film *Mother!* was directed by Darren Aronofsky.,The director of *Mother* was Darren Aronofsky.,The director of the film *Mother* is Bong Joon‑ho.,Bong Joon‑ho.,Bong Joon‑ho.,Darren Aronofsky.,Bong,Darren Aronofsky.,Darren Aronofsky.,Darren Aronofsky.,0,0,1,1,1,0,2,0,0,0,0.6,The film *Mother!* was directed by Darren Aronofsky.,INCORRECT
6479,2145986,4:30,director,Royston Tan,938763,526,1128863,[],"[""\u9648\u5b50\u8c26"",""Ch\u00e9n Z\u01d0qi\u0101n"",""T\u00e2n J\u00ed-khiam"",""Tan Ji-khiam""]",http://www.wikidata.org/entity/Q2816931,http://www.wikidata.org/entity/Q3446323,4:30,Royston Tan,460,1131,Who was the director of 4:30?,"[""Royston Tan"", ""陈子谦"", ""Chén Zǐqiān"", ""Tân Jí-khiam"", ""Tan Ji-khiam""]",,The director of *4:30* is Jann Turner.,,,,,,,,,0,1,0,0,0,0,0,0,0,0,0.9,,NOT_ATTEMPTED
3449,3824884,Dakhan,country,Iran,1668972,182,2753763,[],"[""Islamic Republic of Iran"",""Persia"",""ir"",""Islamic Rep. Iran"",""\ud83c\uddee\ud83c\uddf7""]",http://www.wikidata.org/entity/Q5209938,http://www.wikidata.org/entity/Q794,Dakhan,Iran,100,317291,In what country is Dakhan?,"[""Iran"", ""Islamic Republic of Iran"", ""Persia"", ""ir"", ""Islamic Rep. Iran"", ""🇮🇷""]",Dakhan is located in Iran.,Pakistan.,Pakistan.,Dakhan is in Pakistan.,Pakistan.,Pakistan.,Pakistan.,Dakhan is located in Pakistan.,Pakistan.,Pakistan.,0,1,1,1,1,1,1,1,1,1,0.9,Pakistan.,INCORRECT
10157,1574139,New Age,composer,Lou Reed,703103,639,648091,[],"[""Lewis Allen Reed"",""Lewis Allan Reed""]",http://www.wikidata.org/entity/Q2000508,http://www.wikidata.org/entity/Q189080,New Age (The Velvet Underground song),Lou Reed,766,191320,Who was the composer of New Age?,"[""Lou Reed"", ""Lewis Allen Reed"", ""Lewis Allan Reed""]",The New Age genre is most famously associated with composer Yanni.,The composer most closely associated with pioneering New Age music is Yanni.,New Age is a musical genre rather than the work of a single composer.,Yanni.,,Enya is widely recognized as a leading composer of New Age music.,The New,There isn’t a single composer of New Age—it's a musical genre created by many artists rather than one individual.,,,0,0,1,0,2,3,4,1,2,2,0.3,The New Age genre is most famously associated with composer Yanni.,INCORRECT
7468,1249018,The Saint,director,Phillip Noyce,556579,526,1791491,"[""Saint""]",[],http://www.wikidata.org/entity/Q1753817,http://www.wikidata.org/entity/Q543563,The Saint (1997 film),Phillip Noyce,17262,7382,Who was the director of The Saint?,"[""Phillip Noyce""]",The director of *The Saint* was Phillip Noyce.,The director of *The Saint* was Phillip Noyce.,The director of The Saint was Phillip Noyce.,John Paddy Carstairs.,The director of *The Saint* was Phillip Noyce.,The director of *The Saint* was Phillip Noyce.,The director of *The Saint* was Phillip Noyce.,The 1997 film *The Saint* was directed by Phillip Noyce.,The director of *The Saint* was Phillip Noyce.,The director of *The Saint* was Phillip Noyce.,0,0,0,1,0,0,0,0,0,0,0.9,The director of *The Saint* was Phillip Noyce.,CORRECT
507,4331418,Harding of Bristol,occupation,magistrate,1902618,22,1349099,"[""Harding (?)""]",[],http://www.wikidata.org/entity/Q5656139,http://www.wikidata.org/entity/Q4594605,Harding of Bristol,Magistrate,216,15457,What is Harding of Bristol's occupation?,"[""magistrate""]",Harding of Bristol was a merchant.,Harding of Bristol was a merchant.,"Harding of Bristol was a merchant, specifically a cloth trader.",Harding of Bristol was a merchant.,Harding of Bristol was a merchant.,"Harding of Bristol was a merchant, specifically involved in the cloth trade.",Harding of Bristol was a cloth merchant.,Harding of Bristol was a medieval cloth merchant.,Harding of Bristol was a merchant.,Harding of Bristol was a wool merchant.,0,0,0,0,0,0,0,0,0,0,1.0,Harding of Bristol was a merchant.,INCORRECT
12832,997764,Victoria,author,Knut Hamsun,426101,484,1271146,[],"[""Knut Pedersen Hamsun"",""Hamsun""]",http://www.wikidata.org/entity/Q1636184,http://www.wikidata.org/entity/Q40826,Victoria (novel),Knut Hamsun,530,9959,Who is the author of Victoria?,"[""Knut Hamsun"", ""Knut Pedersen Hamsun"", ""Hamsun""]",,,,The author of *Victoria* is Knut Hamsun.,The novel *Victoria* was written by Norwegian author Knut Hamsun.,,,,,,0,0,0,1,1,0,0,0,0,0,0.8,,NOT_ATTEMPTED
4129,3864448,Monti della Tolfa,country,Italy,1685963,182,1218153,[],"[""Italia"",""Italian Republic"",""IT"",""\ud83c\uddee\ud83c\uddf9"",""ITA""]",http://www.wikidata.org/entity/Q523409,http://www.wikidata.org/entity/Q38,Monti della Tolfa,Italy,182,403188,In what country is Monti della Tolfa?,"[""Italy"", ""Italia"", ""Italian Republic"", ""IT"", ""🇮🇹"", ""ITA""]",Italy.,Italy.,Italy.,Italy.,Italy.,Italy.,Italy.,Italy.,Italy.,Italy.,0,0,0,0,0,0,0,0,0,0,1.0,Italy.,CORRECT
14013,2440723,Cao Wei,capital,Luoyang,1058007,422,638073,"[""Wei"",""Ngai""]","[""Loyang"",""Jingluo"",""Luoyi"",""Shendu"",""Xijing""]",http://www.wikidata.org/entity/Q320930,http://www.wikidata.org/entity/Q187136,Cao Wei,Luoyang,11868,13819,What is the capital of Cao Wei?,"[""Luoyang"", ""Loyang"", ""Jingluo"", ""Luoyi"", ""Shendu"", ""Xijing""]",The capital of Cao Wei was Luoyang.,The capital of Cao Wei was Luoyang.,Luoyang.,The capital of Cao Wei was Luoyang.,The capital of Cao Wei was Luoyang.,The capital of Cao Wei was Luoyang.,Luoyang.,Luoyang.,Luoyang.,The capital of Cao Wei was Luoyang.,0,0,0,0,0,0,0,0,0,0,1.0,The capital of Cao Wei was Luoyang.,CORRECT
8043,4885842,Timecode,screenwriter,Mike Figgis,2152528,533,2376782,[],"[""Michael Lawrence Dundus Figgis"",""Michael Figgis""]",http://www.wikidata.org/entity/Q643771,http://www.wikidata.org/entity/Q710131,Timecode (2000 film),Mike Figgis,2348,12792,Who was the screenwriter for Timecode?,"[""Mike Figgis"", ""Michael Lawrence Dundus Figgis"", ""Michael Figgis""]",Mike Figgis.,Mike Figgis.,Mike Figgis.,The screenwriter for *Timecode* was Mike Figgis.,The screenplay for *Timecode* was written by Mike Figgis.,The screenwriter for *Timecode* was Mike Figgis.,Mike Figgis.,Mike Figgis.,Mike Figgis.,Mike Figgis.,0,0,0,0,0,0,0,0,0,0,1.0,Mike Figgis.,CORRECT
8159,2423920,Le Journal d'une femme en blanc,screenwriter,Jean Aurenche,1051566,533,2932026,"[""Journal d'une femme en blanc""]",[],http://www.wikidata.org/entity/Q3186821,http://www.wikidata.org/entity/Q978299,A Woman in White,Jean Aurenche,145,270,Who was the screenwriter for Le Journal d'une femme en blanc?,"[""Jean Aurenche""]",André Cayatte was the screenwriter for Le Journal,The screenplay was written by Jean‑Claude Roy.,The screenwriter for *Le Journal d’une femme en,,,,The screenplay was written by Jean‑Claude Carrière.,,The screenplay was written by **Jean‑Claude Carrière**.,The screenwriter was,0,1,2,3,3,3,4,3,4,4,0.4,,NOT_ATTEMPTED
8325,1924737,Pilot,screenwriter,Bill Prady,846063,533,2854650,"[""Aired Pilot"",""The Big Bang Theory pilot""]","[""William Scott Prady""]",http://www.wikidata.org/entity/Q2495939,http://www.wikidata.org/entity/Q862389,Pilot (The Big Bang Theory),Bill Prady,2993,8470,Who was the screenwriter for Pilot?,"[""Chuck Lorre"", ""Charles Michael Levine"", ""Bill Prady"", ""William Scott Prady""]",,,Vince Gilligan.,,Vince Gilligan.,,,,,,0,0,1,0,1,0,0,0,0,0,0.8,,NOT_ATTEMPTED
5733,2619693,A Matter of Honor,director,Rob Bowman,1128346,526,2314294,"[""mt""]","[""Rob Stanton Bowman"",""Rob S. Bowman""]",http://www.wikidata.org/entity/Q3444506,http://www.wikidata.org/entity/Q693016,A Matter of Honor,Rob Bowman (director),2423,3487,Who was the director of A Matter of Honor?,"[""Rob Bowman"", ""Rob Stanton Bowman"", ""Rob S. Bowman""]",,,,,James L. Conway.,Les Landau.,,The director of *A Matter of Honor* was Michael Pressman.,James L. Conway.,Robert Butler.,0,0,0,0,1,2,0,3,1,4,0.5,,NOT_ATTEMPTED
7509,2268833,Mother,director,Mikio Naruse,989730,526,208046,[],[],http://www.wikidata.org/entity/Q3005765,http://www.wikidata.org/entity/Q1371306,Mother (1952 film),Mikio Naruse,365,2582,Who was the director of Mother?,"[""Mikio Naruse""]",The director of the film *Mother* is Bong Joon‑ho.,The director of the film *Mother* is Bong Joon‑ho.,Bong Joon‑ho.,The film *Mother* (2017) was directed by Darren Aronofsky.,Bong,The director of the film *Mother* is Bong Joon‑ho.,The 2017 South Korean film *Mother* was directed by Bong Joon‑ho.,The director of *Mother* is Bong Joon‑ho.,Bong Joon‑ho.,Darren Aronofsky.,0,0,0,1,2,0,0,0,2,1,0.6,The director of the film *Mother* is Bong Joon‑ho.,INCORRECT
702,1349825,Fahd Ananta,place of birth,Dhaka,601498,218,193716,[],"[""Dacca"",""Dhaka City""]",http://www.wikidata.org/entity/Q18205178,http://www.wikidata.org/entity/Q1354,Fahd Ananta,Dhaka,127,81518,In what city was Fahd Ananta born?,"[""Dhaka"", ""Dacca"", ""Dhaka City""]",Surabaya.,Kuala Lumpur.,Moscow.,Moscow.,Surabaya.,He was born,Kuala Lumpur.,Jakarta.,Riyadh.,Jakarta.,0,1,2,2,0,3,1,4,5,4,0.2,Surabaya.,INCORRECT
8410,1450554,Exit the Vamp,screenwriter,Clara Beranger,648453,533,982645,[],"[""Clara Strouse"",""Clara S. Beranger""]",http://www.wikidata.org/entity/Q18914963,http://www.wikidata.org/entity/Q2975468,Exit the Vamp,Clara Beranger,74,308,Who was the screenwriter for Exit the Vamp?,"[""Clara Beranger"", ""Clara Strouse"", ""Clara S. Beranger""]",,,,,,,The screenplay for *Exit the Vamp* was written by John G.,The screenplay,The screenplay for Exit the Vamp was written by Ralph Spence.,The screenplay for *Exit,0,0,0,0,0,0,1,2,3,3,0.6,,NOT_ATTEMPTED
1838,5503612,Punishment,genre,soap opera,2450705,91,808453,[],"[""soap"",""soapie"",""soapopera""]",http://www.wikidata.org/entity/Q7260220,http://www.wikidata.org/entity/Q23739,Punishment (TV series),Soap opera,491,50456,What genre is Punishment?,"[""soap opera"", ""soap"", ""soapie"", ""soapopera""]",The film *Punishment* belongs to the psychological thriller genre.,Punishment is a drama genre work.,,Punishment is a thriller genre work.,Punishment is a thriller.,,Punishment is a thriller genre work.,Punishment is a thriller.,,,0,1,2,0,0,2,0,0,2,2,0.5,The film *Punishment* belongs to the psychological thriller genre.,INCORRECT
4069,612520,Joy,country,United States of America,250917,182,988513,[],"[""the United States of America"",""America"",""U.S.A."",""USA"",""U.S."",""US"",""the US"",""the USA"",""US of A"",""the United States"",""U. S. A."",""U. S."",""the States"",""the U.S."",""'Merica"",""U.S"",""United States"",""'Murica""]",http://www.wikidata.org/entity/Q14680988,http://www.wikidata.org/entity/Q30,"Joy, Arkansas",United States,63,1629691,In what country is Joy?,"[""United States of America"", ""the United States of America"", ""America"", ""U.S.A."", ""USA"", ""U.S."", ""US"", ""the US"", ""the USA"", ""US of A"", ""the United States"", ""U. S. A."", ""U. S."", ""the States"", ""the U.S."", ""'Merica"", ""U.S"", ""United States"", ""'Murica""]",United States.,United States.,Joy is located in the United States.,,United States.,United States.,Joy is set in the United States.,United States.,Joy is located in the United States.,United States.,0,0,0,1,0,0,0,0,0,0,0.9,United States.,CORRECT
3676,4965470,Likiep Airport,country,Marshall Islands,2190206,182,2371940,"[""LIK""]","[""Republic of the Marshall Islands"",""Aolep\u0101n Aor\u014dkin M\u0327aje\u013c"",""mh"",""\ud83c\uddf2\ud83c\udded"",""MHL""]",http://www.wikidata.org/entity/Q6547308,http://www.wikidata.org/entity/Q709,Likiep Airport,Marshall Islands,126,81710,In what country is Likiep Airport?,"[""Marshall Islands"", ""Republic of the Marshall Islands"", ""Aolepān Aorōkin M̧ajeļ"", ""mh"", ""🇲🇭"", ""MHL""]",Likiep Airport is located in the Marshall Islands.,Likiep Airport is located in the Marshall Islands.,Likiep Airport is located in the Marshall Islands.,Likiep Airport is located in the Marshall Islands.,Likiep Airport is in the Marshall Islands.,Likiep Airport is located in the Marshall Islands.,Likiep Airport is located in the Marshall Islands.,Likiep Airport is located in the Marshall Islands.,Likiep Airport is located in the Marshall Islands.,Likiep Airport is located in the Marshall Islands.,0,0,0,0,0,0,0,0,0,0,1.0,Likiep Airport is located in the Marshall Islands.,CORRECT
13604,3406780,August Coppola,mother,Italia Coppola,1466316,292,362129,"[""August Floyd Coppola""]","[""Italia Pennino"",""Italia Pennino Coppola""]",http://www.wikidata.org/entity/Q4820677,http://www.wikidata.org/entity/Q16016103,August Coppola,Italia Coppola,16762,5994,Who is the mother of August Coppola?,"[""Italia Coppola"", ""Italia Pennino"", ""Italia Pennino Coppola""]",,August Coppola’s mother was Eleanor Coppola (née Neilson).,August Coppola's mother is Italia Coppola (née Pennino).,,Eleanor Coppola (née Neilson).,,Italia Pennino.,,Italia Pennino.,August Coppola’s mother was Joy Vogelsang.,0,1,2,0,1,0,2,0,2,3,0.4,,NOT_ATTEMPTED
10038,2073588,Love,composer,John Lennon,908320,639,120017,[],"[""John Winston Ono Lennon"",""John Winston Lennon"",""Lennon John"",""John Ono Lennon""]",http://www.wikidata.org/entity/Q2703182,http://www.wikidata.org/entity/Q1203,Love (John Lennon song),John Lennon,1635,453988,Who was the composer of Love?,"[""John Lennon"", ""John Winston Ono Lennon"", ""John Winston Lennon"", ""Lennon John"", ""John Ono Lennon""]",The composer of the song “Love” is John Lennon.,The composer of the song “Love” is John Lennon.,The composer of the song “Love” is John Lennon.,The composer of the song “Love” is John Lennon.,John Lennon.,,John Lennon.,The composer of the song “Love” is John Lennon.,John Lennon.,John Lennon.,0,0,0,0,0,1,0,0,0,0,0.9,The composer of the song “Love” is John Lennon.,CORRECT
8528,6525032,Loft,screenwriter,Kiyoshi Kurosawa,2928844,533,1767793,[],[],http://www.wikidata.org/entity/Q973377,http://www.wikidata.org/entity/Q53834,Loft (2005 film),Kiyoshi Kurosawa,1062,21199,Who was the screenwriter for Loft?,"[""Kiyoshi Kurosawa""]",,,The screenplay for The Loft was written by James Vanderbilt.,,,,The screenwriters for The Loft were James,,James Vanderbilt.,,0,0,1,0,0,0,1,0,1,0,0.7,,NOT_ATTEMPTED
4918,1239812,Our Love,producer,Dan Snaith,551234,164,17982,[],"[""Caribou"",""Daphni"",""Manitoba"",""Daniel Snaith"",""Daniel Victor Snaith""]",http://www.wikidata.org/entity/Q17508598,http://www.wikidata.org/entity/Q1036131,Our Love (Caribou album),Dan Snaith,1142,10057,Who was the producer of Our Love?,"[""Dan Snaith"", ""Caribou"", ""Daphni"", ""Manitoba"", ""Daniel Snaith"", ""Daniel Victor Snaith""]",,Giorgio,The producer of “Our Love” was Giorgio Moroder.,The producer of “Our Love” was Giorgio Moroder.,Giorgio Moroder.,The producer of “Our Love” was Giorgio Moroder.,The producer of “Our Love”,,Giorgio Moroder.,,0,0,1,1,1,1,2,0,1,0,0.5,The producer of “Our Love” was Giorgio Moroder.,INCORRECT
10642,4203116,Gentleman,composer,Lou Bega,1843312,639,2010319,[],"[""David Lubega""]",http://www.wikidata.org/entity/Q5533714,http://www.wikidata.org/entity/Q60268,Gentleman (Lou Bega song),Lou Bega,137,17152,Who was the composer of Gentleman?,"[""Lou Bega"", ""David Lubega""]",The song “Gentleman” was composed by Psy (Park Jae‑sang).,"The composer of “Gentleman” is Park Jae‑sang, known professionally as Psy.",The song “Gentleman” was composed,The song “Gentleman” was composed by South Korean artist Psy (Park Jae‑sang).,,The song “Gentleman” was composed by its performer Psy (Park Jae‑sang).,,The composer of “Gentleman” is Park Jae‑sang (PSY).,The composer of “Gentleman” is PSY.,The song “,0,0,0,0,1,0,1,0,0,2,0.7,The song “Gentleman” was composed by Psy (Park Jae‑sang).,INCORRECT
9875,5964017,The Weekend,screenwriter,Meredith Stiehm,2677473,533,1800655,[],[],http://www.wikidata.org/entity/Q7774125,http://www.wikidata.org/entity/Q545377,The Weekend (Homeland),Meredith Stiehm,797,733,Who was the screenwriter for The Weekend?,"[""Meredith Stiehm""]",John Augustus.,,,,The screen,The screenwriter for *The Weekend* is John Morrell.,The screenwriter for *The Weekend* was Jeff,,,,0,1,1,1,2,3,4,1,1,1,0.6,,NOT_ATTEMPTED
6409,1126309,The Fog,director,Rupert Wainwright,494160,526,2927785,"[""Fog""]",[],http://www.wikidata.org/entity/Q1697426,http://www.wikidata.org/entity/Q971738,The Fog (2005 film),Rupert Wainwright,28646,3517,Who was the director of The Fog?,"[""Rupert Wainwright""]",The director of *The Fog* was John Carpenter.,John Carpenter directed *The Fog*.,John Carpenter was the director of *The Fog*.,The director of *The Fog* was John Carpenter.,John Carpenter directed *The Fog*.,John Carpenter.,The director of *The Fog* was John Carpenter.,The director of *The Fog* was John Carpenter.,The director of *The Fog* is John Carpenter.,John Carpenter directed *The Fog*.,0,0,0,0,0,0,0,0,0,0,1.0,The director of *The Fog* was John Carpenter.,INCORRECT
4927,5240458,The Mist,producer,Frank Darabont,2322393,164,978304,"[""Mist""]",[],http://www.wikidata.org/entity/Q695209,http://www.wikidata.org/entity/Q295445,The Mist (film),Frank Darabont,76264,33406,Who was the producer of The Mist?,"[""Frank Darabont""]",Frank Darabont.,Frank Darabont.,The film *The Mist* was produced by Frank Marshall.,,,,"The Mist was produced by Michael Bay, Bradley Fuller, and Andrew Form.",Frank Marshall.,The Mist was produced by Frank,,0,0,1,2,2,2,3,1,1,2,0.4,,NOT_ATTEMPTED
2198,2781298,Studio,genre,electronic music,1193805,91,2931668,[],"[""electrosonic""]",http://www.wikidata.org/entity/Q3706724,http://www.wikidata.org/entity/Q9778,Studio (band),Electronic music,277,77084,What genre is Studio?,"[""electronic music"", ""electrosonic""]",,,,,,,,,,,0,0,0,0,0,0,0,0,0,0,1.0,,NOT_ATTEMPTED
5506,1291661,Last Night,producer,Massy Tadjedin,574714,164,1390342,[],[],http://www.wikidata.org/entity/Q1783318,http://www.wikidata.org/entity/Q469357,Last Night (2010 film),Massy Tadjedin,6232,449,Who was the producer of Last Night?,"[""Massy Tadjedin""]",,The producer of “Last Night” (by The Strokes) was Gordon Raphael.,,,The producer of “Last Night” was Gordon Raphael.,,Gordon Raphael.,,The producer of “Last Night” (The Strokes) was Gordon Raphael.,Gordon Raphael,0,1,0,0,1,0,1,0,1,2,0.5,,NOT_ATTEMPTED
8952,99233,Crisis,screenwriter,Ingmar Bergman,38244,533,2581863,[],"[""Ernst Ingmar Bergman""]",http://www.wikidata.org/entity/Q1066211,http://www.wikidata.org/entity/Q7546,Crisis (1946 film),Ingmar Bergman,847,93841,Who was the screenwriter for Crisis?,"[""Ingmar Bergman"", ""Ernst Ingmar Bergman""]",David S. Goyer.,,The screenplay for *,The screenwriter for *Crisis* was David L. Cunningham.,Rand Ravich.,,,Matt Nix.,David S. Goyer.,Rand Ravich.,0,1,2,3,4,1,1,5,0,4,0.3,,NOT_ATTEMPTED
6718,1009462,The Wonders,director,Alice Rohrwacher,431337,526,1614617,"[""Wonders"",""Le meraviglie""]",[],http://www.wikidata.org/entity/Q16448753,http://www.wikidata.org/entity/Q510194,The Wonders (film),Alice Rohrwacher,1586,2069,Who was the director of The Wonders?,"[""Alice Rohrwacher""]",Alice Rohrwacher.,Alice Rohrwacher.,Alice Rohrbacher.,The director of *The Wonders* is Alice Rohrwacher.,Alice Rohrwacher.,The director of *The Wonders* is Alice Rohrwacher.,The director of *The Wonders* is Alice Rohrwacher.,The director of *The Wonders* is Mario Martone.,The director of *The Wonders* is Alice Rohrwacher.,Alice Rohrwacher.,0,0,1,0,0,0,0,2,0,0,0.8,Alice Rohrwacher.,CORRECT
3117,3022488,Ludmila Zeman,father,Karel Zeman,1294001,257,939598,"[""Ludmila Spalena"",""Ludmila Zemanova""]","[""\u0417\u0435\u043c\u0430\u043d \u041a\u0430\u0440\u0435\u043b"",""Karla Zemana"",""\u041a\u0430\u0440\u0435\u043b \u0417\u0435\u043c\u0430\u043d""]",http://www.wikidata.org/entity/Q4276792,http://www.wikidata.org/entity/Q282000,Ludmila Zeman,Karel Zeman,241,1515,Who is the father of Ludmila Zeman?,"[""Karel Zeman"", ""Земан Карел"", ""Karla Zemana"", ""Карел Земан""]",Ludmila Zeman’s father is the Czech painter Zdeněk Zeman.,Her father was Jiří Zeman.,Ludmila Zeman’s father is the renowned Czech filmmaker Karel Zeman.,Karel Zeman.,,Her father is Jan Zeman.,Karel Zeman.,,Ludmila Zeman’s father is Zdeněk Zeman.,,0,1,2,2,3,4,2,3,0,3,0.3,Ludmila Zeman’s father is the renowned Czech filmmaker Karel Zeman.,CORRECT
7896,1627734,Roma,capital of,Maranoa Region,724068,97,38702,"[""Roma, Queensland"",""Roma, Queensland, Australia""]","[""Maranoa Regional""]",http://www.wikidata.org/entity/Q2063327,http://www.wikidata.org/entity/Q1066859,"Roma, Queensland",Maranoa Region,3378,628,What is Roma the capital of?,"[""Maranoa Region"", ""Maranoa Regional""]",Roma is the capital city of Italy.,Roma is the capital of Italy.,Rome is the capital of Italy.,Rome is the capital of Italy.,Roma is the capital of Italy.,Rome is the capital city of Italy.,Rome is the capital of Italy.,Rome is the capital of Italy.,Rome is the capital city of Italy.,Rome is the capital of Italy.,0,0,0,0,0,0,0,0,0,0,1.0,Roma is the capital city of Italy.,INCORRECT
7754,1361418,Windsor,capital of,Essex County,606794,97,2914364,"[""Windsor, Ontario""]","[""Essex County, Ontario""]",http://www.wikidata.org/entity/Q182625,http://www.wikidata.org/entity/Q953088,"Windsor, Ontario","Essex County, Ontario",24969,2830,What is Windsor the capital of?,"[""Essex County"", ""Essex County, Ontario""]",,,,,Windsor is not a capital city;,,,,,,0,0,0,0,1,0,0,0,0,0,0.9,,NOT_ATTEMPTED
10899,5686757,Sandhya,composer,Baburaj,2535719,639,1475684,[],[],http://www.wikidata.org/entity/Q7416288,http://www.wikidata.org/entity/Q4838100,Sandhya (film),M. S. Baburaj,138,3987,Who was the composer of Sandhya?,"[""Baburaj""]",,,,,,Ilaiyaraaja.,,Ilaiy,,,0,0,0,0,0,0,0,0,0,0,1.0,,NOT_ATTEMPTED
4219,3509583,Billions,producer,Alla Nazimova,1516061,164,801117,[],"[""Nazimova""]",http://www.wikidata.org/entity/Q4912006,http://www.wikidata.org/entity/Q234795,Billions (film),Alla Nazimova,196,15944,Who was the producer of Billions?,"[""Alla Nazimova"", ""Nazimova""]",Brian Kavanaugh‑Jones.,The series Billions was produced by Brian Koppelman (alongside co‑creators David Levien and Andrew Ross Sorkin).,The series *Bill,Brian Kavanaugh‑Jones.,The series *Billions* was produced by Brian Koppelman (along with co‑creators David Levien and Andrew Ross).,The primary producer of *Billions* is Brian Kavanaugh‑Jones.,The series Billions was produced by Brian Kavanaugh‑Jones.,Brian Kopp.,The series *Billions* was produced by Brian Kavanaugh‑Jones.,Brian Kavanaugh‑Jones.,0,1,2,0,1,0,2,1,0,0,0.5,Brian Kavanaugh‑Jones.,INCORRECT
8545,5965570,The Woods,screenwriter,Matthew Lessner,2678220,533,2263602,"[""Woods""]",[],http://www.wikidata.org/entity/Q7775747,http://www.wikidata.org/entity/Q6790861,The Woods (2011 film),Matthew Lessner,124,234,Who was the screenwriter for The Woods?,"[""Matthew Lessner""]",The screenwriter for *The Woods* was John R,Stephen Susco,The screenwriters for The Woods were Lucky McKee and Nick Castle.,Lucky McKee.,The screenwriters for *The,,,,,,0,1,2,2,2,3,3,3,3,3,0.5,,NOT_ATTEMPTED
2760,1350703,Gevherhan Hatun,father,Mehmed the Conqueror,601921,257,1129557,"[""Gevher Sultan""]","[""Mehmed bin Murad Khan"",""Mehmed II"",""Mehmet II""]",http://www.wikidata.org/entity/Q18206133,http://www.wikidata.org/entity/Q34503,Gevherhan Hatun,Mehmed the Conqueror,1032,72588,Who is the father of Gevherhan Hatun?,"[""Mehmed the Conqueror"", ""Mehmed bin Murad Khan"", ""Mehmed II"", ""Mehmet II""]",Bayezid II.,Bayezid II.,Bayezid II.,Bayezid II.,Bayezid II.,Gevherhan Hatun’s father was Sultan Mehmed II.,Gevherhan Hatun’s father was Sultan Bayezid II.,Gevherhan Hatun’s father was Sultan Bayezid II.,Bayezid II.,Gevherhan Hatun was the daughter of Sultan Mehmed II.,0,0,0,0,0,1,0,0,0,2,0.8,Bayezid II.,INCORRECT
13189,5409905,Pearl,author,John Arden,2405147,484,1856701,[],[],http://www.wikidata.org/entity/Q7158026,http://www.wikidata.org/entity/Q555621,Pearl (radio play),John Arden,70,1033,Who is the author of Pearl?,"[""John Arden""]",,The author of *The Pearl* is John Steinbeck.,John Steinbeck.,,,,,John Steinbeck.,John Steinbeck.,,0,1,1,0,0,0,0,1,1,0,0.6,,NOT_ATTEMPTED
8644,3440084,The Classic,screenwriter,Kwak Jae-yong,1483725,533,1479507,"[""'' The Classic ''"",""Classic""]",[],http://www.wikidata.org/entity/Q485525,http://www.wikidata.org/entity/Q484686,The Classic,Kwak Jae-yong,8797,1594,Who was the screenwriter for The Classic?,"[""Kwak Jae-yong""]",The screenwriter for The Classic was Lee Yoon‑jung,The screenplay for The Classic was written by Kwak Jae‑yong.,The screenwriter for The Classic was Kwak Jae‑yong.,The screenwriter for The Classic was,The screenwriter for *The Classic,The screenwriter for *,Kwak Jae‑yong.,The screenwriter for The Classic was Kwak Jae,The screenwriter for The Classic was Kwak Jae‑yong.,Kwak Jae‑yong.,0,1,1,1,1,2,1,1,1,1,0.8,The screenplay for The Classic was written by Kwak Jae‑yong.,CORRECT
2034,4427910,Caprica,genre,science fiction,1946851,91,844831,[],"[""SF"",""scifi"",""sci Fi"",""sci-Fi"",""science-fiction"",""sci fi"",""sciencefiction""]",http://www.wikidata.org/entity/Q579554,http://www.wikidata.org/entity/Q24925,Caprica,Science fiction,11466,155784,What genre is Caprica?,"[""science fiction"", ""SF"", ""scifi"", ""sci Fi"", ""sci-Fi"", ""science-fiction"", ""sci fi"", ""sciencefiction""]",Caprica is a science‑fiction television series.,Caprica is a science‑fiction drama television series.,Science fiction.,Caprica is a science‑fiction drama television series.,Caprica is a science‑fiction drama television series.,Caprica is a science‑fiction television series.,Caprica is a science‑fiction drama television series.,Caprica is a science‑fiction drama television series.,Caprica is a science‑fiction drama television series.,Caprica is a science‑fiction drama series.,0,0,0,0,0,0,0,0,0,0,1.0,Caprica is a science‑fiction television series.,CORRECT
8662,1856052,Teresa,screenwriter,Stewart Stern,816640,533,801112,[],"[""Stewart Henry Stern""]",http://www.wikidata.org/entity/Q2404559,http://www.wikidata.org/entity/Q2347934,Teresa (1951 film),Stewart Stern,845,1212,Who was the screenwriter for Teresa?,"[""Stewart Stern"", ""Stewart Henry Stern""]",,Luis Alcoriza.,,,,The screenwriter for *Teresa* was John D. Miller.,,John Paxton.,,The screenwriter for the film *Teresa* was Robert E. Kent.,0,1,0,0,0,2,0,3,0,4,0.6,,NOT_ATTEMPTED
5826,5927641,The Gamble,director,Tom Ricketts,2658768,526,1154752,"[""Gamble""]",[],http://www.wikidata.org/entity/Q7735669,http://www.wikidata.org/entity/Q3530860,The Gamble (1916 film),Tom Ricketts,61,979,Who was the director of The Gamble?,"[""Tom Ricketts""]",The film *The Gamble* was directed by John,,,The Gamble was directed by James,,,,,,,0,1,1,2,1,1,1,1,1,1,0.8,,NOT_ATTEMPTED
13681,488408,Cordillera Administrative Region,capital,Baguio,200168,422,605251,"[""CAR""]","[""City of Baguio"",""Baguio City"",""Baguio, Benguet""]",http://www.wikidata.org/entity/Q13606,http://www.wikidata.org/entity/Q1822,Cordillera Administrative Region,Baguio,25227,27318,What is the capital of Cordillera Administrative Region?,"[""Baguio"", ""City of Baguio"", ""Baguio City"", ""Baguio, Benguet""]",The capital of the Cordillera Administrative Region is Baguio City.,Baguio City is the capital of the Cordillera Administrative Region.,Baguio City.,Baguio.,Baguio City.,Baguio City.,Baguio City.,Baguio.,Baguio City.,Baguio.,0,0,0,0,0,0,0,0,0,0,1.0,The capital of the Cordillera Administrative Region is Baguio City.,CORRECT
9513,1371350,Daughter,screenwriter,Koo Hye-sun,611611,533,809138,[],"[""Goo Hye-sun"",""Ku Hye-sun"",""Ku Hye-seon"",""Koo Hye-sun"",""Goo Hye-seon"",""Gu hye- seon""]",http://www.wikidata.org/entity/Q18350443,http://www.wikidata.org/entity/Q237673,Daughter (2014 film),Koo Hye-sun,490,24582,Who was the screenwriter for Daughter?,"[""Koo Hye-sun"", ""Goo Hye-sun"", ""Ku Hye-sun"", ""Ku Hye-seon"", ""Koo Hye-sun"", ""Goo Hye-seon"", ""Gu hye- seon""]",,Larysa Kondracki.,The screenwriter for *Daughter* was Liza Johnson.,Liza Johnson.,,,,,The film *Daughter* was written by Selma Saleh.,,0,1,2,2,0,0,0,0,3,0,0.6,,NOT_ATTEMPTED
9444,1050467,Fly,screenwriter,Sam Catlin,449721,533,2530522,[],[],http://www.wikidata.org/entity/Q16745119,http://www.wikidata.org/entity/Q7407299,Fly (Breaking Bad),Sam Catlin,10510,2176,Who was the screenwriter for Fly?,"[""Moira Walley-Beckett"", ""Moira Walley"", ""Moira Walley-Becket"", ""Moira Wally"", ""Moria Wally"", ""Sam Catlin""]","The screenwriter for ""The Fly"" was Charles Edward Pogue.",The screenwriter for *The Fly* was Charles Edward Pogue.,Charles Edward Pogue.,The screenwriter for The Fly was Charles Edward Pogue.,Charles Edward Pogue.,Charles Edward Pogue.,The screenwriter for *The Fly* was Charles Edward Pogue.,Charles Edward Pogue.,The screenwriter for The Fly was Charles Edward Pogue.,The screenwriter for *The Fly* was Charles Edward Pogue.,0,0,0,0,0,0,0,0,0,0,1.0,"The screenwriter for ""The Fly"" was Charles Edward Pogue.",INCORRECT
4682,1646720,10 Years,producer,Armin van Buuren,731268,164,2084529,[],"[""AvB"",""Armin Jozef Jacobus Dani\u00ebl van Buuren"",""Amsterdance"",""Perpetuous Dreamer"",""AVB"",""Problem Boy"",""Rising Star"",""The Shoeshine Factory""]",http://www.wikidata.org/entity/Q2083096,http://www.wikidata.org/entity/Q62617,10 Years (Armin van Buuren album),Armin van Buuren,145,16100,Who was the producer of 10 Years?,"[""Armin van Buuren"", ""AvB"", ""Armin Jozef Jacobus Daniël van Buuren"", ""Amsterdance"", ""Perpetuous Dreamer"", ""AVB"", ""Problem Boy"", ""Rising Star"", ""The Shoeshine Factory""]",The film *10 Years* (,,,,The film “10 Years,,,,,,0,1,1,1,0,1,1,1,1,1,0.8,,NOT_ATTEMPTED
13593,2865292,Lincoln Stedman,mother,Myrtle Stedman,1227666,292,720316,[],[],http://www.wikidata.org/entity/Q3832582,http://www.wikidata.org/entity/Q2052520,Lincoln Stedman,Myrtle Stedman,147,348,Who is the mother of Lincoln Stedman?,"[""Myrtle Stedman""]",Myrtle Stedman.,Lincoln Stedman's mother was the actress Myrtle Stedman.,Lincoln Stedman's mother was the actress Myrtle Stedman.,Myrtle Stedman.,Lincoln Stedman's mother was actress Myrtle Stedman.,Lincoln Stedman's mother was the actress Myrtle Stedman.,,Myrtle Stedman.,Lincoln Stedman's mother was actress Myrtle Stedman.,Myrtle Stedman.,0,0,0,0,0,0,1,0,0,0,0.9,Myrtle Stedman.,CORRECT
5607,2378618,Anonymous,producer,John Orloff,1034784,164,1220737,[],[],http://www.wikidata.org/entity/Q313819,http://www.wikidata.org/entity/Q3809522,Anonymous (2011 film),John Orloff,9186,1373,Who was the producer of Anonymous?,"[""John Orloff"", ""Roland Emmerich""]",The film *Anonymous,,The,,The film *Anonymous* (2011) was produced by Michael Bay.,Roland Emmerich.,,Roland Emmerich.,Ridley Scott.,Michael Bay.,0,1,1,1,2,3,1,3,4,2,0.4,,NOT_ATTEMPTED
10892,3374639,Arkansas,composer,Wayland Holyfield,1451058,639,175278,"[""Arkansas (You Run Deep In Me)""]",[],http://www.wikidata.org/entity/Q4791724,http://www.wikidata.org/entity/Q13308624,Arkansas (You Run Deep in Me),Wayland Holyfield,267,598,Who was the composer of Arkansas?,"[""Wayland Holyfield""]",,,The composer of the state song “Arkansas” was Eva,The composer of the song “Arkansas” is Eva Ware Barnett.,,,The composer of the state song “Arkansas” is Eva Ware Barnett.,The composer of the Arkansas state song is Eva Ware Barnett.,Eva L. Barnett.,The state song “Arkansas” was composed by Eva Ware Barnett.,0,0,1,2,0,0,2,2,3,2,0.4,,NOT_ATTEMPTED
8013,1853187,Brussels Capital Region,capital of,Western European Union,815434,97,652727,"[""Brussels Region"",""Brussels"",""BE-BRU"",""Bruxelles-Capitale"",""BXL"",""20e"",""04000"",""BHG"",""Brussel"",""Brussels Gewest"",""Bruxelles"",""Brussel-Hoofdstad"",""R\u00e9gion Bruxellois"",""Brussels-Capital Region""]",[],http://www.wikidata.org/entity/Q240,http://www.wikidata.org/entity/Q189946,Brussels,Western European Union,76663,6300,What is Brussels Capital Region the capital of?,"[""Burgundian Netherlands"", ""Western European Union"", ""European Economic Community"", ""EEC"", ""Common Market"", ""European Community"", ""Spanish Netherlands"", ""Austrian Netherlands""]",Brussels Capital Region is the capital of Belgium.,Brussels Capital Region is the capital of Belgium.,Brussels Capital Region is the capital of Belgium.,Brussels Capital Region is the capital of Belgium.,Brussels Capital Region is the capital of Belgium.,Brussels Capital Region is the capital of Belgium.,Brussels Capital Region is the capital of Belgium.,Brussels Capital Region is the capital of Belgium.,Brussels Capital Region is the capital of Belgium.,Brussels Capital Region is the capital of Belgium.,0,0,0,0,0,0,0,0,0,0,1.0,Brussels Capital Region is the capital of Belgium.,INCORRECT
3682,6258787,Eschbronn,country,Germany,2826106,182,607728,[],"[""FRG"",""BRD"",""Bundesrepublik Deutschland"",""Federal Republic of Germany"",""de"",""Deutschland"",""GER"",""BR Deutschland"",""DE""]",http://www.wikidata.org/entity/Q81251,http://www.wikidata.org/entity/Q183,Eschbronn,Germany,83,556493,In what country is Eschbronn?,"[""Germany"", ""FRG"", ""BRD"", ""Bundesrepublik Deutschland"", ""Federal Republic of Germany"", ""de"", ""Deutschland"", ""GER"", ""BR Deutschland"", ""DE""]",Germany.,Germany.,Germany.,Germany.,Germany.,Germany.,Eschbronn is located in Germany.,Germany.,Germany.,Eschbronn is located in Germany.,0,0,0,0,0,0,0,0,0,0,1.0,Germany.,CORRECT
5349,280292,The Assault,producer,Fons Rademakers,113334,164,1399022,"[""Assault""]",[],http://www.wikidata.org/entity/Q1192213,http://www.wikidata.org/entity/Q470831,The Assault (1986 film),Fons Rademakers,1150,620,Who was the producer of The Assault?,"[""Fons Rademakers""]",Rob Houwer.,Matthijs van Heijningen was the producer of *The Assault*.,The producer of *The Assault* was Matthijs van Heijningen.,The producer of *The Assault* was Matthijs van Heijningen.,Matthijs van Heijningen was the producer of *The Assault*.,The producer of *The Assault* was Matthijs van Heijningen.,The producer of *The Assault* was Fons Rademakers.,The producer of *The Assault* was Rob Houben.,The producer of *The Assault* was Matthijs van Heijningen.,Matthijs van Heijningen was the producer of *The Assault*.,0,1,1,1,1,1,2,3,1,1,0.7,Matthijs van Heijningen was the producer of *The Assault*.,INCORRECT
10972,2754334,Calling You,composer,Bob Telson,1183043,639,1527907,[],[],http://www.wikidata.org/entity/Q3650880,http://www.wikidata.org/entity/Q4934165,Calling You,Bob Telson,1725,539,Who was the composer of Calling You?,"[""Bob Telson""]",Bob Telson.,Bob Telson.,The composer of “Calling You” is Eric Woolfson.,The composer of “Calling You” is Robert O. Berg.,The song “Calling You” was composed by Robert Miller.,Bob Telson.,,Bob Telson.,Bob Telson.,Bob Telson.,0,0,1,2,3,0,4,0,0,0,0.6,Bob Telson.,CORRECT
898,2018481,Dawson Turner,place of birth,Great Yarmouth,885017,218,808055,"[""Turner""]","[""Yarmouth""]",http://www.wikidata.org/entity/Q2628753,http://www.wikidata.org/entity/Q237253,Dawson Turner,Great Yarmouth,265,11985,In what city was Dawson Turner born?,"[""Great Yarmouth"", ""Yarmouth""]",Dawson Turner was born in London.,London.,London.,He was born in London.,Dawson Turner was born in London.,London.,London.,London.,London.,London.,0,0,0,0,0,0,0,0,0,0,1.0,Dawson Turner was born in London.,INCORRECT
10020,5056791,Friday,screenwriter,Ice Cube,2234455,533,540575,[],"[""O'Shea Jackson""]",http://www.wikidata.org/entity/Q673486,http://www.wikidata.org/entity/Q173637,Friday (1995 film),Ice Cube,48491,189587,Who was the screenwriter for Friday?,"[""Ice Cube"", ""O'Shea Jackson""]",The screenwriters for *Friday* were Ice Cube and DJ Pooh.,The film *Friday* was written by Ice Cube and DJ Pooh.,The film *Friday* was written by Ice Cube and DJ Pooh.,The film “Friday” was written by Ice Cube and DJ Pooh.,The film *Friday* was written by Ice Cube and DJ Pooh.,Ice Cube co‑wrote the film “Friday” with DJ Pooh.,The film Friday was written by Ice Cube and DJ Pooh.,The screenplay for *Friday* was written by Ice Cube and DJ Pooh.,The screenwriters for *Friday* were Ice Cube and DJ Pooh.,The screenplay for *Friday* was written by Ice Cube and DJ Pooh.,0,0,0,0,0,0,0,0,0,0,1.0,The screenwriters for *Friday* were Ice Cube and DJ Pooh.,INCORRECT
12361,6037440,Trouble,author,Cat Stevens,2711890,484,312391,[],"[""Steven Demetre Georgiou"",""Yusuf Islam"",""Yusuf"",""00029617177 IPI""]",http://www.wikidata.org/entity/Q7846388,http://www.wikidata.org/entity/Q154216,Trouble (Cat Stevens song),Cat Stevens,660,148420,Who is the author of Trouble?,"[""Cat Stevens"", ""Steven Demetre Georgiou"", ""Yusuf Islam"", ""Yusuf"", ""00029617177 IPI""]",The author of *Trouble* is Kate Christensen.,,Kate Christ,The author of *Trouble* is Kate Christensen.,The novel *Trouble* was,,The author of *Trouble* is Andrew McGahan.,Kate Christensen.,The author of *Trouble* is Kate Christensen.,,0,1,0,0,2,1,3,0,0,1,0.5,The author of *Trouble* is Kate Christensen.,INCORRECT
4055,1344035,Lincoln,country,United States of America,599055,182,988513,"[""Lincoln, Rhode Island""]","[""the United States of America"",""America"",""U.S.A."",""USA"",""U.S."",""US"",""the US"",""the USA"",""US of A"",""the United States"",""U. S. A."",""U. S."",""the States"",""the U.S."",""'Merica"",""U.S"",""United States"",""'Murica""]",http://www.wikidata.org/entity/Q1816735,http://www.wikidata.org/entity/Q30,"Lincoln, Rhode Island",United States,1752,1629691,In what country is Lincoln?,"[""United States of America"", ""the United States of America"", ""America"", ""U.S.A."", ""USA"", ""U.S."", ""US"", ""the US"", ""the USA"", ""US of A"", ""the United States"", ""U. S. A."", ""U. S."", ""the States"", ""the U.S."", ""'Merica"", ""U.S"", ""United States"", ""'Murica""]",United Kingdom.,"Lincoln is located in England, United Kingdom.","Lincoln is a city in England, United Kingdom.",Lincoln is located in the United Kingdom.,United Kingdom.,Lincoln is located in the United Kingdom.,"Lincoln is a city in England, United Kingdom.",Lincoln is located in the United Kingdom.,"Lincoln is a city in England, United Kingdom.","Lincoln is a city in England, United Kingdom.",0,0,0,0,0,0,0,0,0,0,1.0,United Kingdom.,INCORRECT
3183,1782512,George Washington,father,Augustine Washington,787893,257,2636090,"[""Washington"",""President Washington"",""G. Washington"",""Father of the United States"",""The American Fabius""]","[""Augustine Washington Sr.""]",http://www.wikidata.org/entity/Q23,http://www.wikidata.org/entity/Q768342,George Washington,Augustine Washington,350454,11495,Who is the father of George Washington?,"[""Augustine Washington"", ""Augustine Washington Sr.""]",Augustine Washington.,Augustine Washington.,George Washington’s father was Augustine Washington.,Augustine Washington.,Augustine Washington.,George Washington’s father was Augustine Washington.,George Washington’s father was Augustine Washington.,George Washington’s father was Augustine Washington.,Augustine Washington.,Augustine Washington.,0,0,0,0,0,0,0,0,0,0,1.0,Augustine Washington.,CORRECT
4225,383822,Gladiator,producer,Ridley Scott,154952,164,1877257,[],"[""Sir Ridley Scott""]",http://www.wikidata.org/entity/Q128518,http://www.wikidata.org/entity/Q56005,Gladiator (2000 film),Ridley Scott,326466,306528,Who was the producer of Gladiator?,"[""Ridley Scott"", ""Sir Ridley Scott""]",The film Gladiator (2000) was produced by Douglas Wick.,"The producers of the 2000 film *Gladiator* were Douglas Wick, David Franzoni, and Branko",The film Gladiator (2000) was produced by Douglas Wick.,The producers of *Gladiator* were Douglas Wick and Branko Lustig.,Douglas Wick (along with co‑producers David Franzoni and Branko Lust,The film *Gladiator* was produced by Douglas Wick.,The film *Gladiator* was produced by Douglas Wick and David Franzoni.,The film *Gladiator* was produced by Douglas Wick (along with co‑producers Branko Lustig and David Franzoni).,The film Gladiator was produced by Douglas Wick.,The film *Gladiator* was produced by Douglas Wick and David Franzoni,0,1,0,2,3,2,1,3,2,1,0.3,"The producers of the 2000 film *Gladiator* were Douglas Wick, David Franzoni, and Branko",INCORRECT
12673,908143,Reflex,author,Steven Gould,385873,484,236628,[],"[""Steven Charles Gould""]",http://www.wikidata.org/entity/Q16165991,http://www.wikidata.org/entity/Q1434925,Reflex (novel),Steven Gould,4740,5418,Who is the author of Reflex?,"[""Steven Gould"", ""Steven Charles Gould""]",,,,,,,,,,,0,0,0,0,0,0,0,0,0,0,1.0,,NOT_ATTEMPTED
7438,6074502,The Greatest,director,Monte Hellman,2731151,526,2908927,"[""Greatest""]","[""Monte Jay Himmelman"",""Monte Himmelbaum""]",http://www.wikidata.org/entity/Q788767,http://www.wikidata.org/entity/Q945188,The Greatest (1977 film),Monte Hellman,7252,4082,Who was the director of The Greatest?,"[""Tom Gries"", ""Thomas Stephen Gries"", ""Monte Hellman"", ""Monte Jay Himmelman"", ""Monte Himmelbaum""]",The director of *The Greatest* was Michael Anderson.,The director of *The Greatest* was Shana Feste.,The film *The Greatest* was directed by Michael Apted.,The director of *The Greatest* was Bobby Roth.,,The 1977 television film *The Greatest,Tom Gries.,The director of *The Greatest* was Shana Feste.,,,0,1,2,3,4,5,6,1,4,4,0.3,,NOT_ATTEMPTED
3895,1714799,Neodesha,country,United States of America,757908,182,988513,"[""Neodesha, Kansas""]","[""the United States of America"",""America"",""U.S.A."",""USA"",""U.S."",""US"",""the US"",""the USA"",""US of A"",""the United States"",""U. S. A."",""U. S."",""the States"",""the U.S."",""'Merica"",""U.S"",""United States"",""'Murica""]",http://www.wikidata.org/entity/Q2184904,http://www.wikidata.org/entity/Q30,"Neodesha, Kansas",United States,846,1629691,In what country is Neodesha?,"[""United States of America"", ""the United States of America"", ""America"", ""U.S.A."", ""USA"", ""U.S."", ""US"", ""the US"", ""the USA"", ""US of A"", ""the United States"", ""U. S. A."", ""U. S."", ""the States"", ""the U.S."", ""'Merica"", ""U.S"", ""United States"", ""'Murica""]",Neodesha is located in the United States.,Neodesha is located in the United States.,"Neodesha is a city located in the United States, specifically in the state of Kansas.","Neodesha is located in the United States, specifically in the state of Kansas.","Neodesha is located in the United States, specifically in the state of Kansas.",Neodesha is located in the United States.,"Neodesha is located in the United States, specifically in the state of Kansas.","Neodesha is located in the United States, specifically in the state of Kansas.",Neodesha is located in the United States.,"Neodesha is located in the United States, specifically in the state of Kansas.",0,0,0,0,0,0,0,0,0,0,1.0,Neodesha is located in the United States.,CORRECT
6244,5772019,Six Weeks,director,Tony Bill,2578008,526,1978240,[],"[""Gerard Anthony Bill""]",http://www.wikidata.org/entity/Q7532915,http://www.wikidata.org/entity/Q588745,Six Weeks,Tony Bill,1457,5899,Who was the director of Six Weeks?,"[""Tony Bill"", ""Gerard Anthony Bill""]",The director of *Six Weeks* was Walter Grauman.,The film *Six Weeks* was directed by Bernard Girard.,The director of *Six Weeks* was Walter Grauman.,The director of *Six Weeks* was Robert Mulligan.,The director of *Six Weeks* was Donald Wrye.,The director of *Six Weeks* was Larry Peerce.,The director of *Six Weeks* was Walter Grauman.,The director of *Six Weeks* was Larry Peerce.,The director of *Six Weeks* was Robert Markowitz.,The director of *Six Weeks* was Richard Lang.,0,1,0,2,3,4,0,4,5,6,0.3,The director of *Six Weeks* was Walter Grauman.,INCORRECT
10760,247503,The Telephone,composer,Gian Carlo Menotti,99671,639,909867,"[""The Telephone, or L'amour \u00e0 trois""]",[],http://www.wikidata.org/entity/Q1170527,http://www.wikidata.org/entity/Q270662,The Telephone (opera),Gian Carlo Menotti,578,12324,Who was the composer of The Telephone?,"[""Gian Carlo Menotti""]",The composer of *The Telephone* is Gian Carlo Menotti.,The composer of *The Telephone* is Gian Carlo Menotti.,The composer of *The Telephone* was Gian Carlo Menotti.,The composer of *The Telephone* is Gian Carlo Menotti.,The composer of *The Telephone* is Gian Carlo Menotti.,Gian Carlo Menotti.,The composer of *The Telephone* was Gian Carlo Menotti.,Gian Carlo Menotti.,Gian Carlo Menotti.,The composer of *The Telephone* was Gian Carlo Menotti.,0,0,0,0,0,0,0,0,0,0,1.0,The composer of *The Telephone* is Gian Carlo Menotti.,CORRECT
7265,4914151,Lan,director,Jiang Wenli,2166704,526,1212424,[],[],http://www.wikidata.org/entity/Q6482785,http://www.wikidata.org/entity/Q377593,Lan (film),Jiang Wenli,238,1226,Who was the director of Lan?,"[""Jiang Wenli""]",,,,,,,,,,,0,0,0,0,0,0,0,0,0,0,1.0,,NOT_ATTEMPTED
99,5586772,Rinaldo del Mel,occupation,composer,2489918,22,1189033,"[""Renato de Melle""]",[],http://www.wikidata.org/entity/Q7334576,http://www.wikidata.org/entity/Q36834,Rinaldo del Mel,Composer,62,28389,What is Rinaldo del Mel's occupation?,"[""composer""]",Rinaldo del Mel was a Renaissance composer.,Rinaldo del Mel was a Renaissance composer.,Rinaldo del Mel was an Italian Renaissance composer.,Rinaldo del Mel was a Renaissance composer.,Rinaldo del Mel was a Renaissance composer.,Rinaldo del Mel was a Renaissance composer.,Rinaldo del Mel was an Italian composer.,Rinaldo del Mel was an Italian composer.,Rinaldo del Mel was a Renaissance composer.,Rinaldo del Mel was an Italian composer.,0,0,0,0,0,0,1,1,0,1,0.7,Rinaldo del Mel was a Renaissance composer.,CORRECT
4494,4634648,A Beginning,producer,George Martin,2042467,164,658529,[],"[""Sir George Henry Martin"",""Sir George Martin""]",http://www.wikidata.org/entity/Q614577,http://www.wikidata.org/entity/Q191819,A Beginning,George Martin,455,39606,Who was the producer of A Beginning?,"[""George Martin"", ""Sir George Henry Martin"", ""Sir George Martin""]",,,,,,,,,,,0,0,0,0,0,0,0,0,0,0,1.0,,NOT_ATTEMPTED
9723,1312124,15 Minutes,screenwriter,John Herzfeld,583345,533,1079665,[],[],http://www.wikidata.org/entity/Q180395,http://www.wikidata.org/entity/Q328814,15 Minutes,John Herzfeld,4878,1601,Who was the screenwriter for 15 Minutes?,"[""John Herzfeld""]",John McNamara.,,John Herzf​eld.,,,John McNamara.,,,John Herzfeld.,John Herzfeld.,0,1,2,1,1,0,1,1,2,2,0.5,,NOT_ATTEMPTED
1641,481133,Micro,genre,techno-thriller,196688,91,1951477,[],"[""technothriller""]",http://www.wikidata.org/entity/Q1356447,http://www.wikidata.org/entity/Q580850,Micro (novel),Techno-thriller,2251,6571,What genre is Micro?,"[""techno-thriller"", ""technothriller""]",Micro is a genre of microfiction.,Micro is a puzzle‑platformer video game.,Micro is a micro‑fiction (very short story) genre.,,,Micro is a microfiction literary genre.,"Micro is a literary genre of ultra‑short fiction, often called microfiction.",Micro is a microfiction genre.,,,0,1,0,2,2,0,2,0,2,2,0.5,,NOT_ATTEMPTED
3816,4997958,Forbes Shire,country,Australia,2205947,182,1270922,"[""Forbes""]","[""Commonwealth of Australia"",""AU"",""AUS"",""au"",""British Colony of Australia"",""\ud83c\udde6\ud83c\uddfa"",""Straya"",""Aussieland""]",http://www.wikidata.org/entity/Q664896,http://www.wikidata.org/entity/Q408,Forbes Shire,Australia,235,713574,In what country is Forbes Shire?,"[""Australia"", ""Commonwealth of Australia"", ""AU"", ""AUS"", ""au"", ""British Colony of Australia"", ""🇦🇺"", ""Straya"", ""Aussieland""]",Forbes Shire is located in Australia.,Australia.,Forbes Shire is located in Australia.,Forbes Shire is located in Australia.,Forbes Shire is located in Australia.,Forbes Shire is located in Australia.,Forbes Shire is located in Australia.,Forbes Shire is located in Australia.,Forbes Shire is located in Australia.,Forbes Shire is located in Australia.,0,0,0,0,0,0,0,0,0,0,1.0,Forbes Shire is located in Australia.,CORRECT
8646,5919049,The Cost,screenwriter,David Simon,2654381,533,2430282,[],"[""David Judah Simon""]",http://www.wikidata.org/entity/Q7727706,http://www.wikidata.org/entity/Q720435,The Cost (The Wire),David Simon,2820,28666,Who was the screenwriter for The Cost?,"[""Ed Burns"", ""David Simon"", ""David Judah Simon""]",,The screenwriter for *The Cost,,,The screenwriter for *The Cost* was John K. O'Brien.,,,,,The screenwriter for *The Cost* was William Bowers.,0,1,0,0,1,0,0,0,0,1,0.7,,NOT_ATTEMPTED
9144,5360356,Out of Time,screenwriter,Rob Grant,2382577,533,2492983,[],"[""Robert Grant""]",http://www.wikidata.org/entity/Q7111653,http://www.wikidata.org/entity/Q7340163,Out of Time (Red Dwarf),Rob Grant,367,1839,Who was the screenwriter for Out of Time?,"[""Rob Grant"", ""Robert Grant""]",,The screenplay for *Out,,The screenplay for *Out of Time* was written by Frank C. Clarke.,,The screenplay for *Out of Time* was written by Carol Doyle and Jeff Nathanson,The screenwriter for *Out of Time* was Carl Ellsworth.,The screenplay for *Out of Time* was written by Richard Kelly and Michael Reisz.,The screenwriter for *Out of Time* was Carl Ellsworth.,The screenwriter for *Out of Time* was Randall Robinson.,0,1,0,2,0,3,1,1,1,1,0.5,The screenplay for *Out,NOT_ATTEMPTED
11553,4637050,Shuto Suzuki,sport,association football,2043455,560,920845,[],"[""football"",""soccer""]",http://www.wikidata.org/entity/Q6148375,http://www.wikidata.org/entity/Q2736,Shuto Suzuki,Association football,39,197767,What sport does Shuto Suzuki play?,"[""association football"", ""football"", ""soccer""]",Baseball.,Baseball.,Shuto Suzuki is a professional baseball player.,Baseball.,Baseball.,Baseball.,Baseball.,Baseball.,He plays baseball.,,0,0,0,0,0,0,0,0,0,1,0.9,Baseball.,INCORRECT
11699,5324216,Cam Ward,sport,ice hockey,2364400,560,1279430,[],[],http://www.wikidata.org/entity/Q707642,http://www.wikidata.org/entity/Q41466,Cam Ward,Ice hockey,2355,59363,What sport does Cam Ward play?,"[""ice hockey""]",Ice hockey.,Cam Ward is a professional ice hockey goaltender.,Cam Ward plays professional ice hockey as a goaltender.,Ice hockey.,Ice hockey.,Ice hockey.,Cam Ward is a professional ice hockey goaltender.,Cam Ward is a professional ice hockey goaltender.,Ice hockey.,Cam Ward plays ice hockey.,0,0,0,0,0,0,0,0,0,0,1.0,Ice hockey.,CORRECT
237,4402552,Alan Huckle,occupation,diplomat,1934357,22,665281,"[""Alan Edden Huckle""]",[],http://www.wikidata.org/entity/Q575354,http://www.wikidata.org/entity/Q193391,Alan Huckle,Diplomat,188,14886,What is Alan Huckle's occupation?,"[""diplomat""]","Alan Huckle is a British diplomat who served as a colonial administrator, including as Governor of the British Virgin Islands and the Cayman Islands.",Alan Huckle is a British diplomat.,Alan Huckle is a British diplomat.,Alan Huckle is a British diplomat who served as a colonial governor in territories such as Anguilla and the British Virgin Islands.,Alan Huckle is a British diplomat who served as a colonial governor.,"Alan Huckle is a British diplomat who served as a colonial administrator, including as Governor of the British Virgin Islands.",Alan Huckle is a British diplomat.,Alan Huckle is a British diplomat.,Alan Huckle is a British diplomat.,Alan Huckle is a British diplomat.,0,0,0,1,1,1,1,1,1,1,0.7,Alan Huckle is a British diplomat who served as a colonial governor in territories such as Anguilla and the British Virgin Islands.,CORRECT
1600,475726,In Hell,genre,action film,194463,91,645780,[],"[""action movie"",""film action"",""movie action"",""action""]",http://www.wikidata.org/entity/Q1355015,http://www.wikidata.org/entity/Q188473,In Hell,Action film,4980,99831,What genre is In Hell?,"[""action film"", ""action movie"", ""film action"", ""movie action"", ""action""]",In Hell is an action‑thriller film.,In Hell is an action‑thriller film.,In Hell is a horror film.,In Hell is an action‑thriller film.,In Hell is an action‑martial‑arts film.,In Hell is an action‑thriller film.,"""In Hell"" is an action‑thriller film.",In Hell is an action‑thriller film.,In Hell is an action‑thriller martial‑arts film.,In Hell is an action‑thriller film.,0,0,1,0,2,0,0,0,2,0,0.7,In Hell is an action‑thriller film.,CORRECT
3740,4589572,Katmai National Park and Preserve,country,United States of America,2024141,182,988513,[],"[""the United States of America"",""America"",""U.S.A."",""USA"",""U.S."",""US"",""the US"",""the USA"",""US of A"",""the United States"",""U. S. A."",""U. S."",""the States"",""the U.S."",""'Merica"",""U.S"",""United States"",""'Murica""]",http://www.wikidata.org/entity/Q609902,http://www.wikidata.org/entity/Q30,Katmai National Park and Preserve,United States,6479,1629691,In what country is Katmai National Park and Preserve?,"[""United States of America"", ""the United States of America"", ""America"", ""U.S.A."", ""USA"", ""U.S."", ""US"", ""the US"", ""the USA"", ""US of A"", ""the United States"", ""U. S. A."", ""U. S."", ""the States"", ""the U.S."", ""'Merica"", ""U.S"", ""United States"", ""'Murica""]","Katmai National Park and Preserve is located in the United States, specifically in the state of Alaska.","Katmai National Park and Preserve is located in the United States, specifically in the state of Alaska.","Katmai National Park and Preserve is located in the United States, specifically in the state of Alaska.","Katmai National Park and Preserve is located in the United States, specifically in the state of Alaska.",Katmai National Park and Preserve is located in the United States (Alaska).,"Katmai National Park and Preserve is located in the United States, specifically in the state of Alaska.","Katmai National Park and Preserve is located in the United States, specifically in the state of Alaska.","Katmai National Park and Preserve is located in the United States, specifically in the state of Alaska.","Katmai National Park and Preserve is located in the United States, in the state of Alaska.","Katmai National Park and Preserve is located in the United States, specifically in the state of Alaska.",0,0,0,0,0,0,0,0,0,0,1.0,"Katmai National Park and Preserve is located in the United States, specifically in the state of Alaska.",CORRECT
10591,4298867,Guru,composer,Ilaiyaraaja,1886111,639,915691,[],"[""Ilayaraja"",""Ilaya Raja"",""Raja""]",http://www.wikidata.org/entity/Q5620328,http://www.wikidata.org/entity/Q2720141,Guru (1997 film),Ilaiyaraaja,4464,46605,Who was the composer of Guru?,"[""Ilaiyaraaja"", ""Ilayaraja"", ""Ilaya Raja"", ""Raja""]",A. R. Rahman composed the music for *Guru*.,The music for *Guru* was composed by A. R. Rahman.,A. R. Rahman composed the music for *Guru*.,The composer of *Guru* was A. R. Rahman.,The composer of *Guru* is A. R. Rahman.,A.R. Rahman.,A. R. Rahman composed the music for *Guru*.,The music for *Guru* was composed by A. R. Rahman.,The composer of *Guru* was A. R. Rahman.,A. R. Rahman composed the music for the film *Guru*.,0,0,0,0,0,0,0,0,0,0,1.0,A. R. Rahman composed the music for *Guru*.,INCORRECT
12380,6161418,What's Become of Waring,author,Anthony Powell,2778317,484,1929635,[],[],http://www.wikidata.org/entity/Q7990742,http://www.wikidata.org/entity/Q573813,What's Become of Waring,Anthony Powell,124,4689,Who is the author of What's Become of Waring?,"[""Anthony Powell""]",,,,The author of *What’s Become of Waring?,,,,The author of “What’s Become of Waring?” is Henry James.,James Hilton.,,0,0,0,1,0,0,0,1,2,0,0.7,,NOT_ATTEMPTED
10699,3772899,Forever Young,composer,Jerry Goldsmith,1642004,639,801898,[],"[""Jerrald King Goldsmith""]",http://www.wikidata.org/entity/Q515218,http://www.wikidata.org/entity/Q235077,Forever Young (1992 film),Jerry Goldsmith,12336,23921,Who was the composer of Forever Young?,"[""Jerry Goldsmith"", ""Jerrald King Goldsmith""]","The song “Forever Young” was composed by Alphaville’s members Marian Gold, Bernhard Lloyd and Frank Mertens.",,,"The song “Forever Young” was composed by Alphaville members Marian Gold, Bernhard Lloyd, and Frank Mertens.","The song “Forever Young” was composed by Alphaville members Marian Gold, Bernhard Lloyd",Bob Dylan.,,The song “Forever Young” was composed by Alphaville’s,The song “Forever Young” was written by Alphaville’s members Marian,The song “Forever Young” was written by Alphaville members Marian Gold,0,1,1,0,0,2,1,0,0,0,0.6,"The song “Forever Young” was composed by Alphaville’s members Marian Gold, Bernhard Lloyd and Frank Mertens.",INCORRECT
1469,5291073,Nightdreamers,genre,novella,2348024,91,279622,[],[],http://www.wikidata.org/entity/Q7033783,http://www.wikidata.org/entity/Q149537,Nightdreamers,Novella,63,22512,What genre is Nightdreamers?,"[""novella""]",Nightdreamers is a visual novel with romance and drama elements.,Nightdreamers is a visual novel (eroge) game.,Nightdreamers is an erotic visual novel (eroge).,"Nightdreamers is a visual‑novel game that blends romance, drama, and mystery elements.",Nightdreamers is a horror‑themed visual novel.,Nightdreamers is a visual novel.,Nightdreamers is a visual novel (romance/sci‑fi) game.,Nightdreamers is a hentai visual novel (adult romance) game.,Nightdreamers is a visual‑novel romance game.,Nightdreamers is a visual‑novel–style adventure game.,0,1,1,0,2,2,3,4,4,3,0.2,Nightdreamers is a visual novel with romance and drama elements.,INCORRECT
11528,4727928,John Muse,sport,polo,2080110,560,182982,[],"[""equestrian polo""]",http://www.wikidata.org/entity/Q6250003,http://www.wikidata.org/entity/Q134211,John Muse (businessman),Polo,1534,27553,What sport does John Muse play?,"[""polo"", ""equestrian polo""]",John Muse is a professional baseball player.,John Muse plays baseball.,John Muse plays baseball.,John Muse is a professional baseball player.,Baseball.,John Muse is a baseball player.,John Muse plays baseball.,John Muse is a professional baseball pitcher.,John Muse is a professional baseball player.,John Muse is a professional baseball player.,0,0,0,0,0,0,0,0,0,0,1.0,John Muse is a professional baseball player.,INCORRECT
9034,5925571,The Fight,screenwriter,Gene Stupnitsky,2657714,533,1842342,[],[],http://www.wikidata.org/entity/Q7733796,http://www.wikidata.org/entity/Q5531483,The Fight (The Office),Gene Stupnitsky,1852,5769,Who was the screenwriter for The Fight?,"[""Gene Stupnitsky"", ""Lee Eisenberg""]",,,,,,,,Eli Despres.,,,0,0,0,0,0,0,0,1,0,0,0.9,,NOT_ATTEMPTED
1392,6378580,Brand New,genre,alternative rock,2873429,91,79782,[],"[""alternative music"",""alt-rock"",""alternative"",""alt rock"",""pop\/rock"",""Alternative Rock""]",http://www.wikidata.org/entity/Q897754,http://www.wikidata.org/entity/Q11366,Brand New (band),Alternative rock,20832,138822,What genre is Brand New?,"[""alternative rock"", ""alternative music"", ""alt-rock"", ""alternative"", ""alt rock"", ""pop/rock"", ""Alternative Rock""]",Brand New is primarily classified as an American alternative rock/emo band.,Brand New is primarily an American alternative/indie rock band with strong emo influences.,Brand New is primarily classified as an alternative/indie rock band with strong emo influences.,Brand New is primarily classified as an alternative/indie rock band with strong emo influences.,Brand New is primarily classified as an alternative/indie rock band with strong emo influences.,Brand New is primarily an American alternative/indie rock band often associated with emo and post‑hardcore genres.,Brand New is primarily classified as an alternative rock/emo band.,Brand New is primarily classified as an American alternative/emo rock band.,Brand New is primarily classified as an American emo/alternative rock band.,Brand New is primarily an alternative/indie rock band with strong emo influences.,0,0,1,1,1,1,1,0,0,1,0.6,Brand New is primarily classified as an alternative/indie rock band with strong emo influences.,CORRECT
13341,1442210,Cool,author,Dallas Austin,644956,484,2913151,[],"[""Dallas L. Austin""]",http://www.wikidata.org/entity/Q1882159,http://www.wikidata.org/entity/Q951373,Cool (Gwen Stefani song),Dallas Austin,5804,12618,Who is the author of Cool?,"[""Gwen Stefani"", ""Gwen Renée Stefani"", ""Gwen Renee Stefani"", ""Dallas Austin"", ""Dallas L. Austin""]",,,,,,,,,,,0,0,0,0,0,0,0,0,0,0,1.0,,NOT_ATTEMPTED
10543,6383571,In the Garden,composer,Van Morrison,2875477,639,916431,[],"[""George Morrison"",""George Ivan Morrison"",""Sir George Morrison"",""Sir George Ivan Morrison"",""Van the Man""]",http://www.wikidata.org/entity/Q9008229,http://www.wikidata.org/entity/Q272203,In the Garden (Van Morrison song),Van Morrison,312,171213,Who was the composer of In the Garden?,"[""Van Morrison"", ""George Morrison"", ""George Ivan Morrison"", ""Sir George Morrison"", ""Sir George Ivan Morrison"", ""Van the Man""]",C. Austin Miles.,The hymn “In the Garden” was composed by C. Austin Miles.,C. Austin Miles.,C. Austin Miles.,C. Austin Miles.,The composer of “In the Garden” was C. Austin Miles.,,C. Austin Miles.,C. Austin Miles.,C. Austin Miles.,0,0,0,0,0,0,1,0,0,0,0.9,C. Austin Miles.,INCORRECT
13256,5922043,The Discarded,author,Harlan Ellison,2655897,484,1026086,[],"[""Harlan Jay Ellison""]",http://www.wikidata.org/entity/Q7730297,http://www.wikidata.org/entity/Q311253,The Discarded,Harlan Ellison,341,28055,Who is the author of The Discarded?,"[""Harlan Ellison"", ""Harlan Jay Ellison""]",,,,,,,,The author of *The Discarded* is James Frey.,,,0,0,0,0,0,0,0,1,0,0,0.9,,NOT_ATTEMPTED
13566,3004935,Adrestia,mother,Aphrodite,1286966,292,1160342,[],"[""Cytherea""]",http://www.wikidata.org/entity/Q4217252,http://www.wikidata.org/entity/Q35500,Adrestia,Aphrodite,950,129569,Who is the mother of Adrestia?,"[""Aphrodite"", ""Cytherea""]",Adrestia’s mother is the goddess Aph,Aphrodite.,Aphrodite.,Aphrodite.,Adrestia’s mother is the goddess Aphrodite.,Adrestia’s mother is the goddess Aphrodite.,Aphrodite.,Aphrodite.,The mother of Adrestia is Aphrodite.,Adrestia’s mother is Aphrodite.,0,1,1,1,1,1,1,1,1,1,0.9,Aphrodite.,CORRECT
13269,2707685,Two Women,author,Alberto Moravia,1165046,484,389633,"[""La Ciociara""]","[""Alberto Pincherle""]",http://www.wikidata.org/entity/Q3566664,http://www.wikidata.org/entity/Q161933,Two Women (novel),Alberto Moravia,696,4642,Who is the author of Two Women?,"[""Alberto Moravia"", ""Alberto Pincherle""]",Alberto Moravia.,Alberto Moravia.,The author of *Two Women* is Alberto Moravia.,Alberto Moravia.,Alberto Moravia.,Alberto Moravia.,Alberto Moravia.,Alberto Moravia.,Alberto Moravia.,Alberto Moravia.,0,0,0,0,0,0,0,0,0,0,1.0,Alberto Moravia.,CORRECT
7452,1460181,Chicago,director,Rob Marshall,652522,526,1155958,[],[],http://www.wikidata.org/entity/Q189889,http://www.wikidata.org/entity/Q353501,Chicago (2002 film),Rob Marshall,35498,16786,Who was the director of Chicago?,"[""Rob Marshall""]",Rob Marshall.,Rob Marshall.,Rob Marshall.,Rob Marshall.,Rob Marshall.,The director of the 2002 film *Chicago* was Rob Marshall.,Rob Marshall.,Rob Marshall.,Rob Marshall.,Rob Marshall directed the 2002 film adaptation of *Chicago*.,0,0,0,0,0,0,0,0,0,0,1.0,Rob Marshall.,CORRECT
2855,1401999,Arjuna,father,Indra,627111,257,154112,[],"[""Ahih\u00e1n"",""Indran"",""Ahihan"",""Indiran"",""Meghavahana"",""Vritrahan"",""Sakra"",""Sakka"",""Vajrapani"",""Vasava"",""\u0907\u0928\u094d\u0926\u094d\u0930""]",http://www.wikidata.org/entity/Q185790,http://www.wikidata.org/entity/Q128335,Arjuna,Indra,50033,55202,Who is the father of Arjuna?,"[""Indra"", ""Ahihán"", ""Indran"", ""Ahihan"", ""Indiran"", ""Meghavahana"", ""Vritrahan"", ""Sakra"", ""Sakka"", ""Vajrapani"", ""Vasava"", ""इन्द्र""]",Arjuna’s father is King Pandu.,Arjuna’s father is King Pandu.,"Arjuna’s father is the Pandava prince Yudhishthira’s elder brother, the god Krishna — specifically, the deity Krishna (as an incarnation of Vishnu) is considered his divine father.",Arjuna’s father is King Pandu.,"The father of Arjuna is the Pandava prince Yudhishthira’s elder brother, the god Krishna — specifically, the celestial archer Arjuna is the son of Indra.",Arjuna’s father is King Pandu.,Arjuna’s father is King Pandu.,Pandu.,Arjuna’s father is King Pandu.,Arjuna’s father is King Pandu.,0,0,1,0,2,0,0,0,0,0,0.8,Arjuna’s father is King Pandu.,INCORRECT
12593,4544503,Ignition City,author,Warren Ellis,2003760,484,1778905,[],"[""Warren Girard Ellis""]",http://www.wikidata.org/entity/Q5992987,http://www.wikidata.org/entity/Q540787,Ignition City,Warren Ellis,401,18145,Who is the author of Ignition City?,"[""Warren Ellis"", ""Warren Girard Ellis""]",The author of *Ignition City* is James Lovegrove.,,,,The author of *Ignition City,The,,,,,0,1,1,1,0,1,1,1,1,1,0.8,,NOT_ATTEMPTED
3899,5189030,Contest,country,France,2296189,182,230035,[],"[""fr"",""FR"",""R\u00e9publique fran\u00e7aise"",""La France"",""Republic of France"",""French Republic"",""FRA"",""the Hexagon""]",http://www.wikidata.org/entity/Q687442,http://www.wikidata.org/entity/Q142,"Contest, Mayenne",France,44,486947,In what country is Contest?,"[""France"", ""fr"", ""FR"", ""République française"", ""La France"", ""Republic of France"", ""French Republic"", ""FRA"", ""the Hexagon""]",Norway.,France.,France.,United Kingdom.,France.,France.,Norway.,France.,France.,France.,0,1,1,2,1,1,0,1,1,1,0.7,France.,CORRECT
2311,1185931,Let It Go,genre,indie pop,528218,91,2842318,[],"[""indie pop music"",""indie-pop"",""indiepop""]",http://www.wikidata.org/entity/Q17135078,http://www.wikidata.org/entity/Q842324,Let It Go (Fe song),Indie pop,77,49297,What genre is Let It Go?,"[""indie pop"", ""indie pop music"", ""indie-pop"", ""indiepop""]","""Let It Go"" from Disney’s Frozen is a pop‑influenced power ballad.",Let It Go is a pop song (specifically a power‑ballad from the musical film *Frozen*).,Let It Go is a pop‑style ballad from the Disney musical film Frozen.,Let It Go is a pop‑style song from the Disney animated musical Frozen.,Let It Go is primarily a pop‑style song (often classified as a pop ballad from the musical film Frozen).,Let It Go is a pop‑ballad style song from the Disney musical film *Frozen*.,It’s a pop‑style ballad (often classified as a Disney musical‑theatre pop song).,Let It Go is classified as a pop ballad (often described as a pop‑rock musical‑theatre song).,Let It Go is a pop‑style song (often described as a pop ballad from the musical film *Frozen*).,Let “It Go” is a pop‑style power ballad from the Disney animated film *Frozen*.,0,0,0,0,0,0,1,0,0,0,0.9,"""Let It Go"" from Disney’s Frozen is a pop‑influenced power ballad.",INCORRECT
878,3080072,Franklin Rosemont,place of birth,Chicago,1315035,218,159094,[],"[""Chicago, Illinois"",""The Windy City"",""City by the Lake"",""The Queen of the West"",""Chi-Town"",""Chitown"",""The Second City"",""City of Chicago"",""City of Broad Shoulders"",""Chi-Raq"",""Chicago, IL""]",http://www.wikidata.org/entity/Q441809,http://www.wikidata.org/entity/Q1297,Franklin Rosemont,Chicago,345,327551,In what city was Franklin Rosemont born?,"[""Chicago"", ""Chicago, Illinois"", ""The Windy City"", ""City by the Lake"", ""The Queen of the West"", ""Chi-Town"", ""Chitown"", ""The Second City"", ""City of Chicago"", ""City of Broad Shoulders"", ""Chi-Raq"", ""Chicago, IL""]","Franklin Rosemont was born in Chicago, Illinois.","Franklin Rosemont was born in Chicago, Illinois.","Franklin Rosemont was born in Chicago, Illinois.","Franklin Rosemont was born in Chicago, Illinois.","Franklin Rosemont was born in Chicago, Illinois.","Franklin Rosemont was born in Chicago, Illinois.","Franklin Rosemont was born in Chicago, Illinois.","Franklin Rosemont was born in Chicago, Illinois.","Franklin Rosemont was born in Chicago, Illinois.","Franklin Rosemont was born in Chicago, Illinois.",0,0,0,0,0,0,0,0,0,0,1.0,"Franklin Rosemont was born in Chicago, Illinois.",CORRECT
5398,1583014,1983... (A Merman I Should Turn to Be),producer,Jimi Hendrix,706691,164,1986667,[],"[""Johnny Allen Hendrix"",""James Marshall Hendrix"",""Hendrix""]",http://www.wikidata.org/entity/Q2010682,http://www.wikidata.org/entity/Q5928,1983... (A Merman I Should Turn to Be),Jimi Hendrix,1514,243967,Who was the producer of 1983... (A Merman I Should Turn to Be)?,"[""Jimi Hendrix"", ""Johnny Allen Hendrix"", ""James Marshall Hendrix"", ""Hendrix""]",The producer was The Residents.,The track was produced by The Residents.,,,,,,,,The 1983 track “A Merman I Should Turn to Be” was produced by The Residents.,0,0,1,1,1,1,1,1,1,0,0.7,,NOT_ATTEMPTED
10525,2856836,Virginia,composer,Saverio Mercadante,1224378,639,1035569,[],"[""Giuseppe Saverio Raffaele Mercadante""]",http://www.wikidata.org/entity/Q3820061,http://www.wikidata.org/entity/Q313980,Virginia (Mercadante),Saverio Mercadante,155,1058,Who was the composer of Virginia?,"[""Saverio Mercadante"", ""Giuseppe Saverio Raffaele Mercadante""]",,,,,The composer of *Virginia* was Arthur Sch,,,,,,0,0,0,0,1,0,0,0,0,0,0.9,,NOT_ATTEMPTED
3373,1726340,Boca,country,Italy,762908,182,1218153,[],"[""Italia"",""Italian Republic"",""IT"",""\ud83c\uddee\ud83c\uddf9"",""ITA""]",http://www.wikidata.org/entity/Q22079,http://www.wikidata.org/entity/Q38,"Boca, Novara",Italy,125,403188,In what country is Boca?,"[""Italy"", ""Italia"", ""Italian Republic"", ""IT"", ""🇮🇹"", ""ITA""]",Romania.,Boca is located in Romania.,Romania.,Boca is located in Romania.,Romania.,Boca is located in Romania.,Boca is located in Venezuela.,,Romania.,Romania.,0,0,0,0,0,0,1,2,0,0,0.8,Romania.,INCORRECT
4967,6389822,Green Lantern,producer,Greg Berlanti,2878036,164,2932249,[],"[""Gregory Berlanti"",""Berlanti Productions""]",http://www.wikidata.org/entity/Q903885,http://www.wikidata.org/entity/Q978649,Green Lantern (film),Greg Berlanti,82433,44533,Who was the producer of Green Lantern?,"[""Greg Berlanti"", ""Gregory Berlanti"", ""Berlanti Productions""]",,Greg Berlanti.,Peter Safran.,,,The film “Green Lantern” was produced by Lawrence Gordon,The producer of *Green Lantern* was Andrew Lazar.,,The producer of *Green Lantern* was Andrew Lazar.,The film *Green Lantern* (2011) was produced by Robert Kraft.,0,1,2,0,0,3,4,0,4,5,0.4,,NOT_ATTEMPTED
6793,3555485,Boys,director,Nils Malmros,1537113,526,1704066,"[""Drenge""]",[],http://www.wikidata.org/entity/Q4952641,http://www.wikidata.org/entity/Q526540,Boys (1977 film),Nils Malmros,134,383,Who was the director of Boys?,"[""Nils Malmros""]",The director of *Boys* was Shankar.,,The 2003 Tamil film **“Boys”** was directed by **Shankar**.,Shankar.,The director of *Boys* was Shankar.,Shankar.,The 2003 Tamil film *Boys* was directed by Shankar.,The director of *Boys* was Shankar.,Shankar.,The film *Boys* (2003) was directed by Shaad Ali.,0,1,0,0,0,0,0,0,0,2,0.8,The director of *Boys* was Shankar.,INCORRECT
1465,1045293,Irwin Goodman,genre,rock music,447159,91,82098,"[""Antti Hammarberg"",""Antti Yrj\u00f6 Hammarberg""]","[""rock and roll"",""rock"",""Rock""]",http://www.wikidata.org/entity/Q1673308,http://www.wikidata.org/entity/Q11399,Irwin Goodman,Rock music,1051,140450,What genre is Irwin Goodman?,"[""rock music"", ""rock and roll"", ""rock"", ""Rock""]",Irwin Goodman was a Finnish folk‑rock (protest‑song) singer.,"Irwin Goodman was a Finnish folk‑rock singer‑songwriter, known for his protest‑song style.",Irwin Goodman was a Finnish folk‑rock (protest‑song) singer.,Irwin Goodman was primarily a Finnish folk‑rock/protest‑song singer.,Irwin Goodman was primarily a Finnish folk‑rock (often protest‑song) artist.,Irwin Goodman was a Finnish singer‑songwriter best known for his folk‑rock/protest‑song style.,Irwin Goodman was a Finnish folk‑rock (iskelmä) singer.,Irwin Goodman was a Finnish folk‑rock (schlager) singer‑songwriter.,Irwin Goodman was a Finnish folk‑rock singer known for his protest‑song style.,Irwin Goodman was primarily a Finnish folk‑rock (protest‑song) singer‑songwriter.,0,0,0,0,0,0,1,2,0,0,0.8,Irwin Goodman was a Finnish folk‑rock (protest‑song) singer.,CORRECT
7979,5785486,Cambridge,capital of,Dorchester County,2585378,97,1566726,"[""Cambridge, Maryland""]","[""Dorchester County, Maryland""]",http://www.wikidata.org/entity/Q755862,http://www.wikidata.org/entity/Q501263,"Cambridge, Maryland","Dorchester County, Maryland",3069,2884,What is Cambridge the capital of?,"[""Dorchester County"", ""Dorchester County, Maryland""]",Cambridge is not a capital city.,"Cambridge is not the capital of any country; it is a city in England, United Kingdom.",Cambridge is not the capital of any country.,Cambridge is not the capital of any country.,"Cambridge is the county town (administrative capital) of Cambridgeshire, England.","Cambridge is the county town (administrative capital) of Cambridgeshire, England.",Cambridge is the county,"Cambridge is not a capital city; it is the principal city and county town of Cambridgeshire, England.","Cambridge is not a capital city; it is a historic city in the county of Cambridgeshire, England.","Cambridge is not a capital city; it is a city in the county of Cambridgeshire, England.",0,0,0,0,0,0,0,0,0,0,1.0,Cambridge is not a capital city.,INCORRECT
12260,4487895,Hollywood,author,Gore Vidal,1977303,484,453486,[],"[""Eugene Luther Gore Vidal"",""Gor Vidal"",""Cameron Kay"",""Eugene Luther Vidal"",""Edgar Box"",""Katherine Everard"",""Eugene Vidal""]",http://www.wikidata.org/entity/Q5882568,http://www.wikidata.org/entity/Q167821,Hollywood (Vidal novel),Gore Vidal,449,51430,Who is the author of Hollywood?,"[""Gore Vidal"", ""Eugene Luther Gore Vidal"", ""Gor Vidal"", ""Cameron Kay"", ""Eugene Luther Vidal"", ""Edgar Box"", ""Katherine Everard"", ""Eugene Vidal""]",James A. Michener.,The novel *Hollywood* was written by Charles Bukowski.,The author of *Hollywood* is Charles Bukowski.,David Thomson.,Charles Bukowski.,Charles Bukowski.,The author of *Hollywood* is Charles Bukowski.,Charles Bukowski.,,,0,1,1,2,1,1,1,1,3,3,0.6,The novel *Hollywood* was written by Charles Bukowski.,INCORRECT
13044,3559809,Branches,author,Mitch Cullin,1539139,484,1771676,[],[],http://www.wikidata.org/entity/Q4956415,http://www.wikidata.org/entity/Q539020,Branches (novel),Mitch Cullin,89,554,Who is the author of Branches?,"[""Mitch Cullin""]",,,,,,,,,,,0,0,0,0,0,0,0,0,0,0,1.0,,NOT_ATTEMPTED
10143,1422910,Lion,composer,Mani Sharma,636417,639,2240414,[],"[""Yanamandra Venkata Subrahmanya Sharma""]",http://www.wikidata.org/entity/Q18702328,http://www.wikidata.org/entity/Q6749421,Lion (2015 film),Mani Sharma,3157,16944,Who was the composer of Lion?,"[""Mani Sharma"", ""Yanamandra Venkata Subrahmanya Sharma""]",The film *Lion* was scored by composer Dustin O’Halloran (in collaboration with the band Haus).,,,The composer of the film *Lion* is Dustin,The composer of *Lion* is Dustin O'Halloran.,,Dustin O'Halloran was the composer of the film Lion.,The film “Lion” was scored by Dustin O’Halloran and Volker,The film *Lion* was scored by composers Dustin,The film Lion was scored by composers Dustin O’Halloran and Volker Bertelmann (Hauschka).,0,1,1,0,0,1,0,2,2,2,0.4,The film *Lion* was scored by composer Dustin O’Halloran (in collaboration with the band Haus).,INCORRECT
8215,2693969,Cell Phone,screenwriter,Liu Zhenyun,1159462,533,2358691,[],[],http://www.wikidata.org/entity/Q3546648,http://www.wikidata.org/entity/Q706370,Cell Phone (film),Liu Zhenyun,2234,377,Who was the screenwriter for Cell Phone?,"[""Liu Zhenyun""]",The screenwriter for Cell Phone was Jang Hang‑jun.,,The screenplay for Cell Phone was written by Wang Shuo.,,,,,,The screenplay for *Cell,The screenplay for Cell Phone was written by Kim Tae‑gyu.,0,1,2,1,1,1,1,1,2,3,0.6,,NOT_ATTEMPTED
7246,4281027,The Visit,director,Bernhard Wicki,1877267,526,2733004,"[""Visit"",""La Rancune""]",[],http://www.wikidata.org/entity/Q560053,http://www.wikidata.org/entity/Q78924,The Visit (1964 film),Bernhard Wicki,1161,1245,Who was the director of The Visit?,"[""Bernhard Wicki""]",The director of *The Visit* is M. Night Shyamalan.,The 2015 horror film *The Visit* was directed by M. Night Shyamalan.,The director of *The Visit* was M. Night Shyamalan.,The director of *The Visit* is M. Night Shyamalan.,The director of *The Visit* was M. Night Shyamalan.,The director of *The Visit* is M. Night Shyamalan.,M. Night Shyamalan.,M. Night Shyamalan.,The director of *The Visit* is M. Night Shyamalan.,M. Night Shyamalan.,0,0,0,0,0,0,0,0,0,0,1.0,The director of *The Visit* is M. Night Shyamalan.,INCORRECT
13152,1648061,1985,author,Anthony Burgess,731800,484,756044,"[""Nineteen Eighty-Five""]","[""John Anthony Burgess Wilson"",""John Burgess Wilson"",""Joseph Kell""]",http://www.wikidata.org/entity/Q208461,http://www.wikidata.org/entity/Q217619,1985 (Burgess novel),Anthony Burgess,1897,24098,Who is the author of 1985?,"[""Anthony Burgess"", ""John Anthony Burgess Wilson"", ""John Burgess Wilson"", ""Joseph Kell""]",Anthony Burgess.,The author of *1985* is Anthony Burgess.,Anthony Burgess.,The author of *1985* is Anthony Burgess.,The novel *1985* was written by Anthony Burgess.,The author of *1985* is Anthony Burgess.,Anthony Burgess.,,Anthony Burgess.,Anthony Burgess.,0,0,0,0,0,0,0,1,0,0,0.9,Anthony Burgess.,CORRECT
3355,647040,CIKR-FM,country,Canada,272884,182,355510,[],"[""Dominion of Canada"",""British North America"",""CAN"",""CA"",""ca"",""can"",""Can.""]",http://www.wikidata.org/entity/Q14875103,http://www.wikidata.org/entity/Q16,CIKR-FM,Canada,266,816653,In what country is CIKR-FM?,"[""Canada"", ""Dominion of Canada"", ""British North America"", ""CAN"", ""CA"", ""ca"", ""can"", ""Can.""]",Canada.,Canada.,Canada.,Canada.,Canada.,Canada.,Canada.,Canada.,Canada.,Canada.,0,0,0,0,0,0,0,0,0,0,1.0,Canada.,CORRECT
5527,2548103,On Record,producer,Jesse Louis Lasky,1100378,164,214706,[],"[""Jesse L. Lasky"",""Jesse Lasky"",""Jesse Louis Lasky Sr.""]",http://www.wikidata.org/entity/Q3352153,http://www.wikidata.org/entity/Q1384661,On Record (film),Jesse L. Lasky,111,3076,Who was the producer of On Record?,"[""Jesse Louis Lasky"", ""Jesse L. Lasky"", ""Jesse Lasky"", ""Jesse Louis Lasky Sr.""]",,,,,The producer of *On Record* was John H. Klein.,,,,,,0,0,0,0,1,0,0,0,0,0,0.9,,NOT_ATTEMPTED
10102,1391764,Harp Concerto,composer,Alberto Ginastera,622680,639,1026634,[],"[""Alberto Evaristo Ginastera""]",http://www.wikidata.org/entity/Q1845547,http://www.wikidata.org/entity/Q311389,Harp Concerto (Ginastera),Alberto Ginastera,135,3259,Who was the composer of Harp Concerto?,"[""Alberto Ginastera"", ""Alberto Evaristo Ginastera""]",The Harp Concerto was composed by Reinhold Glière.,The Harp Concerto was composed by Reinhold Glière.,The Harp Concerto was composed by Reinhold Glière.,,The Harp Concerto was composed by Reinhold Glière.,Reinhold Glière composed the well‑known Harp Concerto.,The Harp Concerto was composed by Reinhold Glière.,The Harp Concerto was composed by Reinhold Glière.,,The Harp Concerto was composed by Reinhold Glière.,0,0,0,1,0,0,0,0,1,0,0.8,The Harp Concerto was composed by Reinhold Glière.,INCORRECT
8990,2001045,Fire,screenwriter,Chris Carter,878030,533,1308704,[],"[""Christopher Carl Carter""]",http://www.wikidata.org/entity/Q2607777,http://www.wikidata.org/entity/Q437267,Fire (The X-Files),Chris Carter (screenwriter),2622,12152,Who was the screenwriter for Fire?,"[""Chris Carter"", ""Christopher Carl Carter""]",The screenwriter for the film *Fire*,The screenplay for the film *Fire* was written by Sooni Taraporevala.,The film Fire was written by Sooni Taraporevala.,,The screenplay for *,The screenplay for,The screenplay for Fire was written by director Deepa Mehta.,,Deepa Mehta.,Deepa Mehta.,0,0,0,1,0,2,0,1,3,3,0.5,The screenwriter for the film *Fire*,NOT_ATTEMPTED
6997,2935404,The Unknown,director,Henry Levin,1257149,526,2904891,"[""Unknown""]",[],http://www.wikidata.org/entity/Q3989787,http://www.wikidata.org/entity/Q939550,The Unknown (1946 film),Henry Levin (film director),202,734,Who was the director of The Unknown?,"[""Henry Levin""]",The director of *The Unknown* was Henry Levin.,,Karl Brown.,The film *The Unknown* (,The director of *The Unknown* was Albert Rogell.,The director of *The Unknown* was Tod Browning.,Albert Rogell.,The 1936 film *The Unknown* was directed by Albert Rog,The director of *The Unknown* was Tod Browning.,The director of *The Unknown* was J. Gordon Edwards.,0,1,2,0,3,4,3,5,4,6,0.2,The director of *The Unknown* was Henry Levin.,CORRECT
880,914940,Julia Jones,place of birth,Droitwich Spa,388717,218,142603,[],"[""Droitwich Spa, Worcestershire"",""Droitwich""]",http://www.wikidata.org/entity/Q1619033,http://www.wikidata.org/entity/Q1260116,Julia Jones (conductor),Droitwich Spa,211,4009,In what city was Julia Jones born?,"[""Droitwich Spa"", ""Droitwich Spa, Worcestershire"", ""Droitwich""]","Julia Jones was born in Santa Monica, California.",Denver.,"Los Angeles, California.","Denver, Colorado.",Los Angeles.,"Julia Jones was born in Los Angeles, California.",Los Angeles.,"Denver, Colorado.",Denver.,Denver.,0,1,2,1,2,2,2,1,1,1,0.5,Denver.,INCORRECT
13617,5366171,Crispian Mills,mother,Hayley Mills,2385420,292,809480,"[""Crispian John David Boulting"",""Krishna Kantha Das"",""Crispin Mills""]","[""Hayley Catherine Rose Vivien Mills""]",http://www.wikidata.org/entity/Q711920,http://www.wikidata.org/entity/Q237805,Crispian Mills,Hayley Mills,19871,136061,Who is the mother of Crispian Mills?,"[""Hayley Mills"", ""Hayley Catherine Rose Vivien Mills""]",,,,,,,,,,,0,0,0,0,0,0,0,0,0,0,1.0,,NOT_ATTEMPTED
2346,1535064,Poison,genre,horror film,686059,91,703275,[],"[""horror movie""]",http://www.wikidata.org/entity/Q1962503,http://www.wikidata.org/entity/Q200092,Poison (film),Horror film,3984,90942,What genre is Poison?,"[""horror film"", ""horror movie"", ""science fiction film"", ""sci-fi film"", ""science fiction movie"", ""sci-fi movie"", ""scifi film"", ""scifi movie"", ""sci fi film"", ""sci fi movie"", ""scifi-film"", ""scifi""]",Poison is primarily classified as a glam‑metal/hard‑rock band.,Poison is primarily classified as a glam metal (hard‑rock) band.,Poison is primarily classified as a glam‑metal/hard‑rock band.,Poison is a glam‑metal (hard‑rock) band.,Poison is primarily classified as a glam metal (hard‑rock) band.,Poison is primarily classified as a glam‑metal (hard‑rock) band.,Poison is primarily classified as a glam‑metal (hard‑rock) band.,Poison is primarily classified as a glam metal (hard‑rock) band.,Poison is primarily classified as a glam metal (hard‑rock) band.,Poison is primarily a glam‑metal/hard‑rock band.,0,0,0,0,0,0,0,0,0,0,1.0,Poison is primarily classified as a glam‑metal/hard‑rock band.,INCORRECT
10245,2673987,The Light,composer,Philip Glass,1151422,639,651715,[],"[""Philip Morris Glass""]",http://www.wikidata.org/entity/Q3521577,http://www.wikidata.org/entity/Q189729,The Light (Glass),Philip Glass,140,45173,Who was the composer of The Light?,"[""Philip Glass"", ""Philip Morris Glass""]",,,,,,,,,,,0,0,0,0,0,0,0,0,0,0,1.0,,NOT_ATTEMPTED
2393,1595711,RCA Records,genre,pop music,711726,91,1193964,"[""RCA"",""RCA Records, Inc.""]","[""pop"",""Pop""]",http://www.wikidata.org/entity/Q202585,http://www.wikidata.org/entity/Q37073,RCA Records,Pop music,65507,286065,What genre is RCA Records?,"[""rock music"", ""rock and roll"", ""rock"", ""Rock"", ""pop music"", ""pop"", ""Pop"", ""rhythm and blues"", ""R&B"", ""RnB"", ""RNB"", ""R and B"", ""R & B"", ""jazz"", ""jazz music"", ""jass"", ""jas"", ""jaz"", ""Jazz""]",RCA Records is a multi‑genre record label that releases music across a wide range of styles.,RCA Records isn’t a musical genre—it’s,"RCA Records releases music across multiple genres, primarily pop, rock, and R&B.","RCA Records is a major record label that releases music across multiple genres, most notably pop and rock.","RCA Records spans multiple genres, most notably pop, rock, and R",RCA Records is a major record label that primarily releases pop and rock music,"RCA Records is a multi‑genre label that releases music across a wide range of styles, primarily pop, rock, R&B, and hip‑hop.",RCA Records is a multi‑genre label that releases music across a wide range of styles rather than a single specific genre.,RCA Records is a record label—not a musical genre—so it doesn’t belong to any single genre.,RCA Records is a major label that releases music across multiple genres rather than a single specific genre.,0,1,0,0,0,0,0,0,1,0,0.8,RCA Records is a multi‑genre record label that releases music across a wide range of styles.,CORRECT
2726,6399551,The Thing,genre,science fiction film,2882024,91,1406377,"[""The Thing (2011 film)""]","[""sci-fi film"",""science fiction movie"",""sci-fi movie"",""scifi film"",""scifi movie"",""sci fi film"",""sci fi movie"",""scifi-film"",""scifi""]",http://www.wikidata.org/entity/Q909749,http://www.wikidata.org/entity/Q471839,The Thing (2011 film),Science fiction film,79535,41996,What genre is The Thing?,"[""horror film"", ""horror movie"", ""science fiction film"", ""sci-fi film"", ""science fiction movie"", ""sci-fi movie"", ""scifi film"", ""scifi movie"", ""sci fi film"", ""sci fi movie"", ""scifi-film"", ""scifi""]",The Thing is a science‑fiction horror film.,The Thing is a science‑fiction horror film.,The Thing is a science‑fiction horror film.,The Thing is a science‑fiction horror film.,The Thing is a science‑fiction horror film.,The Thing is a science‑fiction horror film.,The Thing is a science‑fiction horror film.,The Thing is a science‑fiction horror film.,The Thing is a science‑fiction horror film.,The Thing is a science‑fiction horror film.,0,0,0,0,0,0,0,0,0,0,1.0,The Thing is a science‑fiction horror film.,CORRECT
11137,1306567,Shenandoah University,religion,United Methodist Church,581131,106,1082443,"[""SU""]","[""UMC""]",http://www.wikidata.org/entity/Q1799245,http://www.wikidata.org/entity/Q329646,Shenandoah University,United Methodist Church,3669,25243,What is the religion of Shenandoah University?,"[""United Methodist Church"", ""UMC""]",Shenandoah University is affiliated with the United Methodist Church.,Shenandoah University is affiliated with the United Methodist Church.,"Shenandoah University is a private, non‑sectarian institution with no official religious affiliation.",Shenandoah University is affiliated with the United Methodist Church.,"Shenandoah University is a private, nonsectarian institution (formerly affiliated with the United Methodist Church).","Shenandoah University is a nonsectarian, private institution with no affiliated religion.","Shenandoah University is a private, non‑sectarian institution with no religious affiliation.","Shenandoah University is a private, non‑sectarian institution that maintains a historic affiliation with the United Methodist Church.","Shenandoah University is a private, non‑sectarian institution that maintains a historic affiliation with the United Methodist Church.",Shenandoah University is affiliated with the United Methodist Church.,0,0,1,0,1,1,1,0,0,0,0.6,Shenandoah University is affiliated with the United Methodist Church.,CORRECT
5392,1705344,The Rock,producer,Don Simpson,754039,164,2446053,"[""Rock""]","[""Donald Clarence Simpson"",""Donald Clarence \""Don\"" Simpson""]",http://www.wikidata.org/entity/Q216720,http://www.wikidata.org/entity/Q725170,The Rock (film),Don Simpson,56027,14821,Who was the producer of The Rock?,"[""Jerry Bruckheimer"", ""Jerome Leon Bruckheimer"", ""Don Simpson"", ""Donald Clarence Simpson"", ""Donald Clarence \""Don\"" Simpson""]","The Rock was produced by Michael Douglas, Don Simpson,",The film The Rock (1996) was produced by Jerry Bruckheimer.,The film *The Rock* was produced by Don Simpson and Jerry Bruckheimer.,Jerry Bruckheimer.,The film “The Rock” was produced by Jerry Bruckheimer (along with co‑producer Don Simpson).,The producers of *The Rock* were Michael Bay and Don Simpson.,The producers of *The Rock* were David Brown and Don,The producers of the 1996 film *The Rock* were Jerry Bruckheimer and Don,The film The Rock (1996) was produced by Michael,,0,1,2,2,2,3,4,1,5,6,0.3,The film *The Rock* was produced by Don Simpson and Jerry Bruckheimer.,CORRECT
4241,5909714,The Bait,producer,Hope Hampton,2649575,164,2875184,"[""Bait""]",[],http://www.wikidata.org/entity/Q7715351,http://www.wikidata.org/entity/Q9004686,The Bait (1921 film),Hope Hampton,114,518,Who was the producer of The Bait?,"[""Hope Hampton""]",The producer of *The Bait* was Michael Riley.,,,,The producer of *The Bait* was Michael Swanson.,The producer of *The Bait* was John Edwards.,,,,The producer of *The Bait* was Michael H. Brodney,0,1,1,1,2,3,1,1,1,4,0.6,,NOT_ATTEMPTED
10861,5897050,Maria,composer,Richard Rodgers,2643473,639,904146,"[""How Do You Solve a Problem Like Maria?""]","[""Richard Charles Rodgers""]",http://www.wikidata.org/entity/Q770157,http://www.wikidata.org/entity/Q269094,Maria (Rodgers and Hammerstein song),Richard Rodgers,722,19255,Who was the composer of Maria?,"[""Richard Rodgers"", ""Richard Charles Rodgers""]",Leonard Bernstein.,Leonard Bernstein.,Leonard Bernstein.,Leonard Bernstein.,Leonard Bernstein.,Leonard Bernstein.,Leonard Bernstein.,Leonard Bernstein.,The composer of “Maria” is Leonard Bernstein.,Leonard Bernstein.,0,0,0,0,0,0,0,0,0,0,1.0,Leonard Bernstein.,INCORRECT
10583,1942871,The Washington Post,composer,John Philip Sousa,854180,639,979194,"[""The Washington Post March""]","[""John Phillip Sousa"",""John Philip Sousa I""]",http://www.wikidata.org/entity/Q2524763,http://www.wikidata.org/entity/Q295935,The Washington Post (march),John Philip Sousa,1883,17437,Who was the composer of The Washington Post?,"[""John Philip Sousa"", ""John Phillip Sousa"", ""John Philip Sousa I""]",John Philip Sousa.,John Philip Sousa composed “The Washington Post.”,John Philip Sousa composed “The Washington Post.”,John Philip Sousa composed “The Washington Post.”,John Philip Sousa.,John Philip Sousa composed “The Washington Post.”,John Philip Sousa.,"John Philip Sousa composed ""The Washington Post.""",John Philip Sousa.,John Philip Sousa composed “The Washington Post.”,0,0,0,0,0,0,0,0,0,0,1.0,John Philip Sousa.,CORRECT
14054,3640232,Niger State,capital,Minna,1579531,422,2941293,"[""Niger""]",[],http://www.wikidata.org/entity/Q503932,http://www.wikidata.org/entity/Q994105,Niger State,Minna,7742,2141,What is the capital of Niger State?,"[""Minna""]",The capital of Niger State is Minna.,The capital of Niger State is Minna.,Minna.,The capital of Niger State is Minna.,The capital of Niger State is Minna.,The capital of Niger State is Minna.,The capital of Niger State is Minna.,Minna.,The capital of Niger State is Minna.,Minna.,0,0,0,0,0,0,0,0,0,0,1.0,The capital of Niger State is Minna.,CORRECT
11850,2379460,Waltteri Immonen,sport,ice hockey,1035147,560,1279430,[],[],http://www.wikidata.org/entity/Q3139022,http://www.wikidata.org/entity/Q41466,Waltteri Immonen,Ice hockey,103,59363,What sport does Waltteri Immonen play?,"[""ice hockey""]",Ice hockey.,Ice hockey.,Ice hockey.,Ice hockey.,Ice hockey.,Ice hockey.,Ice hockey.,Ice hockey.,Ice hockey.,Ice hockey.,0,0,0,0,0,0,0,0,0,0,1.0,Ice hockey.,CORRECT
3506,1081675,Chalhuacocha,country,Peru,466102,182,1283964,[],"[""pe"",""Republic of Peru"",""Rep\u00fablica del Per\u00fa"",""\ud83c\uddf5\ud83c\uddea"",""Republica del Peru""]",http://www.wikidata.org/entity/Q16858901,http://www.wikidata.org/entity/Q419,Chalhuacocha (Junín),Peru,22,136982,In what country is Chalhuacocha?,"[""Peru"", ""pe"", ""Republic of Peru"", ""República del Perú"", ""🇵🇪"", ""Republica del Peru""]",Peru.,Peru.,Chalhuacocha is located in Peru.,Peru.,Peru.,Peru.,Peru.,Peru.,Peru.,Peru.,0,0,0,0,0,0,0,0,0,0,1.0,Peru.,CORRECT
9569,1829968,The Late Show,screenwriter,Robert Benton,805927,533,1982494,"[""Late Show""]","[""Robert Douglas Benton""]",http://www.wikidata.org/entity/Q2364650,http://www.wikidata.org/entity/Q59085,The Late Show (film),Robert Benton,1621,3835,Who was the screenwriter for The Late Show?,"[""Robert Benton"", ""Robert Douglas Benton""]",,The screenwriter for *The Late Show* was Robert Benton.,John Guare.,The screenwriter for *The Late Show* was Robert Benton.,The screenwriter for *The Late Show* was Robert Benton.,The screenwriter for *The Late Show* was James L. Brooks.,,John Sayles.,Robert Benton.,The screenwriter for *The Late Show,0,1,2,1,1,3,0,4,1,3,0.4,The screenwriter for *The Late Show* was Robert Benton.,CORRECT
2600,2120797,Bethany Dillon,genre,contemporary Christian music,927882,91,212294,[],"[""inspirational music"",""CCM"",""Contemporary Christian music""]",http://www.wikidata.org/entity/Q275667,http://www.wikidata.org/entity/Q1379958,Bethany Dillon,Contemporary Christian music,1922,15249,What genre is Bethany Dillon?,"[""contemporary Christian music"", ""inspirational music"", ""CCM"", ""Contemporary Christian music""]",Bethany Dillon is primarily a contemporary Christian music (CCM) artist.,"Bethany Dillon is a contemporary Christian music (CCM) artist, primarily known for Christian pop/folk‑rock.","Bethany Dillon is a contemporary Christian music (CCM) artist, primarily known for Christian pop/folk.",Bethany Dillon is primarily a contemporary Christian music (CCM) artist.,Bethany Dillon is a contemporary Christian music (CCM) artist.,Bethany Dillon is a contemporary Christian (Christian pop/CCM) artist.,Bethany Dillon is a contemporary Christian music (CCM) artist.,"Bethany Dillon is a contemporary Christian music (CCM) artist, primarily known for Christian pop/folk‑rock.",Bethany Dillon is primarily a contemporary Christian (CCM) artist.,"Bethany Dillon is a contemporary Christian music (CCM) artist, primarily known for her Christian pop/rock style.",0,0,0,0,0,0,0,0,0,0,1.0,Bethany Dillon is primarily a contemporary Christian music (CCM) artist.,CORRECT
1717,350025,The Brides of Dracula,genre,horror film,140626,91,703275,"[""Brides of Dracula""]","[""horror movie""]",http://www.wikidata.org/entity/Q1254451,http://www.wikidata.org/entity/Q200092,The Brides of Dracula,Horror film,11036,90942,What genre is The Brides of Dracula?,"[""horror film"", ""horror movie""]",The Brides of Dracula is a gothic horror film.,The Brides of Dracula is a gothic horror film.,The Brides of Dracula is a Gothic horror film.,The Brides of Dracula is a gothic horror film.,The Brides of Dracula is a gothic horror film.,The Brides of Dracula is a gothic horror film.,The Brides of Dracula is a horror film.,The Brides of Dracula is a gothic horror film.,The Brides of Dracula is a gothic‑horror film.,The Brides of Dracula is a gothic horror film.,0,0,0,0,0,0,0,0,0,0,1.0,The Brides of Dracula is a gothic horror film.,CORRECT
5307,5941738,The Metro,producer,Dileep (Gopalakrishnan P Pillai),2665853,164,1709845,"[""Metro""]",[],http://www.wikidata.org/entity/Q7751194,http://www.wikidata.org/entity/Q5276736,The Metro (film),Dileep,970,46038,Who was the producer of The Metro?,"[""Dileep (Gopalakrishnan P Pillai)""]",,,,The Metro was produced by Antony Perumbavoor.,The producer of The Metro was R. B. Choudhary.,,The producer of *The Metro* was Antony Perumb,,The producer of *The Metro* was S. S. Chakravarthy.,The Metro was produced by K. J. Joseph.,0,0,0,1,2,0,1,0,3,4,0.5,,NOT_ATTEMPTED
291,5134878,Meg McCall,occupation,politician,2270826,22,2834605,[],"[""political leader"",""political figure"",""polit."",""pol""]",http://www.wikidata.org/entity/Q6808000,http://www.wikidata.org/entity/Q82955,Meg McCall,Politician,218,25692,What is Meg McCall's occupation?,"[""politician"", ""political leader"", ""political figure"", ""polit."", ""pol""]",Meg McCall is a journalist.,Meg McCall is a journalist.,Meg McCall is a journalist.,Meg McCall is a journalist.,Meg McCall is a journalist (reporter).,Meg McCall is a teacher.,Meg McCall is a journalist.,Meg McCall is a reporter for the Associated Press.,Meg McCall is a journalist.,Meg McCall is a,0,0,0,0,0,1,0,0,0,1,0.8,Meg McCall is a journalist.,INCORRECT
12059,1759510,Glue,author,Irvine Welsh,778305,484,574962,[],[],http://www.wikidata.org/entity/Q2262510,http://www.wikidata.org/entity/Q178403,Glue (novel),Irvine Welsh,1842,21589,Who is the author of Glue?,"[""Irvine Welsh""]",,The author of Glue is Ken,,,,The author of *Glue* is Irvine Welsh.,,,,The novel *Glue* was written by Irvine Welsh.,0,1,0,0,0,2,0,0,0,2,0.7,,NOT_ATTEMPTED
13599,1989302,"Trojden I, Duke of Masovia",mother,Gaudemunda of Lithuania,873087,292,1246639,[],"[""Gaudemunda Sophia""]",http://www.wikidata.org/entity/Q2593286,http://www.wikidata.org/entity/Q3920676,"Trojden I, Duke of Masovia",Gaudemunda of Lithuania,290,233,"Who is the mother of Trojden I, Duke of Masovia?","[""Gaudemunda of Lithuania"", ""Gaudemunda Sophia""]",,,Maria of Galicia,,"Maria of Galicia, daughter of Yuri I of Galicia",,,Maria of Galicia (also known as Maria of Haly,Maria of Galicia,,0,0,1,0,1,0,0,1,1,0,0.6,,NOT_ATTEMPTED
4020,1114521,Usinskoe mine,country,Russia,486216,182,343477,[],"[""Rossiya"",""Rossija"",""RU"",""ru"",""Rossijskaja Federatsija"",""Russian Federation"",""Rossiyskaya Federatsiya"",""Rus"",""RUS"",""RF""]",http://www.wikidata.org/entity/Q16948421,http://www.wikidata.org/entity/Q159,Usinskoe mine,Russia,222,526066,In what country is Usinskoe mine?,"[""Russia"", ""Rossiya"", ""Rossija"", ""RU"", ""ru"", ""Rossijskaja Federatsija"", ""Russian Federation"", ""Rossiyskaya Federatsiya"", ""Rus"", ""RUS"", ""RF""]",Russia.,Russia.,The Usinskoe mine is located in Russia.,Russia.,The Usinskoe mine is located in Russia.,The Usinskoe mine is located in Russia.,The Usinskoe mine is located in Russia.,Russia.,The Usinskoe mine is located in Russia.,Russia.,0,0,0,0,0,0,0,0,0,0,1.0,Russia.,CORRECT
6920,1612073,Royal Pudding,director,Trey Parker,718193,526,1317537,[],"[""Randolph Severn Parker"",""Randolph Parker"",""Randolph Severn Parker III""]",http://www.wikidata.org/entity/Q2044313,http://www.wikidata.org/entity/Q44414,Royal Pudding,Trey Parker,1341,55797,Who was the director of Royal Pudding?,"[""Trey Parker"", ""Randolph Severn Parker"", ""Randolph Parker"", ""Randolph Severn Parker III""]",,,,,,,,The director of *Royal Pudding* was Chris Sheppard.,The director of *Royal Pudding*,The director of *Royal,0,0,0,0,0,0,0,1,1,1,0.7,,NOT_ATTEMPTED
40,5120341,Matthew McKay,occupation,dentist,2263666,22,920325,[],"[""dentists"",""dental surgeon""]",http://www.wikidata.org/entity/Q6790954,http://www.wikidata.org/entity/Q27349,Matthew McKay (politician),Dentist,63,16672,What is Matthew McKay's occupation?,"[""dentist"", ""dentists"", ""dental surgeon""]",Matthew McKay is a licensed therapist and author of self‑help and psychology books.,Matthew McKay is a psychotherapist and author of self‑help books.,Matthew McKay is a clinical psychologist and author specializing in self‑help and psychotherapy.,Matthew McKay is a clinical psychologist and author of self‑help and psychotherapy books.,Matthew McKay is a psychologist who writes self‑help books and conducts workshops as an author and speaker.,Matthew McKay is a clinical psychologist and author of self‑help books.,Matthew McKay is a therapist and author of self‑help and psychology books.,Matthew McKay is a licensed clinical psychologist and author of self‑help books.,Matthew McKay is a clinical psychologist and author of self‑help and therapeutic books.,Matthew McKay is a clinical psychologist and author specializing in self‑help and therapeutic techniques.,0,0,0,0,0,0,0,1,2,2,0.7,Matthew McKay is a licensed therapist and author of self‑help and psychology books.,INCORRECT
8442,1587871,Milk,screenwriter,Dustin Lance Black,708642,533,2412686,[],[],http://www.wikidata.org/entity/Q201687,http://www.wikidata.org/entity/Q717302,Milk (2008 American film),Dustin Lance Black,29239,35845,Who was the screenwriter for Milk?,"[""Dustin Lance Black""]",The screenwriter for *Milk* was Dustin Lance Black.,,The screenplay for *Milk* was written by Steven Zaillian and Dustin Lance Black.,Simon Beaufoy.,The screenwriter for *Milk* was Dustin Lance Black.,The film *Milk* was written by Steven Zaillian and Dan Futterman.,The screenplay for Milk was written by Nancy Oliver and Dustin Lance Black.,Steven Knight.,The screenplay for Milk was written by Steven Zaillian and Dustin Lance Black.,Dan Futterman.,0,1,2,3,0,4,5,6,2,4,0.2,The screenwriter for *Milk* was Dustin Lance Black.,CORRECT
12758,2469373,Lord,author,Buronson,1069261,484,7005,[],[],http://www.wikidata.org/entity/Q3259365,http://www.wikidata.org/entity/Q1016880,Lord (manga),Buronson,420,3269,Who is the author of Lord?,"[""Buronson""]",William Golding.,William Golding.,The author of *Lord of the Flies* is William Golding.,William,William Golding.,The novel *Lord of the Flies* was written by William Golding.,The author of *Lord of the Rings* is J.R.R. Tolkien.,The author of *Lord of the Flies* is William Golding.,William Golding.,William Golding.,0,0,0,0,0,0,1,0,0,0,0.9,William Golding.,INCORRECT
10965,6414631,So What,composer,Miles Davis,2887901,639,2899108,[],"[""Miles Dewey Davis III"",""Miles Dewey Davis, III Davis""]",http://www.wikidata.org/entity/Q919291,http://www.wikidata.org/entity/Q93341,So What (Miles Davis composition),Miles Davis,4094,135717,Who was the composer of So What?,"[""Miles Davis"", ""Miles Dewey Davis III"", ""Miles Dewey Davis, III Davis""]",The composer of “So What” is Miles Davis.,Miles Davis.,The composer of “So What” is Miles Davis.,Miles Davis.,Miles Davis.,The composer of “So What” is Miles Davis.,The composer of “So What” is Miles Davis.,The composer of “So What” is Miles Davis.,The composer of “So What” is Miles Davis.,Miles Davis composed “So What.”,0,0,0,0,0,0,0,0,0,0,1.0,The composer of “So What” is Miles Davis.,CORRECT
2096,3547179,The Deep,genre,adventure film,1532817,91,1053029,"[""Deep""]","[""adventure movie"",""adventure""]",http://www.wikidata.org/entity/Q494367,http://www.wikidata.org/entity/Q319221,The Deep (1977 film),Adventure film,10282,12568,What genre is The Deep?,"[""adventure film"", ""adventure movie"", ""adventure""]",The Deep is a science‑fiction novel.,The Deep is an animated adventure series.,The Deep is a horror novel.,The Deep is an adventure film.,,The Deep is an animated adventure series.,The Deep is a science‑fiction adventure work.,The Deep is a literary fantasy novel,The Deep is a science‑fiction novel.,The Deep is an adventure‑genre series.,0,1,2,3,4,1,3,5,0,1,0.3,The Deep is an animated adventure series.,INCORRECT
10762,4604790,Grease,composer,Jim Jacobs,2030124,639,1047953,[],[],http://www.wikidata.org/entity/Q611626,http://www.wikidata.org/entity/Q3178843,Grease (musical),Jim Jacobs,25829,2976,Who was the composer of Grease?,"[""Jim Jacobs""]",The music for *Grease* was composed by Jim Jacobs (with lyrics co‑written by Warren Casey).,John Farrar was the primary composer of the music for *Grease*.,Jim Jacobs.,"The composer of *Grease* was Jim Jacobs, with music also contributed by Warren Casey.",John Farrar.,"The composer of the musical *Grease* is Jim Jacobs, who co-wrote the score with Warren Casey.","The composer of *Grease* was Jim Jacobs, who co-wrote the music and lyrics with Warren Casey.",Jim Jacobs.,John Farrar was the composer of the music for the film *Gre,John Farrar was the principal composer for the film Grease.,0,1,0,2,1,2,2,2,1,1,0.4,John Farrar was the primary composer of the music for *Grease*.,INCORRECT
6406,2675602,The Tune,director,Bill Plympton,1152078,526,2854644,"[""Tune""]","[""William Plympton""]",http://www.wikidata.org/entity/Q3523108,http://www.wikidata.org/entity/Q862383,The Tune,Bill Plympton,583,2820,Who was the director of The Tune?,"[""Bill Plympton"", ""William Plympton""]",Bill Plympton.,Bill Plympton.,The director of The Tune was Bill Plympton.,Bill Plympton.,The Tune was directed by Bill Plympton.,Bill Plympton was the director of *The Tune*.,Bill Plympton.,The director of *The Tune* is Bill Plympton.,The Tune was directed by Bill Plympton.,The Tune was directed by Bill Plympton.,0,0,0,0,0,0,0,0,0,0,1.0,Bill Plympton.,CORRECT
12530,2740231,Aspis,author,Menander,1177320,484,112085,"[""The Shield"",""Shield""]","[""Menander of Athens""]",http://www.wikidata.org/entity/Q3625321,http://www.wikidata.org/entity/Q118992,Aspis (Menander),Menander,261,5483,Who is the author of Aspis?,"[""Menander"", ""Menander of Athens""]",,,,,,,,,,,0,0,0,0,0,0,0,0,0,0,1.0,,NOT_ATTEMPTED
9575,5141441,Men and Women,screenwriter,Walter Hugo Khouri,2274095,533,1685275,[],[],http://www.wikidata.org/entity/Q6816237,http://www.wikidata.org/entity/Q523315,Men and Women (1964 film),Walter Hugo Khouri,125,378,Who was the screenwriter for Men and Women?,"[""Walter Hugo Khouri""]",The film *Men and Women* was written by screenwriter Ramesh Saigal.,,,,,,Charles Brackett.,,,The screenwriter for *Men and Women* was Charles Brackett.,0,1,1,1,1,1,2,1,1,2,0.7,,NOT_ATTEMPTED
5128,2064897,Precious,producer,Tyler Perry,904626,164,2293001,[],"[""Emmitt Perry Jr.""]",http://www.wikidata.org/entity/Q269331,http://www.wikidata.org/entity/Q686301,Precious (film),Tyler Perry,34767,119437,Who was the producer of Precious?,"[""Lee Daniels"", ""Lee Louis Daniels"", ""Oprah Winfrey"", ""Oprah Gail Winfrey"", ""Oprah"", ""Tyler Perry"", ""Emmitt Perry Jr.""]",Lee Daniels.,Lee Daniels.,Lee Daniels.,,,The film *Precious* was produced by Lee Dan,Lee Daniels.,,,Lee Daniels.,0,0,0,1,1,2,0,1,1,0,0.5,Lee Daniels.,CORRECT
1598,5492591,Progression,genre,trance,2444709,91,513739,[],"[""trance music"",""Trance""]",http://www.wikidata.org/entity/Q7248611,http://www.wikidata.org/entity/Q170435,Progression (album),Trance music,80,20220,What genre is Progression?,"[""trance"", ""trance music"", ""Trance""]",,,,,Progression is a subgenre of progressive rock.,,Progression is a fantasy novel.,Progression is a progressive‑metal/rock genre.,,Progression is a puzzle‑platformer video game.,0,0,0,0,1,0,2,1,0,3,0.6,,NOT_ATTEMPTED
6767,152402,The Birds,director,Alfred Hitchcock,61564,526,2513993,"[""Birds""]","[""Alfred Joseph Hitchcock"",""Sir Alfred Hitchcock""]",http://www.wikidata.org/entity/Q110043,http://www.wikidata.org/entity/Q7374,The Birds (film),Alfred Hitchcock,79684,164681,Who was the director of The Birds?,"[""Alfred Hitchcock"", ""Alfred Joseph Hitchcock"", ""Sir Alfred Hitchcock""]",Alfred Hitchcock was the director of *The Birds*.,Alfred Hitchcock was the director of *The Birds*.,Alfred Hitchcock directed *The Birds*.,Alfred Hitchcock was the director of *The Birds*.,Alfred Hitchcock.,Alfred Hitchcock.,Alfred Hitchcock was the director of *The Birds*.,Alfred Hitchcock was the director of *The Birds*.,Alfred Hitchcock.,Alfred Hitchcock was the director of *The Birds*.,0,0,0,0,0,0,0,0,0,0,1.0,Alfred Hitchcock was the director of *The Birds*.,CORRECT
6512,5945218,The Oath,director,Laura Poitras,2667703,526,2172116,"[""Oath""]",[],http://www.wikidata.org/entity/Q7754608,http://www.wikidata.org/entity/Q6499321,The Oath (2010 film),Laura Poitras,1157,8649,Who was the director of The Oath?,"[""Laura Poitras""]",The director of *The Oath* is Laura Poitras.,Ike Barinholtz.,The director of *The Oath* is Laura Poitras.,The director of *The Oath* was Ike Barinholtz.,Laura Poitras.,The director of *The Oath* is Laura Poitras.,The director of *The Oath* is Laura Beth Love.,The 2018 film *The Oath* was directed by Ike Barinholtz.,,The director of *The Oath* is Dan Gilroy.,0,1,0,1,0,0,2,1,3,4,0.4,The director of *The Oath* is Laura Poitras.,CORRECT
2470,4109853,Fire,genre,horror literature,1799623,91,666582,[],[],http://www.wikidata.org/entity/Q5451304,http://www.wikidata.org/entity/Q193606,Fire (Rodgers novel),Horror literature,62,291,What genre is Fire?,"[""horror literature""]",Fire is a drama series.,,,Fire is a drama film.,Drama.,Fire is a drama film.,,Drama.,K‑pop.,Fire is a K‑pop track with strong hip‑hop and EDM influences.,0,1,1,2,2,2,1,2,3,3,0.4,Fire is a drama film.,INCORRECT
2378,2369552,Heat,genre,seinen,1031662,91,808312,[],"[""seinen manga""]",http://www.wikidata.org/entity/Q3129064,http://www.wikidata.org/entity/Q237338,Heat (manga),Seinen manga,957,51767,What genre is Heat?,"[""seinen"", ""seinen manga""]",Heat is a crime thriller film.,Heat is an action‑crime thriller film.,Heat is a crime thriller film.,Heat is a crime‑thriller film.,Heat is a crime thriller film.,Heat is a crime thriller film.,Heat is a crime drama film.,Heat is a crime drama/action thriller film.,Heat is a crime‑thriller/action film.,Heat is a crime‑thriller/action film.,0,0,0,0,0,0,0,0,0,0,1.0,Heat is a crime thriller film.,INCORRECT
5431,443077,Somewhere,producer,Sofia Coppola,179913,164,666822,[],"[""Sofia Carmina Coppola""]",http://www.wikidata.org/entity/Q1338368,http://www.wikidata.org/entity/Q193628,Somewhere (film),Sofia Coppola,7261,93103,Who was the producer of Somewhere?,"[""Sofia Coppola"", ""Sofia Carmina Coppola""]",,,,,,,The,Sofia Coppola.,Sofia Coppola.,,0,0,0,0,0,0,0,1,1,0,0.8,,NOT_ATTEMPTED
5163,184845,Control,producer,Anton Corbijn,74667,164,1144356,[],"[""Anton Corbyn"",""Anton Johannes Gerrit Corbijn van Willenswaard"",""Anton Cortbijn""]",http://www.wikidata.org/entity/Q1129186,http://www.wikidata.org/entity/Q349842,Control (2007 film),Anton Corbijn,12813,8197,Who was the producer of Control?,"[""Anton Corbijn"", ""Anton Corbyn"", ""Anton Johannes Gerrit Corbijn van Willenswaard"", ""Anton Cortbijn"", ""Tony Wilson"", ""Anthony Howard Wilson""]",,,The film *Control* was produced by Andy Harries and Paul Webster.,,,,,The producer of the film *Control* was Simon Chinn.,Raoul R. de,The film *Control* was produced by Andy Harries.,0,0,1,0,0,0,0,2,3,1,0.6,,NOT_ATTEMPTED
13357,6522136,U.S.A.,author,John Dos Passos,2927759,484,1029939,"[""The U.S.A. trilogy"",""U.S.A. trilogy""]","[""John Roderigo Dos Passos"",""J. R. Dos Passos""]",http://www.wikidata.org/entity/Q971694,http://www.wikidata.org/entity/Q312407,U.S.A. (trilogy),John Dos Passos,3190,8220,Who is the author of U.S.A.?,"[""John Dos Passos"", ""John Roderigo Dos Passos"", ""J. R. Dos Passos""]",John Dos Passos.,The author of *U.S.A.* is John Dos Passos.,John Dos Passos.,John Dos Passos.,The author of *U.S.A.* is John Dos Passos.,John Dos Passos.,John Dos Passos.,John Dos Passos.,The author of *U.S.A.* is John Dos Passos.,The author of *U.S.A.* is John Dos Passos.,0,0,0,0,0,0,0,0,0,0,1.0,John Dos Passos.,CORRECT
10470,3633769,Fresh,composer,Stewart Copeland,1575847,639,1040417,[],"[""Stewart Armstrong Copeland""]",http://www.wikidata.org/entity/Q503199,http://www.wikidata.org/entity/Q315711,Fresh (1994 film),Stewart Copeland,6621,39534,Who was the composer of Fresh?,"[""Stewart Copeland"", ""Stewart Armstrong Copeland""]",,,,Kool & the Gang.,,The composer of “Fresh” is Ronald,,,Thomas Newman.,,0,0,0,1,0,2,0,0,3,0,0.7,,NOT_ATTEMPTED
5178,217026,Heat,producer,Andy Warhol,87730,164,1878164,"[""Andy Warhol's Heat""]","[""Andrew Warhola"",""Andrew Warhol"",""Drella"",""Andrej Varchol"",""Andrej Warhol""]",http://www.wikidata.org/entity/Q1149669,http://www.wikidata.org/entity/Q5603,Heat (1972 film),Andy Warhol,1360,218598,Who was the producer of Heat?,"[""Andy Warhol"", ""Andrew Warhola"", ""Andrew Warhol"", ""Drella"", ""Andrej Varchol"", ""Andrej Warhol""]",The film *Heat* was produced by Lawrence Gordon.,The film *Heat* was produced by Michael,The film *Heat* was produced by Michael Mann.,The producers of the 1995 film,Michael Mann.,The film *Heat* was produced by Lawrence Gordon.,Michael Mann.,,Michael Mann.,The producer of *Heat* was Brian Grazer.,0,1,1,2,3,0,3,4,3,5,0.3,Michael Mann.,INCORRECT
2212,5539257,Culture,genre,roots reggae,2468521,91,160041,[],[],http://www.wikidata.org/entity/Q729495,http://www.wikidata.org/entity/Q1299260,Culture (band),Roots reggae,3257,3775,What genre is Culture?,"[""roots reggae""]",Culture is a science‑fiction series.,Culture is a reggae music group.,Culture is a science‑fiction series.,Culture is a science‑fiction series.,Culture is a science‑fiction series.,Culture is a science‑fiction series.,Reggae.,Culture is a science‑fiction series (specifically space‑opera).,Culture is a science‑fiction series.,Culture is a science‑fiction series.,0,1,0,0,0,0,1,0,0,0,0.8,Culture is a science‑fiction series.,INCORRECT
7444,3846375,Dark Descent,director,Daniel Knauf,1678215,526,2167434,"[""The Deep"",""Descent Into Darkness""]","[""Wilfred Schmidt"",""Chris Neal""]",http://www.wikidata.org/entity/Q5223197,http://www.wikidata.org/entity/Q648500,Dark Descent,Daniel Knauf,328,1398,Who was the director of Dark Descent?,"[""Daniel Knauf"", ""Wilfred Schmidt"", ""Chris Neal""]",The director of *Amnesia: The Dark Descent* was Thomas Grip.,,,,The director of *Dark Descent* was Brian McGinn.,,,The director of *Amnesia: The Dark Descent* was Thomas Grip.,,Thomas Grip was the director of Amnesia: The Dark Descent.,0,1,1,1,2,1,1,0,1,0,0.6,,NOT_ATTEMPTED
4884,2449019,Le Gang,producer,Alain Delon,1061271,164,37564,"[""Gang""]","[""Alain Fabien Maurice Marcel Delon""]",http://www.wikidata.org/entity/Q3223036,http://www.wikidata.org/entity/Q106529,Le Gang,Alain Delon,327,67043,Who was the producer of Le Gang?,"[""Alain Delon"", ""Alain Fabien Maurice Marcel Delon""]",Alain Sarde.,Alain Delon.,Al,The producer of *Le Gang* was Alain Sarde.,The producer of Le Gang was Jacques Bar.,The producer of *Le Gang* was Alain,The film *Le Gang* was produced by Jacques Demy.,The producer of *Le Gang* was Jacques Bar.,Alain Sarde.,Alain Sarde.,0,1,2,0,3,4,5,3,0,0,0.4,Alain Sarde.,INCORRECT
8683,1441165,Silence,screenwriter,Martin Scorsese,644496,533,1273986,[],"[""Martin Skorseze"",""Martin Charles Scorsese""]",http://www.wikidata.org/entity/Q18811634,http://www.wikidata.org/entity/Q41148,Silence (2016 film),Martin Scorsese,58729,218311,Who was the screenwriter for Silence?,"[""Jay Cocks"", ""Martin Scorsese"", ""Martin Skorseze"", ""Martin Charles Scorsese""]",The screenplay for *Silence* was written by Jay Cocks and Martin Scorsese.,,,The screenplay for Silence (2016) was written by Jay C,The screenplay for Sil,Jay Cocks.,The screenplay for Silence was written by Jay Cocks and Martin,The screenplay for *Silence* was written by Martin Scorsese and Jay Cocks.,,The screenplay for *Silence* was written by,0,1,1,2,2,0,0,0,1,2,0.4,The screenplay for *Silence* was written by Jay Cocks and Martin Scorsese.,CORRECT
2793,2797971,Apollo,father,Zeus,1201155,257,1119278,"[""Phoebus""]",[],http://www.wikidata.org/entity/Q37340,http://www.wikidata.org/entity/Q34201,Apollo,Zeus,130900,162820,Who is the father of Apollo?,"[""Zeus""]",Apollo’s father is Zeus.,Apollo’s father is Zeus.,Apollo's father is Zeus.,Apollo's father is Zeus.,Apollo's father is Zeus.,Apollo’s father is Zeus.,Zeus.,Zeus.,Zeus.,Apollo’s father is Zeus.,0,0,0,0,0,0,0,0,0,0,1.0,Apollo’s father is Zeus.,CORRECT
6864,5386408,Party,director,Govind Nihalani,2395664,526,1026189,[],[],http://www.wikidata.org/entity/Q7140882,http://www.wikidata.org/entity/Q3112826,Party (1984 film),Govind Nihalani,1732,4747,Who was the director of Party?,"[""Govind Nihalani""]",Ram Gopal Varma.,Hrishikesh Mukherjee was the director of Party.,Hrishikesh Mukherjee.,The director of the film *Party* is Govind Nihalani.,Ram Gopal Varma.,Hrishikesh Mukherjee.,Blake Edwards was the director of the film Party.,,Govind Nihalani.,The director of *Party* was Blake Edwards.,0,1,1,2,0,1,3,4,2,3,0.3,Hrishikesh Mukherjee was the director of Party.,INCORRECT
2584,6284803,The Hurricane,genre,biographical film,2836287,91,2159842,"[""Hurricane""]","[""biopic"",""biography film"",""biography movie"",""biographical movie"",""biographical picture""]",http://www.wikidata.org/entity/Q832732,http://www.wikidata.org/entity/Q645928,The Hurricane (1999 film),Biographical film,14419,19455,What genre is The Hurricane?,"[""biographical film"", ""biopic"", ""biography film"", ""biography movie"", ""biographical movie"", ""biographical picture""]",The Hurricane is a disaster‑thriller film.,The Hurricane is a biographical drama film.,The Hurricane is a biographical sports drama film.,The Hurricane is a biographical sports drama film.,The Hurricane is a biographical drama film.,The Hurricane is a biographical drama film.,The Hurricane is a biographical drama film.,The Hurricane is a biographical drama film.,The Hurricane is a biographical sports drama film.,The Hurricane is an adventure drama film.,0,1,1,1,1,1,1,1,1,2,0.8,The Hurricane is a biographical drama film.,CORRECT
7025,5753977,Side by Side,director,Bruce Beresford,2569275,526,1323651,[],[],http://www.wikidata.org/entity/Q7508311,http://www.wikidata.org/entity/Q449220,Side by Side (1975 film),Bruce Beresford,257,6007,Who was the director of Side by Side?,"[""Bruce Beresford""]",Christopher Kenneally.,Christopher Kenneally.,The documentary *Side by Side* was directed by Christopher Kenneally.,The director of *Side by by* is Christopher Kenneally.,The director of *Side by Side* was Chris Kennedy.,Chris Kenneally.,The documentary *Side by Side* was directed by Christopher Nolan.,The documentary *Side by Side* was directed by Christopher Kenneally.,Christopher Nolan.,The documentary *Side by Side* was directed by Christopher Kenneally.,0,0,0,0,0,0,1,0,1,0,0.8,Christopher Kenneally.,INCORRECT
1752,2063489,Amici miei – Atto III,genre,comedy film,904036,91,336148,"[""Amici miei atto III""]","[""comedy movie""]",http://www.wikidata.org/entity/Q2690455,http://www.wikidata.org/entity/Q157443,Amici miei – Atto III,Comedy film,187,36816,What genre is Amici miei – Atto III?,"[""comedy film"", ""comedy movie""]",Amici miei – Atto III is an Italian comedy film.,Amici miei – Atto III is an Italian comedy film.,Amici miei – Atto III is a comedy film.,Amici miei – Atto III is a Italian commedia all'italiana (comedy) film.,Comedy.,It is an Italian comedy film (commedia all'italiana).,Amici miei – Atto III is a Italian comedy (commedia all’italiana) film.,It is a comedy film.,"Amici miei – Atto III is a comedy film (specifically, an Italian “commedia all'italiana”).",Amici miei – Atto III is an Italian comedy film.,0,0,0,0,0,0,0,0,0,0,1.0,Amici miei – Atto III is an Italian comedy film.,CORRECT
4374,3956256,Orchestral Favorites,producer,Frank Zappa,1727955,164,149290,[],"[""Frank Vincent Zappa""]",http://www.wikidata.org/entity/Q530861,http://www.wikidata.org/entity/Q127330,Orchestral Favorites,Frank Zappa,2110,199253,Who was the producer of Orchestral Favorites?,"[""Frank Zappa"", ""Frank Vincent Zappa""]",,,,,,,,,,,0,0,0,0,0,0,0,0,0,0,1.0,,NOT_ATTEMPTED
76,4244332,Gillian Raine,occupation,actor,1859536,22,1114174,"[""Gillian Mary Lorraine""]","[""actress"",""actors"",""actresses""]",http://www.wikidata.org/entity/Q5562275,http://www.wikidata.org/entity/Q33999,Gillian Raine,Actor,2206,81374,What is Gillian Raine's occupation?,"[""actor"", ""actress"", ""actors"", ""actresses""]",Gillian Raine was a British actress.,Gillian Raine is a British actress.,Gillian Raine was a British actress.,Gillian Raine is a British actress.,Gillian Raine is a British actress.,Gillian Raine was a British actress (and also performed as a singer).,Gillian Raine was a British actress.,Gillian Raine was a British actress.,Gillian Raine was a British actress.,Gillian Raine was a British actress.,0,0,0,0,0,0,0,0,0,0,1.0,Gillian Raine was a British actress.,CORRECT
4236,1136804,I Am,producer,Pete Townshend,500788,164,904624,[],"[""Peter Dennis Blandford Townshend"",""00122214237 IPI"",""00054760672 IPI""]",http://www.wikidata.org/entity/Q16994535,http://www.wikidata.org/entity/Q26933,I Am (Pete Townshend album),Pete Townshend,437,64396,Who was the producer of I Am?,"[""Pete Townshend"", ""Peter Dennis Blandford Townshend"", ""00122214237 IPI"", ""00054760672 IPI""]",,John Batt,,,,,,,,The producer,0,1,0,0,0,0,0,0,0,2,0.8,,NOT_ATTEMPTED
374,2344027,Switch,occupation,disc jockey,1021941,22,163605,"[""David James Andrew Taylor"",""David Taylor"",""DJAT"",""Solid Groove"",""Modeler""]","[""DJ"",""dee jay"",""dj"",""D.J."",""disk jockey"",""dee-jay"",""deejay"",""disquaire"",""discaire""]",http://www.wikidata.org/entity/Q3101707,http://www.wikidata.org/entity/Q130857,Switch (songwriter),Disc jockey,2488,38478,What is Switch's occupation?,"[""disc jockey"", ""DJ"", ""dee jay"", ""dj"", ""D.J."", ""disk jockey"", ""dee-jay"", ""deejay"", ""disquaire"", ""discaire""]",,,,,,,,,Switch is a video game console.,,0,0,0,0,0,0,0,0,1,0,0.9,,NOT_ATTEMPTED
6805,5948000,The Pioneers,director,Franklyn Barrett,2669187,526,1820638,"[""Pioneers""]","[""Walter Franklyn Barrett""]",http://www.wikidata.org/entity/Q7757231,http://www.wikidata.org/entity/Q5492176,The Pioneers (1916 film),Franklyn Barrett,83,113,Who was the director of The Pioneers?,"[""Franklyn Barrett"", ""Walter Franklyn Barrett""]",,,,,The,,,,,The director of *The Pioneers* was John Ford.,0,0,0,0,0,0,0,0,0,1,0.9,,NOT_ATTEMPTED
9300,443081,Somewhere,screenwriter,Sofia Coppola,179913,533,666822,[],"[""Sofia Carmina Coppola""]",http://www.wikidata.org/entity/Q1338368,http://www.wikidata.org/entity/Q193628,Somewhere (film),Sofia Coppola,7261,93103,Who was the screenwriter for Somewhere?,"[""Sofia Coppola"", ""Sofia Carmina Coppola""]",Sofia Coppola.,Sofia Coppola was the screenwriter for *Somewhere*.,Sofia Coppola.,Sofia Coppola.,The screenwriter for *Somewhere* was Sofia Coppola.,Sofia Coppola.,Sofia Coppola.,Sofia Coppola.,Sofia Coppola was the screenwriter for *Somewhere*.,The screenwriter for *Somewhere* was Sofia Coppola.,0,0,0,0,0,0,0,0,0,0,1.0,Sofia Coppola.,CORRECT
8283,4485199,Stereo,screenwriter,David Cronenberg,1976035,533,1849243,[],"[""David Paul Cronenberg"",""David P. Cronenberg"",""David Cronenburg""]",http://www.wikidata.org/entity/Q587669,http://www.wikidata.org/entity/Q55422,Stereo (1969 film),David Cronenberg,3104,103190,Who was the screenwriter for Stereo?,"[""David Cronenberg"", ""David Paul Cronenberg"", ""David P. Cronenberg"", ""David Cronenburg""]",The screenplay for *Stereo* was written by Jeff B. Smith.,,Jeff Winner.,The film Stereo was written by Joshua Butler.,The screenwriter for *Stereo* was Jeff Santo.,Mark Sawers.,The screenwriter for the film Stereo was Mark S. Murray.,,The screenwriter for *Stereo* was Mark Ross.,,0,1,2,3,4,5,6,1,7,1,0.3,,NOT_ATTEMPTED
5888,5563764,Revenge,director,Edwin Carewe,2479716,526,1005133,[],[],http://www.wikidata.org/entity/Q7317888,http://www.wikidata.org/entity/Q3048778,Revenge (1928 film),Edwin Carewe,135,553,Who was the director of Revenge?,"[""Edwin Carewe""]",,Tony Scott.,,Tony Scott.,,The director of *Revenge* was Tony Scott.,Tony Scott.,,Tony,Tony Scott.,0,1,0,1,0,1,1,0,1,1,0.6,Tony Scott.,INCORRECT
11235,5156801,Humbert of Silva Candida,religion,Catholic Church,2281476,106,2918816,[],"[""Roman Catholic Church"",""Church"",""Roman Apostolic Catholic Church""]",http://www.wikidata.org/entity/Q68335,http://www.wikidata.org/entity/Q9592,Humbert of Silva Candida,Catholic Church,725,195995,What is the religion of Humbert of Silva Candida?,"[""Catholic Church"", ""Roman Catholic Church"", ""Church"", ""Roman Apostolic Catholic Church""]",He was a Catholic (Roman Catholic) bishop.,He was a Roman Catholic.,He was a Catholic Christian (a Roman Catholic bishop).,"Humbert of Silva Candida was a Christian, serving as a Catholic bishop.",He was a Roman Catholic.,He was a Roman Catholic.,Humbert of Silva Candida was a Christian (a Catholic bishop).,He was a Catholic Christian.,Catholic Christianity.,He was a Roman Catholic.,0,0,0,1,0,0,1,1,1,0,0.6,He was a Catholic (Roman Catholic) bishop.,CORRECT
8007,5783022,Athens,capital of,Henderson County,2583992,97,74111,"[""Athens, Texas""]","[""Henderson County, Texas""]",http://www.wikidata.org/entity/Q755425,http://www.wikidata.org/entity/Q112793,"Athens, Texas","Henderson County, Texas",3500,1716,What is Athens the capital of?,"[""Henderson County"", ""Henderson County, Texas""]",Athens is the capital of Greece.,Athens is the capital of Greece.,Athens is the capital of Greece.,Athens is the capital of Greece.,Athens is the capital of Greece.,Athens is the capital of Greece.,Athens is the capital of Greece.,Athens is the capital of Greece.,Athens is the capital of Greece.,Athens is the capital of Greece.,0,0,0,0,0,0,0,0,0,0,1.0,Athens is the capital of Greece.,INCORRECT
6555,3893092,Den store gavtyv,director,Johan Jacobsen,1699065,526,1033423,[],[],http://www.wikidata.org/entity/Q5256530,http://www.wikidata.org/entity/Q3133876,Den store gavtyv,Johan Jacobsen,72,114,Who was the director of Den store gavtyv?,"[""Johan Jacobsen""]",,Erik Balling.,,The director of *Den store gavtyv* was Finn Henriksen.,Anders Thomas,The director of *Den store gavtyv* was Henning Carlsen,The director of Den store gavtyv was August Blom.,The director of *Den store gavtyv* was Hans Petersen.,Henning Carlsen.,The director of *Den store gavtyv* was Finn Henriksen.,0,1,0,2,3,4,5,6,4,2,0.2,,NOT_ATTEMPTED
13779,1971316,Pô,capital,Turin,865913,422,1535871,"[""Po"",""Po Department"",""\u00c9ridan"",""\u00c9ridan Department""]","[""Torino"",""Turin, Italy""]",http://www.wikidata.org/entity/Q2567535,http://www.wikidata.org/entity/Q495,Pô (department),Turin,103,75884,What is the capital of Pô?,"[""Turin"", ""Torino"", ""Turin, Italy""]",Pô is itself the capital of Nahouri Province in Burkina Faso,Pô is its own capital.,The capital of Pô is the town of Pô itself.,,Pô is a town in Burkina Faso,Pô.,Pô.,,Pô.,,0,0,0,1,0,0,0,1,0,1,0.7,Pô is itself the capital of Nahouri Province in Burkina Faso,INCORRECT
3774,2081420,Hudson,country,United States of America,911578,182,988513,[],"[""the United States of America"",""America"",""U.S.A."",""USA"",""U.S."",""US"",""the US"",""the USA"",""US of A"",""the United States"",""U. S. A."",""U. S."",""the States"",""the U.S."",""'Merica"",""U.S"",""United States"",""'Murica""]",http://www.wikidata.org/entity/Q2710584,http://www.wikidata.org/entity/Q30,"Hudson, Indiana",United States,174,1629691,In what country is Hudson?,"[""United States of America"", ""the United States of America"", ""America"", ""U.S.A."", ""USA"", ""U.S."", ""US"", ""the US"", ""the USA"", ""US of A"", ""the United States"", ""U. S. A."", ""U. S."", ""the States"", ""the U.S."", ""'Merica"", ""U.S"", ""United States"", ""'Murica""]",United States.,United States.,Hudson is located in the United States.,Hudson is located in the United States.,United States.,The city of Hudson is located in the United States.,United States.,United States.,United States.,Hudson is located in the United States.,0,0,0,0,0,0,0,0,0,0,1.0,United States.,CORRECT
450,2384728,Jason Reitman,occupation,screenwriter,1037519,22,945070,[],"[""scenarist"",""writer"",""screen writer"",""script writer"",""scriptwriter""]",http://www.wikidata.org/entity/Q314502,http://www.wikidata.org/entity/Q28389,Jason Reitman,Screenwriter,50572,26544,What is Jason Reitman's occupation?,"[""film director"", ""movie director"", ""director"", ""motion picture director"", ""screenwriter"", ""scenarist"", ""writer"", ""screen writer"", ""script writer"", ""scriptwriter""]","Jason Reitman is a film director, producer, and screenwriter.",Jason Reitman is a film director (also a screenwriter and producer).,Jason Reitman is a film director (also working as a producer and screenwriter).,Jason Reitman is a film director (also working as a producer and screenwriter).,"Jason Reitman is a film director, screenwriter, and producer.","Jason Reitman is a film director, screenwriter, and producer.","Jason Reitman is a film director, screenwriter, and producer.","Jason Reitman is a film director, screenwriter, and producer.","Jason Reitman is a film director, screenwriter, and producer.",Jason Reitman is a film director (also a screenwriter and producer).,0,0,0,0,0,0,0,0,0,0,1.0,"Jason Reitman is a film director, producer, and screenwriter.",CORRECT
14172,3447132,Worth County,capital,Sylvester,1487396,422,934740,"[""Worth County, Georgia""]","[""Sylvester, Georgia""]",http://www.wikidata.org/entity/Q486154,http://www.wikidata.org/entity/Q2795652,"Worth County, Georgia","Sylvester, Georgia",897,933,What is the capital of Worth County?,"[""Sylvester"", ""Sylvester, Georgia""]",Sylvester.,Sylvester.,"The county seat (capital) of Worth County, Georgia, is Sylvester.",Sylvester.,Sylvester.,Sylvester.,"The county seat (capital) of Worth County, Georgia, is Sylvester.",Sylvester.,,"The county seat (capital) of Worth County, Georgia, is Sylvester",0,0,0,0,0,0,0,0,1,0,0.9,Sylvester.,CORRECT
1701,2377056,Tricky,genre,trip hop,1034152,91,721329,"[""Adrian Thaws"",""Adrian Nicholas Matthews Thaws"",""Tricky Kid"",""Tricky Rock""]","[""Bristol sound"",""trip-hop""]",http://www.wikidata.org/entity/Q313627,http://www.wikidata.org/entity/Q205560,Tricky (musician),Trip hop,32767,33715,What genre is Tricky?,"[""trip hop"", ""Bristol sound"", ""trip-hop""]",Tricky is primarily known as a pioneering artist in the trip‑hop genre.,Tricky is primarily associated with the trip‑hop genre.,"Tricky is primarily known for pioneering the trip‑hop genre, blending elements of alternative hip‑hop, electronica, and experimental rock.",Tricky is primarily associated with the trip‑hop genre.,Tricky is primarily known for his work in the trip‑hop genre.,Trip hop.,Tricky is primarily associated with the trip‑hop genre.,Tricky is primarily associated with the trip‑hop genre.,Tricky is primarily known as a trip‑hop artist.,Tricky is primarily known as a trip‑hop artist.,0,0,0,0,0,0,0,0,0,0,1.0,Tricky is primarily known as a pioneering artist in the trip‑hop genre.,CORRECT
11171,3530151,Bilal ibn Ribah,religion,Islam,1525793,106,1299818,"[""Bilal ibn Rabah al-Habashi"",""Bilal ibn Rabah"",""Bilal-i Habe\u015fi"",""Bilal, son of Rabah"",""Bilal""]","[""Islamic religion"",""Mohammedanism"",""Muslim religion"",""al-\u2019isl\u0101m"",""religion of the Muslims""]",http://www.wikidata.org/entity/Q493136,http://www.wikidata.org/entity/Q432,Bilal ibn Rabah,Islam,17049,233485,What is the religion of Bilal ibn Ribah?,"[""Islam"", ""Islamic religion"", ""Mohammedanism"", ""Muslim religion"", ""al-’islām"", ""religion of the Muslims""]",Bilal ibn Ribah was a Muslim.,Bilal ibn Ribah was a Muslim.,Bilal ibn Ribah was a Muslim.,Bilal ibn Ribah was a Muslim.,Bilal ibn Ribah was a Muslim.,Bilal ibn Ribah was a Muslim.,Bilal ibn Ribah was a Muslim.,Bilal ibn Ribah was a Muslim.,Bilal ibn Ribah was a Muslim.,Bilal ibn Ribah was a Muslim.,0,0,0,0,0,0,0,0,0,0,1.0,Bilal ibn Ribah was a Muslim.,CORRECT
12469,6245761,Zones,author,Damien Broderick,2819699,484,93065,[],"[""Damien Francis Broderick"",""D. Broderick"",""D Broderick"",""Roger Delaney"",""Edgar Grieve"",""Jack Harding"",""Alan Harlison"",""Philip Jenkins"",""Horace West"",""Iago Yarrick"",""O'Flaherty Gribbles""]",http://www.wikidata.org/entity/Q8073948,http://www.wikidata.org/entity/Q1158494,Zones (novel),Damien Broderick,75,683,Who is the author of Zones?,"[""Damien Broderick"", ""Damien Francis Broderick"", ""D. Broderick"", ""D Broderick"", ""Roger Delaney"", ""Edgar Grieve"", ""Jack Harding"", ""Alan Harlison"", ""Philip Jenkins"", ""Horace West"", ""Iago Yarrick"", ""O'Flaherty Gribbles"", ""Rory Barnes""]",,,,,,,,,,,0,0,0,0,0,0,0,0,0,0,1.0,,NOT_ATTEMPTED
10130,4633324,Inside Out,composer,Michael Giacchino,2041975,639,320332,[],"[""Michael George Giacchino""]",http://www.wikidata.org/entity/Q6144664,http://www.wikidata.org/entity/Q155124,Inside Out (2015 film),Michael Giacchino,74976,44355,Who was the composer of Inside Out?,"[""Michael Giacchino"", ""Michael George Giacchino""]",Michael Giacchino.,Michael Giacchino.,The composer of *Inside Out* is Michael Giacchino.,Michael Giacchino.,The composer of *Inside Out* was Michael Giacchino.,The composer of *Inside Out* is Michael Giacchino.,Michael Giacchino.,The composer of *Inside Out* was Michael Giacchino.,The composer of *Inside Out* is Michael Giacchino.,Michael Giacchino.,0,0,0,0,0,0,0,0,0,0,1.0,Michael Giacchino.,CORRECT
7107,4205838,Geordie,director,Frank Launder,1844459,526,2932573,[],[],http://www.wikidata.org/entity/Q5535599,http://www.wikidata.org/entity/Q979175,Geordie (film),Frank Launder,1184,1013,Who was the director of Geordie?,"[""Frank Launder""]",The director of *Geordie* was John Guillermin.,The director of *Geordie* was Ronald Fraser.,The director of *Geordie* was Frank Launder.,Frank Launder.,The director of *Geordie* was Frank Launder.,The director of *Geordie* was Frank Launder.,The director of *Geordie* was Frank Launder.,Frank Launder.,The director of Geordie was Frank Launder.,The director of *Geordie* was Frank Launder.,0,1,2,2,2,2,2,2,2,2,0.8,The director of *Geordie* was Frank Launder.,CORRECT
6100,4762260,Josh,director,Rabi Kinagi,2093842,526,1565538,[],"[""Ravi Kinagi"",""Rabi Kinnagi""]",http://www.wikidata.org/entity/Q6288562,http://www.wikidata.org/entity/Q5010538,Josh (2010 film),Ravi Kinagi,1646,1103,Who was the director of Josh?,"[""Rabi Kinagi"", ""Ravi Kinagi"", ""Rabi Kinnagi""]",Mansoor Khan.,The film *Josh* was directed by Ranjit Kapoor.,The director of *Josh* was Mansoor Khan.,The director of *Josh* was Mansoor Khan.,Mansoor Khan.,The director of *Josh* was Mansoor Khan.,Mansoor Khan was the director of the film *Josh*.,Mansoor Khan.,Mansoor Khan.,The director of the film *Josh* was Mansoor Khan.,0,1,0,0,0,0,0,0,0,0,0.9,Mansoor Khan.,INCORRECT
5925,4999128,Little Man,director,Nicole Conn,2206562,526,2346904,[],[],http://www.wikidata.org/entity/Q6650806,http://www.wikidata.org/entity/Q7030022,Little Man (2005 film),Nicole Conn,229,1863,Who was the director of Little Man?,"[""Nicole Conn""]",The director of *Little Man* was Keenen Ivory Wayans.,The director of *Little Man* was Keenen Ivory Wayans.,Keenen Ivory Wayans.,The director of *Little Man* was Keenen Ivory Wayans.,The director of *Little Man* was Keenen Ivory Wayans.,The director of *Little Man* was Keenen Ivory Wayans.,The director of *Little Man* was Keenen Ivory Wayans.,The director of *Little Man* was Keenen Ivory Wayans.,The director of *Little Man* was Keenen Ivory Wayans.,The director of *Little Man* was Keenen Ivory Wayans.,0,0,0,0,0,0,0,0,0,0,1.0,The director of *Little Man* was Keenen Ivory Wayans.,INCORRECT
10924,90206,Strong,composer,Robbie Williams,34983,639,1448807,[],"[""Robert Peter Maximilian Williams"",""Robert Peter \""Robbie\"" Williams"",""Robert Peter Williams""]",http://www.wikidata.org/entity/Q1061260,http://www.wikidata.org/entity/Q47875,Strong (Robbie Williams song),Robbie Williams,752,90093,Who was the composer of Strong?,"[""Robbie Williams"", ""Robert Peter Maximilian Williams"", ""Robert Peter \""Robbie\"" Williams"", ""Robert Peter Williams""]",,,,,,,,,,,0,0,0,0,0,0,0,0,0,0,1.0,,NOT_ATTEMPTED
1143,1936708,Terror from the Year 5000,genre,science fiction film,851709,91,1406377,[],"[""sci-fi film"",""science fiction movie"",""sci-fi movie"",""scifi film"",""scifi movie"",""sci fi film"",""sci fi movie"",""scifi-film"",""scifi""]",http://www.wikidata.org/entity/Q2514152,http://www.wikidata.org/entity/Q471839,Terror from the Year 5000,Science fiction film,747,41996,What genre is Terror from the Year 5000?,"[""science fiction film"", ""sci-fi film"", ""science fiction movie"", ""sci-fi movie"", ""scifi film"", ""scifi movie"", ""sci fi film"", ""sci fi movie"", ""scifi-film"", ""scifi""]",Science fiction.,,Terror from the Year 5000 is a science‑fiction horror film.,Terror from the Year 5000 is a science‑fiction story.,Science‑fiction horror.,Science fiction.,Science‑fiction horror.,Science fiction.,Science fiction.,,0,1,0,0,0,0,0,0,0,1,0.8,Science fiction.,CORRECT
6001,5693247,Sarah,director,Yoram Gross,2538932,526,1816718,"[""The 7th Match"",""Sarah and the Squirrel""]","[""Yoram Jerzy Gross"",""Yoram J Gross"",""Yoram J. Gross""]",http://www.wikidata.org/entity/Q7422032,http://www.wikidata.org/entity/Q54855,Sarah (film),Yoram Gross,433,63388,Who was the director of Sarah?,"[""Yoram Gross"", ""Yoram Jerzy Gross"", ""Yoram J Gross"", ""Yoram J. Gross""]",,,,Mike Newell.,,John Erman.,,,Mike Newell.,,0,0,0,1,0,2,0,0,1,0,0.7,,NOT_ATTEMPTED
10297,3315031,Amok Time,composer,Gerald Fried,1423896,639,1784095,"[""AT""]",[],http://www.wikidata.org/entity/Q4747498,http://www.wikidata.org/entity/Q541907,Amok Time,Gerald Fried,5710,1202,Who was the composer of Amok Time?,"[""Gerald Fried""]",The composer of “Amok Time” was Gerald Fried.,"The composer of the ""Amok Time"" episode score was Gerald Fried.",The composer of **“Amok Time”** was **Gerald Fried**.,The composer of *Amok Time* was Jerry Goldsmith.,"The composer of the ""Amok Time"" theme was Gerald Fried.",The composer of “Amok Time” was Gerald Fried.,The composer of “Amok Time” was Gerald Fried.,The composer of “Amok Time” was Gerald Fried.,Jerry Goldsmith.,The composer of “Amok Time” was Gerald Fried.,0,0,0,1,0,0,0,0,1,0,0.8,The composer of “Amok Time” was Gerald Fried.,CORRECT
13767,246233,Ghana,capital,Accra,99203,422,1208643,"[""Republic of Ghana"",""gh"",""GHA""]",[],http://www.wikidata.org/entity/Q117,http://www.wikidata.org/entity/Q3761,Ghana,Accra,173146,33751,What is the capital of Ghana?,"[""Accra""]",Accra.,Accra.,Accra.,Accra.,Accra.,Accra.,Accra.,Accra.,The capital of Ghana is Accra.,Accra.,0,0,0,0,0,0,0,0,0,0,1.0,Accra.,CORRECT
7525,1726946,Casino,director,Martin Scorsese,763203,526,1273986,[],"[""Martin Skorseze"",""Martin Charles Scorsese""]",http://www.wikidata.org/entity/Q220910,http://www.wikidata.org/entity/Q41148,Casino (1995 film),Martin Scorsese,59995,218311,Who was the director of Casino?,"[""Martin Scorsese"", ""Martin Skorseze"", ""Martin Charles Scorsese""]",The director of *Casino* was Martin Scorsese.,The director of *Casino* was Martin Scorsese.,The director of *Casino* was Martin Scorsese.,The director of *Casino* was Martin Scorsese.,The director of *Casino* was Martin Scorsese.,Martin Scorsese.,The director of *Casino* was Martin Scorsese.,The director of *Casino* was Martin Scorsese.,The director of *Casino* was Martin Scorsese.,The director of *Casino* is Martin Scorsese.,0,0,0,0,0,0,0,0,0,0,1.0,The director of *Casino* was Martin Scorsese.,CORRECT
10488,1203494,More,composer,Pink Floyd,536116,639,789768,[],"[""The Pink Floyd"",""The Pink Floyd Sound""]",http://www.wikidata.org/entity/Q1726605,http://www.wikidata.org/entity/Q2306,More (1969 film),Pink Floyd,3353,317566,Who was the composer of More?,"[""Pink Floyd"", ""The Pink Floyd"", ""The Pink Floyd Sound""]",Riz Ortolani.,,,The composer of “More” is Riz Ortolani.,Riz Ortolani.,Riz Ortolani.,Riz Ortolani.,Nino Rota.,Riz Ortolani.,Riz Ortolani.,0,1,1,0,0,0,0,2,0,0,0.7,Riz Ortolani.,INCORRECT
2178,6463290,Heart,genre,rock music,2906426,91,82098,[],"[""rock and roll"",""rock"",""Rock""]",http://www.wikidata.org/entity/Q941662,http://www.wikidata.org/entity/Q11399,Heart (band),Rock music,83062,140450,What genre is Heart?,"[""rock music"", ""rock and roll"", ""rock"", ""Rock""]",Heart is primarily classified as a classic/hard rock band.,Heart is primarily classified as a classic rock (hard rock) band.,Heart is primarily classified as a classic rock band with elements of hard rock and folk‑rock.,Heart is primarily classified as a classic/hard rock band.,"Heart is primarily a rock band, often classified as classic/hard rock.","Heart is primarily classified as a rock band, especially known for classic and hard rock.",Heart is primarily classified as a rock band (often identified with hard rock and arena‑rock styles).,"Heart is primarily classified as a classic rock band, known for its blend of hard rock, folk‑rock, and power‑ballad styles.",Heart is primarily classified as a classic/hard rock band.,Heart is primarily classified as a rock/hard‑rock band.,0,0,0,0,0,0,1,1,0,1,0.7,Heart is primarily classified as a classic/hard rock band.,CORRECT
1149,4120648,Tim,genre,romance film,1805493,91,30690,[],"[""romance genre"",""romantic film""]",http://www.wikidata.org/entity/Q546256,http://www.wikidata.org/entity/Q1054574,Tim (film),Romance film,2211,61181,What genre is Tim?,"[""romance film"", ""romance genre"", ""romantic film""]",Tim is a children’s literature work.,Tim is a work of children's literature.,Tim is a drama.,,Tim is a drama.,,Tim is a romance novel.,Tim is a romance novel.,Tim is a drama.,,0,0,1,2,1,2,3,3,1,2,0.3,Tim is a drama.,INCORRECT
8266,318646,Opening Night,screenwriter,Noelle Valdivia,128551,533,2352297,[],[],http://www.wikidata.org/entity/Q12211248,http://www.wikidata.org/entity/Q7047325,Opening Night (Smash),Noelle Valdivia,135,116,Who was the screenwriter for Opening Night?,"[""Bathsheba Doran"", ""Noelle Valdivia""]",John Cassavetes.,John Cassavetes.,The screenplay for *Opening Night* was written by Joan Didion and John Gregory Dunne.,John Cassavetes was the screenwriter for *Opening Night*.,The screenplay for *Opening Night* was written by Joan Didion.,John Cassavetes was the screenwriter for *Opening Night*.,The screenplay for *Opening Night* was written by Joan Didion.,John Cassavetes.,John Cassavetes.,John Cassavetes.,0,0,1,0,1,0,1,0,0,0,0.7,John Cassavetes.,INCORRECT
13463,857875,Rama,mother,Kausalya,364508,292,718834,"[""Ram"",""Ramachandra"",""Ramchandra"",""Shri Ram"",""Lord Ram"",""Shri Ramchandra"",""R\u00e2ma""]",[],http://www.wikidata.org/entity/Q160213,http://www.wikidata.org/entity/Q2046270,Rama,Kausalya,93777,5842,Who is the mother of Rama?,"[""Kausalya""]",Kaushalya.,Kaushalya.,Kaushalya.,Kaushalya.,Kaushalya.,Kaushalya.,Kaushalya.,Kaushalya.,Kaushalya.,Kaushalya.,0,0,0,0,0,0,0,0,0,0,1.0,Kaushalya.,CORRECT
5068,310930,The Anniversary,producer,Jimmy Sangster,125917,164,2925016,"[""Anniversary"",""The Anniversary (1968 film)"",""The anniversary (1968 film)""]","[""James Henry Kinmel Sangster""]",http://www.wikidata.org/entity/Q1213044,http://www.wikidata.org/entity/Q967593,The Anniversary (1968 film),Jimmy Sangster,3581,1746,Who was the producer of The Anniversary?,"[""Jimmy Sangster"", ""James Henry Kinmel Sangster""]",,The producer of *The Anniversary* was,Michael Balcon.,The producer of The Anniversary was Robert L. Jacks.,The producer of The Anniversary was Robert L. Jacks.,The producer of *The Anniversary* was Michael Klinger.,Michael Gill.,Michael Medwin.,John Brabourne.,,0,1,2,1,1,1,3,4,5,0,0.4,The producer of *The Anniversary* was,NOT_ATTEMPTED
8806,3609879,The Fog,screenwriter,John Carpenter,1562924,533,2912281,"[""Fog""]","[""John Howard Carpenter""]",http://www.wikidata.org/entity/Q500403,http://www.wikidata.org/entity/Q95008,The Fog,John Carpenter,100414,487945,Who was the screenwriter for The Fog?,"[""John Carpenter"", ""John Howard Carpenter""]",John Carpenter.,The Fog was written by John Carpenter and Debra Hill.,John Carpenter.,John Carpenter.,"The screenwriter for *The Fog* was John Carpenter, co‑written with Debra Hill.",The Fog was written by John Carpenter (story) and Debra Hill (screenplay).,John Carpenter.,John Carpenter.,The Fog was written by John Carpenter and Debra Hill.,The screenwriter for *The Fog* was John Carpenter.,0,0,0,0,0,0,0,0,0,0,1.0,John Carpenter.,CORRECT
5306,4810283,Drama,producer,Trevor Horn,2117163,164,1032339,[],"[""Trevor Charles Horn""]",http://www.wikidata.org/entity/Q636474,http://www.wikidata.org/entity/Q313092,Drama (Yes album),Trevor Horn,8398,34096,Who was the producer of Drama?,"[""Trevor Horn"", ""Trevor Charles Horn""]",,,,,,,,,,,0,0,0,0,0,0,0,0,0,0,1.0,,NOT_ATTEMPTED
1124,4497404,David Allan,genre,history painting,1981930,91,2539729,"[""David Allen"",""Allan of Edinbro'"",""Allan David"",""Allan"",""D. Allan"",""Allen""]","[""historical painting"",""historical art""]",http://www.wikidata.org/entity/Q590576,http://www.wikidata.org/entity/Q742333,David Allan (painter),History painting,348,7259,What genre is David Allan?,"[""history painting"", ""historical painting"", ""historical art""]",,David Allan is a rock musician.,David Allan was a Scottish painter known for historical and genre scenes.,,,David Allan writes historical fiction.,David Allan is primarily a folk musician.,David Allan was a Scottish painter best known for his historical genre paintings.,David Allan writes mystery/crime fiction.,David Allan was a Scottish historical painter.,0,1,2,0,0,3,4,2,5,2,0.3,,NOT_ATTEMPTED
3696,5348468,Orefield,country,United States of America,2376657,182,988513,[],"[""the United States of America"",""America"",""U.S.A."",""USA"",""U.S."",""US"",""the US"",""the USA"",""US of A"",""the United States"",""U. S. A."",""U. S."",""the States"",""the U.S."",""'Merica"",""U.S"",""United States"",""'Murica""]",http://www.wikidata.org/entity/Q7101003,http://www.wikidata.org/entity/Q30,"Orefield, Pennsylvania",United States,419,1629691,In what country is Orefield?,"[""United States of America"", ""the United States of America"", ""America"", ""U.S.A."", ""USA"", ""U.S."", ""US"", ""the US"", ""the USA"", ""US of A"", ""the United States"", ""U. S. A."", ""U. S."", ""the States"", ""the U.S."", ""'Merica"", ""U.S"", ""United States"", ""'Murica""]","Orefield is located in the United States, in the state of Pennsylvania.",United States (Pennsylvania).,"Orefield is located in the United States, specifically in the state of Pennsylvania.","Orefield is located in the United States, specifically in Pennsylvania.","Orefield is located in the United States, specifically in Pennsylvania.","Orefield is located in the United States, in the state of Pennsylvania.","Orefield is located in the United States, in the state of Pennsylvania.","Orefield is located in the United States, specifically in Pennsylvania.","Orefield is located in the United States, specifically in the state of Pennsylvania.","Orefield is located in the United States, in the state of Pennsylvania.",0,0,0,0,0,0,0,0,0,0,1.0,"Orefield is located in the United States, in the state of Pennsylvania.",CORRECT
12140,5923926,The Enemy,author,Charlie Higson,2656869,484,2885965,[],"[""Charles Murray Higson""]",http://www.wikidata.org/entity/Q7732179,http://www.wikidata.org/entity/Q917004,The Enemy (Higson novel),Charlie Higson,2814,9434,Who is the author of The Enemy?,"[""Charlie Higson"", ""Charles Murray Higson""]",The author of *The Enemy* is Lee Child.,The novel *The Enemy* was written by Charlie Higson.,The author of *The Enemy* is Pearl,Charlie Higson.,The novel *The Enemy* was written by Lee Child.,,The novel *The Enemy* was written by Lee Child,The author of *The Enemy* is Lee Child.,The author of *The Enemy* is Lee Child.,The author of *The Enemy* is Lee Child.,0,1,2,1,0,3,0,0,0,0,0.6,The author of *The Enemy* is Lee Child.,INCORRECT
12596,2311628,Sketches New and Old,author,Mark Twain,1008531,484,2443351,[],"[""Samuel Langhorne Clemens"",""Samuel L. Clemens"",""Samuel Clemens""]",http://www.wikidata.org/entity/Q3058638,http://www.wikidata.org/entity/Q7245,Sketches New and Old,Mark Twain,178,146014,Who is the author of Sketches New and Old?,"[""Mark Twain"", ""Samuel Langhorne Clemens"", ""Samuel L. Clemens"", ""Samuel Clemens""]",The author of *Sketches New and Old* is William Blake.,,The author of *Sketches New and Old* is Robert Browning.,The author of *Sketches New and Old* is William Blake.,,,William Blake.,,John Ruskin.,William Hazlitt.,0,1,2,0,1,1,0,1,3,4,0.4,,NOT_ATTEMPTED
974,3324646,Andrea Magi,place of birth,Pesaro,1428605,218,166324,[],[],http://www.wikidata.org/entity/Q4755163,http://www.wikidata.org/entity/Q13134,Andrea Magi,Pesaro,88,4700,In what city was Andrea Magi born?,"[""Pesaro""]","Andrea Magi was born in Rome, Italy.",Rome.,"Andrea Magi was born in Rome, Italy.",Rome.,"Andrea Magi was born in Bologna, Italy.",Rome.,Rome.,"Andrea Magi was born in Rome, Italy.","Andrea Magi was born in Rome, Italy.","Andrea Magi was born in Rome, Italy.",0,0,0,0,1,0,0,0,0,0,0.9,"Andrea Magi was born in Rome, Italy.",INCORRECT
6098,2186308,Father,director,Wang Shuo,955223,526,2316780,[],[],http://www.wikidata.org/entity/Q2877710,http://www.wikidata.org/entity/Q693778,Father (2000 film),Wang Shuo,267,662,Who was the director of Father?,"[""Wang Shuo""]",,,,,The film Father was directed by Rafi,,,,,,0,0,0,0,1,0,0,0,0,0,0.9,,NOT_ATTEMPTED
13705,3541925,Albertslund Municipality,capital,Albertslund,1530262,422,1054515,[],[],http://www.wikidata.org/entity/Q493833,http://www.wikidata.org/entity/Q3196726,Albertslund Municipality,Albertslund,406,615,What is the capital of Albertslund Municipality?,"[""Albertslund""]",Albertslund.,Albertslund.,Albertslund.,Albertslund.,Albertslund.,Albertslund is the administrative centre (capital) of Albertslund Municipality.,Albertslund.,Albertslund.,Albertslund.,Albertslund.,0,0,0,0,0,0,0,0,0,0,1.0,Albertslund.,CORRECT
2429,6212650,Working,genre,sitcom,2801852,91,509702,[],"[""situational comedy"",""situation comedy""]",http://www.wikidata.org/entity/Q8034890,http://www.wikidata.org/entity/Q170238,Working (TV series),Sitcom,1374,47889,What genre is Working?,"[""sitcom"", ""situational comedy"", ""situation comedy""]",Working is a documentary theatre play.,Working is a documentary theatre play.,Working is a documentary‑theatre play (non‑fiction drama).,Working is a sitcom.,Working is a musical theatre production.,Working is a musical theatre production.,Working is a stage musical (musical theatre).,Drama.,Working is a musical theatre production.,,0,0,0,1,2,2,2,0,2,3,0.4,Working is a documentary theatre play.,INCORRECT
10173,1437552,One Last Time,composer,Rami Yacoub,642951,639,1229437,[],"[""Rami""]",http://www.wikidata.org/entity/Q18786661,http://www.wikidata.org/entity/Q384159,One Last Time (Ariana Grande song),Rami Yacoub,6553,6553,Who was the composer of One Last Time?,"[""Giorgio Tuinfort"", ""Giorgio Hesdey Tuinfort"", ""Savan Kotecha"", ""Savan Harish Kotecha"", ""Rami Yacoub"", ""Rami"", ""Carl Falk"", ""Carl Anthony Falk-Gramer""]",,The song,The song “One Last Time” was composed by Max Martin (along with co‑writers Savan,The song,The song “One Last Time” was composed by Max,,,,,,0,1,2,1,2,0,0,0,0,0,0.6,,NOT_ATTEMPTED
11486,47001,Carl Hagelin,sport,ice hockey,19301,560,1279430,"[""Carl Oliver Hagelin""]",[],http://www.wikidata.org/entity/Q1038576,http://www.wikidata.org/entity/Q41466,Carl Hagelin,Ice hockey,2724,59363,What sport does Carl Hagelin play?,"[""ice hockey""]",Carl Hagelin is a professional ice hockey player.,Carl Hagelin is a professional ice hockey player.,Carl Hagelin is a professional ice hockey player.,Carl Hagelin is a professional ice hockey player.,Ice hockey.,Ice hockey.,Carl Hagelin is a professional ice hockey player.,Carl Hagelin is a professional ice hockey player.,Ice hockey.,He plays professional ice hockey.,0,0,0,0,0,0,0,0,0,0,1.0,Carl Hagelin is a professional ice hockey player.,CORRECT
13971,3013107,Roraima,capital,Boa Vista,1290167,422,587403,"[""RR"",""Roraima state""]",[],http://www.wikidata.org/entity/Q42508,http://www.wikidata.org/entity/Q181056,Roraima,"Boa Vista, Roraima",4911,2564,What is the capital of Roraima?,"[""Boa Vista""]",Boa Vista.,Boa Vista.,Boa Vista.,The capital of Roraima is Boa Vista.,Boa Vista.,Boa Vista.,Boa Vista.,Boa Vista.,Boa Vista.,Boa Vista.,0,0,0,0,0,0,0,0,0,0,1.0,Boa Vista.,CORRECT
7953,774480,Laishevo,capital of,Laishevsky District,330058,97,766718,[],[],http://www.wikidata.org/entity/Q156648,http://www.wikidata.org/entity/Q2219922,Laishevo,Laishevsky District,166,147,What is Laishevo the capital of?,"[""Laishevsky District""]",Laishevo is the capital of Laishevsky District.,"Laishevo is the administrative centre of Laishevsky District in the Republic of Tatarstan, Russia.","Laishevo is the administrative centre (capital) of Laishevsky District in the Republic of Tatarstan, Russia.","Laishevo is the administrative capital of Laishevsky District in the Republic of Tatarstan, Russia.","Laishevo is the administrative capital of Laishevsky District in the Republic of Tatarstan, Russia.","Laishevo is the administrative centre of Laishevsky District in the Republic of Tatarstan, Russia.","Laishevo is the administrative centre of Laishevsky District in the Republic of Tatarstan, Russia.",Laishevo is the administrative center (capital) of Laishevsky District in the Republic of T,"Laishevo is the administrative centre (capital) of Laishevsky District in the Republic of Tatarstan, Russia.","Laishevo is the administrative centre (capital) of Laishevsky District in the Republic of Tatarstan, Russia.",0,1,1,1,1,1,1,0,1,1,0.8,"Laishevo is the administrative centre of Laishevsky District in the Republic of Tatarstan, Russia.",CORRECT
6747,5223929,Destiny,director,Mario Mattoli,2313956,526,1851712,"[""Il destino""]",[],http://www.wikidata.org/entity/Q692906,http://www.wikidata.org/entity/Q55458,Destiny (1938 film),Mario Mattoli,100,488,Who was the director of Destiny?,"[""Mario Mattoli""]",The film *Destiny* (1997) was directed by James L. Conway.,,,,,,,,The director of *Destiny* was James L. Conway.,Alex Proyas.,0,1,1,1,1,1,1,1,0,2,0.7,,NOT_ATTEMPTED
7328,1960242,Guess Who,director,Kevin Rodney Sullivan,861254,526,1054209,[],[],http://www.wikidata.org/entity/Q255137,http://www.wikidata.org/entity/Q3195793,Guess Who (film),Kevin Rodney Sullivan,8644,1136,Who was the director of Guess Who?,"[""Kevin Rodney Sullivan""]",Kevin Rodney Sullivan.,The director of *Guess Who* was Kevin Rodney Sullivan.,Kevin Rodney Sullivan.,The director of *Guess Who* was Dan Mirvish.,The director of *Guess Who* was Kevin Rodney Sullivan.,The director of *Guess Who* was Kevin Rodney Sullivan.,The director of *Guess Who* was Kevin Rodney Sullivan.,Kevin Rodney Sullivan.,The director of *Guess Who* was Kevin Rodney Sullivan.,Kevin Rodney Sullivan.,0,0,0,1,0,0,0,0,0,0,0.9,Kevin Rodney Sullivan.,CORRECT
4504,3822617,Daddy,producer,Allu Aravind,1667857,164,159997,[],[],http://www.wikidata.org/entity/Q5207985,http://www.wikidata.org/entity/Q12990834,Daddy (2001 film),Allu Aravind,4900,45018,Who was the producer of Daddy?,"[""Allu Aravind""]",,The film “Daddy” was produced by Gulshan Kumar.,K. C. Bokadia.,,,,,,"The film ""Daddy"" was produced by Bhushan",Mahesh,0,1,2,0,0,0,0,0,3,4,0.6,,NOT_ATTEMPTED
4009,2674978,Old Persian,country,Iran,1151834,182,2753763,"[""peo"",""Old Persian language""]","[""Islamic Republic of Iran"",""Persia"",""ir"",""Islamic Rep. Iran"",""\ud83c\uddee\ud83c\uddf7""]",http://www.wikidata.org/entity/Q35225,http://www.wikidata.org/entity/Q794,Old Persian,Iran,9700,317291,In what country is Old Persian?,"[""Iran"", ""Islamic Republic of Iran"", ""Persia"", ""ir"", ""Islamic Rep. Iran"", ""🇮🇷""]",Iran.,Iran.,Iran.,Iran.,Iran.,Iran.,Iran.,Iran.,Iran.,Iran.,0,0,0,0,0,0,0,0,0,0,1.0,Iran.,CORRECT
9458,3469403,The Clearing,screenwriter,Pieter Jan Brugge,1498703,533,2928821,"[""Clearing""]",[],http://www.wikidata.org/entity/Q488345,http://www.wikidata.org/entity/Q973342,The Clearing (film),Pieter Jan Brugge,3858,1136,Who was the screenwriter for The Clearing?,"[""Justin Haythe"", ""Pieter Jan Brugge""]",The screenwriters for *The Clearing* were Michael Brandt and Derek Haas.,,The screenwriter for *The Clearing* was Michael Kalesniko,The screenplay for *The Clearing* was written by Phil Hay and Matt Manfredi.,The screenwriter for *The Clearing* was Michael C. Huber.,Michael Tolkin.,The screenwriter for *The Clearing* was John Sayles.,The screenplay for *The Clearing* was written by Phil Hay and Matt Manfredi.,,The screenplay for The Clearing was,0,1,2,3,4,5,6,3,1,6,0.2,,NOT_ATTEMPTED
13425,2624911,Carmelite Rule of St. Albert,author,Albert of Vercelli,1130549,484,2396476,"[""Rule of St. Albert""]","[""Albert Avogadro"",""St. Alberto Avogadro""]",http://www.wikidata.org/entity/Q3454225,http://www.wikidata.org/entity/Q714267,Rule of Saint Albert,Albert of Vercelli,482,230,Who is the author of Carmelite Rule of St. Albert?,"[""Albert of Vercelli"", ""Albert Avogadro"", ""St. Alberto Avogadro""]",St. Albert of Pisa.,The Carmelite Rule of St. Albert was authored by St. Albert of Jerusalem.,The Carmelite Rule of St. Albert was authored by St. Albert of Jerusalem.,"The Carmelite Rule of St. Albert was authored by Saint Albert, the 13th‑century Patriarch of Jerusalem.",The Carmelite Rule of St. Albert was authored by Saint Albert of Jerusalem.,The Carmelite Rule of St. Albert was authored by Saint Albert of Jerusalem.,St. Albert of Cologne.,The Carmelite Rule of St. Albert was authored by St. Albert of Jerusalem.,The Carmelite Rule of St. Albert was authored by Saint Albert of Jerusalem.,The Carmelite Rule of St. Albert was authored by Saint Albert of Cologne.,0,1,1,1,1,1,2,1,1,2,0.7,The Carmelite Rule of St. Albert was authored by St. Albert of Jerusalem.,INCORRECT
3977,4521313,Hyderabad House,country,India,1992558,182,2215085,[],"[""Bharat"",""Hindustan"",""Bharatvarsh"",""in"",""IN"",""Republic of India"",""\ud83c\uddee\ud83c\uddf3"",""IND"",""Aryavratt""]",http://www.wikidata.org/entity/Q5953898,http://www.wikidata.org/entity/Q668,Hyderabad House,India,4520,1301086,In what country is Hyderabad House?,"[""India"", ""Bharat"", ""Hindustan"", ""Bharatvarsh"", ""in"", ""IN"", ""Republic of India"", ""🇮🇳"", ""IND"", ""Aryavratt""]",Hyderabad House is located in India.,"Hyderabad House is located in India, specifically in New Delhi.",India.,India.,India.,"Hyderabad House is located in India, in New Delhi.",India.,India.,India.,Hyderabad House is located in India.,0,0,0,0,0,0,0,0,0,0,1.0,Hyderabad House is located in India.,CORRECT
11897,5562945,Jukka Tammi,sport,ice hockey,2479344,560,1279430,"[""Jukka Vilho Tapani Tammi""]",[],http://www.wikidata.org/entity/Q731719,http://www.wikidata.org/entity/Q41466,Jukka Tammi,Ice hockey,150,59363,What sport does Jukka Tammi play?,"[""ice hockey""]",Ice hockey.,Ice hockey.,Ice hockey.,Ice hockey.,Jukka Tammi is an ice hockey player.,Ice hockey.,Ice hockey.,Jukka Tammi is a professional ice hockey player (goaltender).,Jukka Tammi is a professional ice‑hockey player.,Ice hockey.,0,0,0,0,0,0,0,0,0,0,1.0,Ice hockey.,CORRECT
7256,3466480,Witness,director,Peter Weir,1497121,526,1849386,[],"[""Peter Lindsay Weir""]",http://www.wikidata.org/entity/Q488041,http://www.wikidata.org/entity/Q55424,Witness (1985 film),Peter Weir,21025,24259,Who was the director of Witness?,"[""Peter Weir"", ""Peter Lindsay Weir""]",The director of *Witness* was Peter Weir.,Peter Weir.,The director of *Witness* was Peter Weir.,The director of *Witness* was Peter Weir.,Peter Weir.,Peter Weir.,The director of *Witness* was Peter Weir.,The director of *Witness* was Peter Weir.,Peter Weir.,Peter Weir.,0,0,0,0,0,0,0,0,0,0,1.0,The director of *Witness* was Peter Weir.,CORRECT
5960,3676773,Challenge,director,Raj Chakraborty,1596984,526,1053798,[],"[""Raju Chakraborty""]",http://www.wikidata.org/entity/Q5068880,http://www.wikidata.org/entity/Q3194810,Challenge (2009 film),Raj Chakraborty,2082,8272,Who was the director of Challenge?,"[""Raj Chakraborty"", ""Raju Chakraborty""]",,,,,,The director of *Challenge* was N.,,,,,0,0,0,0,0,1,0,0,0,0,0.9,,NOT_ATTEMPTED
14129,6341216,Odrysian kingdom,capital,Seuthopolis,2859124,422,157249,[],[],http://www.wikidata.org/entity/Q870517,http://www.wikidata.org/entity/Q1291235,Odrysian kingdom,Seuthopolis,5027,1086,What is the capital of Odrysian kingdom?,"[""Seuthopolis""]",Seuthopolis.,The capital of the Odrysian kingdom was the city of Seuthopolis.,Seuthopolis.,Seuthopolis.,Seuthopolis.,Seuthopolis.,Seuthopolis.,Seuthopolis.,The capital of the Odrysian kingdom was Seuthopolis.,Seuthopolis.,0,0,0,0,0,0,0,0,0,0,1.0,Seuthopolis.,CORRECT
3102,1278936,Salmon,father,Nahshon,569592,257,575310,"[""Salmah""]",[],http://www.wikidata.org/entity/Q1771358,http://www.wikidata.org/entity/Q1784980,Salmon (biblical figure),Nahshon,2870,1976,Who is the father of Salmon?,"[""Nahshon""]",,The father of a salmon is,A salmon’s,,,,,,,,0,1,1,0,0,0,0,0,0,0,0.8,,NOT_ATTEMPTED
1001,192034,Damian Pettigrew,place of birth,Quebec,77632,218,561022,[],"[""Qu\u00e9bec"",""QC"",""Province of Quebec"",""Quebec, Canada"",""Quebec Province""]",http://www.wikidata.org/entity/Q1133492,http://www.wikidata.org/entity/Q176,Damian Pettigrew,Quebec,315,142909,In what city was Damian Pettigrew born?,"[""Quebec"", ""Québec"", ""QC"", ""Province of Quebec"", ""Quebec, Canada"", ""Quebec Province""]",Damian Pettigrew was born in Montreal.,"Damian Pettigrew was born in Montreal, Canada.",Damian Pettigrew was born in Montreal.,Damian Pettigrew was born in Montreal.,"Damian Pettigrew was born in Toronto, Ontario, Canada.",Damian Pettigrew was born in Montreal.,Damian Pettigrew was born in Montreal.,"Damian Pettigrew was born in Montreal, Canada.",Damian Pettigrew was born in Montreal.,Damian Pettigrew was born in London.,0,0,0,0,1,0,0,0,0,2,0.8,Damian Pettigrew was born in Montreal.,INCORRECT
6522,5971609,Thin,director,Lauren Greenfield,2681036,526,1060383,[],[],http://www.wikidata.org/entity/Q7784252,http://www.wikidata.org/entity/Q3218831,Thin (film),Lauren Greenfield,2841,8162,Who was the director of Thin?,"[""Lauren Greenfield""]",The director of *Thin* is Lauren Greenfield.,The documentary *Thin* was directed by Lauren Greenfield.,The director of *Thin* was Lauren Greenfield.,The director of *Thin* is Lauren Greenfield.,The documentary *Thin* was directed by Lauren Greenfield.,Lauren Greenfield.,The documentary *Thin* (2006) was directed by Lauren Greenfield.,Lauren Greenfield.,,The director of *Thin* was Lauren Greenfield.,0,0,0,0,0,0,0,0,1,0,0.9,The director of *Thin* is Lauren Greenfield.,CORRECT
9930,4496891,LOL,screenwriter,Lisa Azuelos,1981672,533,1313012,"[""Laughing Out Loud""]","[""Lisa Alessandrin"",""Elise-Anne Bethsab\u00e9e Azuelos""]",http://www.wikidata.org/entity/Q590444,http://www.wikidata.org/entity/Q440453,LOL (2012 film),Lisa Azuelos,21501,1015,Who was the screenwriter for LOL?,"[""Lisa Azuelos"", ""Lisa Alessandrin"", ""Elise-Anne Bethsabée Azuelos""]",Lisa Hopen Wilson.,The screenplay for LOL was written by Lisa Loomer.,The screenwriter for LOL was Nancy Oliver.,The screenplay for the 2012 film *LOL* was written by Tiffany Paulsen.,,The screenwriter for LOL was Lisa Ko.,,The screenwriters for the film LOL were Lisa Ko and Stephen Mazur.,The screenplay for the 2012,The screenwriter for *LOL* was Cameron Crowe.,0,1,2,3,4,5,4,5,6,7,0.2,,NOT_ATTEMPTED
2253,5951370,The Restaurant,genre,reality television,2670905,91,606038,[],"[""reality TV"",""reality television program"",""reality TV program"",""reality television show"",""television reality program"",""television reality show"",""TV reality program"",""TV reality show""]",http://www.wikidata.org/entity/Q7760321,http://www.wikidata.org/entity/Q182415,The Restaurant (British TV series),Reality television,425,40906,What genre is The Restaurant?,"[""reality television"", ""reality TV"", ""reality television program"", ""reality TV program"", ""reality television show"", ""television reality program"", ""television reality show"", ""TV reality program"", ""TV reality show""]",Drama.,Drama.,The Restaurant is a comedy series.,The Restaurant is a reality‑television series.,The Restaurant is a reality‑television series.,The Restaurant is a reality television series.,The,Drama.,The Restaurant is a reality‑television series.,The Restaurant is a sitcom (comedy) series.,0,0,1,2,2,2,2,0,2,1,0.5,The Restaurant is a reality‑television series.,CORRECT
9327,5907955,The Amazing Mrs Pritchard,screenwriter,Sally Wainwright,2648682,533,2529431,[],"[""Sally Anne Wainwright""]",http://www.wikidata.org/entity/Q7713329,http://www.wikidata.org/entity/Q7405323,The Amazing Mrs Pritchard,Sally Wainwright,1364,13886,Who was the screenwriter for The Amazing Mrs Pritchard?,"[""Sally Wainwright"", ""Sally Anne Wainwright""]",The series was written by screenwriter Andrew Davies.,The series was written by screenwriter Patrick Har,The series was written by screenwriter Peter Bowker.,Paul Abbott.,Russell T Davies.,"The series ""The Amazing Mrs Pritchard"" was written by screenwriter Peter Bowker.",Peter Moffat.,Paula Milne.,Paula Milne.,,0,1,2,3,4,2,5,6,6,7,0.2,The series was written by screenwriter Peter Bowker.,INCORRECT
484,285248,Eckart von Hirschhausen,occupation,physician,115302,22,1253162,[],"[""physicians"",""medical doctor"",""medical practitioner"",""doctor"",""medical doctors""]",http://www.wikidata.org/entity/Q119568,http://www.wikidata.org/entity/Q39631,Eckart von Hirschhausen,Physician,651,48188,What is Eckart von Hirschhausen's occupation?,"[""physician"", ""physicians"", ""medical doctor"", ""medical practitioner"", ""doctor"", ""medical doctors""]","Eckart von Hirschhausen is a German physician who is also a comedian, author and television presenter.","Eckart von Hirschhausen is a German physician who is also a comedian, author, and television presenter.","Eckart von Hirschhausen is a German physician who is also a comedian, author and television presenter.","Eckart von Hirschhausen is a German physician who is also a comedian, author, and television presenter.","Eckart von Hirschhausen is a German physician who is also known as a comedian, author and television presenter.",Eckart von Hirschhausen is a German physician who is also known as a comedian and author.,"Eckart von Hirschhausen is a German physician who is also a comedian, author, and television presenter.","Eckart von Hirschhausen is a German physician who is also a comedian, author, and television presenter.","Eckart von Hirschhausen is a German physician who is also a comedian, author, and television presenter.",Eckart von Hirschhausen is a German physician who is also a comedian and author.,0,0,0,0,0,0,0,0,0,0,1.0,"Eckart von Hirschhausen is a German physician who is also a comedian, author and television presenter.",CORRECT
14230,352365,Obwalden,capital,Sarnen,141502,422,2133385,"[""OW"",""canton of Obwald"",""Kanton Obwalden"",""Unterwalden ob dem Wald"",""Canton of Obwalden""]","[""Sarnen OW""]",http://www.wikidata.org/entity/Q12573,http://www.wikidata.org/entity/Q63964,Obwalden,Sarnen,2003,1425,What is the capital of Obwalden?,"[""Sarnen"", ""Sarnen OW""]",The capital of Obwalden is Sarnen.,Obwalden’s capital is Sarnen.,Sarnen.,Sarnen.,The capital of the Swiss canton of Obwalden is Sarnen.,Sarnen.,The capital of the canton of Obwalden is Sarnen.,Sarnen.,Sarnen.,The capital of the Swiss canton of Obwalden is Sarnen.,0,0,0,0,0,0,0,0,0,0,1.0,The capital of Obwalden is Sarnen.,CORRECT
8495,3474862,The Debt,screenwriter,Krzysztof Krauze,1501160,533,189636,"[""Debt""]",[],http://www.wikidata.org/entity/Q488745,http://www.wikidata.org/entity/Q1349845,The Debt (1999 film),Krzysztof Krauze,290,256,Who was the screenwriter for The Debt?,"[""Krzysztof Krauze""]",The screenwriter for *The Debt* was Tony Gilroy.,Peter Straughan.,The screenplay for *The,The film,Tony Gilroy.,The screenwriter for *The Debt* was Tony Gilroy.,The screenwriters for The,The screenwriter for The Debt (2010) was Peter Straughan.,,The screenplay for The Debt was written,0,1,0,2,0,0,3,1,4,0,0.5,The screenwriter for *The Debt* was Tony Gilroy.,INCORRECT
4084,2654404,Stanley,country,Canada,1143739,182,355510,[],"[""Dominion of Canada"",""British North America"",""CAN"",""CA"",""ca"",""can"",""Can.""]",http://www.wikidata.org/entity/Q3496791,http://www.wikidata.org/entity/Q16,"Stanley, New Brunswick",Canada,225,816653,In what country is Stanley?,"[""Canada"", ""Dominion of Canada"", ""British North America"", ""CAN"", ""CA"", ""ca"", ""can"", ""Can.""]",Falkland Islands.,"Stanley is located in the Falkland Islands, a British Overseas Territory.",Stanley is located in the Falkland Islands.,"Stanley is located in the Falkland Islands, a British Overseas Territory.","Stanley is located in the Falkland Islands, a British Overseas Territory.",Stanley is the capital of the Falkland Islands.,Stanley is located in the Falkland Islands.,Stanley is located in the Falkland Islands.,Stanley is located in the Falkland Islands.,"Stanley is located in the Falkland Islands, a British Overseas Territory.",0,0,0,0,0,0,0,0,0,0,1.0,Falkland Islands.,INCORRECT
10493,2654410,Sugar,composer,Jule Styne,1143742,639,1976176,[],"[""Julius Kerwin Stein""]",http://www.wikidata.org/entity/Q3496796,http://www.wikidata.org/entity/Q587741,Sugar (musical),Jule Styne,937,5310,Who was the composer of Sugar?,"[""Jule Styne"", ""Julius Kerwin Stein""]",,The composer of “Sugar” is jazz saxophonist Stanley Turrentine,,The jazz composition “Sugar” was written by saxophonist Stanley Turrentine.,,,,The composer of,,,0,1,0,1,0,0,0,2,0,0,0.7,,NOT_ATTEMPTED
917,5708121,Scott Patterson,place of birth,Vancouver,2546647,218,835440,[],"[""City of Vancouver"",""Vancouver, BC"",""Vancouver, British Columbia""]",http://www.wikidata.org/entity/Q7437016,http://www.wikidata.org/entity/Q24639,Scott Patterson (Paralympian),Vancouver,42,145635,In what city was Scott Patterson born?,"[""Vancouver"", ""City of Vancouver"", ""Vancouver, BC"", ""Vancouver, British Columbia""]","Philadelphia, Pennsylvania.","Philadelphia, Pennsylvania.","Eau Claire, Wisconsin.",Philadelphia.,Boston.,"He was born in Philadelphia, Pennsylvania.",Philadelphia.,"Scott Patterson was born in Dayton, Ohio.","Scott Patterson was born in San Diego, California.","Scott Patterson was born in Boston, Massachusetts.",0,0,1,0,2,0,0,3,4,2,0.5,"Philadelphia, Pennsylvania.",INCORRECT
12691,5879710,Tam Lin,author,Pamela Dean,2634647,484,2390015,[],"[""Pamela Collins Dean"",""Pamela Collins Dean Dyer-Bennet""]",http://www.wikidata.org/entity/Q7680467,http://www.wikidata.org/entity/Q7129138,Tam Lin (novel),Pamela Dean,383,333,Who is the author of Tam Lin?,"[""Pamela Dean"", ""Pamela Collins Dean"", ""Pamela Collins Dean Dyer-Bennet""]",The ballad “Tam Lin” is a traditional Scottish folk song whose author is unknown.,The novel *Tam Lin* was written by Pamela Dean.,"The ballad “Tam Lin” is a traditional Scottish folk song, and its author is unknown.",The traditional ballad “Tam Lin” has no known single author—it is an anonymous folk song passed down through oral tradition.,The ballad “Tam Lin” is a traditional folk song of unknown (anonymous) authorship.,The ballad,The ballad “Tam Lin” was collected and,The ballad “Tam Lin” is a traditional Scottish folk song of,,Sir Walter Scott is credited with collecting and popularizing the ballad “Tam Lin.”,0,1,0,0,0,2,3,0,4,3,0.5,The ballad “Tam Lin” is a traditional Scottish folk song whose author is unknown.,INCORRECT
11179,263646,Thomas Jefferson,religion,deism,106351,106,2063932,"[""President Jefferson"",""T. Jefferson""]","[""Deism""]",http://www.wikidata.org/entity/Q11812,http://www.wikidata.org/entity/Q620629,Thomas Jefferson,Deism,254256,47094,What is the religion of Thomas Jefferson?,"[""deism"", ""Deism""]","Thomas Jefferson was a Deist, espousing a rational, non‑dogmatic belief in a creator rather than adherence to organized Christian doctrine.","Thomas Jefferson was a Deist, espousing a rational, non‑dogmatic approach to religion.","Thomas Jefferson was a Deist, holding a personal, rationalist interpretation of Christianity rather than adhering to any organized church.","Thomas Jefferson identified as a Deist, embracing a rationalist belief system rather than formal Christianity.","Thomas Jefferson was a Deist, holding personal, non‑institutional beliefs that emphasized reason and a belief in a creator rather than orthodox Christian doctrine.",Thomas Jefferson was a deist.,Thomas Jefferson was a Deist.,Thomas Jefferson was a Deist.,Thomas Jefferson was a deist.,Thomas Jefferson was a Deist.,0,0,0,0,0,0,0,0,0,0,1.0,"Thomas Jefferson was a Deist, espousing a rational, non‑dogmatic belief in a creator rather than adherence to organized Christian doctrine.",CORRECT
4073,1448611,Sutlepa,country,Estonia,647672,182,656083,[],"[""Republic of Estonia"",""Estland"",""Eesti"",""ee"",""EST"",""\ud83c\uddea\ud83c\uddea""]",http://www.wikidata.org/entity/Q1889467,http://www.wikidata.org/entity/Q191,Sutlepa,Estonia,55,169786,In what country is Sutlepa?,"[""Estonia"", ""Republic of Estonia"", ""Estland"", ""Eesti"", ""ee"", ""EST"", ""🇪🇪""]",Sutlepa is located in Estonia.,Sutlepa is located in Estonia.,Estonia.,Estonia.,Estonia.,Estonia.,Estonia.,Estonia.,Sutlepa is located in Estonia.,Sutlepa is located in Estonia.,0,0,0,0,0,0,0,0,0,0,1.0,Sutlepa is located in Estonia.,CORRECT
2933,790696,Christian V of Denmark,father,Frederick III of Denmark,337327,257,337383,"[""Chriatian V""]","[""Frederik III"",""Frederick III""]",http://www.wikidata.org/entity/Q157793,http://www.wikidata.org/entity/Q157812,Christian V of Denmark,Frederick III of Denmark,5504,7171,Who is the father of Christian V of Denmark?,"[""Frederick III of Denmark"", ""Frederik III"", ""Frederick III""]",Christian V of Denmark was the son of King Frederick III of Denmark.,Christian V of Denmark was the son of King Frederick III of Denmark.,Frederick III was the father of Christian V of Denmark.,Frederick III was the father of Christian V of Denmark.,Frederick III of Denmark.,Christian V of Denmark was the son of King Frederick III.,Frederick III of Denmark.,Frederick III was the father of Christian V of Denmark.,Frederick III of Denmark.,Frederick III was the father of Christian V of Denmark.,0,0,0,0,0,0,0,0,0,0,1.0,Christian V of Denmark was the son of King Frederick III of Denmark.,CORRECT
7543,6045343,The Incident,director,Jack Bender,2716074,526,1177687,[],[],http://www.wikidata.org/entity/Q785465,http://www.wikidata.org/entity/Q362793,The Incident (Lost),Jack Bender,2362,3280,Who was the director of The Incident?,"[""Jack Bender""]",The director of *The Incident* was Joseph Zito.,,,The director of the 2011 Spanish thriller *The Incident* is Miguel Ángel Vivas.,Larry Peerce.,,The director of *The Incident* (1967) was Larry Peerce.,Hal Ashby.,Larry Peerce.,The director of *The Incident* was William Friedkin.,0,1,1,2,3,1,3,4,3,5,0.3,,NOT_ATTEMPTED
10419,1324455,Paradise,composer,David Newman,588507,639,2913865,[],"[""David Louis Newman""]",http://www.wikidata.org/entity/Q1811996,http://www.wikidata.org/entity/Q952428,Paradise (1991 film),David Newman (composer),1972,8435,Who was the composer of Paradise?,"[""David Newman"", ""David Louis Newman""]",The composer of “Paradise” is Chris Martin.,The composer of “Paradise” is Chris Martin.,"The composer of “Paradise” is Chris Martin, the lead vocalist and principal songwriter of Coldplay.",The composer of “Paradise” is Chris Martin.,,The composer of “Paradise” is Coldplay’s lead vocalist and songwriter Chris Martin.,Chris Martin.,"The composer of “Paradise” is Coldplay’s lead vocalist and primary songwriter, Chris Martin.",Chris Martin.,Chris Martin.,0,0,0,0,1,0,0,0,0,0,0.9,The composer of “Paradise” is Chris Martin.,INCORRECT
10970,5467575,Pole,composer,Karlheinz Stockhausen,2432750,639,316249,[],"[""Karl-Heinz Stockhausen"",""Karlheinz Stockhausen""]",http://www.wikidata.org/entity/Q7209240,http://www.wikidata.org/entity/Q154556,Pole (Stockhausen),Karlheinz Stockhausen,94,21179,Who was the composer of Pole?,"[""Karlheinz Stockhausen"", ""Karl-Heinz Stockhausen"", ""Karlheinz Stockhausen""]",,,,,,,"Stefan Betke, known professionally as Pole.",,,The composer of *Pole* is John Zorn.,0,0,0,0,0,0,1,0,0,2,0.8,,NOT_ATTEMPTED
6254,1850153,Heroes,director,Jeremy Kagan,814198,526,1047294,[],"[""Jeremy Paul Kagan""]",http://www.wikidata.org/entity/Q2395450,http://www.wikidata.org/entity/Q3177322,Heroes (1977 film),Jeremy Kagan,2466,858,Who was the director of Heroes?,"[""Jeremy Kagan"", ""Jeremy Paul Kagan""]",The director of the film *Heroes* (2002) was Stephen Kay.,,Greg Yaitanes directed,The pilot episode of the TV series *Heroes* was directed by Greg Yait,Tim Kring.,Greg Yaitanes directed the pilot episode of the series “Heroes.”,The series *Heroes* was directed by Tim Kring.,The pilot episode of *Heroes* was directed by Greg Beeman.,Greg Beeman.,The pilot episode of the TV series *Heroes* was directed by Greg Beeman.,0,1,2,2,3,2,3,4,4,4,0.3,Greg Yaitanes directed,INCORRECT
2036,4075108,Eve,genre,psychological thriller,1782375,91,1980910,[],"[""psycho-thriller"",""mystery thriller""]",http://www.wikidata.org/entity/Q5416137,http://www.wikidata.org/entity/Q590103,Eve (Chase novel),Psychological thriller,147,52579,What genre is Eve?,"[""psychological thriller"", ""psycho-thriller"", ""mystery thriller""]",Eve is a science‑fiction massively multiplayer online role‑playing game (MMORPG) and space simulation.,Eve (EVE Online) is a massively multiplayer online role‑playing game (MMORPG) with a space‑simulation genre.,Eve is a sitcom.,Eve is a massively multiplayer online role‑playing game (MMORPG) set in a space‑simulation genre.,Eve is a massively multiplayer online role‑playing game (MMORPG).,Eve is a massively multiplayer online role‑playing game (MMORPG) set in a space‑simulation universe.,Eve is an,Eve is a massively multiplayer online space‑simulation (MMO) game,Eve is an American sitcom.,Eve (the game EVE Online) is a massively multiplayer online role‑playing game (MMORPG).,0,0,1,0,0,0,0,0,1,2,0.7,Eve is a science‑fiction massively multiplayer online role‑playing game (MMORPG) and space simulation.,INCORRECT
8248,3492001,Beyond Citizen Kane,screenwriter,Simon Hartog,1508566,533,18502,[],[],http://www.wikidata.org/entity/Q4899948,http://www.wikidata.org/entity/Q10371655,Beyond Citizen Kane,Simon Hartog,483,119,Who was the screenwriter for Beyond Citizen Kane?,"[""Simon Hartog""]",John S. Popovich.,Errol Morris.,Errol Morris.,The screenwriter of Beyond Citizen Kane was Simon Hartog.,John C. Walsh.,The screenwriter for *Beyond Citizen Kane* was Simon Hartog.,John Magnuson.,Simon Hartog.,The screenwriter of *Beyond Citizen Kane* was Peter B. Greenaway.,The screenwriter for *Beyond Citizen Kane* was Simon Hartog.,0,1,1,2,3,2,4,2,5,2,0.4,The screenwriter of Beyond Citizen Kane was Simon Hartog.,CORRECT
2727,2303230,Edward Bird,genre,genre painting,1004943,91,747067,"[""Bird of Bristol"",""Edward Bird of Bristol"",""R.A. Bird"",""of Bristol Bird"",""Bird""]","[""petit genre""]",http://www.wikidata.org/entity/Q3048463,http://www.wikidata.org/entity/Q214127,Edward Bird,Genre painting,254,3825,What genre is Edward Bird?,"[""genre painting"", ""petit genre"", ""history painting"", ""historical painting"", ""historical art""]",Edward Bird was a British portrait painter.,Edward Bird was an English portrait painter.,Edward Bird was an English portrait painter.,Edward Bird was an English portrait painter.,Edward Bird was an English painter known for historical and genre‑scene works,Edward Bird was a British genre painter.,Edward Bird was a portrait painter.,Edward Bird was an English portrait painter.,Edward Bird was an English painter known for genre and historical subjects.,Edward Bird was an English painter known for genre and portrait works.,0,0,0,0,1,1,0,0,1,0,0.7,Edward Bird was a British portrait painter.,INCORRECT
3679,3229412,Călmuș River,country,Romania,1384714,182,756886,[],"[""Roumania"",""Rumania"",""Rom\u00e2nia"",""ro"",""\ud83c\uddf7\ud83c\uddf4""]",http://www.wikidata.org/entity/Q4683519,http://www.wikidata.org/entity/Q218,Călmuș,Romania,29,278539,In what country is Călmuș River?,"[""Romania"", ""Roumania"", ""Rumania"", ""România"", ""ro"", ""🇷🇴""]",Romania.,Romania.,Romania.,Romania.,Romania.,Romania.,Romania.,Romania.,Romania.,Romania.,0,0,0,0,0,0,0,0,0,0,1.0,Romania.,CORRECT
463,2823825,Guo Gengmao,occupation,politician,1211908,22,2834605,[],"[""political leader"",""political figure"",""polit."",""pol""]",http://www.wikidata.org/entity/Q377372,http://www.wikidata.org/entity/Q82955,Guo Gengmao,Politician,125,25692,What is Guo Gengmao's occupation?,"[""politician"", ""political leader"", ""political figure"", ""polit."", ""pol""]",Guo Gengmao is a Chinese politician.,Guo Gengmao is a Chinese politician.,Guo Gengmao is a Chinese politician.,Guo Gengmao is a Chinese politician.,Guo Gengmao is a Chinese politician.,Guo Gengmao is a Chinese politician.,Guo Gengmao is a Chinese politician.,Guo Gengmao is a Chinese politician.,Guo Gengmao is a Chinese politician.,Guo Gengmao is a Chinese politician who has served as the governor of Hebei Province.,0,0,0,0,0,0,0,0,0,0,1.0,Guo Gengmao is a Chinese politician.,CORRECT
5595,246876,The Castle,producer,Maximilian Schell,99408,164,307186,"[""Castle""]",[],http://www.wikidata.org/entity/Q1170277,http://www.wikidata.org/entity/Q153018,The Castle (1968 film),Maximilian Schell,365,24054,Who was the producer of The Castle?,"[""Maximilian Schell""]",,Frank Howson.,,The producer of *The Castle* was Alex Ryan.,The producer of *The Castle* was Chris Gilm,,,,The film “,,0,1,0,2,3,0,0,0,4,0,0.6,,NOT_ATTEMPTED
5296,1747485,Faces,producer,John Cassavetes,772837,164,1640334,[],"[""John Nicholas Cassavetes""]",http://www.wikidata.org/entity/Q2241601,http://www.wikidata.org/entity/Q51488,Faces (1968 film),John Cassavetes,3356,53028,Who was the producer of Faces?,"[""John Cassavetes"", ""John Nicholas Cassavetes""]",Glyn Johns.,Glyn Johns.,Glyn Johns was the producer of the Faces.,,John Cassavetes.,The producer of the film *Faces* was Robert Altman.,Glyn Johns.,David Susskind.,The film *Faces* was produced by John,The producer of the film *Faces* was John Cassavetes.,0,0,0,1,2,3,0,4,5,5,0.4,Glyn Johns.,INCORRECT
3647,1666876,Asiana Airlines,country,South Korea,739611,182,2866409,"[""OZ"",""ASIANA"",""Seoul Airlines"",""Asiana Cargo"",""Asiana Airlines Inc.""]","[""Republic of Korea"",""ROK"",""kr"",""Rep. Korea"",""S. Korea"",""Korea Republic"",""\ud83c\uddf0\ud83c\uddf7"",""KOR""]",http://www.wikidata.org/entity/Q211165,http://www.wikidata.org/entity/Q884,Asiana Airlines,South Korea,15692,492668,In what country is Asiana Airlines?,"[""South Korea"", ""Republic of Korea"", ""ROK"", ""kr"", ""Rep. Korea"", ""S. Korea"", ""Korea Republic"", ""🇰🇷"", ""KOR""]",South Korea.,South Korea.,South Korea.,South Korea.,South Korea.,South Korea.,South Korea.,South Korea.,South Korea.,South Korea.,0,0,0,0,0,0,0,0,0,0,1.0,South Korea.,CORRECT
10310,643468,Into the Woods,composer,Stephen Sondheim,270854,639,309398,[],"[""Stephen Joshua Sondheim""]",http://www.wikidata.org/entity/Q14847067,http://www.wikidata.org/entity/Q153579,Into the Woods (film),Stephen Sondheim,39224,57788,Who was the composer of Into the Woods?,"[""Stephen Sondheim"", ""Stephen Joshua Sondheim""]",Stephen Sondheim was the composer of *Into the Woods*.,Stephen Sondheim was the composer of *Into the Woods*.,Stephen Sondheim composed the music and lyrics for *Into the Woods*.,Stephen Sondheim composed *Into the Woods*.,Howard Ashman and Stephen Sondheim composed the music and lyrics for *Into the Woods*.,Stephen Sondheim composed *Into the Woods*.,The composer of *Into the Woods* is Stephen Sondheim.,Stephen Sondheim composed the music and lyrics for *Into the Woods*.,Stephen Sondheim composed the music and lyrics for *Into the Woods*.,Stephen Sondheim composed the music and lyrics for *Into the Woods*.,0,0,0,0,0,0,0,0,0,0,1.0,Stephen Sondheim was the composer of *Into the Woods*.,CORRECT
3312,3433773,Baker,country,United States of America,1480388,182,988513,"[""Baker, West Virginia""]","[""the United States of America"",""America"",""U.S.A."",""USA"",""U.S."",""US"",""the US"",""the USA"",""US of A"",""the United States"",""U. S. A."",""U. S."",""the States"",""the U.S."",""'Merica"",""U.S"",""United States"",""'Murica""]",http://www.wikidata.org/entity/Q4849099,http://www.wikidata.org/entity/Q30,"Baker, West Virginia",United States,367,1629691,In what country is Baker?,"[""United States of America"", ""the United States of America"", ""America"", ""U.S.A."", ""USA"", ""U.S."", ""US"", ""the US"", ""the USA"", ""US of A"", ""the United States"", ""U. S. A."", ""U. S."", ""the States"", ""the U.S."", ""'Merica"", ""U.S"", ""United States"", ""'Murica""]",Baker Island is an unincorporated territory of the United States.,United States.,United States.,United States.,United States.,United States.,United States.,The country is the United States.,United States.,United States.,0,0,0,0,0,0,0,0,0,0,1.0,Baker Island is an unincorporated territory of the United States.,CORRECT
11923,3237496,Afternoon,author,Ouida,1388770,484,869791,[],"[""Marie Louise de la Ram\u00e9e"",""Marie Louise Ram\u00e9"",""Marie Louise de la Ramee"",""Marie Louise Rame""]",http://www.wikidata.org/entity/Q4690771,http://www.wikidata.org/entity/Q258001,Afternoon (play),Ouida,52,2612,Who is the author of Afternoon?,"[""Ouida"", ""Marie Louise de la Ramée"", ""Marie Louise Ramé"", ""Marie Louise de la Ramee"", ""Marie Louise Rame""]",,,,,Stephen King,,,,,,0,0,0,0,1,0,0,0,0,0,0.9,,NOT_ATTEMPTED
12332,3337761,Ang Singsing ng Dalagang Marmol,author,Isabelo de los Reyes,1433633,484,1160390,[],"[""Isabelo de los Reyes Sr."",""Isabelo de los Reyes, Sr."",""Isabelo de los Reyes y Florentino""]",http://www.wikidata.org/entity/Q4761872,http://www.wikidata.org/entity/Q3550199,Ang Singsing ng Dalagang Marmol,Isabelo de los Reyes,260,4011,Who is the author of Ang Singsing ng Dalagang Marmol?,"[""Isabelo de los Reyes"", ""Isabelo de los Reyes Sr."", ""Isabelo de los Reyes, Sr."", ""Isabelo de los Reyes y Florentino""]",,Lualhati Bautista.,,,,Lualhati Bautista,,,,,0,1,0,0,0,1,0,0,0,0,0.8,,NOT_ATTEMPTED
9636,287873,The Right Stuff,screenwriter,Tom Wolfe,116335,533,752674,"[""Right Stuff""]","[""Thomas Kennerly, Jr. Wolfe"",""Thomas Kennerly \""Tom\"" Wolfe, Jr."",""Thomas Kennerly Wolfe""]",http://www.wikidata.org/entity/Q1197185,http://www.wikidata.org/entity/Q216195,The Right Stuff (film),Tom Wolfe,29298,21482,Who was the screenwriter for The Right Stuff?,"[""Tom Wolfe"", ""Thomas Kennerly, Jr. Wolfe"", ""Thomas Kennerly \""Tom\"" Wolfe, Jr."", ""Thomas Kennerly Wolfe""]",,The screenplay for The Right Stuff was written by Philip Kaufman and Robert Towne.,,The screenplay for *The Right Stuff* was written by Daniel Gerson and Philip Kaufman.,Philip Kaufman.,The screenplay for The Right Stuff was written by Tom Schulman.,Philip Kaufman.,Philip Kaufman.,,Philip Kaufman.,0,1,0,2,2,3,2,2,0,2,0.5,The screenplay for *The Right Stuff* was written by Daniel Gerson and Philip Kaufman.,INCORRECT
10426,1824126,Lost,composer,Michael Giacchino,803757,639,320332,[],"[""Michael George Giacchino""]",http://www.wikidata.org/entity/Q23567,http://www.wikidata.org/entity/Q155124,Lost (TV series),Michael Giacchino,154447,44355,Who was the composer of Lost?,"[""Michael Giacchino"", ""Michael George Giacchino""]",Michael Giacchino.,The composer of *Lost* was Michael Giacchino.,Michael Giacchino.,The composer of *Lost* was Michael Giacchino.,The composer of *Lost* is Michael Giacchino.,The composer of *Lost* is Michael Giacchino.,The composer of *Lost* was Michael Giacchino.,Michael Giacchino.,The composer of *Lost* was Michael Giacchino.,The composer of *Lost* was Michael Giacchino.,0,0,0,0,0,0,0,0,0,0,1.0,Michael Giacchino.,CORRECT
9413,5453541,Pilot,screenwriter,Greg Daniels,2425249,533,315279,"[""Parks and Recreation pilot""]","[""Gregory Martin Daniels""]",http://www.wikidata.org/entity/Q7194366,http://www.wikidata.org/entity/Q1544904,Pilot (Parks and Recreation),Greg Daniels,1368,35388,Who was the screenwriter for Pilot?,"[""Greg Daniels"", ""Gregory Martin Daniels"", ""Michael Schur"", ""Ken Tremendous""]",,,Greg Daniels.,,,,Greg Daniels.,J.J. Abrams.,,,0,0,1,0,0,0,1,2,0,0,0.7,,NOT_ATTEMPTED
10053,1943070,The Falls,composer,Michael Nyman,854272,639,1034213,"[""Falls""]","[""Michael Laurence Nyman""]",http://www.wikidata.org/entity/Q2525174,http://www.wikidata.org/entity/Q313639,The Falls,Michael Nyman,1550,7305,Who was the composer of The Falls?,"[""Michael Nyman"", ""Michael Laurence Nyman""]",,,,Michael Nyman.,Michael Nyman.,,,,,The composer of *The Falls* is Michael Nyman.,0,0,0,1,1,0,0,0,0,1,0.7,,NOT_ATTEMPTED
7950,1846419,City of Brussels,capital of,Flemish Community,812577,97,2898849,"[""Brussels City"",""Brussels, Belgium"",""Bruxelles"",""Brussel"",""Stad Brussel"",""Ville de Bruxelles"",""02"",""BXL"",""Bru"",""Brussels""]","[""Flanders"",""Vlaamse Gemeenschap""]",http://www.wikidata.org/entity/Q239,http://www.wikidata.org/entity/Q9331,City of Brussels,Flemish Community,26794,7181,What is City of Brussels the capital of?,"[""Flanders"", ""Flemish Region"", ""Vlaanderen"", ""Vlaams Gewest"", ""Brussels Capital Region"", ""Brussels Region"", ""Brussels"", ""BE-BRU"", ""Bruxelles-Capitale"", ""BXL"", ""20e"", ""04000"", ""BHG"", ""Brussel"", ""Brussels Gewest"", ""Bruxelles"", ""Brussel-Hoofdstad"", ""Région Bruxellois"", ""Brussels-Capital Region"", ""Belgium"", ""Kingdom of Belgium"", ""BEL"", ""be"", ""🇧🇪"", ""BE"", ""European Union"", ""EU"", ""E.U."", ""eu"", ""🇪🇺"", ""Europe"", ""Union"", ""French Community of Belgium"", ""Fédération Wallonie-Bruxelles"", ""Wallonia-Brussels Federation"", ""Communauté française"", ""Franse Gemeenschap"", ""Federation Wallonie-Bruxelles"", ""Federation Wallonia-Brussels"", ""Flemish Community"", ""Flanders"", ""Vlaamse Gemeenschap""]",The City of Brussels is the capital of Belgium.,Belgium.,City of Brussels is the capital of Belgium.,City of Brussels is the capital of Belgium.,City of Brussels is the capital of Belgium.,The City of Brussels is the capital of Belgium.,City of Brussels is the capital of Belgium.,City of Brussels is the capital of Belgium.,City of Brussels is the capital of Belgium.,The City of Brussels is the capital of Belgium.,0,0,0,0,0,0,0,0,0,0,1.0,The City of Brussels is the capital of Belgium.,CORRECT
8061,4097508,Fears,screenwriter,Steven Levitan,1793710,533,1786203,[],[],http://www.wikidata.org/entity/Q5439508,http://www.wikidata.org/entity/Q542414,Fears (Modern Family),Steven Levitan,675,7404,Who was the screenwriter for Fears?,"[""Steven Levitan""]",,,The screenplay for *Fears* was,,,The screenwriter for *Fears* was Jeff Vintar.,,,The screenwriter for Fears was Michael Green.,The screenplay for **“Fears”** was written by **Michael A.,0,0,1,0,0,1,0,0,1,1,0.6,,NOT_ATTEMPTED
14005,1722391,Scotland,capital,Edinburgh,761210,422,799769,"[""Alba"",""Scotland, United Kingdom"",""SCT"",""Caledonia"",""Scot""]","[""Edinburg"",""Edinburgh, Scotland"",""City of Edinburgh"",""Edina"",""Modern Athens""]",http://www.wikidata.org/entity/Q22,http://www.wikidata.org/entity/Q23436,Scotland,Edinburgh,322949,114880,What is the capital of Scotland?,"[""Edinburgh"", ""Edinburg"", ""Edinburgh, Scotland"", ""City of Edinburgh"", ""Edina"", ""Modern Athens""]",Edinburgh.,Edinburgh.,Edinburgh.,Edinburgh is the capital of Scotland.,Edinburgh.,Edinburgh.,The capital of Scotland is Edinburgh.,Edinburgh.,The capital of Scotland is Edinburgh.,Edinburgh.,0,0,0,0,0,0,0,0,0,0,1.0,Edinburgh.,CORRECT
13106,4089904,Falling,author,Anne Provoost,1789640,484,1372761,"[""Vallen""]",[],http://www.wikidata.org/entity/Q5432294,http://www.wikidata.org/entity/Q466234,Falling (Provoost novel),Anne Provoost,83,201,Who is the author of Falling?,"[""Anne Provoost""]",,,,,,,,The novel *Falling* was written by Catriona Ward.,,The novel *Falling* was written by Anne Tyler.,0,0,0,0,0,0,0,1,0,2,0.8,,NOT_ATTEMPTED
6631,2999897,From Time to Time,director,Julian Fellowes,1284649,526,1102868,[],"[""Julian Fellowes, Baron Fellowes of West Stafford"",""The Lord Fellowes of West Stafford"",""Baron Fellowes of West Stafford"",""Julian Kitchener-Fellowes"",""Julian Kitchener-Fellowes, Baron Fellowes of West Stafford"",""Julian Alexander Kitchener-Fellowes, Baron Fellowes of West Stafford""]",http://www.wikidata.org/entity/Q4198249,http://www.wikidata.org/entity/Q336018,From Time to Time (film),Julian Fellowes,1996,33676,Who was the director of From Time to Time?,"[""Julian Fellowes"", ""Julian Fellowes, Baron Fellowes of West Stafford"", ""The Lord Fellowes of West Stafford"", ""Baron Fellowes of West Stafford"", ""Julian Kitchener-Fellowes"", ""Julian Kitchener-Fellowes, Baron Fellowes of West Stafford"", ""Julian Alexander Kitchener-Fellowes, Baron Fellowes of West Stafford""]",The director of *From Time to Time* was Julian Fellowes.,The director of *From Time to Time* was Julian Fellowes.,Julian Fellowes was the director of *From Time to Time*.,The director of *From Time to Time* was Julian Fellowes.,Julian Fellowes directed *From Time to Time*.,The director of *From Time to Time* was Julian Fellowes.,The director of *From Time to Time* is Julian Terry.,The director of *From Time to Time* was Julian Fellowes.,The director of *From Time to Time* was Julian Fellowes.,The director of *From Time to Time* is Julian Fellowes.,0,0,0,0,0,0,1,0,0,0,0.9,The director of *From Time to Time* was Julian Fellowes.,CORRECT
3169,1448737,Madame de Pompadour,father,Charles François Paul Le Normant de Tournehem,647720,257,1965271,"[""Jeanne-Antoinette Poisson"",""Jeanne Antoinette Poisson d' Etoilles"",""Marquise Jeanne Antoinette Poisson"",""Jeanne Antoinette d'Etioles, Marquise de Poisson"",""Jeanne Antoinette Poisson d'Etioles"",""Jeanne Antoinette Poisson Pompadour"",""Reinette Poisson"",""Jeanne Antoinette Poisson, Marquise de Pompadour"",""Jeanne Antoinette d'Etioles, Marquise de Pompadour"",""Jeanne Antoinette Poisson"",""Jeanne Antoinette Lenormand d'Etioles"",""Jeanne Antoinette Poisson Lenormand d'Etioles"",""Jeanne Antoinette Poisson Lenormand d' Etioles"",""Marquise de Pompadour"",""Marquise de Pompadour Jeanne Antoinette Poisson"",""Jeanne Antoinette d'Etoiles Pompadour"",""Madame De Pompadour"",""Marquise De Pompadour"",""Jeanne Antoinette D'Etioles, Marquise De Pompadour"",""M.e Pompadour"",""M.e De Pompadour"",""Mad.e De Pompadour"",""Jeanne Antoinette d'Etioles Pompadour Marquise de""]",[],http://www.wikidata.org/entity/Q188965,http://www.wikidata.org/entity/Q584267,Madame de Pompadour,Charles François Paul Le Normant de Tournehem,28082,250,Who is the father of Madame de Pompadour?,"[""Charles François Paul Le Normant de Tournehem""]","François Poisson, later titled the Marquis de Marigny.",François Poisson.,"Her father was François de la Tournelle, a Parisian physician.",François Poisson.,François Poisson.,François Poisson.,François Le Normand de Vaucluse.,"Her father was François Poisson, a tax collector.",François Le Tonnelier de Breteuil.,"Her father was François Poisson, a Parisian financier.",0,0,1,0,0,0,2,3,4,5,0.5,"François Poisson, later titled the Marquis de Marigny.",INCORRECT
4924,1948435,Heat,producer,Fyodor Bondarchuk,856334,164,787635,"[""Zhara""]","[""Fedor Bondarchuk"",""Fyodor Sergeyevich Bondarchuk""]",http://www.wikidata.org/entity/Q2533337,http://www.wikidata.org/entity/Q2299195,Heat (2006 film),Fyodor Bondarchuk,343,3771,Who was the producer of Heat?,"[""Fyodor Bondarchuk"", ""Fedor Bondarchuk"", ""Fyodor Sergeyevich Bondarchuk""]",The film *Heat* was produced by Michael Mann (alongside co‑producer Mark Canton).,Art Lin​son was the producer of *Heat*.,Michael Mann.,Michael Mann.,,Mark Johnson.,,Michael Mann.,The film *Heat* (1995) was produced by Michael Mann.,The film *Heat* (1995) was produced by Michael Mann.,0,1,0,0,2,3,2,0,4,4,0.4,The film *Heat* was produced by Michael Mann (alongside co‑producer Mark Canton).,INCORRECT
1789,1247533,Romance,genre,art film,556002,91,79248,"[""Romance X""]","[""arthouse cinema"",""arthouse film""]",http://www.wikidata.org/entity/Q1752790,http://www.wikidata.org/entity/Q1135802,Romance (1999 film),Art film,17290,21650,What genre is Romance?,"[""art film"", ""arthouse cinema"", ""arthouse film""]","Romance is a genre that centers on romantic love and relationships, typically featuring emotional, often optimistic narratives about the development and triumph of love.",Romance is a literary and cinematic genre that centers on love and romantic relationships as its primary theme.,Romance is a literary and cinematic genre that centers on romantic love and relationships between characters.,Romance is a literary and cinematic genre that centers on romantic love and relationships between characters.,"Romance is a genre that centers on romantic love and relationships, typically featuring emotional, often optimistic narratives about love.",Romance is a literary genre that centers on love and romantic relationships.,Romance is a literary genre that centers on stories of romantic love and emotional relationships.,"Romance is a genre of fiction (including literature, film, and other media) that centers on romantic love and relationships.","Romance is a genre that centers on love and romantic relationships, typically featuring emotional, often idealized, narratives about partners falling in love and navigating obstacles together.","Romance is a literary genre that centers on romantic love relationships, often featuring emotionally driven plots and a focus on personal connections.",0,0,1,1,0,1,1,1,1,0,0.6,Romance is a literary and cinematic genre that centers on romantic love and relationships between characters.,INCORRECT
4070,6089701,Valea Pleșii River,country,Romania,2739797,182,756886,[],"[""Roumania"",""Rumania"",""Rom\u00e2nia"",""ro"",""\ud83c\uddf7\ud83c\uddf4""]",http://www.wikidata.org/entity/Q7910169,http://www.wikidata.org/entity/Q218,Valea Pleșii River (Bârsa),Romania,3,278539,In what country is Valea Pleșii River?,"[""Romania"", ""Roumania"", ""Rumania"", ""România"", ""ro"", ""🇷🇴""]",Romania.,Romania.,Romania.,Romania.,Romania.,Romania.,Romania.,Romania.,Romania.,Romania.,0,0,0,0,0,0,0,0,0,0,1.0,Romania.,CORRECT
10435,414170,Tony,composer,Sadhu Kokila,167513,639,2525675,[],"[""Sahaya Sheelan Shadrach""]",http://www.wikidata.org/entity/Q13159418,http://www.wikidata.org/entity/Q7397871,Tony (2013 film),Sadhu Kokila,526,8396,Who was the composer of Tony?,"[""Sadhu Kokila"", ""Sahaya Sheelan Shadrach""]",,,,,,,,John Debney,,,0,0,0,0,0,0,0,1,0,0,0.9,,NOT_ATTEMPTED
4375,1468148,Seven,producer,Arnold Kopelson,655736,164,2323245,"[""Se7en""]",[],http://www.wikidata.org/entity/Q190908,http://www.wikidata.org/entity/Q695608,Seven (1995 film),Arnold Kopelson,136347,3712,Who was the producer of Seven?,"[""Arnold Kopelson""]",Arnold Rifkin was the producer of the film *Seven*.,Arnold Kopelson.,Arnold Kopelson was the producer of the film *Seven*.,,Arnold Kopelson.,Arnold Kopelson and Michael Douglas.,Arnold Rifkin.,Arnold Kopelson.,Arnold Kopelson.,Arnold Kopelson.,0,1,1,2,1,1,0,1,1,1,0.7,Arnold Kopelson.,CORRECT
9176,2769983,Compagni di scuola,screenwriter,Carlo Verdone,1189269,533,1725779,[],"[""Carlo Gregorio Verdone""]",http://www.wikidata.org/entity/Q3684966,http://www.wikidata.org/entity/Q53046,Compagni di scuola,Carlo Verdone,372,2244,Who was the screenwriter for Compagni di scuola?,"[""Carlo Verdone"", ""Carlo Gregorio Verdone""]",Francesco Nuti was the screenwriter for *Compagni di scuola*.,,,,,,,The screenplay for Compagni di scuola was written by Carlo Verd,,Francesco Bruni.,0,1,1,1,1,1,1,2,1,3,0.7,,NOT_ATTEMPTED
5971,5146488,Masks,director,Claude Chabrol,2276804,526,1845764,"[""Masques""]","[""Claude Henri Jean Chabrol""]",http://www.wikidata.org/entity/Q682328,http://www.wikidata.org/entity/Q55375,Masks (1987 film),Claude Chabrol,287,8711,Who was the director of Masks?,"[""Claude Chabrol"", ""Claude Henri Jean Chabrol""]",The director of *Masks*,,,,Peter Bogdanovich.,,,,,,0,1,1,1,2,1,1,1,1,1,0.8,,NOT_ATTEMPTED
6138,362561,Brave,director,Steve Purcell,146150,526,218358,[],"[""Steve Ross Purcell"",""Steven Ross Purcell""]",http://www.wikidata.org/entity/Q126796,http://www.wikidata.org/entity/Q1390504,Brave (2012 film),Steve Purcell,53071,4102,Who was the director of Brave?,"[""Steve Purcell"", ""Steve Ross Purcell"", ""Steven Ross Purcell"", ""Brenda Chapman""]",The director of *Brave* was Mark Andrews.,Mark Andrews (co‑directed with Brenda Chapman).,The directors of *Brave* were Mark Andrews and Brenda Chapman.,,The directors of *Brave* were Mark Andrews and Brenda Chapman.,The film *Brave* was directed by Mark Andrews and Brenda Chapman.,Brave was directed by Mark Andrews and Brenda Chapman.,The directors of *Brave* were Mark Andrews and Brenda Chapman.,The directors of *Brave* were Mark Andrews and Brenda Chapman.,The directors of *Brave* were Mark Andrews and Brenda Chapman.,0,1,1,2,1,1,1,1,1,1,0.8,Mark Andrews (co‑directed with Brenda Chapman).,INCORRECT
370,1446642,Rodrigo Cortés,occupation,screenwriter,646784,22,945070,"[""Rodrigo Cortes""]","[""scenarist"",""writer"",""screen writer"",""script writer"",""scriptwriter""]",http://www.wikidata.org/entity/Q1887437,http://www.wikidata.org/entity/Q28389,Rodrigo Cortés,Screenwriter,1894,26544,What is Rodrigo Cortés's occupation?,"[""film director"", ""movie director"", ""director"", ""motion picture director"", ""screenwriter"", ""scenarist"", ""writer"", ""screen writer"", ""script writer"", ""scriptwriter""]",Rodrigo Cortés is a film director (also working as a screenwriter and producer).,Rodrigo Cortés is a Spanish film director (also working as a screenwriter and producer).,"Rodrigo Cortés is a Spanish film director, screenwriter, and producer.",Rodrigo Cortés is a Spanish film director (also a screenwriter and producer).,Rodrigo Cortés is a film director.,Rodrigo Cortés is a film director.,Rodrigo Cortés is a Spanish film director (also a screenwriter and producer).,"Rodrigo Cortés is a Spanish film director, screenwriter, and producer.","Rodrigo Cortés is a Spanish film director, screenwriter, and producer.",Rodrigo Cortés is a film director.,0,0,0,0,0,0,0,0,0,0,1.0,Rodrigo Cortés is a film director (also working as a screenwriter and producer).,CORRECT
11879,3708093,Chertsey Town F.C.,sport,association football,1610110,560,920845,"[""Chertsey Town Football Club"",""Chertsey Town FC"",""Chertsey Town"",""Chertsey"",""The Curfews"",""Town"",""CTFC""]","[""football"",""soccer""]",http://www.wikidata.org/entity/Q5092593,http://www.wikidata.org/entity/Q2736,Chertsey Town F.C.,Association football,3769,197767,What sport does Chertsey Town F.C. play?,"[""association football"", ""football"", ""soccer""]",Chertsey Town F.C. plays association football (soccer).,Chertsey Town F.C. is a football (soccer) club.,Chertsey Town F.C. plays football (soccer).,Chertsey Town F.C. is an association football (soccer) club.,Chertsey Town F.C. plays association football (soccer).,Chertsey Town F.C. plays association football (soccer).,Football (association soccer).,Chertsey Town F.C. plays association football (soccer).,Chertsey Town F.C. is a football (soccer) club.,Chertsey Town F.C. plays association football (soccer).,0,0,0,0,0,0,0,0,0,0,1.0,Chertsey Town F.C. plays association football (soccer).,CORRECT
4901,470173,Happy,producer,Allu Aravind,191783,164,159997,[],[],http://www.wikidata.org/entity/Q13522749,http://www.wikidata.org/entity/Q12990834,Happy (2006 film),Allu Aravind,7716,45018,Who was the producer of Happy?,"[""Allu Aravind""]",,The producer of “Happy” was Pharrell Williams.,The producer of “Happy” was Pharrell Williams.,The producer of “Happy” was Pharrell Williams.,The producer of “Happy” was Pharrell Williams.,The producer of “Happy” was Pharrell Williams.,Pharrell Williams.,The producer of *Happy* was Mark Roberts.,The producer of “Happy” was Pharrell Williams.,,0,1,1,1,1,1,1,2,1,0,0.7,The producer of “Happy” was Pharrell Williams.,INCORRECT
4247,248060,The Pledge,producer,Sean Penn,99945,164,1315551,"[""Pledge""]","[""Sean Justin Penn"",""Pappy Pariah""]",http://www.wikidata.org/entity/Q1170710,http://www.wikidata.org/entity/Q44221,The Pledge (film),Sean Penn,10103,271420,Who was the producer of The Pledge?,"[""Sean Penn"", ""Sean Justin Penn"", ""Pappy Pariah""]",,The producer of *The Pledge* was Robert,The film *The Pledge* was produced by Sean Penn.,The film “The Pledge” was produced by Sean Penn,,,,The film *The Pledge* was produced by,,Michael J. Lasker.,0,1,2,2,0,0,0,2,0,3,0.5,,NOT_ATTEMPTED
4067,2994031,Dharapani,country,Nepal,1282089,182,2838903,[],"[""NPL"",""Federal Democratic Republic of Nepal"",""NEP"",""NP"",""\ud83c\uddf3\ud83c\uddf5""]",http://www.wikidata.org/entity/Q4171484,http://www.wikidata.org/entity/Q837,"Dharapani, Gandaki",Nepal,157,235075,In what country is Dharapani?,"[""Nepal"", ""NPL"", ""Federal Democratic Republic of Nepal"", ""NEP"", ""NP"", ""🇳🇵""]",Nepal.,Dharapani is located in Nepal.,Dharapani is located in Nepal.,Dharapani is located in Nepal.,Dharapani is located in Nepal.,Dharapani is located in Nepal.,Dharapani is located in Nepal.,Dharapani is located in Nepal.,Dharapani is located in Nepal.,Nepal.,0,0,0,0,0,0,0,0,0,0,1.0,Nepal.,CORRECT
10939,1257004,Home,composer,will.i.am,559902,639,626444,[],"[""William James Adams Jr."",""Zuper Blahq"",""illwilly"",""Will 1X"",""William Adams""]",http://www.wikidata.org/entity/Q17581500,http://www.wikidata.org/entity/Q185610,Home (Leah McFall song),Will.i.am,197,92815,Who was the composer of Home?,"[""will.i.am"", ""William James Adams Jr."", ""Zuper Blahq"", ""illwilly"", ""Will 1X"", ""William Adams""]",,,,James Newton Howard.,,,Phillip Phillips.,,,,0,0,0,1,0,0,2,0,0,0,0.8,,NOT_ATTEMPTED
8257,3677958,Champion,screenwriter,Rabi Kinagi,1597591,533,1565538,[],"[""Ravi Kinagi"",""Rabi Kinnagi""]",http://www.wikidata.org/entity/Q5069959,http://www.wikidata.org/entity/Q5010538,Champion (2003 film),Ravi Kinagi,1335,1103,Who was the screenwriter for Champion?,"[""Rabi Kinagi"", ""Ravi Kinagi"", ""Rabi Kinnagi""]",Michael Wilson.,The screenplay for the film *Champion*,The screenwriter for *Champion* was Carl Foreman.,The screenwriter for Champion was Carl Foreman.,,The screenwriter for *Champion* was Michael Blankfort.,Carl Foreman.,The screenwriter for *Champion* was Michael Wilson.,Carl Foreman.,The screenwriter for Champion was Kim Jin‑won.,0,1,1,1,2,1,3,1,3,1,0.6,The screenplay for the film *Champion*,NOT_ATTEMPTED
11778,6340057,Daniel Manzato,sport,ice hockey,2858673,560,1279430,[],[],http://www.wikidata.org/entity/Q869773,http://www.wikidata.org/entity/Q41466,Daniel Manzato,Ice hockey,92,59363,What sport does Daniel Manzato play?,"[""ice hockey""]",Daniel Manzato is a professional ice hockey goaltender.,Daniel Manzato is a professional ice hockey goaltender.,Daniel Manzato is a professional ice hockey goaltender.,Daniel Manzato plays ice hockey.,Daniel Manzato is a professional ice hockey goaltender.,Daniel Manzato is a professional ice hockey goaltender.,Ice hockey.,Daniel Manzato is a professional ice hockey goaltender.,Daniel Manzato is a professional ice‑hockey goaltender.,Ice hockey.,0,0,0,0,0,0,0,0,0,0,1.0,Daniel Manzato is a professional ice hockey goaltender.,CORRECT
14123,66791,Neuburg-Schrobenhausen,capital,Neuburg an der Donau,26221,422,141272,[],"[""Neuburg\/Donau"",""Neuburg a.d.Donau""]",http://www.wikidata.org/entity/Q10493,http://www.wikidata.org/entity/Q125652,Neuburg-Schrobenhausen,Neuburg an der Donau,276,1300,What is the capital of Neuburg-Schrobenhausen?,"[""Neuburg an der Donau"", ""Neuburg/Donau"", ""Neuburg a.d.Donau""]",Neuburg an der Donau.,Neuburg an der Donau.,Neuburg an der Donau is the capital of the district of Neuburg‑Schrobenhausen.,The capital of the district Neuburg‑Schrobenhausen is Neuburg an der Donau.,Neuburg an der Donau.,Neuburg an der Donau.,Neuburg an der Donau.,Neuburg an der Donau.,Neuburg an der Donau.,Neuburg an der Donau.,0,0,0,0,0,0,0,0,0,0,1.0,Neuburg an der Donau.,CORRECT
13852,987936,Province of Teramo,capital,Teramo,422251,422,166452,"[""Teramo province"",""provincia di Teramo""]","[""Teramo (Italy)""]",http://www.wikidata.org/entity/Q16284,http://www.wikidata.org/entity/Q13137,Province of Teramo,Teramo,929,1975,What is the capital of Province of Teramo?,"[""Teramo"", ""Teramo (Italy)""]",Teramo.,Teramo.,Teramo.,Teramo.,Teramo.,Teramo.,Teramo.,The capital of the Province of Teramo is the city of Teramo.,Teramo.,Teramo.,0,0,0,0,0,0,0,0,0,0,1.0,Teramo.,CORRECT
13892,3713231,Dearborn County,capital,Lawrenceburg,1612660,422,12109,"[""Dearborn County, Indiana""]","[""Lawrenceburg, Indiana""]",http://www.wikidata.org/entity/Q509757,http://www.wikidata.org/entity/Q1026789,"Dearborn County, Indiana","Lawrenceburg, Indiana",1488,1847,What is the capital of Dearborn County?,"[""Lawrenceburg"", ""Lawrenceburg, Indiana""]",Lawrenceburg.,Lawrenceburg.,The county seat (capital) of Dearborn County is Lawrenceburg.,"The capital (county seat) of Dearborn County, Indiana, is Lawrenceburg.",Lawrenceburg.,Lawrenceburg.,The capital (county seat) of Dearborn County is Lawrenceburg.,Lawrenceburg.,Lawrenceburg.,"The county seat (capital) of Dearborn County, Indiana, is Lawrenceburg.",0,0,0,0,0,0,0,0,0,0,1.0,Lawrenceburg.,CORRECT
2156,425427,Woo,genre,romantic comedy,172682,91,2853587,[],"[""romedy"",""romcom""]",http://www.wikidata.org/entity/Q1324276,http://www.wikidata.org/entity/Q860626,Woo (film),Romantic comedy,3494,64579,What genre is Woo?,"[""romantic comedy"", ""romedy"", ""romcom""]",Pop.,Woo is a hip‑hop genre.,Woo is an indie rock band.,,Woo is classified as,Woo is classified as pop music.,,,Romantic comedy.,Woo is an indie rock band.,0,1,2,3,2,0,3,3,4,2,0.3,Woo is an indie rock band.,INCORRECT
976,4689711,Joe English,place of birth,Newtownabbey,2065239,218,2887636,[],[],http://www.wikidata.org/entity/Q6209704,http://www.wikidata.org/entity/Q918947,Joe English (loyalist),Newtownabbey,240,3117,In what city was Joe English born?,"[""Newtownabbey""]","Joe English was born in Washington, D.C.","Portland, Oregon.",Joe English was born in Philadelphia.,Joe English was born in Philadelphia.,"Joe English was born in Chicago, Illinois.","Joe English was born in St. Louis, Missouri.","Joe English was born in New York City, New York.","Joe English was born in Philadelphia, Pennsylvania.","Joe English was born in Philadelphia, Pennsylvania.","Joe English was born in Chicago, Illinois.",0,1,2,2,3,4,5,2,2,3,0.4,Joe English was born in Philadelphia.,INCORRECT
6443,2859018,My Wife,director,Tinto Brass,1225165,526,1030141,"[""La mia signora""]",[],http://www.wikidata.org/entity/Q3823128,http://www.wikidata.org/entity/Q312472,My Wife (film),Tinto Brass,553,24132,Who was the director of My Wife?,"[""Tinto Brass"", ""Mauro Bolognini"", ""Luigi Comencini""]",,,,,,The director,,,,The film *My Wife* was directed by Hsu,0,0,0,0,0,1,0,0,0,1,0.8,,NOT_ATTEMPTED
6517,5298148,Arsenal,director,Oleksandr Dovzhenko,2351217,526,1835281,[],"[""Alexander Petrovich Dovzhenko"",""Oleksander Petrovych Dovzhenko"",""Oleksandr Petrovych Dovzhenko"",""Oleksander Dovzhenko""]",http://www.wikidata.org/entity/Q704456,http://www.wikidata.org/entity/Q55198,Arsenal (1929 film),Alexander Dovzhenko,533,1786,Who was the director of Arsenal?,"[""Oleksandr Dovzhenko"", ""Alexander Petrovich Dovzhenko"", ""Oleksander Petrovych Dovzhenko"", ""Oleksandr Petrovych Dovzhenko"", ""Oleksander Dovzhenko""]",David,,,,The director of Arsenal Football Club is Vinai,The director of Arsenal is Edu.,,,,,0,0,0,0,1,2,0,0,0,0,0.8,David,INCORRECT
7069,85486,Fear Strikes Out,director,Robert Mulligan,33077,526,1381165,[],"[""Robert Patrick Mulligan""]",http://www.wikidata.org/entity/Q1057798,http://www.wikidata.org/entity/Q467785,Fear Strikes Out,Robert Mulligan,2548,5983,Who was the director of Fear Strikes Out?,"[""Robert Mulligan"", ""Robert Patrick Mulligan""]",The director of *Fear Strikes Out* was Robert Mulligan.,The director of *Fear Strikes Out* was Robert Mulligan.,Robert Mulligan.,Robert Mulligan.,Robert Mulligan.,Robert Mulligan.,The director of *Fear Strikes Out* was Robert Mulligan.,Robert Mulligan.,The director of *Fear Strikes Out* was Robert Mulligan.,Robert Mulligan.,0,0,0,0,0,0,0,0,0,0,1.0,The director of *Fear Strikes Out* was Robert Mulligan.,CORRECT
5123,5708474,Hotel,producer,Moby,2546799,164,224083,[],"[""Richard Melville Hall"",""Voodoo Child"",""Barracuda"",""Brainstorm"",""Schaumgummi"",""Pippy Baliunas"",""UHF"",""Elizabeth McBride""]",http://www.wikidata.org/entity/Q743726,http://www.wikidata.org/entity/Q14045,Hotel (album),Moby,1882,88473,Who was the producer of Hotel?,"[""Moby"", ""Richard Melville Hall"", ""Voodoo Child"", ""Barracuda"", ""Brainstorm"", ""Schaumgummi"", ""Pippy Baliunas"", ""UHF"", ""Elizabeth McBride""]",Aaron Spelling was the producer of the TV series “Hotel.”,Aaron Spelling.,The producer of the film *Hotel* was Ross Hunter.,The producer of *Hotel* was Ross Hunter.,Aaron Spelling.,,The producer of *Hotel* was Ross Hunter.,Aaron Spelling.,The producer of *Hotel* was Aaron Spelling.,Aaron Spelling.,0,0,1,1,0,2,1,0,0,0,0.6,Aaron Spelling was the producer of the TV series “Hotel.”,INCORRECT
7774,3553139,Turin,capital of,Kingdom of Sardinia,1535871,97,435399,"[""Torino"",""Turin, Italy""]","[""Piedmont-Sardinia"",""Kingdom of Sardinia-Piedmont"",""Kingdom of Sardinia (1720-1861)"",""Kingdom of Piedmont-Sardinia""]",http://www.wikidata.org/entity/Q495,http://www.wikidata.org/entity/Q165154,Turin,Kingdom of Sardinia,75884,30326,What is Turin the capital of?,"[""Piedmont"", ""Province of Turin"", ""Provincia di Torino"", ""Turin province"", ""Torino province"", ""Turin"", ""provincia di Torino"", ""Kingdom of Sardinia"", ""Piedmont-Sardinia"", ""Kingdom of Sardinia-Piedmont"", ""Kingdom of Sardinia (1720-1861)"", ""Kingdom of Piedmont-Sardinia"", ""Kingdom of Italy"", ""Regno d’Italia"", ""Italy"", ""IT""]",Turin is the capital of the Piedmont region in northwestern Italy.,Turin is the capital of the Piedmont region in Italy.,Turin is the capital of the Piedmont region in Italy.,Turin is the capital of the Piedmont region in Italy.,Turin is the capital of the Piedmont region in Italy.,Turin is the capital of the Piedmont region in Italy.,Turin is the capital of Italy’s Piedmont region.,Turin is the capital of Italy’s Piedmont region.,Turin is the capital of the Piedmont region in Italy.,Turin is the capital of the Piedmont region in Italy.,0,0,0,0,0,0,0,0,0,0,1.0,Turin is the capital of the Piedmont region in northwestern Italy.,CORRECT
9897,2997157,The Castle,screenwriter,Franz Kafka,1283467,533,2878787,"[""Castle""]","[""Franti\u0161ek Kafka"",""Kafka""]",http://www.wikidata.org/entity/Q4185795,http://www.wikidata.org/entity/Q905,The Castle (1994 film),Franz Kafka,441,118171,Who was the screenwriter for The Castle?,"[""Franz Kafka"", ""František Kafka"", ""Kafka""]",,The Castle was written by Tom G,,"The Castle was written by Santo Cilauro, Tom Gleisner, and Rob",,Tom Gleisner.,David Williamson.,,The,,0,1,0,2,0,3,4,0,0,0,0.6,,NOT_ATTEMPTED
4380,1597735,The Campaign,producer,Jay Roach,712548,164,1691948,"[""Campaign""]","[""Mathew Jay Roach""]",http://www.wikidata.org/entity/Q2028118,http://www.wikidata.org/entity/Q524278,The Campaign (film),Jay Roach,23956,23000,Who was the producer of The Campaign?,"[""Zach Galifianakis"", ""Zacharius Knight Galifinakis"", ""Zachary Knight Galifianakis"", ""Will Ferrell"", ""Jay Roach"", ""Mathew Jay Roach""]",Todd Phill,,The Campaign was produced by Judd Apatow.,,,,The film “The Campaign” was produced by David Hoberman.,The film “The Campaign” was produced by Jeremy Garelick,,Judd Apatow.,0,1,2,1,1,1,3,4,1,2,0.5,,NOT_ATTEMPTED
6220,6284807,The Hurricane,director,Norman Jewison,2836287,526,1019022,"[""Hurricane""]",[],http://www.wikidata.org/entity/Q832732,http://www.wikidata.org/entity/Q309214,The Hurricane (1999 film),Norman Jewison,14419,12160,Who was the director of The Hurricane?,"[""Norman Jewison""]",The director of *The Hurricane* was Michael Mann.,The director of *The Hurricane* was Wolfgang Petersen.,The director of *The Hurricane* was Jan de Bont.,The director of *The Hurricane* was Jan de Bont.,The director of *The Hurricane* was Jan de Bont.,Michael Mann.,The director of *The Hurricane* was Jan de Bont.,The director of *The Hurricane* was Jan de Bont.,The director of *The Hurricane* was Jan de Bont.,The director of *The Hurricane* was Michael Mann.,0,1,2,2,2,0,2,2,2,0,0.6,The director of *The Hurricane* was Jan de Bont.,INCORRECT
6682,3014897,The Reader,director,Michel Deville,1290962,526,2004404,"[""Reader"",""La Lectrice""]",[],http://www.wikidata.org/entity/Q425602,http://www.wikidata.org/entity/Q599556,The Reader (1988 film),Michel Deville,416,392,Who was the director of The Reader?,"[""Michel Deville""]",Stephen Daldry.,Stephen Daldry.,The director of *The Reader* was Stephen Daldry.,Stephen Daldry.,The director of *The Reader* was Stephen Daldry.,Stephen Daldry.,Stephen Daldry.,The director of *The Reader* was Stephen Daldry.,Stephen Daldry.,The director of *The Reader* was Stephen Daldry.,0,0,0,0,0,0,0,0,0,0,1.0,Stephen Daldry.,INCORRECT
4490,550288,Movie Movie,producer,Stanley Donen,224416,164,1494891,[],[],http://www.wikidata.org/entity/Q1405677,http://www.wikidata.org/entity/Q48765,Movie Movie,Stanley Donen,1912,9969,Who was the producer of Movie Movie?,"[""Stanley Donen""]",,,,,,The producer of “Movie Movie” is not publicly documented.,,,,,0,0,0,0,0,1,0,0,0,0,0.9,,NOT_ATTEMPTED
5070,2590251,Black and White,producer,Nik Powell,1117470,164,2348249,[],[],http://www.wikidata.org/entity/Q3414343,http://www.wikidata.org/entity/Q7034649,Black and White (2002 film),Nik Powell,905,3656,Who was the producer of Black and White?,"[""Nik Powell""]",,James Toback.,Lawrence Bender.,The producer of *Black and White* was James Toback.,James Toback.,,,,The producer of *Black and White* was Robert Simonds.,The film *Black and White* (199,0,1,2,1,1,0,0,0,3,4,0.4,,NOT_ATTEMPTED
11540,6019644,Tony Millington,sport,association football,2702608,560,920845,"[""Anthony Horace Millington""]","[""football"",""soccer""]",http://www.wikidata.org/entity/Q7822985,http://www.wikidata.org/entity/Q2736,Tony Millington,Association football,245,197767,What sport does Tony Millington play?,"[""association football"", ""football"", ""soccer""]",Tony Millington played football (soccer) as a goalkeeper.,Tony Millington played football (soccer) as a goalkeeper.,Tony Millington was a football (soccer) player.,Tony Millington plays football (soccer) as a goalkeeper.,Tony Millington played football (as a goalkeeper).,Tony Millington plays football (soccer).,Tony Millington played football.,Tony Millington was a football (soccer) goalkeeper.,Tony Millington played football (as a goalkeeper).,Tony Millington plays football (soccer).,0,0,0,0,0,0,0,0,0,0,1.0,Tony Millington played football (soccer) as a goalkeeper.,CORRECT
10848,357942,The Favor,composer,Thomas Newman,143959,639,1055598,"[""Favor""]","[""Thomas Montgomery Newman""]",http://www.wikidata.org/entity/Q1263003,http://www.wikidata.org/entity/Q319996,The Favor (1994 film),Thomas Newman,2647,26495,Who was the composer of The Favor?,"[""Thomas Newman"", ""Thomas Montgomery Newman""]",Mark Isham.,The film *The Favor* was composed by David Michael Frank.,David Michael Frank.,Mark Isham.,The film *The Favor* was composed by Christopher Young.,Stephen Endelman.,John Frizzell.,The composer of *The Favor* is Mark,Michael Convertino.,Michael Convertino.,0,1,1,0,2,3,4,5,6,6,0.2,Mark Isham.,INCORRECT
7944,320847,Stanley,capital of,Falkland Islands,129451,97,2922925,"[""Port Stanley""]","[""Malvinas"",""Islas Malvinas"",""Falklands"",""\ud83c\uddeb\ud83c\uddf0"",""FK"",""FLK""]",http://www.wikidata.org/entity/Q12245,http://www.wikidata.org/entity/Q9648,"Stanley, Falkland Islands",Falkland Islands,10066,93103,What is Stanley the capital of?,"[""Falkland Islands"", ""Malvinas"", ""Islas Malvinas"", ""Falklands"", ""🇫🇰"", ""FK"", ""FLK""]",Stanley is the capital of the Falkland Islands.,Stanley is the capital of the Falkland Islands.,Stanley is the capital of the Falkland Islands.,Stanley is the capital of the Falkland Islands.,Stanley is the capital of the Falkland Islands.,Stanley is the capital of the Falkland Islands.,Stanley is the capital of the Falkland Islands.,Stanley is the capital of the Falkland Islands.,Stanley is the capital of the Falkland Islands.,Stanley is the capital of the Falkland Islands.,0,0,0,0,0,0,0,0,0,0,1.0,Stanley is the capital of the Falkland Islands.,CORRECT
5288,2665192,Amore e non amore,producer,Lucio Battisti,1147920,164,1389259,"[""SMRL 6074""]",[],http://www.wikidata.org/entity/Q3508368,http://www.wikidata.org/entity/Q469154,Amore e non amore,Lucio Battisti,203,4037,Who was the producer of Amore e non amore?,"[""Lucio Battisti""]",Alberto Grimaldi.,The film *Amore e non amore* was produced by Carlo Ponti.,,The film *Amore e non amore* was produced by Franco Cristaldi.,Franco Cristaldi,The producer of *Amore e non amore* was Turi Vasile.,Carlo Ponti.,Franco Cristaldi.,,The producer was the Italian public broadcaster RAI (Radiotelevisione Italiana).,0,1,2,3,3,4,1,3,2,5,0.3,The film *Amore e non amore* was produced by Franco Cristaldi.,INCORRECT
2028,1767409,Whatever You Want,genre,rock music,781651,91,82098,[],"[""rock and roll"",""rock"",""Rock""]",http://www.wikidata.org/entity/Q2275760,http://www.wikidata.org/entity/Q11399,Whatever You Want (album),Rock music,2444,140450,What genre is Whatever You Want?,"[""rock music"", ""rock and roll"", ""rock"", ""Rock""]",Whatever You Want is a rock (boogie‑rock) song.,Rock.,Whatever You Want is a rock (specifically boogie‑rock) song.,The song “Whatever You Want” by Status Quo,“Whatever You Want” by Status Quo is a boogie‑rock/rock song,Whatever You Want is a rock song.,Whatever You Want is a classic rock song.,Rock.,"""Whatever You Want"" is a rock song (specifically classic/hard rock).","""Whatever You Want"" is a rock song.",0,0,0,1,1,0,2,2,2,2,0.4,Whatever You Want is a rock (boogie‑rock) song.,CORRECT
1572,5787038,Something Near,genre,horror literature,2586249,91,666582,[],[],http://www.wikidata.org/entity/Q7560143,http://www.wikidata.org/entity/Q193606,Something Near,Horror literature,118,291,What genre is Something Near?,"[""fantasy"", ""fantasy fiction"", ""horror literature""]",,,,Something Near is a thriller.,,Something Near is literary,,Something Near is a work of literary fiction.,,,0,0,0,1,0,2,0,2,0,0,0.7,,NOT_ATTEMPTED
6891,1159773,One on One,director,Kim Ki-duk,513460,526,744346,"[""\uc77c\ub300\uc77c"",""Il-dae-il""]","[""Ki-duk Kim"",""Kim Gi-deok""]",http://www.wikidata.org/entity/Q17041657,http://www.wikidata.org/entity/Q212990,One on One (2014 film),Kim Ki-duk,1607,16031,Who was the director of One on One?,"[""Kim Ki-duk"", ""Ki-duk Kim"", ""Kim Gi-deok""]",Michael Dinner.,The director of *One on One* was Lamont Johnson.,Lamont Johnson.,The director of *One on One* was Mark Piznarski.,The director of *One on One* was Lamont Johnson.,Keith Thomas.,The director of *One on One* was Keith Nelson.,The director of *One on One* was Martha Coolidge.,The director of *One on One* was Lamont Johnson.,Keith McMillan.,0,1,1,2,1,3,4,5,1,6,0.4,The director of *One on One* was Lamont Johnson.,INCORRECT
2498,2187848,The Secret,genre,thriller,955930,91,601063,"[""Secret""]","[""suspense"",""thriller television program"",""thriller TV program"",""thriller television show"",""thriller TV show"",""suspense television program"",""suspense TV program"",""suspense television show"",""suspense TV show""]",http://www.wikidata.org/entity/Q2880229,http://www.wikidata.org/entity/Q182015,The Secret (2007 film),Thriller (genre),2930,144161,What genre is The Secret?,"[""thriller"", ""suspense"", ""thriller television program"", ""thriller TV program"", ""thriller television show"", ""thriller TV show"", ""suspense television program"", ""suspense TV program"", ""suspense television show"", ""suspense TV show""]",The Secret is a self‑help/motivational book.,The Secret is classified as a self‑help/spiritual development book.,The Secret is a self‑help book.,The Secret is a self‑help/personal‑development book.,The Secret is a self‑help/personal development book.,The Secret is a self‑help (New Age) book.,The Secret is a self‑help/spiritual‑growth book.,The Secret is a self‑help book.,The Secret is a self‑help (new‑age) book.,The Secret is a self‑help/personal‑development book.,0,1,1,2,2,1,1,2,1,2,0.5,The Secret is classified as a self‑help/spiritual development book.,INCORRECT
7926,1853189,Brussels Capital Region,capital of,Spanish Netherlands,815434,97,2071853,"[""Brussels Region"",""Brussels"",""BE-BRU"",""Bruxelles-Capitale"",""BXL"",""20e"",""04000"",""BHG"",""Brussel"",""Brussels Gewest"",""Bruxelles"",""Brussel-Hoofdstad"",""R\u00e9gion Bruxellois"",""Brussels-Capital Region""]",[],http://www.wikidata.org/entity/Q240,http://www.wikidata.org/entity/Q622783,Brussels,Spanish Netherlands,76663,18951,What is Brussels Capital Region the capital of?,"[""Burgundian Netherlands"", ""Western European Union"", ""European Economic Community"", ""EEC"", ""Common Market"", ""European Community"", ""Spanish Netherlands"", ""Austrian Netherlands""]",Brussels Capital Region is the capital of Belgium.,Brussels Capital Region is the capital of Belgium.,Brussels Capital Region is the capital of Belgium.,Brussels Capital Region is the capital of Belgium.,Brussels Capital Region is the capital of Belgium.,Brussels Capital Region is the capital of Belgium.,Brussels Capital Region is the capital of Belgium.,Brussels Capital Region is the capital of Belgium.,Brussels Capital Region is the capital of Belgium.,Brussels Capital Region is the capital of Belgium.,0,0,0,0,0,0,0,0,0,0,1.0,Brussels Capital Region is the capital of Belgium.,INCORRECT
3157,2592552,Ragnall mac Gofraid,father,Gofraid mac Arailt,1118370,257,1619157,"[""Ragnald"",""Ragnaldr"",""Ragnall"",""Ranald"",""R\u00f8gnvaldr"",""R\u01ebgnvaldr"",""Ronald"",""R\u00f6gnvaldr"",""Ragnall Godfreysson"",""Ragnall Godredsson"",""Ragnall Gu\u00f0r\u00f8\u00f0sson"",""Ragnall mac Gofraid meic Arailt"",""Ragnall mac Gofraidh"",""R\u00f6gnvaldr Gu\u00f0r\u00f8\u00f0arson"",""R\u00f8gnvaldr Gu\u00f0r\u00f8\u00f0sson"",""R\u00f6gnvaldr Gu\u00f0r\u00f8\u00f0sson"",""Ronald Gothfrithsson"",""Raghnall"",""Raghnall mac Gothraidh""]",[],http://www.wikidata.org/entity/Q3417502,http://www.wikidata.org/entity/Q510877,Ragnall mac Gofraid,Gofraid mac Arailt,167,278,Who is the father of Ragnall mac Gofraid?,"[""Gofraid mac Arailt""]",,His father was Gofraid.,Gofraid mac Sitriuc.,Ragnall mac Gofraid was the son of G,"Ragnall mac Gofraid was the son of Gofraid (also rendered Godfred), the Norse",Ragnall mac Gofraid’s father was Gofraid.,The father of Ragnall mac Gofraid is Gofraid.,,,"Gofraid, the Norse‑Gaelic king of Dublin.",0,1,2,1,1,1,1,0,0,3,0.5,His father was Gofraid.,CORRECT
857,1235248,Cristina Laslo,place of birth,Cluj-Napoca,549120,218,863,[],"[""Kolozsv\u00e1r"",""Klausenburg"",""Cluj"",""Claudiopolis"",""Kolozsvar"",""Kluyzenburg"",""Napoca"",""Klu\u017e"",""Kluzh"",""Kolozhvar"",""Kolozvar""]",http://www.wikidata.org/entity/Q17489708,http://www.wikidata.org/entity/Q100188,Cristina Laslo,Cluj-Napoca,145,32494,In what city was Cristina Laslo born?,"[""Cluj-Napoca"", ""Kolozsvár"", ""Klausenburg"", ""Cluj"", ""Claudiopolis"", ""Kolozsvar"", ""Kluyzenburg"", ""Napoca"", ""Kluž"", ""Kluzh"", ""Kolozhvar"", ""Kolozvar""]","Cristina Laslo was born in Cluj‑Napoca, Romania.","Cristina Laslo was born in Cluj‑Napoca, Romania.",Bistrița.,"Cluj‑Napoca, Romania.","Cristina Laslo was born in Cluj‑Napoca, Romania.",Cristina Laslo was born in Bistrița.,"Cristina Laslo was born in Cluj‑Napoca, Romania.","Cristina Laslo was born in Cluj‑Napoca, Romania.","Cristina Laslo was born in Bistrița, Romania.","Cristina Laslo was born in Cluj‑Napoca, Romania.",0,0,1,0,0,1,0,0,1,0,0.7,"Cristina Laslo was born in Cluj‑Napoca, Romania.",CORRECT
12170,5965725,The World Before,author,Karen Traviss,2678305,484,985007,[],[],http://www.wikidata.org/entity/Q7775941,http://www.wikidata.org/entity/Q298417,The World Before,Karen Traviss,85,1595,Who is the author of The World Before?,"[""Karen Traviss""]",,,,,,,,,,,0,0,0,0,0,0,0,0,0,0,1.0,,NOT_ATTEMPTED
9852,3131419,Amateur,screenwriter,Hal Hartley,1334174,533,1320562,[],[],http://www.wikidata.org/entity/Q455552,http://www.wikidata.org/entity/Q446294,Amateur (1994 film),Hal Hartley,1382,6209,Who was the screenwriter for Amateur?,"[""Hal Hartley""]",,James,The screenwriter for *Amateur* was John McGreevey.,,,David Mamet.,,,The screenwriter for Amateur was Robert G. Jones.,The screenwriter for *,0,1,2,0,0,3,0,0,4,2,0.5,,NOT_ATTEMPTED
1391,5777300,Prince,genre,rock music,2580845,91,82098,"[""Jamie Starr"",""Christopher"",""Alexander Nevermind"",""The Purple One"",""Joey Coco"",""The artist formerly known as Prince"",""Artist Formerly Known as Prince"",""Prince Rogers Nelson"",""TAFKAP"",""Prince Nelson""]","[""rock and roll"",""rock"",""Rock""]",http://www.wikidata.org/entity/Q7542,http://www.wikidata.org/entity/Q11399,Prince (musician),Rock music,380230,140450,What genre is Prince?,"[""rock music"", ""rock and roll"", ""rock"", ""Rock"", ""funk"", ""Funk"", ""pop music"", ""pop"", ""Pop"", ""rhythm and blues"", ""R&B"", ""RnB"", ""RNB"", ""R and B"", ""R & B"", ""Minneapolis sound""]","Prince was primarily known for a blend of pop, funk, and R&B music.","Prince is best classified as a pop/funk/R&B artist, blending elements of rock, soul, and new‑wave into his music.","Prince was primarily known for blending pop, funk, R&B, and rock into a distinctive genre‑defying style.","Prince is best classified as a pop/funk artist, blending elements of R&B, rock, and soul.","Prince is best known for a blend of pop, funk, R&B, and rock music.","Prince’s music spanned multiple genres, most notably pop, funk, R&B, and rock.","Prince is best known for blending funk, pop, rock, and R&B into his music.",Prince is best known as a pop/funk/R&B artist.,"Prince is best known for his eclectic blend of pop, funk, R&B, and rock music.",Prince was primarily known as a pop/funk artist.,0,0,0,0,0,0,0,0,0,0,1.0,"Prince was primarily known for a blend of pop, funk, and R&B music.",CORRECT
4710,3558669,Outbreak,producer,Wolfgang Petersen,1538574,164,2184798,"[""Outbreak (film)""]",[],http://www.wikidata.org/entity/Q495513,http://www.wikidata.org/entity/Q65321,Outbreak (film),Wolfgang Petersen,27608,18634,Who was the producer of Outbreak?,"[""Wolfgang Petersen""]",John Davis.,,,,,,,,John Davis.,,0,1,1,1,1,1,1,1,0,1,0.8,,NOT_ATTEMPTED
10124,1864240,The Way It Is,composer,Bruce Hornsby,819960,639,2887267,[],"[""Bruce Randall Hornsby""]",http://www.wikidata.org/entity/Q2415121,http://www.wikidata.org/entity/Q918502,The Way It Is (song),Bruce Hornsby,7413,28851,Who was the composer of The Way It Is?,"[""Bruce Hornsby"", ""Bruce Randall Hornsby""]",Bruce Hornsby.,The composer of “The Way It Is” is Bruce Hornsby.,The composer of “The Way It Is” is Bruce Hornsby.,Bruce Hornsby.,The song “The Way It Is” was composed by Bruce Hornsby (co‑written with his brother John,Bruce Hornsby.,The composer of “The Way It Is” is Bruce Hornsby.,The composer of “The Way It Is” is Bruce Hornsby.,Bruce Hornsby.,The composer of “The Way It Is” is Bruce Hornsby.,0,0,0,0,0,0,0,0,0,0,1.0,Bruce Hornsby.,CORRECT
961,1432988,William Franklin Switzler,place of birth,Columbia,640828,218,1995898,[],"[""Columbia, Missouri""]",http://www.wikidata.org/entity/Q18749220,http://www.wikidata.org/entity/Q59670,William Franklin Switzler,"Columbia, Missouri",89,16208,In what city was William Franklin Switzler born?,"[""Columbia"", ""Columbia, Missouri""]","Lexington, Kentucky.","Lexington, Missouri.","Columbia, Missouri.","Columbia, Missouri.","St. Louis, Missouri.","St. Louis, Missouri.","Columbia, Missouri.","Columbia, Missouri.","Columbia, Missouri.","He was born in St. Louis, Missouri.",0,1,2,2,3,3,2,2,2,3,0.5,"Columbia, Missouri.",CORRECT
8591,1768080,Woman Without a Face,screenwriter,Gustaf Molander,781953,533,204396,[],"[""Harald B. Harald"",""Gustaf Harald August Molander""]",http://www.wikidata.org/entity/Q2276637,http://www.wikidata.org/entity/Q1365463,Woman Without a Face,Gustaf Molander,390,446,Who was the screenwriter for Woman Without a Face?,"[""Gustaf Molander"", ""Harald B. Harald"", ""Gustaf Harald August Molander"", ""Ingmar Bergman"", ""Ernst Ingmar Bergman""]",,The screenplay for *,The screenwriter was Jacques Natanson.,The screenplay for *Woman Without a Face* was written by Richard Sale.,The screenwriter for *Woman Without a Face,The film “Woman Without a Face”,,,,,0,1,2,1,1,3,0,0,0,0,0.5,,NOT_ATTEMPTED
13968,6409891,Bhutan,capital,Thimphu,2885961,422,2893606,"[""Kingdom of Bhutan"",""bt"",""BHU"",""\ud83c\udde7\ud83c\uddf9""]","[""Thimpu""]",http://www.wikidata.org/entity/Q917,http://www.wikidata.org/entity/Q9270,Bhutan,Thimphu,165876,13884,What is the capital of Bhutan?,"[""Thimphu"", ""Thimpu""]",The capital of Bhutan is Thimphu.,The capital of Bhutan is Thimphu.,Thimphu.,Thimphu.,The capital of Bhutan is Thimphu.,The capital of Bhutan is Thimphu.,Thimphu.,Thimphu.,The capital of Bhutan is Thimphu.,Thimphu.,0,0,0,0,0,0,0,0,0,0,1.0,The capital of Bhutan is Thimphu.,CORRECT
9607,4581309,Island,screenwriter,Paul Cox,2020554,533,808109,[],"[""Paulus Henriqus Benedictus Cox"",""Paulus Henrique Benedictus Cox""]",http://www.wikidata.org/entity/Q6082951,http://www.wikidata.org/entity/Q237268,Island (1989 film),Paul Cox (director),166,852,Who was the screenwriter for Island?,"[""Paul Cox"", ""Paulus Henriqus Benedictus Cox"", ""Paulus Henrique Benedictus Cox""]",The screenwriter for Island was Michael J. Rudd.,The screenwriter for *Island* was Christopher R,,,,,,The screenwriter for *Island* was John J. Laskowski.,,,0,1,2,2,2,2,2,3,2,2,0.7,,NOT_ATTEMPTED
500,1158868,Jorge Traverso,occupation,journalist,512908,22,663400,[],"[""journo"",""journalists""]",http://www.wikidata.org/entity/Q1703940,http://www.wikidata.org/entity/Q1930187,Jorge Traverso,Journalist,43,24952,What is Jorge Traverso's occupation?,"[""journalist"", ""journo"", ""journalists""]",Jorge Traverso is a journalist and news anchor.,Jorge Traverso is a journalist and news anchor.,Jorge Traverso is a journalist.,Jorge Traverso is a journalist.,Jorge Traverso is a Bolivian journalist.,Jorge Traverso is a journalist and television news anchor.,Jorge Traverso is a Uruguayan journalist and news anchor.,Jorge Traverso is a journalist and news anchor.,Jorge Traverso is a Uruguayan journalist and television news anchor.,Jorge Traverso is a journalist.,0,0,0,0,1,0,0,0,0,1,0.8,Jorge Traverso is a journalist and news anchor.,CORRECT
8931,6323804,Big Business,screenwriter,Leo McCarey,2852441,533,1092932,[],"[""Thomas Leo McCarey""]",http://www.wikidata.org/entity/Q858657,http://www.wikidata.org/entity/Q332530,Big Business (1929 film),Leo McCarey,707,3432,Who was the screenwriter for Big Business?,"[""Leo McCarey"", ""Thomas Leo McCarey""]",,The screenwriter for Big Business was H. M. Walker.,The screenwriter for *Big Business* was Rita Mae Brown.,,The screenwriter for *Big Business* was H. M. Walker.,,,,,,0,1,2,0,1,0,0,0,0,0,0.7,,NOT_ATTEMPTED
13932,2776008,Lithuania,capital,Vilnius,1191903,422,752152,"[""Republic of Lithuania"",""Lietuva"",""\ud83c\uddf1\ud83c\uddf9"",""LTU"",""LT""]","[""Vilna"",""Wilno"",""Vilne"",""Wilna"",""Vi\u013c\u0146a"",""Vilnia"",""Vilno"",""Vilnyus""]",http://www.wikidata.org/entity/Q37,http://www.wikidata.org/entity/Q216,Lithuania,Vilnius,183018,42978,What is the capital of Lithuania?,"[""Vilnius"", ""Vilna"", ""Wilno"", ""Vilne"", ""Wilna"", ""Viļņa"", ""Vilnia"", ""Vilno"", ""Vilnyus""]",The capital of Lithuania is Vilnius.,Vilnius.,Vilnius.,Vilnius.,Vilnius.,Vilnius.,The capital of Lithuania is Vilnius.,Vilnius.,Vilnius.,Vilnius.,0,0,0,0,0,0,0,0,0,0,1.0,The capital of Lithuania is Vilnius.,CORRECT
4988,3002426,The Internship,producer,Vince Vaughn,1285803,164,46178,"[""Internship""]","[""Vincent Anthony Vaughn"",""Vincent Vaughn""]",http://www.wikidata.org/entity/Q4207359,http://www.wikidata.org/entity/Q107730,The Internship,Vince Vaughn,61374,120459,Who was the producer of The Internship?,"[""Vince Vaughn"", ""Vincent Anthony Vaughn"", ""Vincent Vaughn""]",,The,The Internship was produced by David,Adam Sandler.,,,,The Internship was produced by David Hoberman and Todd Lieberman.,The Internship was produced by John Morris.,,0,0,1,2,0,0,0,1,3,0,0.6,,NOT_ATTEMPTED
10926,6476345,Lear,composer,Aribert Reimann,2911273,639,836606,[],[],http://www.wikidata.org/entity/Q948566,http://www.wikidata.org/entity/Q246758,Lear (opera),Aribert Reimann,399,651,Who was the composer of Lear?,"[""Aribert Reimann""]",Aribert Reimann.,Aribert Reimann.,Aribert Reimann.,Aribert Reimann.,The composer of *Lear* is Aribert Reimann.,Aribert Reimann.,Aribert Reimann.,The composer of *Lear* is Aribert Reimann.,Aribert Reimann.,The composer of *Lear* is Aribert Reimann.,0,0,0,0,0,0,0,0,0,0,1.0,Aribert Reimann.,CORRECT
14237,6554019,California,capital,Sacramento,2939848,422,582292,"[""CA"",""State of California"",""The Golden State"",""Calif.""]","[""Sac-Town"",""Sac"",""The Indomitable City"",""City of Trees"",""The Big Tomato"",""The Capitol City"",""Sacramento, California"",""Camellia City"",""River City""]",http://www.wikidata.org/entity/Q99,http://www.wikidata.org/entity/Q18013,California,"Sacramento, California",766733,127391,What is the capital of California?,"[""Sacramento"", ""Sac-Town"", ""Sac"", ""The Indomitable City"", ""City of Trees"", ""The Big Tomato"", ""The Capitol City"", ""Sacramento, California"", ""Camellia City"", ""River City""]",California’s capital is Sacramento.,The capital of California is Sacramento.,Sacramento.,The capital of California is Sacramento.,Sacramento.,The capital of California is Sacramento.,The capital of California is Sacramento.,The capital of California is Sacramento.,The capital of California is Sacramento.,Sacramento.,0,0,0,0,0,0,0,0,0,0,1.0,California’s capital is Sacramento.,CORRECT
840,1669298,Moon Joo-won,place of birth,South Korea,740610,218,2866409,[],"[""Republic of Korea"",""ROK"",""kr"",""Rep. Korea"",""S. Korea"",""Korea Republic"",""\ud83c\uddf0\ud83c\uddf7"",""KOR""]",http://www.wikidata.org/entity/Q211541,http://www.wikidata.org/entity/Q884,Moon Joo-won,South Korea,42,492668,In what city was Moon Joo-won born?,"[""South Korea"", ""Republic of Korea"", ""ROK"", ""kr"", ""Rep. Korea"", ""S. Korea"", ""Korea Republic"", ""🇰🇷"", ""KOR""]","Seoul, South Korea.",Seoul.,Seoul.,Seoul.,Seoul.,"Moon Joo‑won was born in Seoul, South Korea.",Seoul.,Seoul.,Seoul.,Seoul.,0,0,0,0,0,0,0,0,0,0,1.0,"Seoul, South Korea.",CORRECT
1988,5910656,Walk Away,genre,pop rock,2650067,91,1479426,[],"[""pop\/rock"",""pop-rock""]",http://www.wikidata.org/entity/Q771638,http://www.wikidata.org/entity/Q484641,Walk Away (Kelly Clarkson song),Pop rock,1635,85003,What genre is Walk Away?,"[""pop rock"", ""pop/rock"", ""pop-rock""]",Pop‑rock.,Pop‑rock.,Walk Away is a pop‑rock song.,Pop.,Walk Away is a pop‑rock song.,Pop‑rock.,“Walk Away” is classified as a pop‑rock song.,“Walk Away” is classified as a pop‑rock song.,Pop.,Pop‑rock.,0,0,0,0,0,0,0,0,0,0,1.0,Pop‑rock.,CORRECT
6572,4203105,Gentleman's Intermission,director,Don Scardino,1843305,526,924459,[],"[""Donald Joseph Scardino""]",http://www.wikidata.org/entity/Q5533706,http://www.wikidata.org/entity/Q2745262,Gentleman's Intermission,Don Scardino,357,2353,Who was the director of Gentleman's Intermission?,"[""Don Scardino"", ""Donald Joseph Scardino""]",,The director of *Gentleman's Intermission* was William A. Seiter.,The director of *Gentleman's Intermission* was William Beaudine.,,,,,The director of *Gentleman's Intermission* is Lee Myung,The director of *Gentle,,0,1,2,0,0,0,0,3,3,0,0.6,,NOT_ATTEMPTED
11749,4201776,Noumandiez Doué,sport,association football,1842672,560,920845,"[""Noumandiez Doue""]","[""football"",""soccer""]",http://www.wikidata.org/entity/Q553226,http://www.wikidata.org/entity/Q2736,Noumandiez Doué,Association football,106,197767,What sport does Noumandiez Doué play?,"[""association football"", ""football"", ""soccer""]",He plays football (soccer).,He is involved in football (soccer).,He plays football (soccer).,Noumandiez Doué is a football (soccer) player.,Noumandiez Doué is involved in football (soccer) as a referee.,He is involved in football (soccer) as a referee.,Noumandiez Doué is involved in football (soccer).,He is involved in football (soccer).,Football.,Football (soccer).,0,0,0,0,1,1,1,1,1,1,0.6,Noumandiez Doué is involved in football (soccer) as a referee.,CORRECT
12115,1896635,Graceling,author,Kristin Cashore,833446,484,966857,[],[],http://www.wikidata.org/entity/Q2457943,http://www.wikidata.org/entity/Q291025,Graceling,Kristin Cashore,3071,1240,Who is the author of Graceling?,"[""Kristin Cashore""]",The author of *Graceling* is Kristin Cashore.,Kristin Cashore.,The author of *Graceling* is Kristin Cashore.,The author of *Graceling* is Kristin Cashore.,The author of *Graceling* is Kristin Cashore.,The author of *Graceling* is Kristin Cashore.,The author of *Graceling* is Kristin Cashore.,Kristin Cashore.,The author of *Graceling* is Kristin Cashore.,Kristin Cashore.,0,0,0,0,0,0,0,0,0,0,1.0,The author of *Graceling* is Kristin Cashore.,CORRECT
7900,1223421,Vienna,capital of,Austrian Empire,544306,97,169128,"[""Wien"",""Vienna, Austria"",""W""]","[""Austria""]",http://www.wikidata.org/entity/Q1741,http://www.wikidata.org/entity/Q131964,Vienna,Austrian Empire,122060,56223,What is Vienna the capital of?,"[""Holy Roman Empire"", ""Holy Roman Empire of the German Nation"", ""First Reich"", ""Reich"", ""Austrian Empire"", ""Austria"", ""Habsburg Monarchy"", ""Habsburg Empire"", ""Austria-Hungary"", ""Austro-Hungarian Empire"", ""Dual Monarchy"", ""Austria Hungary"", ""Austria"", ""Österreich"", ""Republic of Austria"", ""Republik Österreich"", ""AT"", ""at"", ""AUT"", ""🇦🇹"", ""aut"", ""Lower Austria"", ""Niederösterreich""]",Vienna is the capital of Austria.,Vienna is the capital of Austria.,Vienna is the capital of Austria.,Vienna is the capital of Austria.,Vienna is the capital of Austria.,Vienna is the capital of Austria.,Vienna is the capital of Austria.,Vienna is the capital city of Austria.,Vienna is the capital of Austria.,Vienna is the capital of Austria.,0,0,0,0,0,0,0,0,0,0,1.0,Vienna is the capital of Austria.,CORRECT
13205,6096068,Vast,author,Linda Nagata,2743212,484,1311017,[],"[""Linda Webb Nagata"",""Trey Shiels""]",http://www.wikidata.org/entity/Q7916983,http://www.wikidata.org/entity/Q4389768,Vast (novel),Linda Nagata,131,588,Who is the author of Vast?,"[""Linda Nagata"", ""Linda Webb Nagata"", ""Trey Shiels""]",Linda Nagata.,Linda Nagata.,The author of *Vast* is Linda Nagata.,Linda Nagata.,The novel *Vast* was written by author Linda Nagata.,Jeff VanderMeer.,Linda Nagata.,Linda Nagata.,The author of *Vast* is Linda Nagata.,Linda Nagata.,0,0,0,0,0,1,0,0,0,0,0.9,Linda Nagata.,CORRECT
6351,6281341,Best in Show,director,Christopher Guest,2834959,526,1103038,[],"[""Christopher Haden-Guest, 5th Baron Haden-Guest""]",http://www.wikidata.org/entity/Q830324,http://www.wikidata.org/entity/Q336074,Best in Show (film),Christopher Guest,23732,258908,Who was the director of Best in Show?,"[""Christopher Guest"", ""Christopher Haden-Guest, 5th Baron Haden-Guest""]",Christopher Guest directed *Best in Show*.,The director of *Best in Show* is Christopher Guest.,Christopher Guest.,Christopher Guest.,Christopher Guest.,The director of *Best in Show* was Christopher Guest.,Christopher Guest.,Christopher Guest.,Christopher Guest.,Christopher Guest.,0,0,0,0,0,0,0,0,0,0,1.0,Christopher Guest directed *Best in Show*.,CORRECT
13422,1254733,Luminous,author,Greg Egan,558923,484,1043558,[],"[""Gregory Mark Egan""]",http://www.wikidata.org/entity/Q1757054,http://www.wikidata.org/entity/Q316785,Luminous (book),Greg Egan,136,5115,Who is the author of Luminous?,"[""Greg Egan"", ""Gregory Mark Egan""]",The author of *Luminous* is Jo,,,Greg Egan.,,,,Greg,,The author of *Luminous* is Greg Egan.,0,1,1,2,1,1,1,2,1,2,0.6,,NOT_ATTEMPTED
1274,3034032,Rule the World,genre,pop music,1298486,91,1193964,"[""\""Rule The World\""""]","[""pop"",""Pop""]",http://www.wikidata.org/entity/Q430971,http://www.wikidata.org/entity/Q37073,Rule the World (Take That song),Pop music,1913,286065,What genre is Rule the World?,"[""pop music"", ""pop"", ""Pop""]","""Rule the World"" is primarily classified as a pop (pop‑rock) song.",Rule the World is a pop (K‑pop) song.,Rule the World is a pop song.,Rule the World is a pop song.,Rule the World is a pop‑ballad song.,Rule the World is a pop song.,Rule the World is a K‑pop (dance‑pop) song.,Rule the World is a pop song.,Rule the World is a hip‑hop/rap song.,"""Rule the World"" is a pop‑rock song.",0,1,1,1,2,2,1,2,3,0,0.4,Rule the World is a pop (K‑pop) song.,CORRECT
5918,3783752,Cool It,director,Ondi Timoner,1647581,526,2373167,[],[],http://www.wikidata.org/entity/Q5167311,http://www.wikidata.org/entity/Q7092172,Cool It (film),Ondi Timoner,433,974,Who was the director of Cool It?,"[""Ondi Timoner""]",,The director of *Cool It* was Robert Kenner.,Robert Kenner.,,,,The documentary *Cool It* was directed by Josh Fox.,Morgan Spurlock.,The director of *Cool It* was Björn Olsen.,The director of *Cool It* was Ondi Timoner.,0,1,1,0,0,0,2,3,4,5,0.4,,NOT_ATTEMPTED
9400,18366,Butterfly Kiss,screenwriter,Frank Cottrell-Boyce,7633,533,133097,[],"[""Frank Cottrell Boyce""]",http://www.wikidata.org/entity/Q1018100,http://www.wikidata.org/entity/Q1233018,Butterfly Kiss,Frank Cottrell-Boyce,904,2737,Who was the screenwriter for Butterfly Kiss?,"[""Frank Cottrell-Boyce"", ""Frank Cottrell Boyce""]",Michael Winterbottom.,Michael Winterbottom.,Michael Almereyda.,The screenwriter for *Butterfly Kiss* was Michael Winterbottom.,The screenplay for *Butterfly Kiss* was written by Michael Winterbottom.,The screenplay for *Butterfly Kiss* was written by Michael Winterbottom.,The screenplay for Butterfly Kiss was written,The screenplay for Butterfly Kiss was written by Frank Cottrell‑Boyce,The screenplay for *Butterfly Kiss* was written by Michael Winterbottom.,The screenplay for Butterfly Kiss was written by Michael Winterbottom.,0,0,1,0,0,0,2,2,2,2,0.5,Michael Winterbottom.,INCORRECT
9865,908041,Pilot,screenwriter,Maurissa Tancharoen,385811,533,1084526,"[""Agents of Shield pilot"",""Agents of S.H.I.E.L.D. pilot""]","[""Maurissa Tancharoen Whedon""]",http://www.wikidata.org/entity/Q16165171,http://www.wikidata.org/entity/Q3301656,Pilot (Agents of S.H.I.E.L.D.),Maurissa Tancharoen,1715,2722,Who was the screenwriter for Pilot?,"[""Jed Whedon"", ""Jed Tucker Whedon"", ""Maurissa Tancharoen"", ""Maurissa Tancharoen Whedon""]",,The pilot episode was written by Vince Gilligan.,,,Greg Daniels.,,,Vince Gilligan.,,,0,1,0,0,2,0,0,1,0,0,0.7,,NOT_ATTEMPTED
2992,4810324,Count Palatine Joseph Charles of Sulzbach,father,"Theodore Eustace, Count Palatine of Sulzbach",2117187,257,2114385,[],"[""Theodore Eustace""]",http://www.wikidata.org/entity/Q63649,http://www.wikidata.org/entity/Q63534,Count Palatine Joseph Charles of Sulzbach,"Theodore Eustace, Count Palatine of Sulzbach",511,504,Who is the father of Count Palatine Joseph Charles of Sulzbach?,"[""Theodore Eustace, Count Palatine of Sulzbach"", ""Theodore Eustace""]","The father of Count Palatine Joseph Charles of Sulzbach was Theodore Eustace, Count Palatine of Sulzbach.","The father was Theodore Eustace, Count Palatine of Sulzbach.",The father of Count Palatine Joseph Charles of Sulzbach was Theodore Eustace,,"The father of Count Palatine Joseph Charles of Sulzbach was Theodore Eustace, Count Palatine of Sulzbach.","The father of Count Palatine Joseph Charles of Sulzbach was Theodore Eustace, Count","His father was John Christian, Count Palatine of Sulzbach.",His father was Theodore E,"The father of Count Palatine Joseph Charles of Sulzbach was Theodore Eustace, Count Palatine of Sulzbach.","The father of Count Palatine Joseph Charles of Sulzbach was Theodore Eustace, Count Palatine of Sul",0,0,0,1,0,0,2,0,0,0,0.8,"The father of Count Palatine Joseph Charles of Sulzbach was Theodore Eustace, Count Palatine of Sulzbach.",CORRECT
6250,1530395,Driven,director,Maurice Elvey,683777,526,1902360,[],[],http://www.wikidata.org/entity/Q19598958,http://www.wikidata.org/entity/Q565510,Driven (1916 film),Maurice Elvey,76,526,Who was the director of Driven?,"[""Maurice Elvey""]",Renny Harlin was the director of *Driven*.,Renny Harlin.,Renny Harlin.,The director of *Driven* was Renny Harlin.,The director of *Driven* was Renny Harlin.,The director of *Driven* was Renny Harlin.,The director of *Driven* was Renny Harlin.,The director of *Driven* was Renny Harlin.,The director of *Driven* was Renny Harlin.,Renny Harlin.,0,0,0,0,0,0,0,0,0,0,1.0,Renny Harlin was the director of *Driven*.,INCORRECT
2576,6044569,Turbo,genre,racing video game,2715449,91,2853660,[],"[""racing game"",""racing video games"",""racer""]",http://www.wikidata.org/entity/Q7853801,http://www.wikidata.org/entity/Q860750,Turbo (video game),Racing game,1040,14617,What genre is Turbo?,"[""racing video game"", ""racing game"", ""racing video games"", ""racer""]",Turbo is an animated comedy‑adventure film.,Turbo is an animated sports comedy film.,Turbo is an animated sports comedy film.,Turbo is an animated sports comedy film.,Turbo is an animated sports comedy film.,Turbo is an animated comedy‑adventure film.,Turbo is a computer‑animated sports comedy film.,Turbo is an animated sports‑comedy film.,Turbo is an animated comedy film.,Turbo is an animated sports comedy film.,0,1,1,1,1,0,1,1,1,1,0.8,Turbo is an animated sports comedy film.,INCORRECT
13697,1020335,Kerman Province,capital,Kerman,436242,422,531639,"[""Kerman""]","[""Kerm\u0101n"",""Kermun"",""Kirman"",""Carmania""]",http://www.wikidata.org/entity/Q165352,http://www.wikidata.org/entity/Q171714,Kerman Province,Kerman,2813,5163,What is the capital of Kerman Province?,"[""Kerman"", ""Kermān"", ""Kermun"", ""Kirman"", ""Carmania""]",Kerman.,The capital of Kerman Province is the city of Kerman.,The capital of Kerman Province is the city of Kerman.,Kerman.,Kerman.,Kerman.,Kerman.,Kerman.,Kerman is the capital of Kerman Province.,Kerman.,0,0,0,0,0,0,0,0,0,0,1.0,Kerman.,CORRECT
1236,1499215,Eclipse,genre,rock music,668642,91,82098,[],"[""rock and roll"",""rock"",""Rock""]",http://www.wikidata.org/entity/Q1938771,http://www.wikidata.org/entity/Q11399,Eclipse (Journey album),Rock music,2713,140450,What genre is Eclipse?,"[""rock music"", ""rock and roll"", ""rock"", ""Rock""]",Eclipse is a science‑fiction 4X strategy board game.,Eclipse is a science‑fiction thriller.,"Eclipse is a 4X (explore, expand, exploit, exterminate) strategy board game.","Eclipse is a 4X (explore, expand, exploit, and exterminate) strategy board game.",Eclipse is a science‑fiction themed strategy board game.,Eclipse is a 4X strategy board game.,Science‑fiction.,Eclipse is a 4X strategy board game.,,Action role‑playing game (RPG).,0,1,2,2,0,2,1,2,3,4,0.4,"Eclipse is a 4X (explore, expand, exploit, exterminate) strategy board game.",INCORRECT
8921,6152054,Weapons,screenwriter,Adam Bhala Lough,2772946,533,1381654,[],[],http://www.wikidata.org/entity/Q7978075,http://www.wikidata.org/entity/Q4678712,Weapons (film),Adam Bhala Lough,678,293,Who was the screenwriter for Weapons?,"[""Adam Bhala Lough""]",Tony Stone.,The screenwriter for *Weapons* was David O'Brien.,The screenwriter for *Weapons* was Michael Picchiottino.,,The screenwriter for the film *Weapons* was Andrew L. Smith.,The screenwriter for *Weapons* was Toby Meier.,The film Weapons was written by Adam Bower.,,The film Weapons was written by screenwriter Mark DiSalle.,The screenwriter for *Weapons* is Ben McCullo,0,1,2,3,4,5,6,3,7,8,0.2,,NOT_ATTEMPTED
6271,5938377,The Little Ones,director,Jim O'Connolly,2664157,526,1047988,"[""Little Ones""]",[],http://www.wikidata.org/entity/Q7747679,http://www.wikidata.org/entity/Q3178907,The Little Ones,Jim O'Connolly,172,247,Who was the director of The Little Ones?,"[""Jim O'Connolly""]",,,The director of *The Little Ones* was Christopher P. Anderson.,,,,,,,,0,0,1,0,0,0,0,0,0,0,0.9,,NOT_ATTEMPTED
13335,1371635,I Am NOT Going to Get Up Today!,author,Dr. Seuss,611757,484,985620,[],"[""Theodor Seuss Geisel"",""Dr. Theophrastus Seuss"",""Doctor Seuss"",""Seuss"",""Theodore Seuss Geisel"",""Theo LeSieg"",""Rosetta Stone"",""Theophrastus Seuss""]",http://www.wikidata.org/entity/Q18350752,http://www.wikidata.org/entity/Q298685,I Am Not Going to Get Up Today!,Dr. Seuss,461,90832,Who is the author of I Am NOT Going to Get Up Today!?,"[""Dr. Seuss"", ""Theodor Seuss Geisel"", ""Dr. Theophrastus Seuss"", ""Doctor Seuss"", ""Seuss"", ""Theodore Seuss Geisel"", ""Theo LeSieg"", ""Rosetta Stone"", ""Theophrastus Seuss""]",The author of *I Am NOT Going to Get Up Today!* is **David L. Harts**.,,,,,,,,,,0,1,1,1,1,1,1,1,1,1,0.9,,NOT_ATTEMPTED
6028,6402173,The Switch,director,Josh Gordon,2883016,526,821565,"[""Switch""]","[""J Gordon"",""Flash"",""Joshua Caleb Gordon""]",http://www.wikidata.org/entity/Q911520,http://www.wikidata.org/entity/Q24204,The Switch (2010 film),Josh Gordon,13004,101407,Who was the director of The Switch?,"[""Josh Gordon"", ""J Gordon"", ""Flash"", ""Joshua Caleb Gordon""]",The Switch was directed by Will Speck and Josh Gordon.,Will Gluck.,The 2010 comedy film *The Switch* was directed by Will Speck and Josh Gordon.,The director of *The Switch* is Will Gluck.,The director of *The Switch* was Will Gluck.,Will Gluck.,The director of *The Switch* is Will Gluck.,The director of *The Switch* was Will Gluck.,The director of *The Switch* is Will Gluck.,The director of *The Switch* was Will Gluck.,0,1,0,1,1,1,1,1,1,1,0.8,Will Gluck.,INCORRECT
7204,4302670,The Hook,director,George Seaton,1887696,526,956767,"[""Hook""]",[],http://www.wikidata.org/entity/Q562304,http://www.wikidata.org/entity/Q288337,The Hook (1963 film),George Seaton,454,1266,Who was the director of The Hook?,"[""George Seaton""]",,,,The director of The Hook was Guglielmo,,,The director of *The Hook* was George Sidney.,,,,0,0,0,1,0,0,2,0,0,0,0.8,,NOT_ATTEMPTED
8276,1796952,One Day,screenwriter,David Nicholls,793513,533,2912886,[],"[""David Alan Nicholls""]",http://www.wikidata.org/entity/Q232161,http://www.wikidata.org/entity/Q950949,One Day (2011 film),David Nicholls (writer),29735,5240,Who was the screenwriter for One Day?,"[""David Nicholls"", ""David Alan Nicholls""]",The film “One Day” was written by screenwriter David Nichols.,David Nicholls.,Richard Curtis.,Richard Curtis.,,Nick Hornby.,Richard Curtis.,Richard Curtis.,The screenplay for *One Day* was written by David Nicholls.,The screenwriter for *One Day* was Richard Curtis.,0,0,1,1,2,3,1,1,0,1,0.5,Richard Curtis.,INCORRECT
1483,5550048,Red,genre,Cantopop,2473282,91,2849778,[],"[""Cantonese popular music"",""HK-pop"",""Hong Kong pop music""]",http://www.wikidata.org/entity/Q7303594,http://www.wikidata.org/entity/Q853873,Red (Leslie Cheung album),Cantopop,251,9657,What genre is Red?,"[""Cantopop"", ""Cantonese popular music"", ""HK-pop"", ""Hong Kong pop music""]",Red is an action comedy film.,Action‑comedy.,Red is an action‑comedy film.,Action‑comedy.,Red is a thriller.,,Red is a drama.,Red is a Christian rock/alternative metal band.,Red is a horror manga.,Red is an action‑comedy film.,0,0,0,0,1,2,3,4,5,0,0.5,Red is an action comedy film.,INCORRECT
12164,270993,The Last Word,author,Damon Knight,109568,484,1748138,[],"[""Damon Francis Knight"",""Stuart Fleming"",""Conanight""]",http://www.wikidata.org/entity/Q11862741,http://www.wikidata.org/entity/Q534599,The Last Word (Knight short story),Damon Knight,200,2066,Who is the author of The Last Word?,"[""Damon Knight"", ""Damon Francis Knight"", ""Stuart Fleming"", ""Conanight""]",,,,,,,The author of *The Last Word* is Andrew Clements,The author of *The Last Word* is Andrew,,,0,0,0,0,0,0,1,1,0,0,0.8,,NOT_ATTEMPTED
660,4674280,Jim,place of birth,Arizona Territory,2059402,218,2222998,"[""Bow-os-loh""]",[],http://www.wikidata.org/entity/Q6193276,http://www.wikidata.org/entity/Q670002,Jim (Medal of Honor recipient),Arizona Territory,97,7679,In what city was Jim born?,"[""Arizona Territory""]",The city where Jim was born is not specified.,The city where Jim was born is not specified.,The city where Jim was born is not specified.,"I’m sorry, but I don’t have enough information to determine the city where Jim was born.",Jim's birth city is not specified in the provided information.,The city of Jim’s birth is not specified.,"I’m sorry, but I don’t have enough information to determine the city where Jim was born.","I’m sorry, but I don’t have enough information to determine the city where Jim was born.",The city where Jim was born is not specified.,The city where Jim was born is not specified.,0,0,0,0,0,0,0,0,0,0,1.0,The city where Jim was born is not specified.,NOT_ATTEMPTED
12799,1683089,LinkedIn,author,Reid Hoffman,745977,484,739478,"[""LinkedIn Corporation"",""linkedin.com"",""linked in""]","[""Reid Garrett Hoffman"",""Reid G. Hoffman""]",http://www.wikidata.org/entity/Q213660,http://www.wikidata.org/entity/Q211098,LinkedIn,Reid Hoffman,278148,83493,Who is the author of LinkedIn?,"[""Reid Hoffman"", ""Reid Garrett Hoffman"", ""Reid G. Hoffman""]",Reid Hoffman.,Reid Hoffman.,Reid Hoffman.,Reid Hoffman.,Reid Hoffman is the founder and primary author of LinkedIn.,Reid Hoffman is the founder and author of LinkedIn.,Reid Hoffman.,Reid Hoffman.,Reid Hoffman.,Reid Hoffman is the co‑founder and primary author behind LinkedIn.,0,0,0,0,0,0,0,0,0,0,1.0,Reid Hoffman.,CORRECT
12761,5777576,Small Island,author,Andrea Levy,2581004,484,1532298,[],[],http://www.wikidata.org/entity/Q7542810,http://www.wikidata.org/entity/Q494257,Small Island (novel),Andrea Levy,3731,4493,Who is the author of Small Island?,"[""Andrea Levy""]",The author of *Small Island* is Andrea Levy.,Andrea Levy.,Andrea Levy.,The author of *Small Island* is Andrea Levy.,The author of *Small Island* is Andrea Levy.,Andrea Levy is the author of *Small Island*.,The author of *Small Island* is Andrea Levy.,Helen Moyes.,The author of *Small Island* is Andrea Levy.,The author of *Small Island* is Andrea Levy.,0,0,0,0,0,0,0,1,0,0,0.9,The author of *Small Island* is Andrea Levy.,CORRECT
8906,4795090,A Night to Remember,screenwriter,Eric Ambler,2109352,533,1605805,"[""Night to Remember""]","[""Eric Clifford Ambler""]",http://www.wikidata.org/entity/Q633614,http://www.wikidata.org/entity/Q508452,A Night to Remember (1958 film),Eric Ambler,16933,4228,Who was the screenwriter for A Night to Remember?,"[""Eric Ambler"", ""Eric Clifford Ambler"", ""Walter Lord"", ""Joseph Boxhall"", ""Joseph Groves Boxhall""]",John W,Eric Ambler.,The screenplay for A Night,The screenwriters were Roland Kibbee and John Lee.,,The screenwriter for *A Night to Remember* was Eric Ambler.,Walter Bernstein.,John Howard Lawson.,The screenplay for *A Night to Remember* was written by Eric Ambler and Walter Bernstein.,Eric Ambler.,0,1,2,3,4,1,5,6,5,1,0.3,Eric Ambler.,CORRECT
4202,1809276,Tai-Pan,producer,Dino De Laurentiis,798234,164,981212,[],"[""Agostino De Laurentiis""]",http://www.wikidata.org/entity/Q2338318,http://www.wikidata.org/entity/Q296796,Tai-Pan (film),Dino De Laurentiis,2988,37129,Who was the producer of Tai-Pan?,"[""Dino De Laurentiis"", ""Agostino De Laurentiis""]",The producer of *Tai‑Pan* was Robert Stigwood.,The film *Tai‑Pan* was produced,The film *Tai‑Pan* was produced by Dino de Laurentiis.,The producer of *Tai‑Pan* was Dino De Laurentiis.,,,Dino De Laurentiis.,The film *Tai‑Pan* was produced by Michael Wilson.,The producer of *Tai‑Pan* was Michael Klinger.,,0,0,1,1,2,2,1,3,4,2,0.3,The film *Tai‑Pan* was produced by Dino de Laurentiis.,CORRECT
4365,3774158,The Cat Returns,producer,Toshio Suzuki,1642664,164,2393076,"[""Baron: The Cat Returns"",""Cat Returns"",""Neko no Ongaeshi""]","[""Suzuki Toshio""]",http://www.wikidata.org/entity/Q51543,http://www.wikidata.org/entity/Q713511,The Cat Returns,Toshio Suzuki (producer),20330,5826,Who was the producer of The Cat Returns?,"[""Toshio Suzuki"", ""Suzuki Toshio""]",The producer of *The Cat Returns* was Toshio Suzuki.,The producer of *The Cat Returns* was Toshio Suzuki.,The producer of *The Cat Returns* was Toshio Suzuki.,The producer of *The Cat Returns* was Toshio Suzuki.,Toshio Suzuki.,The producer of *The Cat Returns* was Toshio Suzuki.,Toshio Suzuki.,Toshio Suzuki was the producer of *The Cat Returns*.,Toshio Suzuki was the producer of *The Cat Returns*.,Toshio Suzuki.,0,0,0,0,0,0,0,0,0,0,1.0,The producer of *The Cat Returns* was Toshio Suzuki.,CORRECT
12130,1968457,Final Exit,author,Derek Humphry,864753,484,1702229,[],[],http://www.wikidata.org/entity/Q2564050,http://www.wikidata.org/entity/Q5262068,Final Exit,Derek Humphry,3410,1000,Who is the author of Final Exit?,"[""Derek Humphry""]",Derek Humphry.,The author of *Final Exit* is Derek Humphry.,The author of *Final Exit* is Derek Humphry.,The author of *Final Exit* is Derek Humphry.,The author of *Final Exit* is Derek Humphry.,The author of *Final Exit* is Derek Humphry.,Derek Humphry.,The author of *Final Exit* is Derek Humphry.,The author of *Final Exit* is Derek Humphry.,The author of *Final Exit* is Derek Humphry.,0,0,0,0,0,0,0,0,0,0,1.0,Derek Humphry.,CORRECT
832,2622429,Babyface,place of birth,Indianapolis,1129485,218,2112253,"[""Kenneth Edmonds"",""Kenneth Brian Edmonds"",""Kenneth \""Babyface\"" Edmonds"",""Y Corp"",""Face"",""Kenny Edmonds"",""Kenny \""Babyface\"" Edmonds""]","[""Circle City"",""Indy"",""Naptown"",""Crossroads of America"",""Racing Capital of the World"",""Amateur Sports Capital of the World"",""INDPLS"",""Indianapolis, Indiana"",""India-no-place"",""Railroad City""]",http://www.wikidata.org/entity/Q344983,http://www.wikidata.org/entity/Q6346,Babyface (musician),Indianapolis,31327,65428,In what city was Babyface born?,"[""Indianapolis"", ""Circle City"", ""Indy"", ""Naptown"", ""Crossroads of America"", ""Racing Capital of the World"", ""Amateur Sports Capital of the World"", ""INDPLS"", ""Indianapolis, Indiana"", ""India-no-place"", ""Railroad City""]","Babyface was born in Indianapolis, Indiana.","Babyface was born in Indianapolis, Indiana.","Babyface was born in Indianapolis, Indiana.","Babyface was born in Indianapolis, Indiana.","Babyface was born in Indianapolis, Indiana.","Babyface was born in Indianapolis, Indiana.","Babyface was born in Indianapolis, Indiana.","Babyface was born in Indianapolis, Indiana.","Babyface was born in Memphis, Tennessee.","Babyface was born in Indianapolis, Indiana.",0,0,0,0,0,0,0,0,1,0,0.9,"Babyface was born in Indianapolis, Indiana.",CORRECT
12811,5966602,The Chaos Code,author,Justin Richards,2678771,484,2103673,[],"[""Justin C Richards""]",http://www.wikidata.org/entity/Q7776956,http://www.wikidata.org/entity/Q6318053,The Chaos Code,Justin Richards,56,485,Who is the author of The Chaos Code?,"[""Justin Richards"", ""Justin C Richards""]",,,,,,,,,,,0,0,0,0,0,0,0,0,0,0,1.0,,NOT_ATTEMPTED
1497,2524411,Moist,genre,alternative rock,1091001,91,79782,[],"[""alternative music"",""alt-rock"",""alternative"",""alt rock"",""pop\/rock"",""Alternative Rock""]",http://www.wikidata.org/entity/Q3319287,http://www.wikidata.org/entity/Q11366,Moist (band),Alternative rock,1834,138822,What genre is Moist?,"[""alternative rock"", ""alternative music"", ""alt-rock"", ""alternative"", ""alt rock"", ""pop/rock"", ""Alternative Rock""]",Moist is primarily classified as an alternative rock (post‑grunge) band.,Moist is primarily classified as an alternative rock/post‑grunge band.,Moist is primarily classified as an alternative rock (post‑grunge) band.,Moist is primarily classified as an alternative rock (post‑grunge) band.,Moist is primarily classified as an alternative rock (post‑grunge) band.,Moist is primarily classified as a Canadian alternative rock (post‑grunge) band.,Moist is a Canadian alternative rock/post‑grunge band.,Moist is primarily an alternative rock band.,Moist is primarily classified as a post‑grunge/alternative rock band.,Moist is primarily an alternative rock (post‑grunge) band.,0,0,0,0,0,0,0,0,0,0,1.0,Moist is primarily classified as an alternative rock (post‑grunge) band.,CORRECT
12197,5921486,The Desperate Hours,author,Joseph Hayes,2655631,484,1828733,[],[],http://www.wikidata.org/entity/Q7729837,http://www.wikidata.org/entity/Q550667,The Desperate Hours (Hayes novel),Joseph Hayes (author),217,326,Who is the author of The Desperate Hours?,"[""Joseph Hayes""]",Joseph Hayes.,The author of *The Desperate Hours* is Joseph Hayes.,The author of *The Desperate Hours* is Joseph Hayes.,The author of *The Desperate Hours* is Joseph Hayes.,Joseph Hayes.,The author of *The Desperate Hours* is Joseph Hayes.,The author of *The Desperate Hours* is Joseph Hayes.,The author of *The Desperate Hours* is Joseph Hayes.,The author of *The Desperate Hours* is Joseph Hayes.,Joseph Hayes.,0,0,0,0,0,0,0,0,0,0,1.0,Joseph Hayes.,CORRECT
8182,658832,Stay,screenwriter,Aislinn Hunter,278310,533,1393238,[],[],http://www.wikidata.org/entity/Q14949730,http://www.wikidata.org/entity/Q4699212,Stay (2013 film),Aislinn Hunter,950,224,Who was the screenwriter for Stay?,"[""Aislinn Hunter""]",The screenplay for Stay was written by David Benioff and Michael,The screenwriter for *Stay* was David Loucka.,The screenplay for Stay was written by David Benioff.,David Benioff.,The screenplay for the film *Stay* was written by David Benioff.,The screenplay for Stay was written by David Benioff.,The screenplay for Stay was written by David Benioff.,David Benioff.,The screenwriter for *Stay* was David Benioff.,The screenplay for *Stay* was written by David Benioff.,0,1,0,2,2,2,2,2,2,2,0.7,David Benioff.,INCORRECT
848,747913,William Jack,place of birth,Aberdeen,317903,218,1180639,"[""Jack""]","[""Aiberdeen"",""Granite City"",""The Silver City""]",http://www.wikidata.org/entity/Q15482,http://www.wikidata.org/entity/Q36405,William Jack (botanist),Aberdeen,170,35289,In what city was William Jack born?,"[""Aberdeen"", ""Aiberdeen"", ""Granite City"", ""The Silver City""]",William Jack was born in Glasgow.,William Jack was born in the city of Edinburgh.,Aberdeen.,Dundee.,"William Jack was born in Dundee, Scotland.",Aberdeen.,Glasgow.,Glasgow.,Edinburgh.,William Jack was born in Aberdeen.,0,1,2,3,3,2,0,0,1,2,0.3,William Jack was born in Glasgow.,INCORRECT
6481,4904058,La cruz,director,Alejandro Agresti,2161492,526,65264,"[""Cruz""]",[],http://www.wikidata.org/entity/Q6466072,http://www.wikidata.org/entity/Q1107744,La cruz (film),Alejandro Agresti,76,582,Who was the director of La cruz?,"[""Alejandro Agresti""]",The director of *La cruz* was Alejandro Fernández Alm,,,,,,,,,,0,1,1,1,1,1,1,1,1,1,0.9,,NOT_ATTEMPTED
5938,3554927,Boy Meets Dog,director,Walter Lantz,1536838,526,2349108,"[""Bobby"",""Father"",""Gnomes"",""Kids"",""Sister""]","[""Walter Benjamin Lantz""]",http://www.wikidata.org/entity/Q4952100,http://www.wikidata.org/entity/Q703759,Boy Meets Dog,Walter Lantz,444,6020,Who was the director of Boy Meets Dog?,"[""Walter Lantz"", ""Walter Benjamin Lantz""]",,,Michael K. Simpson.,,,,The director of *Boy Meets Dog* is Chris,Gordon Douglas.,,,0,0,1,0,0,0,2,3,0,0,0.7,,NOT_ATTEMPTED
11980,285768,My Neighbor,author,Franz Kafka,115487,484,2878787,"[""The Neighbor""]","[""Franti\u0161ek Kafka"",""Kafka""]",http://www.wikidata.org/entity/Q1195963,http://www.wikidata.org/entity/Q905,My Neighbor,Franz Kafka,235,118171,Who is the author of My Neighbor?,"[""Franz Kafka"", ""František Kafka"", ""Kafka""]",,,,,Stephen,,The author of “My Neighbor” is Franz Kafka.,James Baldwin.,The author of “My Neighbor” is Anton Chekhov.,,0,0,0,0,1,0,2,3,4,0,0.6,,NOT_ATTEMPTED
14203,282751,State of Vietnam,capital,Ho Chi Minh City,114313,422,625763,"[""Associated State of Vietnam"",""State of Vietnam"",""State of Viet-Nam"",""Independent State of Viet Nam"",""Vietnam"",""Vi\u1ec7t Nam""]","[""Ho Chi Minh"",""S\u00e0i G\u00f2n"",""Sa\u00efgon"",""HCMC"",""Sai Gon"",""yo mum"",""Saigon""]",http://www.wikidata.org/entity/Q1193879,http://www.wikidata.org/entity/Q1854,State of Vietnam,Ho Chi Minh City,8809,69663,What is the capital of State of Vietnam?,"[""Ho Chi Minh City"", ""Ho Chi Minh"", ""Sài Gòn"", ""Saïgon"", ""HCMC"", ""Sai Gon"", ""yo mum"", ""Saigon""]",The capital of the State of Vietnam was Saigon.,The capital of the State of Vietnam was Huế.,The capital of the State of Vietnam was Saigon.,The capital of the State of Vietnam was Saigon.,The capital of the State of Vietnam was Saigon.,The capital of the State of Vietnam was Saigon.,The capital of the State of Vietnam was Saigon.,Saigon.,The capital of the State of Vietnam was Saigon.,The capital of the State of Vietnam was Saigon.,0,1,0,0,0,0,0,0,0,0,0.9,The capital of the State of Vietnam was Saigon.,CORRECT
10839,4492260,Honest,composer,David A. Stewart,1979477,639,1068365,[],"[""David Allan Stewart"",""Dave Stewart"",""David Stewart"",""Jean Guiot"",""Raymond Doom""]",http://www.wikidata.org/entity/Q5893254,http://www.wikidata.org/entity/Q325389,Honest (film),Dave Stewart (musician and producer),1004,19647,Who was the composer of Honest?,"[""David A. Stewart"", ""David Allan Stewart"", ""Dave Stewart"", ""David Stewart"", ""Jean Guiot"", ""Raymond Doom""]",,,,,,,,,,,0,0,0,0,0,0,0,0,0,0,1.0,,NOT_ATTEMPTED
2938,3148563,King Arthur,father,Uther Pendragon,1343386,257,2195951,"[""Arthur"",""Arthur Pendragon"",""Arthur, King Poetry, etc. relating to (19-20 cents), NLW MS 6648E""]",[],http://www.wikidata.org/entity/Q45792,http://www.wikidata.org/entity/Q657200,King Arthur,Uther Pendragon,176470,23830,Who is the father of King Arthur?,"[""Uther Pendragon""]",King Arthur’s father is Uther Pendragon.,Uther Pendragon.,King Arthur’s father is Uther Pendragon.,Uther Pendragon.,King Arthur’s father is Uther Pendragon.,King Arthur’s father is Uther Pendragon.,Uther Pendragon.,Uther Pendragon.,Uther Pendragon.,Uther Pendragon is the father of King Arthur.,0,0,0,0,0,0,0,0,0,0,1.0,King Arthur’s father is Uther Pendragon.,CORRECT
11992,3040410,On Intelligence,author,Jeff Hawkins,1300797,484,2896315,[],"[""Jeffrey Hawkins""]",http://www.wikidata.org/entity/Q4329050,http://www.wikidata.org/entity/Q92993,On Intelligence,Jeff Hawkins,1087,4359,Who is the author of On Intelligence?,"[""Jeff Hawkins"", ""Jeffrey Hawkins""]","The book *On Intelligence* was written by Jeff Hawkins, with Sandra Blakeslee as co‑author.",The book *On Intelligence* was written by Jeff Hawkins (with Sandra Blakeslee as co‑author).,"The book *On Intelligence* was authored by Jeff Hawkins, with Sandra Blakeslee as co‑author.",The book *On Intelligence* was authored by Jeff Hawkins (with co‑author Sandra Blakeslee).,Jeff Hawkins (co‑author Sandra Blakeslee).,Jeff Hawkins (with co‑author Sandra Blakeslee).,"The book *On Intelligence* was authored by Jeff Hawkins, with Sandra Blakeslee as co‑author.",The book *On Intelligence* was authored by Jeff Hawkins (with co‑author Sandra Blakeslee).,Jeff Hawkins.,The book *On Intelligence* was authored by Jeff Hawkins (with co‑author Sandra Blakeslee).,0,0,0,0,0,0,0,0,0,0,1.0,"The book *On Intelligence* was written by Jeff Hawkins, with Sandra Blakeslee as co‑author.",CORRECT
13797,1140403,Japan,capital,Tokyo,502871,422,273933,"[""State of Japan"",""Land of the Rising Sun"",""Nihon"",""Nippon"",""JP"",""Nippon-koku"",""Nihon-koku"",""JA"",""JPN"",""jp"",""JAP"",""Ja"",""Jap""]","[""T\u014dky\u014d"",""T\u00f4ky\u00f4"",""Tokyo-to"",""Tokyo Metropolitan prefecture"",""T\u014dky\u014d-to"",""T\u00f4ky\u00f4-to"",""Tokyo Metropolis"",""Tokio"",""Tokyo Prefecture""]",http://www.wikidata.org/entity/Q17,http://www.wikidata.org/entity/Q1490,Japan,Tokyo,702414,205487,What is the capital of Japan?,"[""Tokyo"", ""Tōkyō"", ""Tôkyô"", ""Tokyo-to"", ""Tokyo Metropolitan prefecture"", ""Tōkyō-to"", ""Tôkyô-to"", ""Tokyo Metropolis"", ""Tokio"", ""Tokyo Prefecture""]",Tokyo.,Tokyo.,Tokyo.,Tokyo.,Tokyo.,Tokyo is the capital of Japan.,Tokyo.,Tokyo.,Tokyo.,Tokyo.,0,0,0,0,0,0,0,0,0,0,1.0,Tokyo.,CORRECT
11874,5188636,Miroslav Milutinović,sport,association football,2296030,560,920845,[],"[""football"",""soccer""]",http://www.wikidata.org/entity/Q6874010,http://www.wikidata.org/entity/Q2736,Miroslav Milutinović,Association football,28,197767,What sport does Miroslav Milutinović play?,"[""association football"", ""football"", ""soccer""]",Miroslav Milutinović is a professional football (soccer) player.,Miroslav Milutinović is a professional football (soccer) player.,Miroslav Milutinović is a professional football (soccer) player.,He is a professional football (soccer) player.,He plays football (soccer).,He plays football (soccer).,Miroslav Milutinović is a professional football (soccer) player.,Football.,He is a professional football (soccer) player.,He is a professional football (soccer) player.,0,0,0,0,0,0,0,0,0,0,1.0,Miroslav Milutinović is a professional football (soccer) player.,CORRECT
13294,4373688,Henry,author,Carl Thomas Anderson,1921831,484,1580688,[],"[""Carl Anderson""]",http://www.wikidata.org/entity/Q5716961,http://www.wikidata.org/entity/Q5040880,Henry (comics),Carl Thomas Anderson,1409,311,Who is the author of Henry?,"[""Carl Thomas Anderson"", ""Carl Anderson""]",,,,,,,,,,,0,0,0,0,0,0,0,0,0,0,1.0,,NOT_ATTEMPTED
6565,740702,The Great Outdoors,director,Howard Deutch,315039,526,81441,"[""Great Outdoors""]",[],http://www.wikidata.org/entity/Q1544359,http://www.wikidata.org/entity/Q1138881,The Great Outdoors (film),Howard Deutch,12291,18824,Who was the director of The Great Outdoors?,"[""Howard Deutch""]",The director of *The Great Outdoors* was Howard Deutch.,The director of *The Great Outdoors* was Howard Deutch.,The director of *The Great Outdoors* was Jeremiah S. Chechik.,Howard Deutch.,The director of *The Great Outdoors* was Howard Deutch.,Howard Deutch.,Howard Deutch.,The director of *The Great Outdoors* was Howard Deutch.,The director of *The Great Outdoors* was Howard Deutch.,Howard Deutch.,0,0,1,0,0,0,0,0,0,0,0.9,The director of *The Great Outdoors* was Howard Deutch.,CORRECT
10988,1437553,One Last Time,composer,Carl Falk,642951,639,1580072,[],"[""Carl Anthony Falk-Gramer""]",http://www.wikidata.org/entity/Q18786661,http://www.wikidata.org/entity/Q5040121,One Last Time (Ariana Grande song),Carl Falk,6553,1786,Who was the composer of One Last Time?,"[""Giorgio Tuinfort"", ""Giorgio Hesdey Tuinfort"", ""Savan Kotecha"", ""Savan Harish Kotecha"", ""Rami Yacoub"", ""Rami"", ""Carl Falk"", ""Carl Anthony Falk-Gramer""]",,,"The song “One Last Time” was composed by Max Martin (along with co‑writers Savan Kotecha,",,,The song “One,,,,The song “One Last Time” was composed by Max Martin (along with co‑writers Savan,0,0,1,0,0,1,0,0,0,1,0.7,,NOT_ATTEMPTED
9929,1787725,Opera,screenwriter,Dario Argento,790008,533,1723722,"[""Terror at the Opera""]","[""Sirio Bernadotte""]",http://www.wikidata.org/entity/Q2306760,http://www.wikidata.org/entity/Q53011,Opera (1987 film),Dario Argento,5887,42533,Who was the screenwriter for Opera?,"[""Dario Argento"", ""Sirio Bernadotte""]",The screenplay for *Opera* was written by Dario Argento and Claudio Bernabei.,,The screenplay for *Opera* was written by Dario Argento.,,The screenplay for *Opera* was written by Dario Argento.,The screenplay for *Opera* was written by Dario Argento.,The screenplay for *Opera* was written by,The screenplay for *Opera* was written by Dario Argento and Franco Ferrini.,The screenplay for *Opera* was written by Dario Argento and Franco Ferrini.,,0,1,0,1,0,0,0,2,2,1,0.5,The screenplay for *Opera* was written by Dario Argento and Claudio Bernabei.,INCORRECT
13315,6025553,"Tough, Tough Toys for Tough, Tough Boys",author,Will Self,2705384,484,878981,[],"[""William Woodard Self""]",http://www.wikidata.org/entity/Q7828776,http://www.wikidata.org/entity/Q261054,"Tough, Tough Toys for Tough, Tough Boys",Will Self,174,11547,"Who is the author of Tough, Tough Toys for Tough, Tough Boys?","[""Will Self"", ""William Woodard Self""]","The author of *Tough, Tough Toys for Tough",,,,,,"The author of *Tough, Tough Toys for Tough, Tough","The book *Tough,",,,0,1,1,1,1,1,0,0,1,1,0.7,,NOT_ATTEMPTED
3746,3367439,Jam Filled Entertainment,country,Canada,1447425,182,355510,"[""Dan Krech Productions"",""DKP Studios"",""IDT Entertainment"",""Starz Animation"",""Arc Productions""]","[""Dominion of Canada"",""British North America"",""CAN"",""CA"",""ca"",""can"",""Can.""]",http://www.wikidata.org/entity/Q4785019,http://www.wikidata.org/entity/Q16,Jam Filled Entertainment,Canada,7577,816653,In what country is Jam Filled Entertainment?,"[""Canada"", ""Dominion of Canada"", ""British North America"", ""CAN"", ""CA"", ""ca"", ""can"", ""Can.""]",Canada.,Jam Filled Entertainment is based in Canada.,Canada.,Jam Filled Entertainment is based in Canada.,Jam Filled Entertainment is based in Canada.,Jam Filled Entertainment is based in Canada.,Jam Filled Entertainment is located in Canada.,Jam Filled Entertainment is based in Canada.,Canada.,Canada.,0,0,0,0,0,0,0,0,0,0,1.0,Canada.,CORRECT
10791,2474,Flash,composer,Brian May,893,639,342214,[],"[""Brian Harold May""]",http://www.wikidata.org/entity/Q1001928,http://www.wikidata.org/entity/Q15873,Flash (Queen song),Brian May,2726,160410,Who was the composer of Flash?,"[""Brian May"", ""Brian Harold May""]",The composer of *,,Danny Elfman.,,,Blake Neely.,Blake Neely composed the music for the TV series “The Flash.”,,The composer of *Flash* was James Hannigan.,,0,1,2,1,1,3,3,1,0,1,0.5,,NOT_ATTEMPTED
306,4271174,Matthew Underwood,occupation,actor,1872485,22,1114174,"[""El papu de zoey 101""]","[""actress"",""actors"",""actresses""]",http://www.wikidata.org/entity/Q559052,http://www.wikidata.org/entity/Q33999,Matthew Underwood (actor),Actor,161,81374,What is Matthew Underwood's occupation?,"[""actor"", ""actress"", ""actors"", ""actresses""]",Matthew Underwood is an American actor and model.,Matthew Underwood is a professional actor and model.,Matthew Underwood is a professional actor and model.,Matthew Underwood is a professional actor and model.,Matthew Underwood is a professional actor and model.,Matthew Underwood is a professional actor and model.,Matthew Underwood is an American actor and model.,Matthew Underwood is a television personality and model.,Matthew Underwood is an American actor and musician.,Matthew Underwood is a professional actor and model.,0,0,0,0,0,0,0,1,2,0,0.8,Matthew Underwood is an American actor and model.,CORRECT
11578,2540451,Niklas Stark,sport,association football,1097433,560,920845,[],"[""football"",""soccer""]",http://www.wikidata.org/entity/Q3341549,http://www.wikidata.org/entity/Q2736,Niklas Stark,Association football,1350,197767,What sport does Niklas Stark play?,"[""association football"", ""football"", ""soccer""]",Niklas Stark is a professional football (soccer) player.,Niklas Stark is a professional football (soccer) player.,Niklas Stark plays professional football (soccer).,Niklas Stark plays professional football (soccer).,Niklas Stark is a professional football (soccer) player.,Niklas Stark is a professional football (soccer) player.,Niklas Stark is a professional football (soccer) player.,Niklas Stark is a professional football (soccer) player.,Niklas Stark is a professional football (soccer) player.,Niklas Stark is a professional football (soccer) player.,0,0,0,0,0,0,0,0,0,0,1.0,Niklas Stark is a professional football (soccer) player.,CORRECT
3775,6533919,Peel en Maas,country,Netherlands,2932151,182,1825504,"[""Pie\u00ebl en Maas""]","[""Holland"",""the Netherlands"",""NL"",""NED"",""Nederland"",""nl"",""\ud83c\uddf3\ud83c\uddf1"",""Netherlands (after 1945)""]",http://www.wikidata.org/entity/Q9785,http://www.wikidata.org/entity/Q55,Peel en Maas,Netherlands,229,416350,In what country is Peel en Maas?,"[""Netherlands"", ""Holland"", ""the Netherlands"", ""NL"", ""NED"", ""Nederland"", ""nl"", ""🇳🇱"", ""Netherlands (after 1945)""]",The municipality of Peel en Maas is located in the Netherlands.,Peel en Maas is located in the Netherlands.,Peel en Maas is located in the Netherlands.,Peel en Maas is located in the Netherlands.,Peel en Maas is located in the Netherlands.,Peel en Maas is located in the Netherlands.,The municipality of Peel en Maas is located in the Netherlands.,Peel en Maas is located in the Netherlands.,Peel en Maas is in the Netherlands.,Peel en Maas is in the Netherlands.,0,0,0,0,0,0,0,0,0,0,1.0,The municipality of Peel en Maas is located in the Netherlands.,CORRECT
13916,5260515,Mengjiang,capital,Zhangjiakou,2333197,422,1973745,[],"[""Kalgan"",""Zhangjia kou"",""Khaalgan"",""Chuulalt Khaalga"",""Imiyangga Jase""]",http://www.wikidata.org/entity/Q697837,http://www.wikidata.org/entity/Q58650,Mengjiang,Zhangjiakou,9188,3947,What is the capital of Mengjiang?,"[""Zhangjiakou"", ""Kalgan"", ""Zhangjia kou"", ""Khaalgan"", ""Chuulalt Khaalga"", ""Imiyangga Jase""]",The capital of Mengjiang was Kalgan (present‑day Zhangjiakou).,The capital of Mengjiang was Kalgan (modern‑day Zhangjiakou).,The capital of Mengjiang was Kalgan (now known as Zhangjiakou).,The capital of Mengjiang was Hohhot.,The,The capital of Mengjiang was Kalgan (now Zhangjiakou).,Kalgan (present‑day Zhangjiakou).,The capital of Mengjiang was Kalgan (present‑day Zhangjiakou).,The capital of Mengjiang was Kalgan (present‑day Zhangjiakou).,The capital of Mengjiang was Kalgan (present‑day Zhangjiak,0,0,0,1,2,0,0,0,0,0,0.8,The capital of Mengjiang was Kalgan (present‑day Zhangjiakou).,CORRECT
6377,3677957,Champion,director,Rabi Kinagi,1597591,526,1565538,[],"[""Ravi Kinagi"",""Rabi Kinnagi""]",http://www.wikidata.org/entity/Q5069959,http://www.wikidata.org/entity/Q5010538,Champion (2003 film),Ravi Kinagi,1335,1103,Who was the director of Champion?,"[""Rabi Kinagi"", ""Ravi Kinagi"", ""Rabi Kinnagi""]",The director of *Champion* was Mark Robson.,The director of *Champion* was Mark Robson.,The director of *Champion* was Mark Robson.,The director of *Champion* was Mark Robson.,The director of *Champion* was Mark Robson.,The director of *Champion* was Mark Robson.,,,Mark Robson.,The director of *Champion* was Mark Robson.,0,0,0,0,0,0,1,1,0,0,0.8,The director of *Champion* was Mark Robson.,INCORRECT
568,4335578,Harold Reetz,place of birth,Watseka,1904408,218,1934121,[],"[""Watseka, Illinois""]",http://www.wikidata.org/entity/Q5662134,http://www.wikidata.org/entity/Q575268,Harold Reetz,"Watseka, Illinois",64,1264,In what city was Harold Reetz born?,"[""Watseka"", ""Watseka, Illinois""]","Harold Reetz was born in Mankato, Minnesota.","Harold Reetz was born in Grand Rapids, Michigan.","Harold Reetz was born in Milwaukee, Wisconsin.","Harold Reetz was born in Chicago, Illinois.","Harold Reetz was born in Fargo, North Dakota.","Harold Reetz was born in Grand Rapids, Michigan.","Harold Reetz was born in Chicago, Illinois.","Harold Reetz was born in Grand Rapids, Michigan.","Harold Reetz was born in Grand Rapids, Michigan.","Harold Reetz was born in Cleveland, Ohio.",0,1,2,3,4,1,3,1,1,5,0.4,"Harold Reetz was born in Grand Rapids, Michigan.",INCORRECT
4171,4788012,Come and Get It,producer,Paul McCartney,2105097,164,874634,"[""a fool and his money""]","[""Sir Paul McCartney"",""Macca"",""James Paul McCartney""]",http://www.wikidata.org/entity/Q632238,http://www.wikidata.org/entity/Q2599,Come and Get It (Badfinger song),Paul McCartney,4098,373862,Who was the producer of Come and Get It?,"[""Paul McCartney"", ""Sir Paul McCartney"", ""Macca"", ""James Paul McCartney""]",Samuel Goldwyn.,The producer of “Come and Get It” was Paul McCartney.,The producer of “Come and Get It” was Paul McCartney.,The producer of “Come and Get It” was Paul McCartney.,Paul McCartney.,Paul McCartney.,Paul McCartney.,Paul McCartney.,George Martin.,Paul McCartney.,0,1,1,1,1,1,1,1,2,1,0.8,The producer of “Come and Get It” was Paul McCartney.,CORRECT
3832,5901293,Tervola Radio and TV-Mast,country,Finland,2645315,182,1083907,[],"[""Republic of Finland"",""Finnia"",""Land of Thousand Lakes"",""fi"",""Suomi"",""Suomen tasavalta"",""Republiken Finland"",""\ud83c\uddeb\ud83c\uddee"",""FIN""]",http://www.wikidata.org/entity/Q7705364,http://www.wikidata.org/entity/Q33,Tervola Radio and TV-Mast,Finland,28,233709,In what country is Tervola Radio and TV-Mast?,"[""Finland"", ""Republic of Finland"", ""Finnia"", ""Land of Thousand Lakes"", ""fi"", ""Suomi"", ""Suomen tasavalta"", ""Republiken Finland"", ""🇫🇮"", ""FIN""]",Finland.,Finland.,Finland.,Finland.,Finland.,Finland.,Finland.,Finland.,Finland.,Finland.,0,0,0,0,0,0,0,0,0,0,1.0,Finland.,CORRECT
13182,4964803,Lighthouse,author,Eugenia Price,2189845,484,1547474,[],[],http://www.wikidata.org/entity/Q6546312,http://www.wikidata.org/entity/Q4973520,Lighthouse (novel),Eugenia Price,304,740,Who is the author of Lighthouse?,"[""Eugenia Price""]",,,,,,,,,,The author of *,0,0,0,0,0,0,0,0,0,1,0.9,,NOT_ATTEMPTED
5581,1277504,Homeland,producer,Lou Reed,569011,164,648091,[],"[""Lewis Allen Reed"",""Lewis Allan Reed""]",http://www.wikidata.org/entity/Q1770671,http://www.wikidata.org/entity/Q189080,Homeland (Laurie Anderson album),Lou Reed,620,191320,Who was the producer of Homeland?,"[""Lou Reed"", ""Lewis Allen Reed"", ""Lewis Allan Reed""]",The series Homeland was produced by Howard Gordon.,Howard Gordon was the producer of *Homeland*.,Howard Gordon was the producer of *Homeland*.,The series *Homeland* was produced by Howard Gordon.,The television series *Homeland* was produced by Alex Gansa.,The series *Homeland* was produced by Howard Gordon and Alex Gansa.,Alex Gansa.,The series Homeland was produced by Howard Gordon.,The television series *Homeland* was produced by Howard Gordon.,The series Homeland was produced by Howard Gordon.,0,0,0,0,1,0,1,0,0,0,0.8,The series Homeland was produced by Howard Gordon.,INCORRECT
10705,1131733,Take a Chance,composer,Nacio Herb Brown,497629,639,153739,[],"[""Ignacio \""Nacio\"" Herb Brown"",""Ignacio Herb Brown"",""Ignacio Herbert Brown""]",http://www.wikidata.org/entity/Q16985283,http://www.wikidata.org/entity/Q1282487,Take a Chance (musical),Nacio Herb Brown,201,1431,Who was the composer of Take a Chance?,"[""Nacio Herb Brown"", ""Ignacio \""Nacio\"" Herb Brown"", ""Ignacio Herb Brown"", ""Ignacio Herbert Brown"", ""Vincent Youmans"", ""Vincent Millie Youmans""]",,,,,,,,,,,0,0,0,0,0,0,0,0,0,0,1.0,,NOT_ATTEMPTED
988,529887,C. N. Annadurai,place of birth,Kanchipuram,216729,218,742856,"[""Conjeevaram Natarajan Annadurai"",""Anna"",""Arignar Anna""]","[""Kancheepuram""]",http://www.wikidata.org/entity/Q138765,http://www.wikidata.org/entity/Q212332,C. N. Annadurai,Kanchipuram,56779,15086,In what city was C. N. Annadurai born?,"[""Kanchipuram"", ""Kancheepuram""]","C. N. Annadurai was born in Kanchipuram, Tamil Nadu, India.","C. N. Annadurai was born in Kanchipuram, Tamil Nadu, India.","C. N. Annadurai was born in Kanchipuram, Tamil Nadu, India.","C. N. Annadurai was born in the city of Kanchipuram, Tamil Nadu, India.","C. N. Annadurai was born in Kanchipuram, Tamil Nadu, India.","He was born in the city of Kanchipuram, Tamil Nadu, India.","C. N. Annadurai was born in Kanchipuram, Tamil Nadu, India.","C. N. Annadurai was born in Kanchipuram, Tamil Nadu, India.","Kanchipuram, Tamil Nadu.","He was born in Kanchipuram, Tamil Nadu, India.",0,0,0,0,0,0,0,0,0,0,1.0,"C. N. Annadurai was born in Kanchipuram, Tamil Nadu, India.",CORRECT
12916,2334482,Eldest,author,Christopher Paolini,1018325,484,2901783,[],"[""Christopher James Paolini""]",http://www.wikidata.org/entity/Q308982,http://www.wikidata.org/entity/Q93620,Eldest,Christopher Paolini,4519,22177,Who is the author of Eldest?,"[""Christopher Paolini"", ""Christopher James Paolini""]",Christopher Paolini.,The author of *Eldest* is Christopher Paolini.,The author of *Eldest* is Christopher Paolini.,Christopher Paolini.,Christopher Paolini.,The author of *Eldest* is Christopher Paolini.,Christopher Paolini.,The author of *Eldest* is Christopher Paolini.,The author of *Eldest* is Christopher Paolini.,Christopher Paolini.,0,0,0,0,0,0,0,0,0,0,1.0,Christopher Paolini.,CORRECT
7515,2547109,Ready,director,Anees Bazmee,1100043,526,2180010,[],[],http://www.wikidata.org/entity/Q3351117,http://www.wikidata.org/entity/Q652149,Ready (2011 film),Anees Bazmee,17094,11247,Who was the director of Ready?,"[""Anees Bazmee""]",The film *Ready* was directed by Aneesh Sharma.,Anees Bazmee.,The director of Ready was Aneez Bazmee.,The director of *Ready* was Anees Bazmee.,The director of *Ready* was Anees Bazmee.,The director of *Ready* was Anees Bazmee.,The director of *Ready* was Anees Bazmee.,The director of *Ready* was Anees Bazmee.,Anees Bazmee.,The film *Ready* was directed by Anees Bazmee.,0,1,1,1,1,1,1,1,1,1,0.9,Anees Bazmee.,CORRECT
590,1411599,Marnus Labuschagne,place of birth,Klerksdorp,631343,218,6488,[],[],http://www.wikidata.org/entity/Q18637614,http://www.wikidata.org/entity/Q1015647,Marnus Labuschagne,Klerksdorp,9376,4505,In what city was Marnus Labuschagne born?,"[""Klerksdorp""]","Marnus Labuschagne was born in Kroonstad, South Africa.","Marnus Labuschagne was born in Klerksdorp, South Africa.","Marnus Labuschagne was born in Klerksdorp, South Africa.","Marnus Labuschagne was born in Klerksdorp, South Africa.","Marnus Labuschagne was born in Klerksdorp, South Africa.","Marnus Labuschagne was born in Klerksdorp, South Africa.","Marnus Labuschagne was born in Klerksdorp, South Africa.","Klerksdorp, South Africa.","Marnus Labuschagne was born in Klerksdorp, South Africa.","Marnus Labuschagne was born in Kroonstad, South Africa.",0,1,1,1,1,1,1,1,1,0,0.8,"Marnus Labuschagne was born in Klerksdorp, South Africa.",CORRECT
4265,4512754,Numbers,producer,Ridley Scott,1988553,164,1877257,"[""NUMB3RS""]","[""Sir Ridley Scott""]",http://www.wikidata.org/entity/Q5935,http://www.wikidata.org/entity/Q56005,Numbers (TV series),Ridley Scott,21570,306528,Who was the producer of Numbers?,"[""Tony Scott"", ""Anthony David Scott"", ""Anthony David Leighton Scott"", ""Ridley Scott"", ""Sir Ridley Scott""]",,,,,The series “Numbers” was produced by Cheryl Heuton.,,The series “Numbers” was produced by Howard Gordon.,The series Numbers was produced by Barry Schindel.,The series Numbers was produced by Kenneth,The series “Numbers” was produced by Nicolas Falacci.,0,0,0,0,1,0,2,3,4,5,0.5,,NOT_ATTEMPTED
12526,5548093,Reality Is What You Can Get Away With,author,Robert Anton Wilson,2472316,484,1036630,[],"[""Robert Edward Wilson""]",http://www.wikidata.org/entity/Q7301253,http://www.wikidata.org/entity/Q314215,Reality Is What You Can Get Away With,Robert Anton Wilson,209,12303,Who is the author of Reality Is What You Can Get Away With?,"[""Robert Anton Wilson"", ""Robert Edward Wilson""]",,,,,The author of *Reality Is What You Can Get Away With* is Stephen King.,,,,The author of “Reality Is What You Can Get Away With” is Stephen King.,,0,0,0,0,1,0,0,0,1,0,0.8,,NOT_ATTEMPTED
6284,280474,Il bandito dagli occhi azzurri,director,Alfredo Giannetti,113410,526,2928942,"[""Bandito dagli occhi azzurri""]",[],http://www.wikidata.org/entity/Q1192385,http://www.wikidata.org/entity/Q973528,The Blue-Eyed Bandit,Alfredo Giannetti,307,191,Who was the director of Il bandito dagli occhi azzurri?,"[""Alfredo Giannetti""]",,The director of *Il bandito dagli occhi azzurri* was Alessandro D'Alatri.,Giuseppe Vari.,,,The director of *Il bandito dagli occhi azzurri* was Alberto De,Michele Lupo.,,,The director of *Il bandito dagli occhi azzurri* was Giacomo Gentilomo.,0,1,2,0,0,3,4,0,0,5,0.5,,NOT_ATTEMPTED
6242,2440422,Pittsburgh,director,Lewis Seiler,1057908,526,1064678,[],[],http://www.wikidata.org/entity/Q3208990,http://www.wikidata.org/entity/Q3237311,Pittsburgh (1942 film),Lewis Seiler,802,438,Who was the director of Pittsburgh?,"[""Lewis Seiler""]",Henry Hathaway.,Leslie Fenton.,,The 1940 film *Pittsburgh* was directed by H. Bruce Humberstone.,Arthur Penn.,,,Henry King.,,Lewis Milestone.,0,1,2,3,4,2,2,5,2,6,0.4,,NOT_ATTEMPTED
7594,1274263,Lipstick,director,Lamont Johnson,567613,526,1505932,[],[],http://www.wikidata.org/entity/Q1768442,http://www.wikidata.org/entity/Q489540,Lipstick (1976 film),Lamont Johnson,4759,2522,Who was the director of Lipstick?,"[""Lamont Johnson""]",,The film *Lipstick* (1976) was directed by Lamont Johnson.,The director of *Lipstick* was Lamont Johnson.,Lamont Johnson.,The director of *Lipstick* was Joseph Ruben.,The 1976 film *Lipstick* was directed by Lamont Johnson.,The director of the film *Lipstick* (1976) was Lamont Johnson.,The director of *Lipstick* was Lamont Johnson.,The director of the film *Lipstick* was Lamont Johnson.,The director of the film *Lipstick* was Lamont Johnson.,0,1,1,1,2,1,1,1,1,1,0.8,The film *Lipstick* (1976) was directed by Lamont Johnson.,CORRECT
1736,5562198,Rest,genre,progressive rock,2478948,91,1533500,[],"[""prog-rock"",""prog"",""classical rock"",""symphonic rock"",""art rock"",""progressive pop"",""prog rock"",""Progressive Rock""]",http://www.wikidata.org/entity/Q7316035,http://www.wikidata.org/entity/Q49451,Rest (band),Progressive rock,105,66527,What genre is Rest?,"[""progressive rock"", ""prog-rock"", ""prog"", ""classical rock"", ""symphonic rock"", ""art rock"", ""progressive pop"", ""prog rock"", ""Progressive Rock""]",,Rest is a work of poetry.,Rest is a drama.,Rest is an indie‑rock/alternative,,,,Rest is a pop song.,,Rest is an ambient music genre.,0,1,2,3,0,0,0,4,0,5,0.5,,NOT_ATTEMPTED
8400,4565903,Ada,screenwriter,Arthur Sheekman,2013699,533,1456259,[],[],http://www.wikidata.org/entity/Q604678,http://www.wikidata.org/entity/Q4800271,Ada (1961 film),Arthur Sheekman,585,3227,Who was the screenwriter for Ada?,"[""Arthur Sheekman""]",,,,The screenwriter for Ada was William Rose.,,,,,,,0,0,0,1,0,0,0,0,0,0,0.9,,NOT_ATTEMPTED
6967,2933196,The Debt,director,Frank Powell,1256352,526,1689885,"[""Debt""]",[],http://www.wikidata.org/entity/Q3986556,http://www.wikidata.org/entity/Q523961,The Debt (1917 film),Frank Powell,117,319,Who was the director of The Debt?,"[""Frank Powell""]",The director of *The Debt* was John Madden.,The director of *The Debt* is John Madden.,John Madden.,The 2010 film *The Debt* was directed by John Madden.,The 2010 film *The Debt* was directed by John Madden.,John Madden.,John Madden.,John Madden.,John Madden.,John Madden.,0,0,0,0,0,0,0,0,0,0,1.0,The director of *The Debt* was John Madden.,INCORRECT
3762,612230,Buckskin Mountain State Park,country,United States of America,250726,182,988513,[],"[""the United States of America"",""America"",""U.S.A."",""USA"",""U.S."",""US"",""the US"",""the USA"",""US of A"",""the United States"",""U. S. A."",""U. S."",""the States"",""the U.S."",""'Merica"",""U.S"",""United States"",""'Murica""]",http://www.wikidata.org/entity/Q14680292,http://www.wikidata.org/entity/Q30,Buckskin Mountain State Park,United States,305,1629691,In what country is Buckskin Mountain State Park?,"[""United States of America"", ""the United States of America"", ""America"", ""U.S.A."", ""USA"", ""U.S."", ""US"", ""the US"", ""the USA"", ""US of A"", ""the United States"", ""U. S. A."", ""U. S."", ""the States"", ""the U.S."", ""'Merica"", ""U.S"", ""United States"", ""'Murica""]",Arizona.,"Buckskin Mountain State Park is located in Arizona, USA.","Buckskin Mountain State Park is located in the United States, specifically in Arizona.","Buckskin Mountain State Park is located in Arizona, USA.","Buckskin Mountain State Park is located in Arizona, USA.","Buckskin Mountain State Park is located in the United States, specifically in the state of Arizona.","Buckskin Mountain State Park is located in the United States, specifically in the state of Arizona.","Buckskin Mountain State Park is located in the United States, specifically in Arizona.","Buckskin Mountain State Park is located in the United States, specifically in Arizona.","Buckskin Mountain State Park is located in the United States, in the state of Arizona.",0,0,0,0,0,0,0,0,0,0,1.0,Arizona.,INCORRECT
9598,90682,A Prophet,screenwriter,Jacques Audiard,35169,533,1225371,"[""Prophet"",""Un proph\u00e8te"",""Un prophete""]",[],http://www.wikidata.org/entity/Q1061541,http://www.wikidata.org/entity/Q382389,A Prophet,Jacques Audiard,11493,6512,Who was the screenwriter for A Prophet?,"[""Jacques Audiard""]",The screenplay for A Prophet was written by Jacques Audiard together with Thomas Bidegain.,The screenplay for A Prophet was written by Jacques Audiard and Thomas Bidegain.,The screenplay for *A Prophet* was written by Jacques Audiard.,The screenplay for *A Prophet* was written by Jacques Audiard and Thomas Bidegain.,The screenplay for A Prophet was written by Jacques Audiard and Thomas Bidegain.,The screenplay for *A Prophet* was written by Jacques Audiard and Thomas Bidegain.,The screenplay for *A Prophet* was written by Jacques Audiard and Thomas Bidegain.,The screenplay for *A Prophet* was written by Jacques Audiard and Thomas Bidegain.,The screenplay for *A Prophet* was written by Jacques Audiard and Thomas Bidegain.,The screenplay for *A Prophet* was written by Jacques Audiard (with co‑writer Thomas Bidegain,0,0,0,0,0,0,0,0,0,0,1.0,The screenplay for A Prophet was written by Jacques Audiard together with Thomas Bidegain.,INCORRECT
5206,1033941,Water,producer,Ian La Frenais,441790,164,2000719,[],[],http://www.wikidata.org/entity/Q166554,http://www.wikidata.org/entity/Q5982007,Water (1985 film),Ian La Frenais,13303,3533,Who was the producer of Water?,"[""Ian La Frenais""]",,,,,The producer of the film *Water* was Deepa Mehta.,The film *Water,,,,,0,0,0,0,1,1,0,0,0,0,0.8,,NOT_ATTEMPTED
4904,6289639,South of Heaven,producer,Slayer,2838213,164,165582,[],[],http://www.wikidata.org/entity/Q835764,http://www.wikidata.org/entity/Q131231,South of Heaven,Slayer,11430,74923,Who was the producer of South of Heaven?,"[""Slayer""]","The album *South of Heaven* was produced by Rick Rubin, with the band Slayer co‑producing.",The producer of Slayer’s album *South of Heaven* was Rick Rubin.,The album *South of Heaven* was produced by Rick Rubin in collaboration with Slayer.,Rick Rubin.,Rick Rubin.,The album *South of Heaven* was produced by Rick Rubin and the band Slayer.,Rick Rubin.,Rick Rubin.,,Rick Rubin was the producer of *South of Heaven*.,0,0,0,0,0,0,0,0,1,0,0.9,"The album *South of Heaven* was produced by Rick Rubin, with the band Slayer co‑producing.",INCORRECT
9533,442338,Emma,screenwriter,Sandy Welch,179621,533,1136281,[],[],http://www.wikidata.org/entity/Q1337993,http://www.wikidata.org/entity/Q3472122,Emma (2009 TV serial),Sandy Welch,7218,713,Who was the screenwriter for Emma?,"[""Sandy Welch""]",,The screenwriter for *Emma* was Eleanor Catton.,The screenwriter for *Emma* was Douglas McGrath.,The screenwriter for *Emma* was Douglas Livingstone.,The screenplay for *Emma* was written by Eleanor Catton.,The screenwriter for *Emma* was Eleanor Catton.,The screenplay for *Emma* was written by Eleanor Coppola.,The screenwriter for *Emma* was Eleanor Catton.,The screenwriter for the 1996 film *Emma* was Julian Fellowes.,The screenwriter for *Emma* was Eleanor Catton.,0,1,2,3,1,1,4,1,5,1,0.5,The screenwriter for *Emma* was Eleanor Catton.,INCORRECT
43,1917994,Sarah Dawn Finer,occupation,songwriter,842627,22,2577376,[],"[""song writer""]",http://www.wikidata.org/entity/Q248592,http://www.wikidata.org/entity/Q753110,Sarah Dawn Finer,Songwriter,766,25550,What is Sarah Dawn Finer's occupation?,"[""actor"", ""actress"", ""actors"", ""actresses"", ""songwriter"", ""song writer""]","Sarah Dawn Finer is a Swedish singer, songwriter, and actress.","Sarah Dawn Finer is a Swedish singer, songwriter, and actress.","Sarah Dawn Finer is a Swedish singer, songwriter and actress.","Sarah Dawn Finer is a Swedish singer‑songwriter, actress, and television presenter.","Sarah Dawn Finer is a Swedish singer, songwriter and actress.","Sarah Dawn Finer is a Swedish singer, songwriter, actress, and television presenter.","Sarah Dawn Finer is a Swedish singer, songwriter, actress, and television presenter.","Sarah Dawn Finer is a Swedish singer, songwriter, and actress.","Sarah Dawn Finer is a Swedish singer, songwriter and actress.",Sarah Dawn Finer is a Swedish singer.,0,0,0,0,0,0,0,0,0,0,1.0,"Sarah Dawn Finer is a Swedish singer, songwriter, and actress.",CORRECT
3299,3802874,Cornelis Bloemaert,father,Abraham Bloemaert,1657475,257,1083086,"[""Cornelis Bloemaert II"",""Cornelis, II Bloemaert"",""Cornelis, the younger Bloemaert"",""Corn. Bloemart"",""Cornelis Bloemaart"",""Cornelis II Bloemaert"",""Cornelius Bloemaert"",""Cornelius Bloemart"",""Cornelis Bloemaert (II)"",""Winter"",""Cor. Blomaert"",""corn. blomaert"",""Corneille Blomart"",""Cornelio Bauri"",""C. Bloemaert"",""cornelis bloemaert"",""C. Bloemart"",""Bloemaert Corneille""]","[""Abraham Bloemaart"",""Abraham Blumard"",""Abraham Blomert"",""Abraham Bloemmert"",""Abraham Blomart"",""Abraham Van Bloemart"",""Abraham Blommert den Ouden"",""Abraham Blomaert"",""Abraham Bloemart"",""Abraham Blommaert den Ouden"",""Ab. Blomart"",""Abraham Blommert"",""Abrm Bloemart"",""A. Blomart"",""Abraham Bloemar"",""Abraham Bloemert"",""A. Blomard"",""Abraham Bloamert"",""Blomaert"",""Blomarte"",""A Bloemart"",""Bloemart. A."",""Blommaert"",""Abrahame Bloemart"",""A. Bloemaert"",""A. Bloemaers"",""A. Bloem\u00e6rt"",""Blomcart"",""Blomardt"",""A. Bloemmart"",""Bloemant"",""Abraham Bloemaere"",""Blommouth"",""arblomar"",""A. Blomert"",""Abr. Bloemhart"",""Blo\u00ebmaert"",""Blommer"",""Abr. Blomart"",""Abr. Bloemart"",""Bloemaers"",""Bloemmert"",""Bloemaert"",""Abr. Blomard"",""abraham van bloemaert"",""Bloemars"",""Abraham Blomhardt"",""Braham Bloemaert"",""A. Blommert"",""A. Bloomart"",""Blo\u00ebmart"",""Bloomart"",""Abrah. Blomard"",""a. blomaert"",""abraham blomaert"",""Abraham Blummard"",""Blovemart"",""bloemaert abraham"",""A. Bloemmaert"",""A. Bloemaard"",""den ouden Blommert"",""Abraham Blomaer"",""A. Bloemaart"",""Abrah. Bloemaert"",""de Blomaert"",""Bloemmaert"",""Abraham Blommaerts"",""Ab. Blomaert"",""Abrah. Blomaert"",""Bloemart"",""A. Blomhaert"",""A. Blommaer"",""blommart"",""Abraham Blommart"",""Abramo Bloemart"",""A. Blomaert"",""Bloema\u00ebrt"",""Abm. Bloemart"",""Abrah. Bloemert"",""Bolemaert"",""abraham bloemart"",""Blomeart"",""Adam Blo\u00e9maert"",""Abraham Bloemarth"",""Abraham von Bloemaet"",""Bloemaart"",""Blo\u00e9mard"",""Blomant"",""A. Blommaert"",""a. bloemart"",""Abrah. Bl\u00f6mart"",""Abraham van Bloemaert"",""Arraham Bloemaert"",""Ab. Bloemaert"",""Abr. Bloemaert"",""abr. bloemaert"",""Ab. Bloemart"",""Abraham Blommaert"",""Blomert"",""Blomaerts"",""A. Bloemar"",""A. Bloemarh"",""den ouden Blommaert"",""Blommert"",""Bloomant"",""Abr. Blomardt"",""A. Bloomaert"",""Blomart"",""A. Bloemart"",""Abrah. Bloemaart"",""Abraham Bommaert"",""Abr. Blomaert"",""A. Bloem\u00e4art"",""Bloemarert"",""Bloumart"",""Blumard"",""Abraham Blomeart"",""Abraham Bloemaat"",""an blomar"",""Bloemar"",""A. Bloemert"",""Van Bloemart"",""Blomard""]",http://www.wikidata.org/entity/Q518767,http://www.wikidata.org/entity/Q329811,Cornelis Bloemaert,Abraham Bloemaert,184,900,Who is the father of Cornelis Bloemaert?,"[""Abraham Bloemaert"", ""Abraham Bloemaart"", ""Abraham Blumard"", ""Abraham Blomert"", ""Abraham Bloemmert"", ""Abraham Blomart"", ""Abraham Van Bloemart"", ""Abraham Blommert den Ouden"", ""Abraham Blomaert"", ""Abraham Bloemart"", ""Abraham Blommaert den Ouden"", ""Ab. Blomart"", ""Abraham Blommert"", ""Abrm Bloemart"", ""A. Blomart"", ""Abraham Bloemar"", ""Abraham Bloemert"", ""A. Blomard"", ""Abraham Bloamert"", ""Blomaert"", ""Blomarte"", ""A Bloemart"", ""Bloemart. A."", ""Blommaert"", ""Abrahame Bloemart"", ""A. Bloemaert"", ""A. Bloemaers"", ""A. Bloemært"", ""Blomcart"", ""Blomardt"", ""A. Bloemmart"", ""Bloemant"", ""Abraham Bloemaere"", ""Blommouth"", ""arblomar"", ""A. Blomert"", ""Abr. Bloemhart"", ""Bloëmaert"", ""Blommer"", ""Abr. Blomart"", ""Abr. Bloemart"", ""Bloemaers"", ""Bloemmert"", ""Bloemaert"", ""Abr. Blomard"", ""abraham van bloemaert"", ""Bloemars"", ""Abraham Blomhardt"", ""Braham Bloemaert"", ""A. Blommert"", ""A. Bloomart"", ""Bloëmart"", ""Bloomart"", ""Abrah. Blomard"", ""a. blomaert"", ""abraham blomaert"", ""Abraham Blummard"", ""Blovemart"", ""bloemaert abraham"", ""A. Bloemmaert"", ""A. Bloemaard"", ""den ouden Blommert"", ""Abraham Blomaer"", ""A. Bloemaart"", ""Abrah. Bloemaert"", ""de Blomaert"", ""Bloemmaert"", ""Abraham Blommaerts"", ""Ab. Blomaert"", ""Abrah. Blomaert"", ""Bloemart"", ""A. Blomhaert"", ""A. Blommaer"", ""blommart"", ""Abraham Blommart"", ""Abramo Bloemart"", ""A. Blomaert"", ""Bloemaërt"", ""Abm. Bloemart"", ""Abrah. Bloemert"", ""Bolemaert"", ""abraham bloemart"", ""Blomeart"", ""Adam Bloémaert"", ""Abraham Bloemarth"", ""Abraham von Bloemaet"", ""Bloemaart"", ""Bloémard"", ""Blomant"", ""A. Blommaert"", ""a. bloemart"", ""Abrah. Blömart"", ""Abraham van Bloemaert"", ""Arraham Bloemaert"", ""Ab. Bloemaert"", ""Abr. Bloemaert"", ""abr. bloemaert"", ""Ab. Bloemart"", ""Abraham Blommaert"", ""Blomert"", ""Blomaerts"", ""A. Bloemar"", ""A. Bloemarh"", ""den ouden Blommaert"", ""Blommert"", ""Bloomant"", ""Abr. Blomardt"", ""A. Bloomaert"", ""Blomart"", ""A. Bloemart"", ""Abrah. Bloemaart"", ""Abraham Bommaert"", ""Abr. Blomaert"", ""A. Bloemäart"", ""Bloemarert"", ""Bloumart"", ""Blumard"", ""Abraham Blomeart"", ""Abraham Bloemaat"", ""an blomar"", ""Bloemar"", ""A. Bloemert"", ""Van Bloemart"", ""Blomard""]",Abraham Bloemaert.,Abraham Bloemaert.,Abraham Bloemaert.,Abraham Bloemaert.,Abraham Bloemaert.,Abraham Bloemaert.,Cornelis Bloemaert's father was the Dutch painter and engraver Abraham Bloemaert.,Cornelis Bloemaert’s father was the Dutch painter Abraham Bloemaert.,Abraham Bloemaert.,Abraham Bloemaert.,0,0,0,0,0,0,0,0,0,0,1.0,Abraham Bloemaert.,CORRECT
7801,1853188,Brussels Capital Region,capital of,European Economic Community,815434,97,1713642,"[""Brussels Region"",""Brussels"",""BE-BRU"",""Bruxelles-Capitale"",""BXL"",""20e"",""04000"",""BHG"",""Brussel"",""Brussels Gewest"",""Bruxelles"",""Brussel-Hoofdstad"",""R\u00e9gion Bruxellois"",""Brussels-Capital Region""]","[""EEC"",""Common Market"",""European Community""]",http://www.wikidata.org/entity/Q240,http://www.wikidata.org/entity/Q52847,Brussels,European Economic Community,76663,24309,What is Brussels Capital Region the capital of?,"[""Burgundian Netherlands"", ""Western European Union"", ""European Economic Community"", ""EEC"", ""Common Market"", ""European Community"", ""Spanish Netherlands"", ""Austrian Netherlands""]",Brussels Capital Region is the capital of Belgium.,Brussels Capital Region is the capital of Belgium.,Brussels Capital Region is the capital of Belgium.,Brussels Capital Region is the capital of Belgium.,Brussels Capital Region is the capital of Belgium.,Brussels Capital Region is the capital of Belgium.,Brussels Capital Region is the capital of Belgium.,Brussels Capital Region is the capital of Belgium.,Brussels Capital Region is the capital of Belgium.,Brussels Capital Region is the capital of Belgium.,0,0,0,0,0,0,0,0,0,0,1.0,Brussels Capital Region is the capital of Belgium.,INCORRECT
6742,5777650,Small Town,director,Thomas Schlamme,2581039,526,1021153,[],"[""Thomas David Schlamme""]",http://www.wikidata.org/entity/Q7542934,http://www.wikidata.org/entity/Q3099573,Small Town (Sports Night),Thomas Schlamme,157,4465,Who was the director of Small Town?,"[""Thomas Schlamme"", ""Thomas David Schlamme""]",Jeff Bleckner.,,,The director of *Small Town* was Jeff,Christopher Harrington,The director of *Small Town* was Robert Allan Ackerman.,,The director of *Small Town* is Christopher C.,,,0,1,1,2,3,4,1,5,1,1,0.5,,NOT_ATTEMPTED
6509,6395866,The Supplement,director,Krzysztof Zanussi,2880525,526,1833735,"[""Supplement""]","[""Krzysztof Pius Zanussi""]",http://www.wikidata.org/entity/Q9076456,http://www.wikidata.org/entity/Q55169,The Supplement,Krzysztof Zanussi,179,1616,Who was the director of The Supplement?,"[""Krzysztof Zanussi"", ""Krzysztof Pius Zanussi""]",,The director of *The Supplement* was Michael Glover Smith,,,The director of *The Supplement* is William Grierson,,,,,,0,1,0,0,2,0,0,0,0,0,0.8,,NOT_ATTEMPTED
6737,2858626,The Barrier,director,Lesley Selander,1225031,526,583993,"[""Barrier""]",[],http://www.wikidata.org/entity/Q3822600,http://www.wikidata.org/entity/Q1804597,The Barrier (1937 film),Lesley Selander,98,653,Who was the director of The Barrier?,"[""Lesley Selander""]",,,Edgar Lewis directed the 1917 silent film *The Barrier,,,,,Edgar Lewis.,,,0,0,1,0,0,0,0,1,0,0,0.8,,NOT_ATTEMPTED
13523,6503630,Eadburh,mother,Cynethryth,2920972,292,914702,"[""Eadburg""]",[],http://www.wikidata.org/entity/Q962190,http://www.wikidata.org/entity/Q271786,Eadburh,Cynethryth,1010,1483,Who is the mother of Eadburh?,"[""Cynethryth""]",Cynethryth.,Cynethryth.,,,C,Cynethryth.,Cynethryth.,Cynethryth.,,Cynethryth.,0,0,1,1,1,0,0,0,1,0,0.6,Cynethryth.,CORRECT
11215,1175807,José Cardoso Sobrinho,religion,Catholic Church,522758,106,2918816,"[""Jose Cardoso Sobrinho""]","[""Roman Catholic Church"",""Church"",""Roman Apostolic Catholic Church""]",http://www.wikidata.org/entity/Q1709077,http://www.wikidata.org/entity/Q9592,José Cardoso Sobrinho,Catholic Church,228,195995,What is the religion of José Cardoso Sobrinho?,"[""Catholic Church"", ""Roman Catholic Church"", ""Church"", ""Roman Apostolic Catholic Church""]",Roman Catholic.,Roman Catholic.,Roman Catholic.,José Cardoso Sobrinho is a Roman Catholic.,Roman Catholic.,José Cardoso Sobrinho is a Roman Catholic.,His religion is Roman Catholicism.,José Cardoso Sobrinho is a Roman Catholic.,José Cardoso Sobrinho is a Roman Catholic.,José Cardoso Sobrinho is a Roman Catholic.,0,0,0,0,0,0,0,0,0,0,1.0,Roman Catholic.,CORRECT
4647,6284805,The Hurricane,producer,Norman Jewison,2836287,164,1019022,"[""Hurricane""]",[],http://www.wikidata.org/entity/Q832732,http://www.wikidata.org/entity/Q309214,The Hurricane (1999 film),Norman Jewison,14419,12160,Who was the producer of The Hurricane?,"[""Norman Jewison"", ""Armyan Bernstein""]",The Hurricane was produced by Brian Grazer.,Brian Grazer.,,The film The Hurricane,,Brian Grazer.,The Hurricane was produced by Lawrence Gordon.,,,Brian Grazer.,0,0,1,0,1,0,2,1,1,0,0.5,The Hurricane was produced by Brian Grazer.,INCORRECT
1633,236734,The Birds,genre,Old Comedy,95625,91,77008,"[""Birds""]",[],http://www.wikidata.org/entity/Q1164079,http://www.wikidata.org/entity/Q1132537,The Birds (play),Old Comedy,5956,1351,What genre is The Birds?,"[""Old Comedy""]",The Birds is a horror film.,The Birds is a horror film.,The Birds is a horror‑thriller film.,The Birds is a horror thriller film.,The Birds is a horror film.,The Birds is a horror film.,The Birds is a horror film.,The Birds is a horror‑thriller film.,The Birds is classified as a horror (specifically psychological horror) film.,The Birds is a horror film.,0,0,0,0,0,0,0,0,0,0,1.0,The Birds is a horror film.,INCORRECT
4736,2456257,The Fighter,producer,Mark Wahlberg,1063919,164,429172,"[""Fighter""]","[""Marky Mark"",""Mark Robert"",""Michael Wahlberg"",""Mark Robert Michael Wahlberg""]",http://www.wikidata.org/entity/Q323472,http://www.wikidata.org/entity/Q164119,The Fighter,Mark Wahlberg,33107,350988,Who was the producer of The Fighter?,"[""Mark Wahlberg"", ""Marky Mark"", ""Mark Robert"", ""Michael Wahlberg"", ""Mark Robert Michael Wahlberg""]",The film,,,,Robert De,,David,,,The film *The Fighter* was produced by Brian Kavanaugh‑,0,1,1,1,1,1,1,1,1,2,0.8,,NOT_ATTEMPTED
3947,1404597,Fox News,country,United States of America,628213,182,988513,"[""FNC"",""foxnews.com"",""FoxNews"",""Fox News Channel""]","[""the United States of America"",""America"",""U.S.A."",""USA"",""U.S."",""US"",""the US"",""the USA"",""US of A"",""the United States"",""U. S. A."",""U. S."",""the States"",""the U.S."",""'Merica"",""U.S"",""United States"",""'Murica""]",http://www.wikidata.org/entity/Q186068,http://www.wikidata.org/entity/Q30,Fox News,United States,106131,1629691,In what country is Fox News?,"[""United States of America"", ""the United States of America"", ""America"", ""U.S.A."", ""USA"", ""U.S."", ""US"", ""the US"", ""the USA"", ""US of A"", ""the United States"", ""U. S. A."", ""U. S."", ""the States"", ""the U.S."", ""'Merica"", ""U.S"", ""United States"", ""'Murica""]",United States.,Fox News is based in the United States.,Fox News is based in the United States.,United States.,Fox News is based in the United States.,United States.,Fox News is based in the United States.,Fox News is headquartered and operates in the United States.,United States.,The United States.,0,0,0,0,0,0,0,0,0,0,1.0,United States.,CORRECT
11954,6147968,Watchers at the Strait Gate,author,Russell Kirk,2770778,484,343466,[],"[""Russell Amos Kirk""]",http://www.wikidata.org/entity/Q7973124,http://www.wikidata.org/entity/Q158997,Watchers at the Strait Gate,Russell Kirk,84,6817,Who is the author of Watchers at the Strait Gate?,"[""Russell Kirk"", ""Russell Amos Kirk""]",,,The author of *Watchers at the Strait Gate* is **Dorothy L. Sayers**.,The author of *Watchers at the Strait Gate* is **Arthur C. Clarke**.,The author of **“Watchers at the Strait Gate”** is **Robert E. Howard**.,,William Hope Hodgson.,,,,0,0,1,2,3,0,4,0,0,0,0.6,,NOT_ATTEMPTED
4469,2453984,About Face,producer,Bob Ezrin,1062996,164,1043796,[],"[""Robert Alan Ezrin"",""00042476488 IPI"",""00042476586 IPI""]",http://www.wikidata.org/entity/Q323128,http://www.wikidata.org/entity/Q316850,About Face (album),Bob Ezrin,3582,9419,Who was the producer of About Face?,"[""Bob Ezrin"", ""Robert Alan Ezrin"", ""00042476488 IPI"", ""00042476586 IPI""]",,,The producer of *About Face* was Paul Junger Witt.,,The producer of *About Face*,,,The producer of *,The producer of *About Face* was Michael R. Phillips.,The producer of *About Face* was Mark T. Williams.,0,0,1,0,1,0,0,1,2,3,0.5,,NOT_ATTEMPTED
9668,539283,Fall,screenwriter,Eric Schaeffer,220267,533,191103,[],[],http://www.wikidata.org/entity/Q1394424,http://www.wikidata.org/entity/Q1351612,Fall (1997 film),Eric Schaeffer,917,1090,Who was the screenwriter for Fall?,"[""Eric Schaeffer""]",Taylor Gallagher.,The screenwriter for *Fall* was Scott Poole.,,The screenwriter for *Fall* was Scott Schirmer.,,The screenwriter for *Fall* was Mattias Håkansson.,The screenwriter for *Fall* was Kim Taylor.,The film *Fall* was written by screenwriter Scott Mann.,The screenwriter for *Fall* was Scott Schirmer.,The screenwriter for *Fall* was Scott Schirmer.,0,1,2,3,2,4,5,6,3,3,0.3,The screenwriter for *Fall* was Scott Schirmer.,INCORRECT
9111,2912893,Tine,screenwriter,Knud Leif Thomsen,1248011,533,1291896,[],[],http://www.wikidata.org/entity/Q392960,http://www.wikidata.org/entity/Q426241,Tine (film),Knud Leif Thomsen,99,145,Who was the screenwriter for Tine?,"[""Knud Leif Thomsen""]",,,Alf Pr,,Jeroen Leijten.,The screenwriter for *Tine* was Tancred Ibs,,,The screenplay for the film,The screenplay for Tine was written,0,0,1,0,2,3,0,0,4,4,0.5,,NOT_ATTEMPTED
4732,1305068,The Best Day,producer,Thurston Moore,580294,164,1590278,[],"[""Thurston Joseph Moore""]",http://www.wikidata.org/entity/Q17985862,http://www.wikidata.org/entity/Q505677,The Best Day (Thurston Moore album),Thurston Moore,381,16426,Who was the producer of The Best Day?,"[""Thurston Moore"", ""Thurston Joseph Moore""]",,The producer of “The Best Day” was Nathan Chapman.,,Nathan Chapman.,The song “The Best Day” was produced by Taylor Swift and Nathan Chapman.,The song “The Best Day” was produced by Nathan Chapman (with co‑production credit to Taylor Swift).,Nathan Chapman.,,The producer of “The Best Day” was Nathan Chapman (co‑produced with Taylor Swift).,The song “The Best Day” was produced by Nathan,0,1,0,1,1,1,1,0,1,1,0.7,The producer of “The Best Day” was Nathan Chapman.,INCORRECT
11363,3051449,Ignacy Tokarczuk,religion,Catholic Church,1304535,106,2918816,[],"[""Roman Catholic Church"",""Church"",""Roman Apostolic Catholic Church""]",http://www.wikidata.org/entity/Q435254,http://www.wikidata.org/entity/Q9592,Ignacy Tokarczuk,Catholic Church,67,195995,What is the religion of Ignacy Tokarczuk?,"[""Catholic Church"", ""Roman Catholic Church"", ""Church"", ""Roman Apostolic Catholic Church""]",Ignacy Tokarczuk was a Roman Catholic.,Ignacy Tokarczuk was Roman Catholic.,Roman Catholic.,Ignacy Tokarczuk was a Roman Catholic.,Ignacy Tokarczuk was Roman Catholic.,Ignacy Tokarczuk was a Roman Catholic.,Ignacy Tokarczuk was a Roman Catholic.,Ignacy Tokarczuk is Roman Catholic.,Roman Catholic.,Ignacy Tokarczuk was a Roman Catholic.,0,0,0,0,0,0,0,0,0,0,1.0,Ignacy Tokarczuk was a Roman Catholic.,CORRECT
11168,1021937,Saint Patrick,religion,Celtic Christianity,436897,106,141876,"[""Patricius"",""Magonus"",""Succetus"",""St. Patrick"",""St Patrick"",""Patrick"",""Apostle of Ireland"",""Enlightener of Ireland"",""Maewyn Succat"",""Cothirthiacus""]","[""Celtic Church"",""Insular Christianity""]",http://www.wikidata.org/entity/Q165479,http://www.wikidata.org/entity/Q1258552,Saint Patrick,Celtic Christianity,43319,12958,What is the religion of Saint Patrick?,"[""Celtic Christianity"", ""Celtic Church"", ""Insular Christianity"", ""Christianity"", ""Christian faith""]","Saint Patrick was a Christian, traditionally recognized as a Roman Catholic saint.","Saint Patrick was a Christian, specifically a Roman Catholic saint.","Saint Patrick was a Christian, specifically a Roman Catholic missionary and bishop.","Saint Patrick was a Christian, specifically a Roman Catholic saint.","Saint Patrick was a Christian missionary, traditionally regarded as a Catholic saint.","Saint Patrick was a Christian, specifically a Roman Catholic saint.","Saint Patrick was a Christian missionary, traditionally recognized as a Roman Catholic saint.","Saint Patrick was a Christian, specifically a Roman Catholic saint.",Saint Patrick was a Christian (a Roman‑Catholic) missionary.,Saint Patrick was a Christian (specifically a Roman Catholic) saint.,0,0,0,0,1,0,1,0,1,1,0.6,"Saint Patrick was a Christian, traditionally recognized as a Roman Catholic saint.",CORRECT
3655,4293068,1999 Guatemalan general election,country,Guatemala,1883263,182,2661121,"[""Guatemalan general election, 1999""]","[""gt"",""\ud83c\uddec\ud83c\uddf9"",""Republic of Guatemala"",""GUA""]",http://www.wikidata.org/entity/Q5614290,http://www.wikidata.org/entity/Q774,1999 Guatemalan general election,Guatemala,297,107674,In what country is 1999 Guatemalan general election?,"[""Guatemala"", ""gt"", ""🇬🇹"", ""Republic of Guatemala"", ""GUA""]",Guatemala.,Guatemala.,Guatemala.,The 1999 Guatemalan general election was held in Guatemala.,Guatemala.,Guatemala.,Guatemala.,Guatemala.,Guatemala.,Guatemala.,0,0,0,0,0,0,0,0,0,0,1.0,Guatemala.,CORRECT
13944,907670,Province of Cremona,capital,Cremona,385643,422,2072985,"[""Cremona province"",""provincia di Cremona""]",[],http://www.wikidata.org/entity/Q16163,http://www.wikidata.org/entity/Q6231,Province of Cremona,Cremona,880,8741,What is the capital of Province of Cremona?,"[""Cremona""]",Cremona.,The capital of the Province of Cremona is the city of Cremona.,Cremona.,Cremona.,Cremona.,Cremona.,Cremona.,Cremona.,The capital of the Province of Cremona is the city of Cremona.,Cremona.,0,0,0,0,0,0,0,0,0,0,1.0,Cremona.,CORRECT
1569,509657,Love Story,genre,romance novel,209139,91,2852268,[],[],http://www.wikidata.org/entity/Q1373645,http://www.wikidata.org/entity/Q858330,Love Story (novel),Romance novel,6638,26638,What genre is Love Story?,"[""romance novel""]",Love Story is a romance.,Romance.,Romantic drama.,Love Story is a romantic drama.,Romance.,Love Story is a romantic drama.,Love Story is a romantic drama.,Love Story is a romantic drama.,Romance.,Love Story is a romance genre work.,0,0,0,0,0,0,0,0,0,0,1.0,Love Story is a romance.,CORRECT
4300,6003967,Together,producer,Wes Craven,2696319,164,772368,[],"[""Wesley Earl Craven""]",http://www.wikidata.org/entity/Q7813060,http://www.wikidata.org/entity/Q223992,Together (1971 film),Wes Craven,9033,251766,Who was the producer of Together?,"[""Wes Craven"", ""Wesley Earl Craven""]",,,The producer of *Together* was James Crouch.,,,Kate Glover.,,,Robert St,,0,0,1,0,0,2,0,0,3,0,0.7,,NOT_ATTEMPTED
11116,4092101,Father Jean Bernard,religion,Catholic Church,1790852,106,2918816,[],"[""Roman Catholic Church"",""Church"",""Roman Apostolic Catholic Church""]",http://www.wikidata.org/entity/Q543452,http://www.wikidata.org/entity/Q9592,Father Jean Bernard,Catholic Church,282,195995,What is the religion of Father Jean Bernard?,"[""Catholic Church"", ""Roman Catholic Church"", ""Church"", ""Roman Apostolic Catholic Church""]",Father Jean Bernard was a Roman Catholic.,Father Jean Bernard was a Roman Catholic.,Father Jean Bernard was a Roman Catholic priest.,Father Jean Bernard was a Roman Catholic.,Father Jean Bernard was a Roman Catholic.,Father Jean Bernard was a Roman Catholic priest.,Father Jean Bernard was a Roman Catholic.,Father Jean Bernard was a Roman Catholic priest.,Father Jean Bernard was a Catholic priest.,Father Jean Bernard was a Roman Catholic priest.,0,0,0,0,0,0,0,0,0,0,1.0,Father Jean Bernard was a Roman Catholic.,CORRECT
10605,2056028,Mass,composer,Igor Stravinsky,900704,639,2478295,[],"[""Igor Fyodorovich Stravinsky"",""Stravinsky"",""Igor Strawinski"",""Igor Strawinsky"",""Igor Stravinskii"",""Igor Feodorovich Stravinsky"",""Jgor Strawinsky"",""Igor Strawinskij"",""Igor Stravinski"",""Igor Fedorovich Stravinsky"",""I. Strawinsky""]",http://www.wikidata.org/entity/Q2675986,http://www.wikidata.org/entity/Q7314,Mass (Stravinsky),Igor Stravinsky,386,42745,Who was the composer of Mass?,"[""Igor Stravinsky"", ""Igor Fyodorovich Stravinsky"", ""Stravinsky"", ""Igor Strawinski"", ""Igor Strawinsky"", ""Igor Stravinskii"", ""Igor Feodorovich Stravinsky"", ""Jgor Strawinsky"", ""Igor Strawinskij"", ""Igor Stravinski"", ""Igor Fedorovich Stravinsky"", ""I. Strawinsky""]",Leonard Bernstein.,The composer of the renowned Mass (the *Mass in B minor*) was Johann Sebastian,Leonard Bernstein.,Leonard Bernstein.,Leonard Bernstein.,The composer of the musical,Leon,Johann Sebastian Bach composed the renowned “Mass in B minor.”,The composer of *Mass* is Leonard Bernstein.,Leonard Bernstein.,0,1,0,0,0,2,3,2,0,0,0.6,Leonard Bernstein.,INCORRECT
2923,2963470,Æthelburh of Wilton,father,Ealhmund of Kent,1269229,257,2461116,[],[],http://www.wikidata.org/entity/Q4063418,http://www.wikidata.org/entity/Q728177,Æthelburh of Wilton,Ealhmund of Kent,326,3976,Who is the father of Æthelburh of Wilton?,"[""Ealhmund of Kent""]",,,King Ine of Wessex.,,,,,,,,0,0,1,0,0,0,0,0,0,0,0.9,,NOT_ATTEMPTED
13366,2029081,Easter,author,August Strindberg,889155,484,2653532,[],"[""Johan August Strindberg"",""A. S\u1e6drindberg"",""Augusts Strindbergs"",""August Johan Strindberg"",""Sutorintoberuku""]",http://www.wikidata.org/entity/Q263929,http://www.wikidata.org/entity/Q7724,Easter (play),August Strindberg,178,11532,Who is the author of Easter?,"[""August Strindberg"", ""Johan August Strindberg"", ""A. Sṭrindberg"", ""Augusts Strindbergs"", ""August Johan Strindberg"", ""Sutorintoberuku""]",John Updike.,,,,The author of *Easter* is John,,,,,,0,1,1,1,2,1,1,1,1,1,0.8,,NOT_ATTEMPTED
4013,21770,Givron,country,France,9177,182,230035,[],"[""fr"",""FR"",""R\u00e9publique fran\u00e7aise"",""La France"",""Republic of France"",""French Republic"",""FRA"",""the Hexagon""]",http://www.wikidata.org/entity/Q1021558,http://www.wikidata.org/entity/Q142,Givron,France,91,486947,In what country is Givron?,"[""France"", ""fr"", ""FR"", ""République française"", ""La France"", ""Republic of France"", ""French Republic"", ""FRA"", ""the Hexagon""]",Belgium.,Givron is located in Belgium.,Belgium.,Belgium.,Belgium.,Belgium.,Givron is located in Belgium.,Givron is located in Belgium.,Givron is located in Belgium.,Belgium.,0,0,0,0,0,0,0,0,0,0,1.0,Belgium.,INCORRECT
1148,6092348,Valvin Roane,genre,rhythm and blues,2741240,91,1350191,[],"[""R&B"",""RnB"",""RNB"",""R and B"",""R & B""]",http://www.wikidata.org/entity/Q7912845,http://www.wikidata.org/entity/Q45981,Valvin Roane,Rhythm and blues,127,60774,What genre is Valvin Roane?,"[""rhythm and blues"", ""R&B"", ""RnB"", ""RNB"", ""R and B"", ""R & B""]",,,Valvin Roane belongs to the fantasy genre.,Fantasy.,,Science fiction.,Science fiction.,,Valvin Roane,Valvin Roane is a fantasy author.,0,0,1,1,0,2,2,0,1,1,0.4,,NOT_ATTEMPTED
3579,482849,Shintotsukawa,country,Japan,197361,182,502871,[],"[""State of Japan"",""Land of the Rising Sun"",""Nihon"",""Nippon"",""JP"",""Nippon-koku"",""Nihon-koku"",""JA"",""JPN"",""jp"",""JAP"",""Ja"",""Jap""]",http://www.wikidata.org/entity/Q1357180,http://www.wikidata.org/entity/Q17,"Shintotsukawa, Hokkaido",Japan,186,702414,In what country is Shintotsukawa?,"[""Japan"", ""State of Japan"", ""Land of the Rising Sun"", ""Nihon"", ""Nippon"", ""JP"", ""Nippon-koku"", ""Nihon-koku"", ""JA"", ""JPN"", ""jp"", ""JAP"", ""Ja"", ""Jap""]","Shintotsukawa is located in Japan, specifically in the Hokkaido region.","Shintotsukawa is located in Japan, specifically in the Hokkaido prefecture.",Japan.,Japan.,Shintotsukawa is located in Japan.,Shintotsukawa is located in Japan.,Shintotsukawa is located in Japan.,Shintotsukawa is located in Japan.,Shintotsukawa is located in Japan.,Japan.,0,0,0,0,0,0,0,0,0,0,1.0,"Shintotsukawa is located in Japan, specifically in the Hokkaido region.",CORRECT
11886,3511774,Billy Lumley,sport,association football,1516727,560,920845,"[""William Daniel Lumley""]","[""football"",""soccer""]",http://www.wikidata.org/entity/Q4912916,http://www.wikidata.org/entity/Q2736,Billy Lumley,Association football,103,197767,What sport does Billy Lumley play?,"[""association football"", ""football"", ""soccer""]",Billy Lumley plays football (soccer).,Billy Lumley plays soccer (association football).,Billy Lumley plays football (soccer).,Billy Lumley plays football (soccer).,Billy Lumley is a football (soccer) player.,Billy Lumley plays football (soccer).,Billy Lumley plays rugby league.,Billy Lumley plays football (soccer).,Billy Lumley plays football (soccer).,He plays football (soccer).,0,0,0,0,0,0,1,0,0,0,0.9,Billy Lumley plays football (soccer).,CORRECT
8118,139788,Evening,screenwriter,Michael Cunningham,56181,533,1022324,[],[],http://www.wikidata.org/entity/Q1091140,http://www.wikidata.org/entity/Q310257,Evening (film),Michael Cunningham,6369,3723,Who was the screenwriter for Evening?,"[""Michael Cunningham"", ""Susan Minot""]",The screenwriter for *Evening* was Susan Minot.,Susan Minot.,The screenplay for,Susan Minot.,,,,The screenplay for Evening was written by Richard Curtis.,Susan Minot.,,0,0,1,0,2,2,2,3,0,2,0.4,The screenwriter for *Evening* was Susan Minot.,INCORRECT
7630,4502258,How I Spent My Summer Vacation,director,John Fisher,1984258,526,1044874,[],[],http://www.wikidata.org/entity/Q5917833,http://www.wikidata.org/entity/Q317149,How I Spent My Summer Vacation (1997 film),John Fisher,191,7801,Who was the director of How I Spent My Summer Vacation?,"[""John Fisher""]",,,James O'Brien.,,James A. Contner.,James Frawley.,James L. Conway.,The director of *How I Spent My Summer Vacation* was James F. Collier,,The director,0,0,1,0,2,3,4,5,0,6,0.4,,NOT_ATTEMPTED
9563,5024795,The Front Page,screenwriter,Charles Lederer,2219133,533,2927454,"[""Front Page""]","[""Charles Davies Lederer"",""Charles D. Lederer""]",http://www.wikidata.org/entity/Q669068,http://www.wikidata.org/entity/Q971219,The Front Page (1931 film),Charles Lederer,2127,4373,Who was the screenwriter for The Front Page?,"[""Charles Lederer"", ""Charles Davies Lederer"", ""Charles D. Lederer""]",The screenplay for The Front Page was written by Charles Brackett and Billy Wilder.,Larry Gelbart was the screenwriter for the 1974 film *The Front Page*.,The screenplay for The Front Page was written by Charles MacArthur and Ben Hecht.,The screenplay for The Front Page was written by Charles MacArthur and Ben Hecht.,The screenplay for The Front Page was written by Charles Brackett and Charles Lederer.,The 1931 film *The Front Page* was written by the screenwriting duo Charles MacArthur and Ben Hecht.,The screenwriters for The Front Page were Charles MacArthur and Ben Hecht.,,The screenplay was written by Charles Mac,The screenplay for The Front Page was written by Ben Hecht and Charles MacArthur.,0,1,2,2,3,2,2,4,2,2,0.6,The screenplay for The Front Page was written by Charles MacArthur and Ben Hecht.,INCORRECT
2379,1253577,Come on Down,genre,grunge,558414,91,79711,[],"[""Seattle sound""]",http://www.wikidata.org/entity/Q1756308,http://www.wikidata.org/entity/Q11365,Come On Down (EP),Grunge,660,69699,What genre is Come on Down?,"[""grunge"", ""Seattle sound""]",,Come on Down is a game‑show.,,Come on Down is a game show.,,Come on Down is a game‑show genre.,,,Come on Down is a game show.,Game show.,0,1,0,1,0,1,0,0,1,1,0.5,,NOT_ATTEMPTED
4823,308234,Good Vibrations,producer,Andrew Eaton,124960,164,1429888,[],"[""Andrew Campbell Eaton""]",http://www.wikidata.org/entity/Q12124618,http://www.wikidata.org/entity/Q4756878,Good Vibrations (film),Andrew Eaton,1771,1449,Who was the producer of Good Vibrations?,"[""David Holmes"", ""Andrew Eaton"", ""Andrew Campbell Eaton""]",The producer of “Good Vibrations” was Brian Wilson.,The producer of “Good Vibrations” was Brian Wilson.,The producer of “Good Vibrations” was Brian Wilson.,The producer of “Good Vibrations” was Brian Wilson.,Brian Wilson.,The producer of “Good Vibrations” was Brian Wilson.,The producer of “Good Vibrations” was Brian Wilson.,The producer of “Good Vibrations” was Brian Wilson.,The producer of “Good Vibrations” was Brian Wilson.,The producer of “Good Vibrations” was Brian Wilson.,0,0,0,0,0,0,0,0,0,0,1.0,The producer of “Good Vibrations” was Brian Wilson.,INCORRECT
1443,5159652,Gasoline,genre,crime film,2282653,91,2919224,"[""Benzina""]","[""crime movie""]",http://www.wikidata.org/entity/Q683563,http://www.wikidata.org/entity/Q959790,Gasoline (film),Crime film,248,28275,What genre is Gasoline?,"[""crime film"", ""crime movie""]",Gasoline is an electropop song.,Gasoline is a thriller.,Electropop.,Gasoline is a pop‑rock song.,Pop.,Gasoline is an electropop (pop‑rock) song.,Gasoline is an alternative‑metal/post,Gasoline is a pop‑genre song.,Gasoline is a pop‑rock song.,Gasoline is an alternative‑pop song.,0,1,0,2,2,2,3,2,2,4,0.5,Gasoline is a pop‑rock song.,INCORRECT
1401,5248300,The Simple Life,genre,reality television,2326263,91,606038,[],"[""reality TV"",""reality television program"",""reality TV program"",""reality television show"",""television reality program"",""television reality show"",""TV reality program"",""TV reality show""]",http://www.wikidata.org/entity/Q696289,http://www.wikidata.org/entity/Q182415,The Simple Life,Reality television,12496,40906,What genre is The Simple Life?,"[""reality television"", ""reality TV"", ""reality television program"", ""reality TV program"", ""reality television show"", ""television reality program"", ""television reality show"", ""TV reality program"", ""TV reality show""]",The Simple Life is a reality‑television series.,The Simple Life is a reality television series.,The Simple Life is a reality‑television series.,The Simple Life is a reality television series.,The Simple Life is a reality television series.,The Simple Life is a reality television series.,The Simple Life is a reality television series.,The Simple Life is a reality television series.,The Simple Life is a reality television series.,The Simple Life is a reality‑television series.,0,0,0,0,0,0,0,0,0,0,1.0,The Simple Life is a reality‑television series.,CORRECT
3481,5507893,Pârâul Bogat,country,Romania,2452931,182,756886,"[""Paraul Bogat""]","[""Roumania"",""Rumania"",""Rom\u00e2nia"",""ro"",""\ud83c\uddf7\ud83c\uddf4""]",http://www.wikidata.org/entity/Q7264133,http://www.wikidata.org/entity/Q218,Pârâul Bogat,Romania,7,278539,In what country is Pârâul Bogat?,"[""Romania"", ""Roumania"", ""Rumania"", ""România"", ""ro"", ""🇷🇴""]",Romania.,Romania.,Romania.,Romania.,Romania.,Romania.,Pârâul Bogat is located in Romania.,Romania.,Romania.,Romania.,0,0,0,0,0,0,0,0,0,0,1.0,Romania.,CORRECT
979,5559137,Renato Bartilotti,place of birth,Villahermosa,2477516,218,738991,[],[],http://www.wikidata.org/entity/Q7312623,http://www.wikidata.org/entity/Q210886,Renato Bartilotti,Villahermosa,132,4255,In what city was Renato Bartilotti born?,"[""Villahermosa""]","Renato Bartilotti was born in Mexico City, Mexico.",Renato Bartilotti was born in Mexico City.,Renato Bartilotti was born in Mexico City.,Renato Bartilotti was born in Mexico City.,"Renato Bartilotti was born in Mexico City, Mexico.",Renato Bartilotti was born in Mexico City.,Renato Bartilotti was born in Mexico City.,Renato Bartilotti was born in Mexico City.,Renato Bartilotti was born in Mexico City.,Renato Bartilotti was born in Mexico City.,0,0,0,0,0,0,0,0,0,0,1.0,"Renato Bartilotti was born in Mexico City, Mexico.",INCORRECT
7043,2030715,The Chicken,director,Claude Berri,889813,526,985955,"[""Chicken"",""Le Poulet""]",[],http://www.wikidata.org/entity/Q2641404,http://www.wikidata.org/entity/Q298905,The Chicken (film),Claude Berri,164,1936,Who was the director of The Chicken?,"[""Claude Berri""]",,,,,,,The director,,,,0,0,0,0,0,0,1,0,0,0,0.9,,NOT_ATTEMPTED
11055,1021938,Saint Patrick,religion,Christianity,436897,106,1582175,"[""Patricius"",""Magonus"",""Succetus"",""St. Patrick"",""St Patrick"",""Patrick"",""Apostle of Ireland"",""Enlightener of Ireland"",""Maewyn Succat"",""Cothirthiacus""]","[""Christian faith""]",http://www.wikidata.org/entity/Q165479,http://www.wikidata.org/entity/Q5043,Saint Patrick,Christianity,43319,213455,What is the religion of Saint Patrick?,"[""Celtic Christianity"", ""Celtic Church"", ""Insular Christianity"", ""Christianity"", ""Christian faith""]","Saint Patrick was a Christian missionary, traditionally identified as a Roman Catholic saint.","Saint Patrick was a Christian, specifically a Roman Catholic missionary.","Christianity (he was a Christian saint, traditionally associated with the Roman Catholic Church).",Saint Patrick was a Christian (traditionally recognized as a Roman Catholic) saint.,"Saint Patrick was a Christian, specifically a Roman Catholic saint.",Saint Patrick was a Christian (a Roman‑Catholic) saint.,"Saint Patrick was a Christian, specifically a Roman Catholic missionary and bishop.",Saint Patrick was a Christian—traditionally recognized as a Roman Catholic saint.,Christianity (he was a Roman Catholic saint).,"Saint Patrick was a Christian, recognized as a Roman Catholic saint.",0,0,0,0,0,0,0,0,0,0,1.0,"Saint Patrick was a Christian missionary, traditionally identified as a Roman Catholic saint.",CORRECT
7591,2647046,The Empath,director,John Erman,1140739,526,1049323,"[""Em"",""Empath, The""]",[],http://www.wikidata.org/entity/Q3487409,http://www.wikidata.org/entity/Q3181443,The Empath,John Erman,3332,979,Who was the director of The Empath?,"[""John Erman""]",The episode “The Empath” was,,,The episode “The Empath” was,,Robert Butler.,Marc Daniels.,John Carpenter.,,Ralph Senensky.,0,1,1,0,1,2,3,4,1,5,0.4,,NOT_ATTEMPTED
10065,5855105,Survivor,composer,Adam Powers,2622192,639,1382298,[],"[""Adam Hersland Powers""]",http://www.wikidata.org/entity/Q7647268,http://www.wikidata.org/entity/Q4679625,Survivor (TVXQ song),,117,-2,Who was the composer of Survivor?,"[""Adam Powers"", ""Adam Hersland Powers"", ""Iain James""]",Russ Landau.,Russ Landau.,Greg Landau was the composer of the TV series “Survivor.”,Russ Landau.,Russ Landau.,Russ Landau.,Russ Landau.,The composer of the TV series Survivor is Russ Landau.,Russ Landau.,The composer of the TV series *Survivor* is Russ Landau.,0,0,1,0,0,0,0,0,0,0,0.9,Russ Landau.,INCORRECT
931,2749201,Gerard Reve,place of birth,Amsterdam,1180944,218,2455815,"[""Gerard Kornelis van het Reve"",""Simon van het Reve""]","[""Mokum"",""Amsterdam, NL"",""Amsterdam, Netherlands"",""A'dam""]",http://www.wikidata.org/entity/Q364153,http://www.wikidata.org/entity/Q727,Gerard Reve,Amsterdam,1424,147710,In what city was Gerard Reve born?,"[""Amsterdam"", ""Mokum"", ""Amsterdam, NL"", ""Amsterdam, Netherlands"", ""A'dam""]",Amsterdam.,Amsterdam.,Gerard Reve was born in Amsterdam.,Amsterdam.,Amsterdam.,Amsterdam.,Amsterdam.,Gerard Reve was born in Amsterdam.,Amsterdam.,Amsterdam.,0,0,0,0,0,0,0,0,0,0,1.0,Amsterdam.,CORRECT
13974,681897,Tennessee,capital,Nashville,288323,422,793081,"[""State of Tennessee"",""TN"",""Tennessee, United States"",""Volunteer State"",""Tenn."",""US-TN""]","[""Nashville, Tennessee"",""Nashville\u2013Davidson County"",""Metropolitan Government of Nashville and Davidson County""]",http://www.wikidata.org/entity/Q1509,http://www.wikidata.org/entity/Q23197,Tennessee,"Nashville, Tennessee",244684,102624,What is the capital of Tennessee?,"[""Nashville"", ""Nashville, Tennessee"", ""Nashville–Davidson County"", ""Metropolitan Government of Nashville and Davidson County""]",Nashville.,The capital of Tennessee is Nashville.,Nashville.,Nashville.,The capital of Tennessee is Nashville.,The capital of Tennessee is Nashville.,The capital of Tennessee is Nashville.,Nashville.,Nashville.,Nashville.,0,0,0,0,0,0,0,0,0,0,1.0,Nashville.,CORRECT
4628,4569187,Interval,producer,Merle Oberon,2015211,164,790726,[],[],http://www.wikidata.org/entity/Q6057257,http://www.wikidata.org/entity/Q230958,Interval (film),Merle Oberon,302,29167,Who was the producer of Interval?,"[""Merle Oberon""]",The producer of *Interval*,,,,The film “Interval” was produced by,,,,,,0,1,1,1,0,1,1,1,1,1,0.8,,NOT_ATTEMPTED
937,4775307,Juha Jokela,place of birth,Tampere,2099357,218,1271294,"[""Juha Petteri Jokela""]","[""Tammerfors""]",http://www.wikidata.org/entity/Q6305021,http://www.wikidata.org/entity/Q40840,Juha Jokela,Tampere,88,18761,In what city was Juha Jokela born?,"[""Tampere"", ""Tammerfors""]",He was born in Helsinki.,"Juha Jokela was born in Helsinki, Finland.","Juha Jokela was born in Helsinki, Finland.","Juha Jokela was born in Helsinki, Finland.",He was born in Helsinki.,"Juha Jokela was born in Helsinki, Finland.","Juha Jokela was born in Helsinki, Finland.","He was born in Helsinki, Finland.","He was born in Helsinki, Finland.","Juha Jokela was born in the city of Jyväskylä, Finland.",0,0,0,0,0,0,0,0,0,1,0.9,He was born in Helsinki.,INCORRECT
6077,2951155,420,director,Julius Wu,1263364,526,2079168,"[""Episode 420""]",[],http://www.wikidata.org/entity/Q4031363,http://www.wikidata.org/entity/Q6247654,420 (Family Guy),Julius Wu,1657,150,Who was the director of 420?,"[""Julius Wu""]",K. B,,The director of *420* was Sharat Katariya.,The director of the film “420” is Rajesh Nair.,The director of “420” was B. R. Chopra.,,Ramesh.,,Raj Kapoor.,The director of the film “420” was B. R. Chopra.,0,1,2,3,4,1,5,1,6,4,0.3,,NOT_ATTEMPTED
13564,5853443,Pierre Napoleon Bonaparte,mother,Alexandrine de Bleschamp,2621344,292,244157,"[""Pierre-Napol\u00e9on Bonaparte"",""Pierre-Napoleon Bonaparte"",""Pietro Bonaparte""]","[""princesse de Canino Marie Alexandrine Charlotte Louise Laurence de Bleschamp Bonaparte"",""Marie Laurence Charlotte Louise Alexandrine de Bleschamp Bonaparte"",""Marie Alexandrine Charlotte Louise Laurence de Bleschamp, princesse de Canino Bonaparte"",""Alexandrine, princesse de Canino Lucien-Bonaparte"",""Alexandrine, princesse de Canino Bonaparte"",""Alexandrine Jacob de Bleschamp""]",http://www.wikidata.org/entity/Q764398,http://www.wikidata.org/entity/Q1452201,Pierre Napoléon Bonaparte,Alexandrine de Bleschamp,1886,627,Who is the mother of Pierre Napoleon Bonaparte?,"[""Alexandrine de Bleschamp"", ""princesse de Canino Marie Alexandrine Charlotte Louise Laurence de Bleschamp Bonaparte"", ""Marie Laurence Charlotte Louise Alexandrine de Bleschamp Bonaparte"", ""Marie Alexandrine Charlotte Louise Laurence de Bleschamp, princesse de Canino Bonaparte"", ""Alexandrine, princesse de Canino Lucien-Bonaparte"", ""Alexandrine, princesse de Canino Bonaparte"", ""Alexandrine Jacob de Bleschamp""]",,Letizia Ramolino.,The mother of Pierre Nap,,,,,,,,0,1,2,0,0,0,0,0,0,0,0.8,,NOT_ATTEMPTED
3727,6074424,United Baptist Church,country,United States of America,2731102,182,988513,[],"[""the United States of America"",""America"",""U.S.A."",""USA"",""U.S."",""US"",""the US"",""the USA"",""US of A"",""the United States"",""U. S. A."",""U. S."",""the States"",""the U.S."",""'Merica"",""U.S"",""United States"",""'Murica""]",http://www.wikidata.org/entity/Q7887509,http://www.wikidata.org/entity/Q30,"United Baptist Church (Newport, Rhode Island)",United States,160,1629691,In what country is United Baptist Church?,"[""United States of America"", ""the United States of America"", ""America"", ""U.S.A."", ""USA"", ""U.S."", ""US"", ""the US"", ""the USA"", ""US of A"", ""the United States"", ""U. S. A."", ""U. S."", ""the States"", ""the U.S."", ""'Merica"", ""U.S"", ""United States"", ""'Murica""]",The United Baptist Church is located in the United States.,The United Baptist Church is located in the United States.,United Baptist Church is primarily located in the United States.,United Baptist Church is located in the United States.,United Baptist churches are primarily found in the United States.,The United Baptist Church is located in the United States.,United Baptist Church is located in the United States.,United Baptist Church is primarily located in the United States.,The United Baptist Church is primarily based in the United States.,The United Baptist Church is primarily located in the United States.,0,0,0,0,0,0,0,0,0,0,1.0,The United Baptist Church is located in the United States.,CORRECT
11510,655232,Patrick Edema,sport,association football,276859,560,920845,[],"[""football"",""soccer""]",http://www.wikidata.org/entity/Q14944333,http://www.wikidata.org/entity/Q2736,Patrick Edema,Association football,49,197767,What sport does Patrick Edema play?,"[""association football"", ""football"", ""soccer""]",Patrick Edema is a professional football (soccer) player.,Patrick Edema is a professional football (soccer) player.,Patrick Edema plays football (soccer).,Patrick Edema plays football (soccer).,Patrick Edema is a professional football (soccer) player.,Patrick Edema plays football (soccer).,Patrick Edema plays football (soccer).,Patrick Edema plays football (soccer).,Patrick Edema plays football (soccer).,Patrick Edema plays football (soccer).,0,0,0,0,0,0,0,0,0,0,1.0,Patrick Edema is a professional football (soccer) player.,CORRECT
6044,5963044,The Wacky World of Mother Goose,director,Jules Bass,2676993,526,239775,"[""Wacky World of Mother Goose""]",[],http://www.wikidata.org/entity/Q7773176,http://www.wikidata.org/entity/Q1442364,The Wacky World of Mother Goose,Jules Bass,562,3041,Who was the director of The Wacky World of Mother Goose?,"[""Jules Bass""]",,,The director of *The Wacky World of Mother Goose* was John Sutherland.,The director of *The,,The director of *The Wacky World of Mother Goose* was Friz Freleng.,John Paul.,The director of *The Wacky World of Mother Goose* was Robert,The director of *The Wacky World of Mother Goose* was John H. Friedmann.,,0,0,1,1,0,2,3,4,5,0,0.4,,NOT_ATTEMPTED
7806,6428978,Kozan,capital of,Armenian Kingdom of Cilicia,2893180,97,1099980,"[""Sis""]","[""Little Armenia""]",http://www.wikidata.org/entity/Q926426,http://www.wikidata.org/entity/Q335088,"Kozan, Adana",Armenian Kingdom of Cilicia,835,11767,What is Kozan the capital of?,"[""Armenian Kingdom of Cilicia"", ""Little Armenia""]","Kozan is not a capital; it is a town and district in Adana Province, Turkey.","Kozan is the administrative capital of the Kozan district in Adana Province, Turkey.","Kozan is the administrative center (capital) of the Kozan district in Adana Province, Turkey.","Kozan is not the capital of any country; it is a district and city in Adana Province, Turkey.",Kozan was the capital of the Armenian Kingdom of Cilicia.,Kozan is not a capital; it is a town and district in Turkey’s Adana Province.,Kozan was historically the capital of the Armenian Kingdom of Cilicia.,"Kozan is the capital of the Kozan district in Adana Province, Turkey.","Kozan is the administrative capital (seat) of the Kozan District in Adana Province, Turkey.",,0,1,1,0,2,0,2,1,1,3,0.4,"Kozan is the administrative capital of the Kozan district in Adana Province, Turkey.",INCORRECT
8347,5907057,The Accused,screenwriter,Mario Soffici,2648243,533,44376,"[""Los acusados"",""Accused""]",[],http://www.wikidata.org/entity/Q7712235,http://www.wikidata.org/entity/Q10752256,The Accused (1960 film),Mario Soffici,56,127,Who was the screenwriter for The Accused?,"[""Mario Soffici"", ""Marco Denevi"", ""Marco Denev""]",The screenplay for *The Accused* was written by Tom Topor.,The screenplay for *The Accused* was,The screenwriter for *The Accused* was Tom Holland.,Heywood Gould.,The screenwriter for *The Accused* was Eric Roth.,Heywood Gould.,Heywood Gould.,Heywood Gould.,Eric Roth.,The screenplay for *The Accused* was written by Tom Topor.,0,0,1,2,3,2,2,2,3,0,0.4,Heywood Gould.,INCORRECT
1524,1178924,I Lost My Heart in Heidelberg,genre,musical film,524400,91,2842261,[],"[""musical movie""]",http://www.wikidata.org/entity/Q17101486,http://www.wikidata.org/entity/Q842256,I Lost My Heart in Heidelberg (1952 film),Musical film,98,22860,What genre is I Lost My Heart in Heidelberg?,"[""musical film"", ""musical movie""]",It is a romance film.,I Lost My Heart in Heidelberg is a German romantic drama film.,Romance.,Romance.,It is a romantic‑drama film.,I Lost My Heart in Heidelberg is a German romantic‑drama film.,I Lost My Heart in Heidelberg is a silent drama film.,It is a romance film.,It is a musical romance film.,I Lost My Heart in Heidelberg is a romantic drama.,0,0,0,0,0,0,1,0,0,0,0.9,It is a romance film.,INCORRECT
8035,205434,Public Access,screenwriter,Christopher McQuarrie,82928,533,1108105,[],[],http://www.wikidata.org/entity/Q1141177,http://www.wikidata.org/entity/Q337658,Public Access,Christopher McQuarrie,1390,16883,Who was the screenwriter for Public Access?,"[""Bryan Singer"", ""Bryan Jay Singer"", ""Christopher McQuarrie""]",Eric Lorber.,Bryan Singer.,The screenwriter for *Public Access* was Stephen Glover.,Allan Moyle.,,The screenwriter for *Public Access* was Grant Heslov.,,,,The screenwriter for *Public Access* was David S. G,0,1,2,3,4,5,4,4,4,6,0.4,,NOT_ATTEMPTED
10599,4094476,Fascinating Rhythm,composer,George Gershwin,1792104,639,135132,[],"[""Jacob Gershvin"",""Jacob Bruskin Gershowitz"",""George Jacob Gershwin"",""Dzhordzh Gershvin""]",http://www.wikidata.org/entity/Q5436654,http://www.wikidata.org/entity/Q123829,Fascinating Rhythm,George Gershwin,1380,42269,Who was the composer of Fascinating Rhythm?,"[""George Gershwin"", ""Jacob Gershvin"", ""Jacob Bruskin Gershowitz"", ""George Jacob Gershwin"", ""Dzhordzh Gershvin""]",George Gershwin composed “Fascinating Rhythm.”,George Gershwin composed “Fascinating Rhythm.”,George Gershwin.,George Gershwin composed “Fascinating Rhythm.”,George Gershwin composed “Fascinating Rhythm.”,George Gershwin composed “Fascinating Rhythm.”,George Gershwin composed “Fascinating Rhythm.”,George Gershwin.,George Gershwin composed “Fascinating Rhythm.”,George Gershwin composed “Fascinating Rhythm.”,0,0,0,0,0,0,0,0,0,0,1.0,George Gershwin composed “Fascinating Rhythm.”,CORRECT
2785,1830760,"Princess Mary, Duchess of Gloucester and Edinburgh",father,George III of Great Britain,806238,257,149229,"[""Mary Hanover, Princess of the United Kingdom"",""Princess Mary of the United Kingdom"",""Mary of the United Kingdom"",""Mary, Duchess of Gloucester and Edinburgh"",""Mary""]","[""George III of the United Kingdom"",""George William Frederick"",""George William Frederick Hanover"",""George Hanover"",""roi de Grande-Bretagne Georges III"",""King of Great Britain George III"",""King George III"",""re di Gran Bretagna e Irlanda George III"",""Elector and King of Hanover George III"",""Georg Wilhelm Friedrich"",""K\u00f6nig Georg III. Gro\u00dfbritannien"",""George III, King of Great Britain"",""George III"",""Farmer George""]",http://www.wikidata.org/entity/Q236586,http://www.wikidata.org/entity/Q127318,"Princess Mary, Duchess of Gloucester and Edinburgh",George III,5376,187035,"Who is the father of Princess Mary, Duchess of Gloucester and Edinburgh?","[""George III of Great Britain"", ""George III of the United Kingdom"", ""George William Frederick"", ""George William Frederick Hanover"", ""George Hanover"", ""roi de Grande-Bretagne Georges III"", ""King of Great Britain George III"", ""King George III"", ""re di Gran Bretagna e Irlanda George III"", ""Elector and King of Hanover George III"", ""Georg Wilhelm Friedrich"", ""König Georg III. Großbritannien"", ""George III, King of Great Britain"", ""George III"", ""Farmer George""]",King George III.,"Prince William Henry, Duke of Gloucester and Edinburgh.",King George III.,Her father was King George III.,King George III.,,"Frederick, Prince of Wales.","Frederick, Prince of Wales.","Princess Mary, Duchess of Gloucester and Edinburgh, was the daughter of King George III.","Prince William Henry, Duke of Gloucester and Edinburgh.",0,1,0,0,0,2,3,3,0,1,0.5,King George III.,CORRECT
9345,501017,"Sex, Lies, and Videotape",screenwriter,Steven Soderbergh,206013,533,19659,[],"[""Steven Andrew Soderbergh"",""Peter Andrews"",""Mary Ann Bernard""]",http://www.wikidata.org/entity/Q1367548,http://www.wikidata.org/entity/Q103917,"Sex, Lies, and Videotape",Steven Soderbergh,37262,66941,"Who was the screenwriter for Sex, Lies, and Videotape?","[""Steven Soderbergh"", ""Steven Andrew Soderbergh"", ""Peter Andrews"", ""Mary Ann Bernard""]","The screenwriter for *Sex, Lies, and Videotape* was Steven Soderbergh.",Steven Soderbergh.,Steven Soderbergh.,"The screenwriter for *Sex, Lies, and Videotape* was Steven Soderbergh.","The screenwriter for *Sex, Lies, and Videotape* was Steven Soderbergh.",Steven Soderbergh.,"The screenwriter for *Sex, Lies, and Videotape* was Steven Soderbergh.","Steven Soderbergh was the screenwriter for *Sex, Lies, and Videotape*.",Steven Soderbergh.,"The screenwriter for *Sex, Lies, and Videotape* was Steven Soderbergh.",0,0,0,0,0,0,0,0,0,0,1.0,"The screenwriter for *Sex, Lies, and Videotape* was Steven Soderbergh.",CORRECT
325,6493078,Amitabh Bachchan,occupation,film producer,2917223,22,1077200,"[""Big B""]","[""movie producer"",""producer""]",http://www.wikidata.org/entity/Q9570,http://www.wikidata.org/entity/Q3282637,Amitabh Bachchan,Film producer,306074,58642,What is Amitabh Bachchan's occupation?,"[""film producer"", ""movie producer"", ""producer"", ""actor"", ""actress"", ""actors"", ""actresses""]",Amitabh Bachchan is an Indian film actor (also a film producer and television host).,Amitabh Bachchan is an actor.,Amitabh Bachchan is primarily an Indian film actor (also known for his work as a producer and television host).,Amitabh Bachchan is an actor.,Amitabh Bachchan is a film actor and film producer.,Amitabh Bachchan is an Indian actor (film and television) and film producer.,Amitabh Bachchan is an actor.,Amitabh Bachchan is an actor.,Amitabh Bachchan is an actor.,Amitabh Bachchan is an actor.,0,0,0,0,0,0,0,0,0,0,1.0,Amitabh Bachchan is an Indian film actor (also a film producer and television host).,CORRECT
9142,4573409,Irandam Ulagam,screenwriter,K. Selvaraghavan,2017148,533,2551641,"[""The Second World""]",[],http://www.wikidata.org/entity/Q6067148,http://www.wikidata.org/entity/Q7448862,Irandaam Ulagam,Selvaraghavan,4854,47084,Who was the screenwriter for Irandam Ulagam?,"[""K. Selvaraghavan""]",The film *Irandam Ulagam* was written (screenplay) by its director Selvaraghavan.,Selvaraghavan.,Selvaraghavan.,Selvaraghavan.,Selvaraghavan.,"The film “Irandam Ulagam” was written by its director, Selvaraghavan.",Selvaraghavan.,Selvaraghavan.,Selvaraghavan.,Selvaraghavan.,0,0,0,0,0,0,0,0,0,0,1.0,The film *Irandam Ulagam* was written (screenplay) by its director Selvaraghavan.,CORRECT
5615,3492951,Bhagwan Dada,producer,Rakesh Roshan,1508991,164,208998,[],"[""Rakesh Roshan Lal Nagrath""]",http://www.wikidata.org/entity/Q4900665,http://www.wikidata.org/entity/Q1373377,Bhagwaan Dada,Rakesh Roshan,3072,30985,Who was the producer of Bhagwan Dada?,"[""Rakesh Roshan"", ""Rakesh Roshan Lal Nagrath""]",The film “Bhagwan Dada” was produced by,The film “Bhagwan Dada” was produced by Mohan K,,The film *Bhagwan Dada* was,,,The film “Bhagwan Dada” was produced by Mohan Kumar.,"The films of Bhagwan Dada, including",,,0,0,1,0,1,1,0,2,1,1,0.5,,NOT_ATTEMPTED
9059,2645554,Adam,screenwriter,Peter Lord,1140055,533,694807,[],[],http://www.wikidata.org/entity/Q348511,http://www.wikidata.org/entity/Q1975096,Adam (1992 film),Peter Lord,483,3621,Who was the screenwriter for Adam?,"[""Peter Lord""]",The screenwriters for the film *Adam* were Kirsten Sheridan and Michael Burke.,Pamela Gray.,Pamela Gray.,The screenplay for the film *Adam* was written by Michael Kalesniko.,The screenwriter for *Adam* was Dana Stevens.,Michael Burke.,Pamela Gray was the screenwriter for the film Adam.,The screenwriter for *Adam* was Kirsten Sheridan.,The screenplay for the 2009 film *Adam* was written by Michael Burke (with co‑writer Michael E. Ryan,The screenwriter for *Adam* was Dana Stevens.,0,1,1,2,3,0,1,0,4,3,0.3,The screenwriters for the film *Adam* were Kirsten Sheridan and Michael Burke.,INCORRECT
1490,2320559,Marble,genre,pop music,1012303,91,1193964,[],"[""pop"",""Pop""]",http://www.wikidata.org/entity/Q307218,http://www.wikidata.org/entity/Q37073,Marble (band),Pop music,191,286065,What genre is Marble?,"[""pop music"", ""pop"", ""Pop""]",Marble is a puzzle video game.,Marble is a puzzle‑platformer video game.,Marble is a physics‑based puzzle video game.,Marble is a puzzle‑genre game.,Marble is a puzzle video game.,Marble is a puzzle game.,Marble is a puzzle video game.,Puzzle.,Marble is a physics‑based puzzle (puzzle‑platform) video game.,Marble is a puzzle video game.,0,0,0,0,0,0,0,0,0,0,1.0,Marble is a puzzle video game.,INCORRECT
3548,6167732,Wiconisco Township,country,United States of America,2781846,182,988513,[],"[""the United States of America"",""America"",""U.S.A."",""USA"",""U.S."",""US"",""the US"",""the USA"",""US of A"",""the United States"",""U. S. A."",""U. S."",""the States"",""the U.S."",""'Merica"",""U.S"",""United States"",""'Murica""]",http://www.wikidata.org/entity/Q7998484,http://www.wikidata.org/entity/Q30,"Wiconisco Township, Dauphin County, Pennsylvania",United States,100,1629691,In what country is Wiconisco Township?,"[""United States of America"", ""the United States of America"", ""America"", ""U.S.A."", ""USA"", ""U.S."", ""US"", ""the US"", ""the USA"", ""US of A"", ""the United States"", ""U. S. A."", ""U. S."", ""the States"", ""the U.S."", ""'Merica"", ""U.S"", ""United States"", ""'Murica""]","Wiconisco Township is located in the state of Pennsylvania, United States.","Wiconisco Township is located in the United States, specifically in the state of Pennsylvania.","Wiconisco Township is located in the United States, in the state of Pennsylvania.","Pennsylvania, USA.","Wiconisco Township is located in the United States, specifically in the state of Pennsylvania.","Wiconisco Township is located in the state of Pennsylvania, United States.","Wiconisco Township is located in the United States, specifically in the state of Pennsylvania.","Wiconisco Township is located in the United States, specifically in the state of Pennsylvania.","Wiconisco Township is located in the United States, specifically in the state of Pennsylvania.","Wiconisco Township is located in the United States, specifically in the state of Pennsylvania.",0,0,0,0,0,0,0,0,0,0,1.0,"Wiconisco Township is located in the state of Pennsylvania, United States.",CORRECT
8709,2035289,Eve,screenwriter,Kenneth Biller,891688,533,1556768,[],[],http://www.wikidata.org/entity/Q2648421,http://www.wikidata.org/entity/Q4992506,Eve (The X-Files),Kenneth Biller,3384,611,Who was the screenwriter for Eve?,"[""Chris Brancato"", ""Kenneth Biller""]",,The screenwriter for *Eve* was Robert Muller.,,,,The screenwriter for the film *Eve* was Robert L. Collins.,,The screenwriter for *Eve* was Robert L. Collins.,,,0,1,0,0,0,2,0,2,0,0,0.7,,NOT_ATTEMPTED
11422,2876696,Matteo Pivotto,sport,association football,1232297,560,920845,[],"[""football"",""soccer""]",http://www.wikidata.org/entity/Q3852180,http://www.wikidata.org/entity/Q2736,Matteo Pivotto,Association football,61,197767,What sport does Matteo Pivotto play?,"[""association football"", ""football"", ""soccer""]",Matteo Pivotto plays football (soccer).,Matteo Pivotto plays football (soccer).,Matteo Pivotto plays football (soccer).,Matteo Pivotto plays football (soccer).,Matteo Pivotto plays football (soccer).,Matteo Pivotto plays football (soccer).,Matteo Pivotto plays rugby.,Matteo Pivotto plays rugby union.,Matteo Pivotto is a football (soccer) player.,Matteo Pivotto plays football (soccer).,0,0,0,0,0,0,1,1,0,0,0.8,Matteo Pivotto plays football (soccer).,CORRECT
1870,4135485,Liberation,genre,black metal,1813599,91,172721,[],"[""Black Metal""]",http://www.wikidata.org/entity/Q547930,http://www.wikidata.org/entity/Q132438,Liberation (1349 album),Black metal,292,47046,What genre is Liberation?,"[""black metal"", ""Black Metal""]",Liberation is a third‑person shooter video game.,Liberation is a side‑scrolling shooter video game.,,Liberation is an action‑adventure third‑person shooter.,Liberation is an open‑world action‑adventure game.,,,Liberation is a real‑time strategy (RTS) video game.,Liberation is a war drama.,Liberation is a side‑scrolling shooter (run‑and‑gun) video game,0,1,2,0,3,2,2,4,5,1,0.3,,NOT_ATTEMPTED
6454,6161740,What I Know,director,Patty Jenkins,2778487,526,1339644,[],"[""Patricia Lea \""Patty\"" Jenkins"",""Patricia Lea Jenkins""]",http://www.wikidata.org/entity/Q7991171,http://www.wikidata.org/entity/Q456910,What I Know,Patty Jenkins,599,19603,Who was the director of What I Know?,"[""Patty Jenkins"", ""Patricia Lea \""Patty\"" Jenkins"", ""Patricia Lea Jenkins""]",,,,,,,,,,,0,0,0,0,0,0,0,0,0,0,1.0,,NOT_ATTEMPTED
11144,17932,Marcellus II,religion,Catholic Church,7445,106,2918816,"[""Marcello Cervini degli Spannochi"",""Pope Marcellus II"",""pape Marcel II"",""Marcello Cervini"",""Marcellus PP. II"",""papa Marcello II"",""Marcellus II. Papst""]","[""Roman Catholic Church"",""Church"",""Roman Apostolic Catholic Church""]",http://www.wikidata.org/entity/Q101776,http://www.wikidata.org/entity/Q9592,Pope Marcellus II,Catholic Church,1695,195995,What is the religion of Marcellus II?,"[""Catholic Church"", ""Roman Catholic Church"", ""Church"", ""Roman Apostolic Catholic Church""]",Marcellus II was a Roman Catholic.,Marcellus II was a Roman Catholic.,Marcellus II was a Roman Catholic.,Marcellus II was a Roman Catholic (he served as Pope of the Catholic Church).,Marcellus II was a Roman Catholic.,Marcellus II was a Roman Catholic.,Marcellus II was a Roman Catholic.,Marcellus II was a Roman Catholic.,Marcellus II was a Roman Catholic.,Marcellus II was a Roman Catholic.,0,0,0,0,0,0,0,0,0,0,1.0,Marcellus II was a Roman Catholic.,CORRECT
12271,5419569,Perfect,author,Ellen Hopkins,2409774,484,1199000,[],"[""Ellen Louise Hopkins""]",http://www.wikidata.org/entity/Q7167934,http://www.wikidata.org/entity/Q3723492,Perfect (Hopkins novel),Ellen Hopkins,207,2084,Who is the author of Perfect?,"[""Ellen Hopkins"", ""Ellen Louise Hopkins""]",,,,The novel *Perfect* was written by Rachel Joyce.,The novel *Perfect* was written by Rachel Joyce.,The novel *Perfect* was authored by Rachel Joyce.,The novel *Perfect* was written by Rachel Joyce.,,,The author of *Perfect* is Rachel Joyce.,0,0,0,1,1,1,1,0,0,1,0.5,,NOT_ATTEMPTED
4968,774682,Back to Black,producer,Mark Ronson,330147,164,1291220,[],"[""Mark Daniel Ronson"",""DJ Ronson""]",http://www.wikidata.org/entity/Q156670,http://www.wikidata.org/entity/Q425821,Back to Black,Mark Ronson,27659,115303,Who was the producer of Back to Black?,"[""Salaam Remi"", ""Salaam Gibbs"", ""salaamremi.com"", ""The Chameleon"", ""Salaam Remi Gibbs"", ""Mark Ronson"", ""Mark Daniel Ronson"", ""DJ Ronson""]",The album *Back to Black* was primarily produced by Mark Ronson (with additional production by Salaam Remi).,Mark Ronson.,Mark Ronson.,The album *Back to Black* was primarily produced by Mark Ronson.,The album *Back to Black* was produced by Mark Ronson and Salaam Remi.,Mark Ronson.,Mark Ronson.,Mark Ronson.,Mark Ronson.,Mark Ronson.,0,0,0,0,0,0,0,0,0,0,1.0,The album *Back to Black* was primarily produced by Mark Ronson (with additional production by Salaam Remi).,CORRECT
7245,4923198,Becoming,director,Joss Whedon,2171001,526,983942,[],"[""Joseph Hill Whedon""]",http://www.wikidata.org/entity/Q649543,http://www.wikidata.org/entity/Q298025,Becoming (Buffy the Vampire Slayer),Joss Whedon,1690,122100,Who was the director of Becoming?,"[""Joss Whedon"", ""Joseph Hill Whedon""]",Nadia Hallgren.,Nadia Hallgren.,The director of *Becoming* was Nadia Hallgren.,Nadia,,The director of *Becoming* is Nadia Hallinan.,The director of *Becoming* was Nadia Hallinan.,The documentary *Becoming* (2017) was directed by Nadia Hallinan.,The director of *Becoming* is Nadia Hallgren.,The director of *Becoming* was Nadia Hallgren.,0,0,0,0,1,2,2,2,0,0,0.6,Nadia Hallgren.,INCORRECT
10139,1596744,Yesterday,composer,Paul McCartney,712161,639,874634,[],"[""Sir Paul McCartney"",""Macca"",""James Paul McCartney""]",http://www.wikidata.org/entity/Q202698,http://www.wikidata.org/entity/Q2599,Yesterday (Beatles song),Paul McCartney,24406,373862,Who was the composer of Yesterday?,"[""John Lennon"", ""John Winston Ono Lennon"", ""John Winston Lennon"", ""Lennon John"", ""John Ono Lennon"", ""Paul McCartney"", ""Sir Paul McCartney"", ""Macca"", ""James Paul McCartney""]","The composer of “Yesterday” is Paul McCartney, credited alongside John Lennon as part of the Lennon–McCartney songwriting partnership.",Paul McCartney (credited to the Lennon‑McCartney songwriting partnership).,The song “Yesterday” was composed by Paul McCartney (credited to the Lennon–McCartney partnership).,Paul McCartney (credited as part of the Lennon‑McCartney songwriting partnership).,The song “Yesterday” was composed by Paul McCartney (credited to the Lennon–McCartney partnership).,Paul McCartney (credited as part of the Lennon–McCartney songwriting partnership).,Paul McCartney (credited as part of the Lennon‑McCartney songwriting partnership).,Paul McCartney (credited as part of the Lennon‑McCartney songwriting partnership).,The song “Yesterday” was composed by Paul McCartney (credited to the Lennon–McCartney partnership).,Paul McCartney (credited as part of the Lennon–McCartney songwriting partnership).,0,0,0,0,0,0,0,0,0,0,1.0,"The composer of “Yesterday” is Paul McCartney, credited alongside John Lennon as part of the Lennon–McCartney songwriting partnership.",CORRECT
710,2167964,Gerard Thomas,place of birth,Antwerp,947718,218,156571,"[""G. Thomas"",""J. Thomas"",""Thomason"",""v. Thomasson"",""Thomas"",""Gerard Tomasz."",""Geraerdt Thomas"",""Thomassin [rejected]"",""G\u00e9rard Thomas""]","[""Antwerpen"",""City of Antwerp"",""Anvers""]",http://www.wikidata.org/entity/Q2847474,http://www.wikidata.org/entity/Q12892,Gerard Thomas,Antwerp,97,60419,In what city was Gerard Thomas born?,"[""Antwerp"", ""Antwerpen"", ""City of Antwerp"", ""Anvers""]",Amsterdam.,He was born in Delft.,He was born in The Hague.,He was born in Haarlem.,He was born in Haarlem.,Amsterdam.,Amsterdam.,Gerard Thomas was born in Delft.,Gerard Thomas was born in Haarlem.,The Hague.,0,1,2,3,3,0,0,1,3,2,0.3,Amsterdam.,INCORRECT
2794,5695439,Sarfaraz Khan,father,Shuja-ud-Din Muhammad Khan,2540011,257,2568116,[],"[""Mirza Shuja ud-din Muhammad Khan""]",http://www.wikidata.org/entity/Q7423869,http://www.wikidata.org/entity/Q7504779,Sarfaraz Khan,Shuja-ud-Din Muhammad Khan,2239,2159,Who is the father of Sarfaraz Khan?,"[""Shuja-ud-Din Muhammad Khan"", ""Mirza Shuja ud-din Muhammad Khan""]",,,,,,Saif Khan.,,Sarfaraz Khan's father is the former Indian cricketer and commentator Mushtaq Mohammad.,,,0,0,0,0,0,1,0,2,0,0,0.8,,NOT_ATTEMPTED
13689,6338836,Thailand,capital,Bangkok,2858195,422,628348,"[""Kingdom of Thailand"",""th"",""Siam"",""\ud83c\uddf9\ud83c\udded"",""Land of Smiles"",""THA""]","[""Krung Thep"",""Krungthepmahanakhon Amonrattanakosin Mahintharayutthaya Mahadilokphop Noppharatratchathaniburirom Udomratchaniwetmahasathan Amonphimanawatansathit Sakkathattiyawitsanukamprasit"",""Krung Thep Maha Nakhon""]",http://www.wikidata.org/entity/Q869,http://www.wikidata.org/entity/Q1861,Thailand,Bangkok,249163,81200,What is the capital of Thailand?,"[""Bangkok"", ""Krung Thep"", ""Krungthepmahanakhon Amonrattanakosin Mahintharayutthaya Mahadilokphop Noppharatratchathaniburirom Udomratchaniwetmahasathan Amonphimanawatansathit Sakkathattiyawitsanukamprasit"", ""Krung Thep Maha Nakhon""]",Bangkok.,Bangkok.,Bangkok.,Bangkok.,Bangkok.,Bangkok.,Bangkok.,The capital of Thailand is Bangkok.,Bangkok.,Bangkok.,0,0,0,0,0,0,0,0,0,0,1.0,Bangkok.,CORRECT
3087,1468621,Matthew Henry Richey,father,Matthew Richey,655940,257,2263781,[],[],http://www.wikidata.org/entity/Q1909527,http://www.wikidata.org/entity/Q6791127,Matthew Henry Richey,Matthew Richey,90,52,Who is the father of Matthew Henry Richey?,"[""Matthew Richey""]",His father was John Riche,His father was John Richey.,His father was John Richey.,John Richey.,His father was John Richey.,His father was John Richey.,His father was John Richey.,His father was John Richey.,His father was William Richey.,His father was John Richey.,0,0,0,1,1,1,1,1,2,1,0.6,John Richey.,INCORRECT
7816,6337451,Minas,capital of,Lavalleja Department,2857693,97,1352156,[],[],http://www.wikidata.org/entity/Q868205,http://www.wikidata.org/entity/Q460435,"Minas, Uruguay",Lavalleja Department,483,377,What is Minas the capital of?,"[""Lavalleja Department""]",Minas is the capital of Uruguay’s Lavalleja Department.,Minas is the capital of Uruguay’s Lavalle,Minas is the capital of Uruguay’s Lavalleja Department.,Minas is the capital of Lavalleja Department in Uruguay.,Belo Horizonte.,,Belo Horizonte.,Minas is the capital of Lavalleja Department in Uruguay.,,"Minas is the capital of the Brazilian state of Minas Gerais, whose capital city is Belo Horizonte.",0,0,0,0,1,2,1,0,2,3,0.5,Minas is the capital of Uruguay’s Lavalleja Department.,CORRECT
10792,3381403,Artaserse,composer,Leonardo Vinci,1454242,639,978800,[],[],http://www.wikidata.org/entity/Q4797347,http://www.wikidata.org/entity/Q29577,Artaserse (Vinci),Leonardo Vinci,1080,2532,Who was the composer of Artaserse?,"[""Leonardo Vinci""]",Johann Adolph Hasse.,Johann Adolf Hasse.,The opera *Artaserse* was composed by Johann Adolf,The composer of *Artaserse* is Johann Adolf Hasse.,The opera *Artaserse* was composed by Johann Adolf Hasse.,The opera *Artaserse* was composed by Johann Adolf Hasse.,The composer of *Artaserse* was Johann Christian Bach.,The opera *Artaserse* was composed by Johann Adolf Hasse.,The composer of *Artaserse* was Johann Adolph Hasse.,The composer of the opera *Artaserse* was Johann Adolf Hasse.,0,0,1,0,1,1,2,1,0,1,0.5,The opera *Artaserse* was composed by Johann Adolf,INCORRECT
3644,2782790,Long Lake,country,United States of America,1194398,182,988513,"[""Long Lake, New York""]","[""the United States of America"",""America"",""U.S.A."",""USA"",""U.S."",""US"",""the US"",""the USA"",""US of A"",""the United States"",""U. S. A."",""U. S."",""the States"",""the U.S."",""'Merica"",""U.S"",""United States"",""'Murica""]",http://www.wikidata.org/entity/Q3708688,http://www.wikidata.org/entity/Q30,"Long Lake, New York",United States,947,1629691,In what country is Long Lake?,"[""United States of America"", ""the United States of America"", ""America"", ""U.S.A."", ""USA"", ""U.S."", ""US"", ""the US"", ""the USA"", ""US of A"", ""the United States"", ""U. S. A."", ""U. S."", ""the States"", ""the U.S."", ""'Merica"", ""U.S"", ""United States"", ""'Murica""]",United States.,United States.,Long Lake is located in Canada.,Long Lake is located in Canada.,Long Lake is located in Canada.,Long Lake is located in Canada.,United States.,The Long Lake referred to is located in the United States.,United States.,"Long Lake is located in the United States, specifically in the state of Minnesota.",0,0,1,1,1,1,0,0,0,0,0.6,United States.,CORRECT
2257,2969575,Airline Disaster,genre,disaster film,1271642,91,2845335,[],"[""disaster movie""]",http://www.wikidata.org/entity/Q408780,http://www.wikidata.org/entity/Q846544,Airline Disaster,Disaster film,635,13381,What genre is Airline Disaster?,"[""disaster film"", ""disaster movie""]",Airline Disaster is a party game.,Airline Disaster is a comedy film.,Airline Disaster is a comedy‑parody disaster film.,Airline Disaster is a flight‑simulation game.,Airline Disaster is a thriller novel.,Comedy.,Airline Disaster is a disaster‑genre film.,Airline Disaster is a comedy (parody disaster) film.,Airline Disaster is a thriller.,Airline Disaster is a board game (party‑style board game).,0,1,1,2,3,1,4,1,3,0,0.4,Airline Disaster is a comedy film.,INCORRECT
4684,1438767,Crash,producer,Don Cheadle,643513,164,915715,[],[],http://www.wikidata.org/entity/Q188000,http://www.wikidata.org/entity/Q272019,Crash (2004 film),Don Cheadle,69270,91484,Who was the producer of Crash?,"[""Don Cheadle"", ""Paul Haggis"", ""Paul Edward Haggis""]",Paul H,James Schamus.,Paul Haggis.,Paul Haggis.,Paul Haggis.,The film *Crash* was produced by Paul Haggis (alongside co‑producer Cathy Schulman).,The film *Crash* was produced by Paul Haggis.,The producers of the 2004 film *Crash* were Paul Brooks and Cathy Schulman,Paul Haggis.,Paul Haggis.,0,1,2,2,2,2,2,3,2,2,0.7,Paul Haggis.,CORRECT
1178,2733225,In the Navy,genre,comedy film,1174738,91,336148,[],"[""comedy movie""]",http://www.wikidata.org/entity/Q3612440,http://www.wikidata.org/entity/Q157443,In the Navy (film),Comedy film,753,36816,What genre is In the Navy?,"[""comedy film"", ""comedy movie""]",Disco.,Disco.,Disco.,Disco.,Disco.,Disco.,Disco.,Disco.,Disco.,Disco.,0,0,0,0,0,0,0,0,0,0,1.0,Disco.,INCORRECT
5641,1396880,The Americanization of Emily,producer,Paddy Chayefsky,624954,164,582883,"[""Americanization of Emily""]","[""Sidney Aaron Chayefsky""]",http://www.wikidata.org/entity/Q1852239,http://www.wikidata.org/entity/Q180251,The Americanization of Emily,Paddy Chayefsky,3539,9420,Who was the producer of The Americanization of Emily?,"[""Paddy Chayefsky"", ""Sidney Aaron Chayefsky"", ""William Bradford Huie"", ""William Bradford""]",The film was produced by Ross Hunter.,The film *The Americanization of Emily* was produced by Ross Hunter.,The film was produced by Walter Mirisch.,The film “The Americanization of Emily” was produced by Buddy Adler.,The film *The Americanization of Emily* was produced by Jerry Bresler.,The film *The Americanization of Emily* was produced by Ross Hunter.,Martin Ransohoff.,The film *The Americanization of Emily* was produced by Stanley Kramer.,The producer of *The Americanization of Emily* was Albert S. Ruddy.,Ross Hunter.,0,0,1,2,3,0,4,5,6,0,0.4,The film was produced by Ross Hunter.,INCORRECT
9945,5453472,Pilot,screenwriter,Dan Harmon,2425226,533,749233,"[""Community pilot""]","[""Daniel James Harmon""]",http://www.wikidata.org/entity/Q7194337,http://www.wikidata.org/entity/Q2150289,Pilot (Community),Dan Harmon,1921,51432,Who was the screenwriter for Pilot?,"[""Dan Harmon"", ""Daniel James Harmon""]",,,The pilot episode was written by Vince Gilligan.,,,,,Greg Daniels.,,J.J. Abrams.,0,0,1,0,0,0,0,2,0,3,0.7,,NOT_ATTEMPTED
5504,3338044,Angel,producer,Ganesh Acharya,1433753,164,1835747,[],[],http://www.wikidata.org/entity/Q4762039,http://www.wikidata.org/entity/Q5520821,Angel (2011 film),Ganesh Acharya,1250,11790,Who was the producer of Angel?,"[""Ganesh Acharya""]",The series “Angel” was produced by J.J. Abrams.,Joss Whedon.,The series “Angel” was produced by Joss Whedon.,The series Angel was produced by Joss Whedon.,The series “Angel” was produced by Joss Whedon (along with co‑executive producer David Greenwalt).,Joss Whedon.,The series “Angel” was produced by Joss Whedon.,Joss Whedon.,Joss Whedon was the producer of *Angel*.,Joss Whedon.,0,1,1,1,1,1,1,1,1,1,0.9,Joss Whedon.,INCORRECT
7641,4296388,Gun,director,Harish Raj,1884928,526,402228,[],[],http://www.wikidata.org/entity/Q5618279,http://www.wikidata.org/entity/Q16216022,Gun (2011 film),Harish Raj,259,1041,Who was the director of Gun?,"[""Harish Raj""]",Michael Keusch.,The film *Gun* (1995) was directed by Michael Keusch.,,The director of,The 1995 film *Gun* was directed by Michael Keusch.,,Mike Lerner.,,,,0,0,1,2,2,1,3,1,1,1,0.5,,NOT_ATTEMPTED
14056,6292561,Medzilaborce District,capital,Medzilaborce,2839435,422,1943652,[],[],http://www.wikidata.org/entity/Q837884,http://www.wikidata.org/entity/Q578686,Medzilaborce District,Medzilaborce,139,377,What is the capital of Medzilaborce District?,"[""Medzilaborce""]",The capital of Medzilaborce District is the town of Medzilaborce.,Medzilaborce.,The capital of Medzilaborce District is the town of Medzilaborce.,Medzilaborce.,The capital of Medzilaborce District is the town of Medzilaborce.,The capital of Medzilaborce District is the town of Medzilaborce.,The capital of Medzilaborce District is the town of Medzilaborce.,The capital of Medzilaborce District is the town of Medzilaborce.,Medzilaborce.,The capital of Medzilaborce District is the town of Medzilaborce.,0,0,0,0,0,0,0,0,0,0,1.0,The capital of Medzilaborce District is the town of Medzilaborce.,CORRECT
13677,5183056,Duchy of Amalfi,capital,Amalfi,2293032,422,2811464,[],[],http://www.wikidata.org/entity/Q686312,http://www.wikidata.org/entity/Q80563,Duchy of Amalfi,Amalfi,3029,8674,What is the capital of Duchy of Amalfi?,"[""Amalfi""]",Amalfi.,Amalfi.,Amalfi.,Amalfi.,Amalfi.,Amalfi.,Amalfi.,Amalfi.,Amalfi.,The capital of the Duchy of Amalfi was the city of Amalfi.,0,0,0,0,0,0,0,0,0,0,1.0,Amalfi.,CORRECT
1479,310902,Underground,genre,documentary film,125907,91,2898005,[],"[""documentary movie"",""doc"",""film documentary"",""motion picture documentary"",""documentary"",""factual film""]",http://www.wikidata.org/entity/Q12130183,http://www.wikidata.org/entity/Q93204,Underground (1976 film),Documentary film,396,42565,What genre is Underground?,"[""documentary film"", ""documentary movie"", ""doc"", ""film documentary"", ""motion picture documentary"", ""documentary"", ""factual film""]",Underground is a,"Underground is a music genre that refers to non‑mainstream, often alternative",,,,,Underground is a subgenre of hip‑hop music.,,Underground is a black‑comedy war film.,,0,0,1,1,1,1,0,1,0,1,0.6,,NOT_ATTEMPTED
7226,5265422,Ned,director,Abe Forsythe,2335943,526,1375316,[],[],http://www.wikidata.org/entity/Q6985914,http://www.wikidata.org/entity/Q4666385,Ned (film),Abe Forsythe,770,2798,Who was the director of Ned?,"[""Abe Forsythe""]",The director of *Ned* was Abe Forsythe.,The director of *Ned* was Michael Hurst.,Kevin,Kevin Carlin.,,,,Kevin,The director of *Ned* is Michael Lennox.,,0,1,2,2,3,3,3,2,4,3,0.4,,NOT_ATTEMPTED
5940,313280,The Organizer,director,Mario Monicelli,126662,526,1724707,"[""Organizer"",""I compagni""]",[],http://www.wikidata.org/entity/Q1215362,http://www.wikidata.org/entity/Q53026,The Organizer,Mario Monicelli,917,2588,Who was the director of The Organizer?,"[""Mario Monicelli""]",The director of *The Organizer* was Luigi Zampa.,The director of *The Organizer* was Carlo Lizzani.,The director of *The Organizer* was Carlo Lizzani.,The director of *The Organizer* was Carlo Lizzani.,The director of *The Organizer* was Carlo Lizzani.,The Organizer was directed by Carlo Lizzani.,The director of *The Organizer* was Mario Monicelli.,The Organizer was directed by Carlo Lizzani.,The Organizer was directed by Carlo Lizzani.,The director of *The Organizer* was Carlo Lizzani.,0,1,1,1,1,1,2,1,1,1,0.8,The director of *The Organizer* was Carlo Lizzani.,INCORRECT
8413,6283615,The Naked Gun: From the Files of Police Squad!,screenwriter,David Zucker,2835871,533,1328341,"[""Naked Gun: From the Files of Police Squad!"",""From the Files of Police Squad!""]",[],http://www.wikidata.org/entity/Q832047,http://www.wikidata.org/entity/Q452794,The Naked Gun: From the Files of Police Squad!,David Zucker,14432,16469,Who was the screenwriter for The Naked Gun: From the Files of Police Squad!?,"[""Pat Proft"", ""Jerry Zucker"", ""Jim Abrahams"", ""James S. Abrahams"", ""David Zucker""]","Pat Proft, David Zucker, and Jim Abrahams.","The screenplay was written by David Zucker, Jim Abrahams, and Jerry Z","The screenplay was written by David Zucker, Jim Abrahams, and Jerry Zucker.","The film was written by David Zucker, Jim Abrahams, Jerry Zucker, and Pat Proft.",,"The screenplay was written by David Zucker, Jim Abrahams, and Jerry Zucker.","The screenplay for *The Naked Gun: From the Files of Police Squad!* was written by David Zucker, Jim Abrahams, and Jerry Zucker.","The screenplay was written by David Zucker, Jim Abrahams, Jerry Zucker",The screenplay for,The film was written by screenwriter Pat Proft.,0,1,1,1,2,1,1,1,3,3,0.6,"The screenplay was written by David Zucker, Jim Abrahams, and Jerry Z",INCORRECT
6006,5714403,Second Thoughts,director,Lawrence Turman,2549733,526,1193220,[],[],http://www.wikidata.org/entity/Q7443591,http://www.wikidata.org/entity/Q370417,Second Thoughts (1983 film),Lawrence Turman,421,2611,Who was the director of Second Thoughts?,"[""Lawrence Turman""]",Albert Parker.,The director,Albert Parker.,The director of *Second Thoughts* was Maurice Elvey.,The director of *Second Thoughts* was Tony Bill.,The director of *Second Thoughts* was Michael Miller,The film *Second Thoughts* (1938) was directed by Albert Parker.,Albert Parker.,,Albert Parker.,0,1,0,2,3,4,1,0,5,0,0.4,Albert Parker.,INCORRECT
8567,4869994,Roads of Kiarostami,screenwriter,Abbas Kiarostami,2144295,533,1835836,[],[],http://www.wikidata.org/entity/Q641932,http://www.wikidata.org/entity/Q55210,Roads of Kiarostami,Abbas Kiarostami,142,15543,Who was the screenwriter for Roads of Kiarostami?,"[""Abbas Kiarostami""]",The screenwriter for *Roads* (1997) was Abbas Kiarostami.,Abbas Kiarostami.,Manijeh H,,The screenwriter of *Roads of Kiarostami* was Abbas,,The screenplay was written by Abbas Kiarostami.,Abbas Kiarostami was the screenwriter for *Roads*.,The screenwriter of *Roads* (1978) was Abbas Kiarostami.,The screenwriter was Abbas Kiarostami.,0,0,1,2,0,2,0,0,3,3,0.5,The screenwriter for *Roads* (1997) was Abbas Kiarostami.,CORRECT
7162,1319193,Unfriended,director,Levan Gabriadze,586313,526,1278023,"[""Cybernatural"",""Unfriended Movie"",""Offline""]","[""Levan Rezotovich Gabriadze""]",http://www.wikidata.org/entity/Q18086860,http://www.wikidata.org/entity/Q4130936,Unfriended,Levan Gabriadze,32894,909,Who was the director of Unfriended?,"[""Levan Gabriadze"", ""Levan Rezotovich Gabriadze""]",Levan Gabriadze directed the film *Unfriended*.,The director of *Unfriended* was Levan Gabriadze.,Levan Gabriadze.,LeVan Way.,The director of *Unfriended* was Levan Gabriadze.,The director of *Unfriended* was Levan Gabriadze.,Levan Gabriadze was the director of *Unfriended*.,Levan Gabriadze.,The director of *Unfriended* was Levan Gabriadze.,The director of *Unfriended* was Levan Gabriadze.,0,0,0,0,0,0,0,0,0,0,1.0,Levan Gabriadze directed the film *Unfriended*.,CORRECT
10946,755873,The Interview,composer,Henry Jackman,321179,639,197112,"[""Interview""]","[""Henry Pryce Jackman""]",http://www.wikidata.org/entity/Q15524911,http://www.wikidata.org/entity/Q1356888,The Interview,Henry Jackman,42217,10325,Who was the composer of The Interview?,"[""Henry Jackman"", ""Henry Pryce Jackman""]",The composer of *The Interview* was Theodore Shapiro.,The composer of *The Interview* is Theodore Shapiro.,,The film *The Interview* was composed by Mark Isham.,,Lorne Balfe.,Lorne Balfe was the composer of The Interview.,James Newton Howard.,Lorne Balfe.,The film *The Interview* was scored by composer John Debney.,0,0,1,2,1,3,3,4,3,5,0.3,Lorne Balfe.,INCORRECT
6323,2933470,The First Time,director,Frank Tashlin,1256461,526,1979686,"[""First Time""]","[""Francis Fredrick von Taschlein"",""Tish Tash""]",http://www.wikidata.org/entity/Q3987060,http://www.wikidata.org/entity/Q589459,The First Time (1952 film),Frank Tashlin,233,2958,Who was the director of The First Time?,"[""Frank Tashlin"", ""Francis Fredrick von Taschlein"", ""Tish Tash""]",The director of *The First Time* was Jon Kasdan.,The director of *The First Time* was Jacob Barnet.,The director of *The First Time* is Jon Kasdan.,The director of *The First Time* is Jon Watts.,Jon Kasdan.,The director of *The First Time* is Jon Kasdan.,Jon Kasdan.,The director of *The First Time* was Jon M. Chu.,The director of *The First Time* was Jon Kasdan.,Jacob Powers.,0,1,0,2,0,0,0,3,0,4,0.6,The director of *The First Time* was Jon Kasdan.,INCORRECT
12465,5911672,Couples,author,John Updike,2650632,484,32973,[],"[""John Hoyer Updike""]",http://www.wikidata.org/entity/Q771750,http://www.wikidata.org/entity/Q105756,Couples (novel),John Updike,827,21723,Who is the author of Couples?,"[""John Updike"", ""John Hoyer Updike""]",John Updike.,John Updike.,John Updike.,John Updike.,The novel *Couples* was written by John Updike.,John Updike.,John Updike.,John Updike.,The author of *Couples* is John Updike.,John Updike.,0,0,0,0,0,0,0,0,0,0,1.0,John Updike.,CORRECT
7661,5471260,The River,director,Frank Borzage,2434098,526,1190049,"[""River""]",[],http://www.wikidata.org/entity/Q7221668,http://www.wikidata.org/entity/Q369190,The River (1929 film),Frank Borzage,200,2460,Who was the director of The River?,"[""Frank Borzage""]",The director of *The River* was Jean Renoir.,The River was directed by Mark Rydell.,Jean Renoir.,The director of *The River* (1951) was Jean Renoir.,The director of *The River* was Mark Rydell.,The director of *The River* was Jean Renoir.,The director of *The River* was Mark Rydell.,The director of *The River* was Jean Renoir.,The River was directed by Mark Rydell.,The River was directed by Mark Rydell.,0,1,0,0,1,0,1,0,1,1,0.5,The director of *The River* was Jean Renoir.,INCORRECT
4161,311481,Hell,producer,Marin Karmitz,126099,164,214181,"[""Enfer"",""L'Enfer"",""Torment""]",[],http://www.wikidata.org/entity/Q1213581,http://www.wikidata.org/entity/Q1383621,Hell (1994 film),Marin Karmitz,1093,743,Who was the producer of Hell?,"[""Marin Karmitz""]",,The film “Hell” was produced by Jirakit Kuariyakul.,,The producer of *Hell* was Philipp Schreiber.,The producer of the film *Hell* (2011) was Chris Bickel,,,The film *Hell* was produced by Tim Cox.,,,0,1,0,2,3,0,0,4,0,0,0.6,,NOT_ATTEMPTED
2890,2069076,Melora Hardin,father,Jerry Hardin,906338,257,919929,"[""Melora Diane Hardin""]",[],http://www.wikidata.org/entity/Q269901,http://www.wikidata.org/entity/Q2733992,Melora Hardin,Jerry Hardin,215189,21162,Who is the father of Melora Hardin?,"[""Jerry Hardin""]",Melora Hardin’s father is actor‑director William “Bill” Hardin,,Melora Hardin’s father is Michael Hardin.,Her father is William “,,Melora Hardin’s father is actor and director Christopher “Chris” Hardin.,Melora Hardin’s father is actor‑,,,Melora Hardin’s father is,0,1,2,0,1,3,3,1,1,3,0.4,,NOT_ATTEMPTED
5274,3432143,Dream,producer,Kim Ki-duk,1479489,164,744346,"[""\ube44\ubabd"",""Bimong"",""Pimong""]","[""Ki-duk Kim"",""Kim Gi-deok""]",http://www.wikidata.org/entity/Q484679,http://www.wikidata.org/entity/Q212990,Dream (2008 film),Kim Ki-duk,788,16031,Who was the producer of Dream?,"[""Kim Ki-duk"", ""Ki-duk Kim"", ""Kim Gi-deok""]",,,,Stephen Street.,,,,,,,0,0,0,1,0,0,0,0,0,0,0.9,,NOT_ATTEMPTED
14260,287919,Aargau,capital,Aarau,116349,422,233172,"[""AG"",""canton of Argovia"",""Kanton Aargau"",""Argovia"",""Canton of Aargau""]","[""Aarau AG""]",http://www.wikidata.org/entity/Q11972,http://www.wikidata.org/entity/Q14274,Aargau,Aarau,4746,3887,What is the capital of Aargau?,"[""Aarau"", ""Aarau AG""]",Aarau is the capital of the Swiss canton of Aargau.,Aarau.,The capital of the Swiss canton Aargau is Aarau.,Aarau.,Aarau.,The capital of Aargau is Aarau.,Aarau.,The capital of the Swiss canton of Aargau is Aarau.,The capital of the Swiss canton of Aargau is Aarau.,Aarau.,0,0,0,0,0,0,0,0,0,0,1.0,Aarau is the capital of the Swiss canton of Aargau.,CORRECT
9069,1854509,A Night in Sickbay,screenwriter,Rick Berman,816021,533,1571701,[],"[""Richard Keith Berman"",""Richard Keith \""Rick\"" Berman""]",http://www.wikidata.org/entity/Q2402314,http://www.wikidata.org/entity/Q502314,A Night in Sickbay,Rick Berman,792,7384,Who was the screenwriter for A Night in Sickbay?,"[""Rick Berman"", ""Richard Keith Berman"", ""Richard Keith \""Rick\"" Berman"", ""Brannon Braga""]",,,Jeri Taylor.,,,Michael Piller.,,,,,0,0,1,0,0,2,0,0,0,0,0.8,,NOT_ATTEMPTED
10874,2725271,13,composer,Jason Robert Brown,1171840,639,460458,[],[],http://www.wikidata.org/entity/Q3597401,http://www.wikidata.org/entity/Q1683976,13 (musical),Jason Robert Brown,9751,5655,Who was the composer of 13?,"[""Jason Robert Brown""]",Jason Robert Brown.,,,Jason Robert Brown.,Jason Robert Brown.,Jason Robert Brown.,Jason Robert Brown.,Jason Robert Brown.,The composer of the musical “13” is Jason Robert Brown.,Jason Robert Brown.,0,1,1,0,0,0,0,0,0,0,0.8,Jason Robert Brown.,CORRECT
6225,6207552,Within,director,Kim Manners,2798860,526,1362027,[],[],http://www.wikidata.org/entity/Q8028183,http://www.wikidata.org/entity/Q463617,Within (The X-Files),Kim Manners,1444,10448,Who was the director of Within?,"[""Kim Manners""]",,,,The director of *Within* was Michael J. O'Hara.,,,,,Michele Civetta.,,0,0,0,1,0,0,0,0,2,0,0.8,,NOT_ATTEMPTED
1189,4559863,Infinity,genre,acid house,2010864,91,1117271,[],"[""acid""]",http://www.wikidata.org/entity/Q6029952,http://www.wikidata.org/entity/Q341364,Infinity (Guru Josh album),Acid house,342,14680,What genre is Infinity?,"[""acid house"", ""acid""]",Infinity is a science‑fiction thriller.,Infinity is a science‑fiction tabletop w,,Infinity is a science‑fiction genre.,Infinity is a science‑fiction novel.,Infinity is a science‑fiction thriller.,Infinity is a science‑fiction genre work.,Infinity is a science‑fiction drama film.,Indie pop.,Infinity is a science‑fiction thriller.,0,1,2,1,0,0,1,0,3,0,0.5,Infinity is a science‑fiction thriller.,INCORRECT
3499,2783251,Patterson,country,United States of America,1194626,182,988513,"[""Patterson, New York""]","[""the United States of America"",""America"",""U.S.A."",""USA"",""U.S."",""US"",""the US"",""the USA"",""US of A"",""the United States"",""U. S. A."",""U. S."",""the States"",""the U.S."",""'Merica"",""U.S"",""United States"",""'Murica""]",http://www.wikidata.org/entity/Q3709168,http://www.wikidata.org/entity/Q30,"Patterson, New York",United States,1450,1629691,In what country is Patterson?,"[""United States of America"", ""the United States of America"", ""America"", ""U.S.A."", ""USA"", ""U.S."", ""US"", ""the US"", ""the USA"", ""US of A"", ""the United States"", ""U. S. A."", ""U. S."", ""the States"", ""the U.S."", ""'Merica"", ""U.S"", ""United States"", ""'Murica""]",Patterson is located in the United States.,United States.,United States.,Patterson is located in the United States.,"Patterson is located in the United States, specifically in the state of California.",United States.,United States.,United States.,United States.,USA.,0,0,0,0,0,0,0,0,0,0,1.0,Patterson is located in the United States.,CORRECT
7331,5960352,The Tough,director,Salah Abu Seif,2675533,526,1135385,"[""Tough""]","[""Salah Abou Seif"",""Salah Abouseif""]",http://www.wikidata.org/entity/Q7769679,http://www.wikidata.org/entity/Q3469510,The Tough,Salah Abu Seif,172,352,Who was the director of The Tough?,"[""Salah Abu Seif"", ""Salah Abou Seif"", ""Salah Abouseif""]",,,The director of *,The 1974 film *The,,,,,,,0,0,1,2,0,0,0,0,0,0,0.8,,NOT_ATTEMPTED
6573,4009276,El Último perro,director,Lucas Demare,1751795,526,1011985,"[""\u00daltimo perro"",""El \u00faltimo perro"",""El Ultimo perro"",""Ultimo perro""]",[],http://www.wikidata.org/entity/Q5352530,http://www.wikidata.org/entity/Q3071080,El Último perro,Lucas Demare,95,122,Who was the director of El Último perro?,"[""Lucas Demare""]",The director of *El Último perro* was Alejandro Chomski.,The director of *El Último perro* was Alejandro Doria.,,,The director of *El Último perro* was Alejandro Doria.,The director of *El Último perro* was,The director of *El Último perro* was Eduardo Mignogna.,,,The director of *El Último perro* was Alejandro Doria.,0,1,2,2,1,1,3,2,2,1,0.4,The director of *El Último perro* was Alejandro Doria.,INCORRECT
7298,169830,Overnight Delivery,director,Jason Bloom,68660,526,2048090,[],[],http://www.wikidata.org/entity/Q1114984,http://www.wikidata.org/entity/Q6162061,Overnight Delivery,Jason Bloom (director),2088,601,Who was the director of Overnight Delivery?,"[""Jason Bloom""]",,The director of *Overnight Delivery* was Paul Schneider.,The director of *,The,The director of *Overnight Delivery* was Michael D. Schultz.,Tim O'Hara.,The director of *Overnight Delivery* was Michael Dinner.,The director of *Overnight Delivery* was Paul Schneider.,The director of *Overnight Delivery* was Michael Dinner.,,0,1,1,0,2,3,4,1,4,0,0.3,,NOT_ATTEMPTED
1783,2517004,Quenta Silmarillion,genre,fantasy,1087701,91,171945,[],"[""fantasy fiction""]",http://www.wikidata.org/entity/Q331061,http://www.wikidata.org/entity/Q132311,Quenta Silmarillion,Fantasy,618,105540,What genre is Quenta Silmarillion?,"[""fantasy"", ""fantasy fiction""]",The Quenta Silmarillion belongs to the high‑fantasy (mythopoeic fantasy) genre.,The Quenta Silmarillion is a work of high fantasy (mythopoeic fantasy).,The Quenta Silmarillion is a work of high‑fantasy (mythopoeic) literature.,The Quenta Silmarillion is a work of high fantasy.,The Quenta Silmarillion is an epic fantasy work.,The Quenta Silmarillion is a work of high fantasy.,The Silmarillion is a work of high fantasy.,The Quenta Silmarillion is a work of high fantasy (mythic/legendary fantasy).,"The Quenta Silmarillion is a work of high fantasy, specifically mythic/legendary fantasy.",The Quenta Silmarillion is a work of high fantasy.,0,0,0,0,0,0,0,0,0,0,1.0,The Quenta Silmarillion belongs to the high‑fantasy (mythopoeic fantasy) genre.,CORRECT
3662,3495575,"Biały Kościół, Lower Silesian Voivodeship",country,Poland,1510251,182,1172122,[],"[""POL"",""Republic of Poland"",""PL"",""Polska""]",http://www.wikidata.org/entity/Q4902906,http://www.wikidata.org/entity/Q36,"Biały Kościół, Lower Silesian Voivodeship",Poland,46,355720,"In what country is Biały Kościół, Lower Silesian Voivodeship?","[""Poland"", ""POL"", ""Republic of Poland"", ""PL"", ""Polska""]",Poland.,Poland.,Poland.,Poland.,Poland.,Poland.,Poland.,Poland.,Poland.,Poland.,0,0,0,0,0,0,0,0,0,0,1.0,Poland.,CORRECT
9679,2797324,The Faculty,screenwriter,Kevin Williamson,1200906,533,1173297,"[""Faculty""]","[""Kevin Meade Williamson""]",http://www.wikidata.org/entity/Q373267,http://www.wikidata.org/entity/Q360642,The Faculty,Kevin Williamson (screenwriter),52202,46179,Who was the screenwriter for The Faculty?,"[""Kevin Williamson"", ""Kevin Meade Williamson""]",Kevin Williamson.,The screenwriter for *The Faculty* was Kevin Williamson.,The screenwriter for *The Faculty* was Kevin Williamson.,The Faculty was written (screenplay) by Jim Jacobs.,The screenwriter for *The Faculty* was Kevin Williamson.,Kevin Williamson.,Kevin Williamson.,The screenplay for *The Faculty* was written by Jim Staar.,Kevin Williamson.,Kevin Williamson.,0,0,0,1,0,0,0,2,0,0,0.8,Kevin Williamson.,CORRECT
6808,3580841,Brown Sugar,director,Fred Paul,1548859,526,1822704,"[""Sweet but not refined""]",[],http://www.wikidata.org/entity/Q4976279,http://www.wikidata.org/entity/Q5496050,Brown Sugar (1922 film),Fred Paul,124,197,Who was the director of Brown Sugar?,"[""Fred Paul""]",Rick Famuyiwa.,The director of *Brown Sugar* is Rick Famuyiwa.,The director of *Brown Sugar* was Michael Cuesta.,The director of *Brown Sugar* was Rick Famuyiwa.,Rick Famuyiwa.,The director of *Brown Sugar* is Rick Famuyiwa.,The director of *Brown Sugar* is Rick Famuyiwa.,The director of *Brown Sugar* was Rick Famuyiwa.,The director of *Brown Sugar* is Rick Famuyiwa.,Rick Famuyiwa.,0,0,1,0,0,0,0,0,0,0,0.9,Rick Famuyiwa.,INCORRECT
8797,4898093,Smashed,screenwriter,James Ponsoldt,2158446,533,455010,[],"[""James Adam Ponsoldt""]",http://www.wikidata.org/entity/Q6454394,http://www.wikidata.org/entity/Q1680997,Smashed (film),James Ponsoldt,4837,2029,Who was the screenwriter for Smashed?,"[""James Ponsoldt"", ""James Adam Ponsoldt""]",The screenwriter for *Smashed* was James Ponsoldt.,The screenwriter for *Smashed* was James Ponsoldt.,The screenwriter for *Smashed* was James Ponsoldt.,James Ponsoldt.,James Ponsoldt.,James Ponsoldt.,The screenwriter for *Smashed* was James Ponsoldt.,Luke Davies.,James Ponsoldt.,James Ponsoldt.,0,0,0,0,0,0,0,1,0,0,0.9,The screenwriter for *Smashed* was James Ponsoldt.,CORRECT
2486,6035054,First Law,genre,short story,2710472,91,1513338,[],"[""tale"",""pripovijetka""]",http://www.wikidata.org/entity/Q784262,http://www.wikidata.org/entity/Q49084,First Law,Short story,442,60371,What genre is First Law?,"[""short story"", ""tale"", ""pripovijetka""]",The First Law series is an epic fantasy.,First Law is a grimdark fantasy series.,First Law is a grimdark fantasy series.,First Law is a grimdark fantasy series.,First Law is a grimdark fantasy series.,First Law is a grimdark fantasy series.,First Law is a grimdark fantasy series.,First Law is a grimdark fantasy series.,The First Law series is a work of fantasy.,First Law is a grimdark fantasy series.,0,1,1,1,1,1,1,1,1,1,0.9,First Law is a grimdark fantasy series.,INCORRECT
9339,1964398,Disco,screenwriter,Fabien Onteniente,862999,533,1009865,[],[],http://www.wikidata.org/entity/Q2558048,http://www.wikidata.org/entity/Q3063643,Disco (2008 film),Fabien Onteniente,351,213,Who was the screenwriter for Disco?,"[""Fabien Onteniente""]",Ralph,,The screenwriter for *Disco* was Anil Kumar.,,,,,,The screenwriter,,0,1,2,1,1,1,1,1,3,1,0.7,,NOT_ATTEMPTED
2643,2295520,Verbal,genre,hip hop music,1001717,91,82258,[],"[""hip-hop music""]",http://www.wikidata.org/entity/Q303805,http://www.wikidata.org/entity/Q11401,Verbal (rapper),Hip hop music,2260,199957,What genre is Verbal?,"[""hip hop music"", ""hip-hop music""]",Verbal is primarily associated with the hip‑hop/rap genre.,Verbal is primarily a hip‑hop artist.,Verbal is primarily a hip‑hop artist.,Verbal is primarily classified as a rock (alternative rock) band.,Verbal is primarily a hip‑hop/rap artist.,Verbal is primarily a hip‑hop artist.,Verbal is primarily a hip‑hop/rap artist.,Verbal’s music falls within the hip‑hop genre.,Verbal’s music falls within the hip‑hop genre.,Verbal is primarily a hip‑hop artist.,0,0,0,1,0,0,0,0,0,0,0.9,Verbal is primarily associated with the hip‑hop/rap genre.,CORRECT
11082,4150846,Frank White,religion,Anglicanism,1819659,106,2145926,"[""Francis White""]","[""Anglicanism, Anglican Church""]",http://www.wikidata.org/entity/Q5490326,http://www.wikidata.org/entity/Q6423963,Frank White (bishop),Anglicanism,130,56744,What is the religion of Frank White?,"[""Anglicanism"", ""Anglicanism, Anglican Church""]",,,Frank White is identified as a Christian.,,,,Christianity.,,,,0,0,1,0,0,0,1,0,0,0,0.8,,NOT_ATTEMPTED
1726,4218949,Bauer Media Group,genre,automobile magazine,1849086,91,1071571,"[""Heinrich Bauer Verlag KG"",""Bauer Media"",""Bauer Media AB""]","[""car magazine""]",http://www.wikidata.org/entity/Q554198,http://www.wikidata.org/entity/Q3267592,Bauer Media Group,Automobile magazine,5545,659,What genre is Bauer Media Group?,"[""automobile magazine"", ""car magazine""]",Bauer Media Group operates in the mass‑media/entertainment publishing and broadcasting genre.,Bauer Media Group operates in the media and publishing genre.,Bauer Media Group operates in the mass‑media/entertainment publishing genre.,Bauer Media Group operates in the media and publishing industry.,Bauer Media Group is a mass‑media publishing and broadcasting company.,Bauer Media Group operates in the media and publishing industry.,Bauer Media Group operates in the mass‑media and publishing genre.,Bauer Media Group is a mass‑media and publishing company.,Bauer Media Group operates in the mass‑media/entertainment publishing and broadcasting genre.,Bauer Media Group operates in the media and publishing genre.,0,0,0,0,0,0,0,0,0,0,1.0,Bauer Media Group operates in the mass‑media/entertainment publishing and broadcasting genre.,INCORRECT
4928,2985891,The Arena,producer,Roger Corman,1278746,164,1050200,"[""Arena"",""Gladiatrix""]","[""Roger William Corman""]",http://www.wikidata.org/entity/Q4139273,http://www.wikidata.org/entity/Q318292,The Arena (2001 film),Roger Corman,655,37866,Who was the producer of The Arena?,"[""Roger Corman"", ""Roger William Corman""]",The producer of *The Arena* was Aubrey,The producer of *The Arena* was Roger Corman.,The producer of *The Arena* was Roger Corman.,,,The producer of *The Arena* was Robert L. Jacks.,The producer of *The Arena* was Roger Corman.,The producer of *The Arena* was Roger Corman.,The producer of *The Arena* was Roger Corman.,The producer of The Arena was Roger Corman.,0,1,1,2,2,3,1,1,1,1,0.6,The producer of *The Arena* was Roger Corman.,CORRECT
8327,6420646,Candy,screenwriter,Buck Henry,2890150,533,2943136,[],"[""Buck Henry Zuckerman"",""Henry Zuckerman""]",http://www.wikidata.org/entity/Q922251,http://www.wikidata.org/entity/Q999332,Candy (1968 film),Buck Henry,5235,15338,Who was the screenwriter for Candy?,"[""Terry Southern"", ""Buck Henry"", ""Buck Henry Zuckerman"", ""Henry Zuckerman""]",,"The screenplay for Candy was written by Buck Henry, James Kirkwood",The screenplay for *Candy*,,Neil Armfield.,Luke Davies.,Leon,Luke Davies.,The 1968 film *Candy* was written by Buck,Luke Davies.,0,1,1,0,2,3,0,3,4,3,0.3,,NOT_ATTEMPTED
3909,6357746,Direkte Aktion,country,Germany,2865727,182,607728,"[""DA""]","[""FRG"",""BRD"",""Bundesrepublik Deutschland"",""Federal Republic of Germany"",""de"",""Deutschland"",""GER"",""BR Deutschland"",""DE""]",http://www.wikidata.org/entity/Q882590,http://www.wikidata.org/entity/Q183,Direkte Aktion,Germany,126,556493,In what country is Direkte Aktion?,"[""Germany"", ""FRG"", ""BRD"", ""Bundesrepublik Deutschland"", ""Federal Republic of Germany"", ""de"", ""Deutschland"", ""GER"", ""BR Deutschland"", ""DE""]",Germany.,Germany.,Germany.,Germany.,Germany.,Austria.,Direkte Aktion is published in Germany.,Direkte Aktion is based in Germany.,Germany.,Direkte Aktion is published in Germany.,0,0,0,0,0,1,0,0,0,0,0.9,Germany.,CORRECT
10155,978061,"Yvonne, Prinzessin von Burgund",composer,Boris Blacher,417733,639,1333277,[],[],http://www.wikidata.org/entity/Q16250976,http://www.wikidata.org/entity/Q455307,"Yvonne, Prinzessin von Burgund",Boris Blacher,334,649,"Who was the composer of Yvonne, Prinzessin von Burgund?","[""Boris Blacher""]","The composer of *Yvonne, Prinzessin von Burgund* was Robert Schumann.",Giselher Klebe.,Hans Werner Henze.,,"The composer of *Yvonne, Prinzessin von Burgund* is Giselher Klebe.",,,,"The composer of *Yvonne, Prinzessin von Burgund* is Boris Blacher.","The composer of *Yvonne, Prinzessin von Burgund* is Giselher Klebe.",0,1,2,3,1,3,3,3,4,1,0.4,,NOT_ATTEMPTED
7843,2627660,Ada,capital of,Pontotoc County,1131935,97,1540254,"[""Ada, Oklahoma""]","[""Pontotoc County, Oklahoma""]",http://www.wikidata.org/entity/Q345921,http://www.wikidata.org/entity/Q495856,"Ada, Oklahoma","Pontotoc County, Oklahoma",7930,1055,What is Ada the capital of?,"[""Pontotoc County"", ""Pontotoc County, Oklahoma""]",,,,,,Ada is not a capital city.,,,,Ada is not the capital of any country or state.,0,0,0,0,0,1,0,0,0,1,0.8,,NOT_ATTEMPTED
11591,5203012,Momo Wall Blamo,sport,association football,2303142,560,920845,"[""Momo Blamo""]","[""football"",""soccer""]",http://www.wikidata.org/entity/Q6897386,http://www.wikidata.org/entity/Q2736,Momo Wall Blamo,Association football,59,197767,What sport does Momo Wall Blamo play?,"[""association football"", ""football"", ""soccer""]",,Momo Wall Bl,Momo Wall Blamo is a professional basketball player.,Momo Wall Blamo is a basketball player.,Momo Wall Blamo is a basketball player.,,Momo Wall Blamo plays soccer.,,Momo Wall Blamo is a soccer player.,,0,1,1,1,1,0,2,0,2,0,0.4,,NOT_ATTEMPTED
10684,4525309,Shaft,composer,Isaac Hayes,1994649,639,724484,[],"[""Isaac Lee Hayes Jr.""]",http://www.wikidata.org/entity/Q596260,http://www.wikidata.org/entity/Q206439,Shaft (1971 film),Isaac Hayes,17974,59160,Who was the composer of Shaft?,"[""Isaac Hayes"", ""Isaac Lee Hayes Jr.""]",Isaac Hayes.,Isaac Hayes.,The composer of *Shaft* is Isaac Hayes.,Isaac Hayes.,Isaac Hayes composed the iconic “Theme from Shaft.”,Isaac Hayes.,Isaac Hayes.,Isaac Hayes composed the theme for the film *Shaft*.,The composer of *Shaft* was Isaac Hayes.,The composer of the film *Shaft* is Isaac Hayes.,0,0,0,0,0,0,0,0,0,0,1.0,Isaac Hayes.,CORRECT
7905,1853186,Brussels Capital Region,capital of,Burgundian Netherlands,815434,97,332792,"[""Brussels Region"",""Brussels"",""BE-BRU"",""Bruxelles-Capitale"",""BXL"",""20e"",""04000"",""BHG"",""Brussel"",""Brussels Gewest"",""Bruxelles"",""Brussel-Hoofdstad"",""R\u00e9gion Bruxellois"",""Brussels-Capital Region""]",[],http://www.wikidata.org/entity/Q240,http://www.wikidata.org/entity/Q157109,Brussels,Burgundian Netherlands,76663,7386,What is Brussels Capital Region the capital of?,"[""Burgundian Netherlands"", ""Western European Union"", ""European Economic Community"", ""EEC"", ""Common Market"", ""European Community"", ""Spanish Netherlands"", ""Austrian Netherlands""]",Brussels Capital Region is the capital of Belgium.,Brussels Capital Region is the capital of Belgium.,Brussels Capital Region is the capital of Belgium.,Brussels Capital Region is the capital of Belgium.,Brussels Capital Region is the capital of Belgium.,Brussels Capital Region is the capital of Belgium.,Brussels Capital Region is the capital of Belgium.,Brussels Capital Region is the capital of Belgium.,Brussels Capital Region is the capital of Belgium.,Brussels Capital Region is the capital of Belgium.,0,0,0,0,0,0,0,0,0,0,1.0,Brussels Capital Region is the capital of Belgium.,INCORRECT
3666,2996296,Zhukiv,country,Ukraine,1283098,182,741995,[],"[""UA"",""UKR"",""ua"",""Ukrainia"",""\ud83c\uddfa\ud83c\udde6"",""Ukr."",""Ukraina""]",http://www.wikidata.org/entity/Q4181416,http://www.wikidata.org/entity/Q212,Zhukiv,Ukraine,62,331690,In what country is Zhukiv?,"[""Ukraine"", ""UA"", ""UKR"", ""ua"", ""Ukrainia"", ""🇺🇦"", ""Ukr."", ""Ukraina""]",Zhukiv is located in Ukraine.,Zhukiv is located in Ukraine.,Ukraine.,Ukraine.,Zhukiv is located in Ukraine.,Zhukiv is located in Ukraine.,Zhukiv is located in Ukraine.,Ukraine.,Zhukiv is located in Ukraine.,Zhukiv is located in Ukraine.,0,0,0,0,0,0,0,0,0,0,1.0,Zhukiv is located in Ukraine.,CORRECT
5718,287985,The Guru,director,Daisy von Scherler Mayer,116373,526,92630,"[""Guru""]","[""Daisy Mayer""]",http://www.wikidata.org/entity/Q1197236,http://www.wikidata.org/entity/Q1157704,The Guru (2002 film),Daisy von Scherler Mayer,3885,1374,Who was the director of The Guru?,"[""Daisy von Scherler Mayer"", ""Daisy Mayer""]",The director of *The Guru* was Daisy von Scherler Mayer.,The Guru was directed by Daisy von Scherler Mayer.,The Guru was directed by Daisy von Scherler Mayer.,The director of *The Guru* was Dennis Lim.,The director of *The Guru* was Daisy von Scherler Mayer.,The director of *The Guru* was Daisy von Scherler Mayer.,The,The director of *The Guru* was Daisy von Scherler Mayer.,The director of The Guru (2002) is Daisy von S,The director of *The Guru* (2002) is Daisy von Scherler M,0,0,0,1,0,0,2,0,3,3,0.6,The director of *The Guru* was Daisy von Scherler Mayer.,CORRECT
12288,263272,Deadline,author,Brett Ewins,106209,484,1542002,[],[],http://www.wikidata.org/entity/Q1180915,http://www.wikidata.org/entity/Q4962157,Deadline (magazine),Brett Ewins,541,220,Who is the author of Deadline?,"[""Brett Ewins""]",,The author of *Deadline* is Tom De Haven.,,,The novel *Deadline,,The novel *Deadline* was,,,,0,1,0,0,2,0,2,0,0,0,0.7,,NOT_ATTEMPTED
3219,4984133,John,father,Rupert,2199083,257,1927689,[],"[""Ruprecht""]",http://www.wikidata.org/entity/Q65946,http://www.wikidata.org/entity/Q57326,"John, Count Palatine of Neumarkt","Rupert, King of the Romans",491,1282,Who is the father of John?,"[""Rupert"", ""Ruprecht""]",His father is not specified.,Zechariah.,Zechariah.,John’s father is Zechariah.,John’s father is his father.,Zechariah.,Joseph.,John the Baptist's father is Zechariah.,Zebedee.,Zebedee.,0,1,1,1,2,1,3,2,1,1,0.6,Zechariah.,INCORRECT
14136,3620934,McDowell County,capital,Welch,1568924,422,728003,"[""McDowell County, West Virginia"",""McDowell County, Virginia""]","[""Welch, West Virginia""]",http://www.wikidata.org/entity/Q501804,http://www.wikidata.org/entity/Q2073798,"McDowell County, West Virginia","Welch, West Virginia",4760,5979,What is the capital of McDowell County?,"[""Welch"", ""Welch, West Virginia""]",Welch.,"The county seat (capital) of McDowell County, West Virginia, is Welch.",Welch.,Welch.,"The county seat (often referred to as the “capital”) of McDowell County, West",Welch.,Welch.,Welch.,Welch.,"The county seat (capital) of McDowell County, West Virginia, is Welch.",0,0,0,0,1,0,0,0,0,1,0.8,Welch.,CORRECT
12540,280173,The Afghan,author,Frederick Forsyth,113290,484,844542,[],"[""Frederick McCarthy Forsyth""]",http://www.wikidata.org/entity/Q1192119,http://www.wikidata.org/entity/Q249197,The Afghan,Frederick Forsyth,934,20564,Who is the author of The Afghan?,"[""Frederick Forsyth"", ""Frederick McCarthy Forsyth""]",Frederick Forsyth.,Frederick Forsyth.,Frederick Forsyth is the author of *The Afghan*.,Frederick Forsyth.,Frederick Forsyth.,Frederick Forsyth.,Frederick Forsyth.,Frederick Forsyth is the author of *The Afghan*.,Frederick Forsyth.,Frederick Forsyth.,0,0,0,0,0,0,0,0,0,0,1.0,Frederick Forsyth.,CORRECT
1232,4494383,Hope,genre,espionage novel,1980520,91,232728,[],"[""spy novel"",""espionage literature""]",http://www.wikidata.org/entity/Q5899115,http://www.wikidata.org/entity/Q1426213,Hope (Deighton novel),,209,-2,What genre is Hope?,"[""espionage novel"", ""spy novel"", ""espionage literature""]",,,,,,Hope is a drama.,Hope is a drama.,Hope is a drama.,,,0,0,0,0,0,1,1,1,0,0,0.7,,NOT_ATTEMPTED
798,6506233,Mélonin Noumonvi,place of birth,Paris,2921916,218,2874868,"[""Melonin Noumonvi""]","[""City of Light"",""Paris, France""]",http://www.wikidata.org/entity/Q963461,http://www.wikidata.org/entity/Q90,Mélonin Noumonvi,Paris,366,265592,In what city was Mélonin Noumonvi born?,"[""Paris"", ""City of Light"", ""Paris, France""]",Paris.,Brazzaville.,Mélonin Noumonvi was born in Cotonou.,Paris.,Paris.,Cayenne.,Mélonin Noumonvi was born in Pointe-à-Pitre,"Mélonin Noumonvi was born in Fort‑de‑France, Martinique.","Mélonin Noumonvi was born in Paris, France.",Paris.,0,1,2,0,0,3,4,5,0,0,0.5,Paris.,CORRECT
14091,122728,San Mateo County,capital,Redwood City,48720,422,1589383,"[""San Mateo County, California""]","[""Redwood City, California""]",http://www.wikidata.org/entity/Q108101,http://www.wikidata.org/entity/Q505549,"San Mateo County, California","Redwood City, California",12791,16734,What is the capital of San Mateo County?,"[""Redwood City"", ""Redwood City, California""]",Redwood City.,Redwood City.,Redwood City.,Redwood City.,Redwood City.,The county seat (capital) of San Mateo County is Redwood City.,San Mateo County's capital is Redwood City.,San Mateo County’s capital (county seat) is Redwood City.,The county seat (capital) of San Mateo County is Redwood City.,San Mateo County’s capital (county seat) is Redwood City.,0,0,0,0,0,0,0,0,0,0,1.0,Redwood City.,CORRECT
9234,2281688,The Key,screenwriter,Jan de Hartog,995529,533,210009,"[""Key""]","[""F.R. Eckmar""]",http://www.wikidata.org/entity/Q3020193,http://www.wikidata.org/entity/Q1375319,The Key (1958 film),Jan de Hartog,1577,797,Who was the screenwriter for The Key?,"[""Jan de Hartog"", ""F.R. Eckmar""]",The screenplay for *The Key* was written by Carl Foreman.,,,,The screenwriter for *The Key* was Michael Wilson.,The screenwriter for The Key was Carl Foreman.,Ernest Lehman.,The screenplay for *The Key* was written by Carl Foreman.,The screenwriter for *The Key* was Carl Foreman.,The screenplay for *The Key* was written by Richard Brooks.,0,1,1,1,2,0,3,0,0,4,0.4,The screenplay for *The Key* was written by Carl Foreman.,INCORRECT
9644,396571,Enduring Love,screenwriter,Joe Penhall,159576,533,1220298,[],"[""Joe Scott Penhall""]",http://www.wikidata.org/entity/Q129813,http://www.wikidata.org/entity/Q3808679,Enduring Love (film),Joe Penhall,12668,3372,Who was the screenwriter for Enduring Love?,"[""Ian McEwan"", ""Ian Russell McEwan"", ""Joe Penhall"", ""Joe Scott Penhall""]",The screenplay for *Enduring Love* was written by Ian McEwan.,The screenplay for *Enduring Love* was written by David Hare.,The screenplay for *Enduring Love* was written by Peter Hearn.,The screenplay for *Enduring Love* was written by Ian McEwan.,Ian McEwan.,The screenplay for *Enduring Love* was written by Jeff Pope.,Joe Penhall.,,Joe Penhall.,,0,1,2,0,0,3,4,5,4,5,0.3,The screenplay for *Enduring Love* was written by Ian McEwan.,INCORRECT
1154,2541355,Noise,genre,trip hop,1097778,91,721329,[],"[""Bristol sound"",""trip-hop""]",http://www.wikidata.org/entity/Q3342764,http://www.wikidata.org/entity/Q205560,Noise (Archive album),Trip hop,417,33715,What genre is Noise?,"[""trip hop"", ""Bristol sound"", ""trip-hop""]","Noise is a genre of experimental music characterized by the use of unconventional sounds, distortion, and abrasive textures.","Noise is a genre of experimental music characterized by the use of harsh, non‑musical sounds and textures.","Noise is an experimental music genre characterized by the use of unconventional sounds, distortion, and abrasive textures.",Noise is a genre of experimental music known as noise music.,"Noise is a genre of experimental music characterized by the use of dissonant, abrasive, and non-musical sounds.","Noise is an experimental music genre characterized by the use of unconventional sounds, distortion, and atonal textures.","Noise is a genre of experimental music that emphasizes harsh, abrasive, and unconventional sounds.","Noise is an experimental music genre characterized by the use of unconventional sounds, distortion, and abrasive textures.","Noise is an experimental music genre characterized by the use of distortion, atonality, and unconventional sound textures.","Noise is an experimental music genre characterized by abrasive, distorted, and atonal sounds.",0,0,0,0,0,1,1,0,1,1,0.6,"Noise is a genre of experimental music characterized by the use of unconventional sounds, distortion, and abrasive textures.",INCORRECT
3827,4925200,Märstetten,country,Switzerland,2172064,182,1242173,"[""M\u00e4rstetten TG"",""Marstetten"",""Maerstetten""]","[""Swiss Confederation"",""SUI"",""Suisse"",""Schweiz"",""Svizzera"",""Swiss"",""CHE"",""CH"",""Confoederatio Helvetica""]",http://www.wikidata.org/entity/Q64992,http://www.wikidata.org/entity/Q39,Märstetten,Switzerland,97,354820,In what country is Märstetten?,"[""Switzerland"", ""Swiss Confederation"", ""SUI"", ""Suisse"", ""Schweiz"", ""Svizzera"", ""Swiss"", ""CHE"", ""CH"", ""Confoederatio Helvetica""]",Märstetten is located in Switzerland.,Märstetten is located in Switzerland.,Switzerland.,Switzerland.,Switzerland.,Märstetten is located in Switzerland.,Switzerland.,Switzerland.,Switzerland.,Switzerland.,0,0,0,0,0,0,0,0,0,0,1.0,Märstetten is located in Switzerland.,CORRECT
9909,282690,The General,screenwriter,John Boorman,114281,533,1840073,"[""General""]",[],http://www.wikidata.org/entity/Q1193842,http://www.wikidata.org/entity/Q55277,The General (1998 film),John Boorman,3418,16479,Who was the screenwriter for The General?,"[""John Boorman""]",Buster Keaton (with co‑writer Clyde Bruckman) was the screenwriter for,The General was written by Buster Keaton and Clyde Bruckman.,The 1926 film *The General* was written by,The film *The General* was written by Buster,,The screenplay for The General was written by Buster Keaton and Edward Sedgwick,The General was written by Buster Keaton and Clyde Bruckman.,The screenwriters were Buster Keaton and Clyde Bruckman.,The screenwriters for *The General* were Buster Keaton and Edward Sedgwick.,Clyde Bruckman.,0,0,1,2,3,2,0,0,2,0,0.5,Buster Keaton (with co‑writer Clyde Bruckman) was the screenwriter for,INCORRECT
7655,3769862,Colorado,director,Joseph Kane,1640308,526,1854461,[],"[""Jasper Joseph Inman Kane""]",http://www.wikidata.org/entity/Q5148689,http://www.wikidata.org/entity/Q555092,Colorado (film),Joseph Kane,291,686,Who was the director of Colorado?,"[""Joseph Kane"", ""Jasper Joseph Inman Kane""]",The 1940 film *Colorado* was directed by William A. Wellman.,,The film,,Joseph Kane.,The 1948 film *Colorado* was directed by William A. Wellman.,,The director of the film *Colorado* was Joseph,,Joseph Kane.,0,1,2,1,3,4,1,5,1,3,0.4,,NOT_ATTEMPTED
2853,412570,"Mary, Queen of Scots",father,James V of Scotland,166772,257,211592,"[""Mary Stuart"",""Mary I of Scotland"",""Mary Queen of Scots"",""Mary"",""Mary, Queen of Scotland"",""Queen Mary""]","[""James Stewart"",""James V"",""Goodman of Ballengeich""]",http://www.wikidata.org/entity/Q131412,http://www.wikidata.org/entity/Q137814,"Mary, Queen of Scots",James V of Scotland,304392,38272,"Who is the father of Mary, Queen of Scots?","[""James V of Scotland"", ""James Stewart"", ""James V"", ""Goodman of Ballengeich""]",James V of Scotland.,"Mary, Queen of Scots’ father was King James V of Scotland.","Mary, Queen of Scots’ father was King James V of Scotland.",James V of Scotland.,"James V of Scotland was the father of Mary, Queen of Scots.",James V of Scotland.,"James V of Scotland was the father of Mary, Queen of Scots.","Mary, Queen of Scots’ father was James V of Scotland.","Mary, Queen of Scots' father was King James V of Scotland.",James V of Scotland.,0,0,0,0,0,0,0,0,0,0,1.0,James V of Scotland.,CORRECT
13674,6503240,Benin,capital,Porto-Novo,2920830,422,1218000,"[""Republic of Benin"",""Dahomey"",""bj"",""\ud83c\udde7\ud83c\uddef"",""BEN""]","[""Hogbonou"",""Adjac\u00e9"",""Adjace"",""Hogbonu"",""\u00c0j\u00e0sh\u00e9 Il\u00e9""]",http://www.wikidata.org/entity/Q962,http://www.wikidata.org/entity/Q3799,Benin,Porto-Novo,83376,6470,What is the capital of Benin?,"[""Porto-Novo"", ""Hogbonou"", ""Adjacé"", ""Adjace"", ""Hogbonu"", ""Àjàshé Ilé""]",The capital of Benin is Porto‑Novo.,Porto‑Novo.,Porto‑Novo.,Porto‑Novo.,The capital of Benin is Porto‑Novo.,Porto‑Novo is the capital of Benin.,The capital of Benin is Porto‑Novo.,Porto‑Novo.,Porto‑Novo.,Porto‑Novo is the capital of Benin.,0,0,0,0,0,0,0,0,0,0,1.0,The capital of Benin is Porto‑Novo.,CORRECT
13041,529572,What I Was,author,Meg Rosoff,216608,484,1395497,[],[],http://www.wikidata.org/entity/Q138743,http://www.wikidata.org/entity/Q470302,What I Was,Meg Rosoff,167,1122,Who is the author of What I Was?,"[""Meg Rosoff""]",The author of *What I Was* is James Frey.,,,,,,The author of *What I Was* is James Frey.,,,,0,1,1,1,1,1,0,1,1,1,0.8,,NOT_ATTEMPTED
10518,1622787,Step Across the Border,composer,Fred Frith,722355,639,1351797,[],"[""Jeremy Webster \""Fred\"" Frith"",""Jeremy Webster Frith""]",http://www.wikidata.org/entity/Q2058578,http://www.wikidata.org/entity/Q460325,Step Across the Border,Fred Frith,332,3336,Who was the composer of Step Across the Border?,"[""Fred Frith"", ""Jeremy Webster \""Fred\"" Frith"", ""Jeremy Webster Frith""]",Joe Strummer.,Fred Frith.,Fred Frith.,,The composer of *Step Across the Border* is Fred Frith.,Fred Frith.,Fred Frith.,Fred Frith.,Fred Frith.,The composer of *Step Across the Border* is Fred Frith.,0,1,1,2,1,1,1,1,1,1,0.8,Fred Frith.,CORRECT
11507,2748925,Bob Priddy,sport,basketball,1180871,560,1762290,[],"[""hoops"",""b-ball"",""basket ball"",""BB"",""Basketball""]",http://www.wikidata.org/entity/Q3641332,http://www.wikidata.org/entity/Q5372,Bob Priddy (basketball),Basketball,78,149310,What sport does Bob Priddy play?,"[""basketball"", ""hoops"", ""b-ball"", ""basket ball"", ""BB"", ""Basketball""]",Bob Priddy played rugby league.,Bob Priddy plays rugby league.,Baseball.,Bob Priddy is a baseball player.,Baseball.,Baseball.,Baseball.,Bob Priddy played baseball.,Baseball.,Baseball.,0,0,1,1,1,1,1,1,1,1,0.8,Baseball.,INCORRECT
8620,2897580,Parlami d'Amore,screenwriter,Silvio Muccino,1241308,533,127495,"[""Parlami d'amore""]",[],http://www.wikidata.org/entity/Q3896159,http://www.wikidata.org/entity/Q1217703,Parlami d'amore,Silvio Muccino,200,1459,Who was the screenwriter for Parlami d'Amore?,"[""Silvio Muccino""]",Silvio Muccino.,The screenplay for *Parlami d’Amore* was written by Silvio Muccino.,Silvio Muccino.,The screenplay for Parlami,Silvio Muccino.,Silvio Muccino.,Leonardo Pieraccioni.,Silvio Muccino.,The film *Parlami d’Amore* was written by Leonardo Pieraccioni.,,0,0,0,1,0,0,2,0,2,3,0.6,Silvio Muccino.,CORRECT
10853,3193225,The Village,composer,James Newton Howard,1367746,639,746455,"[""Village"",""The Village (film)"",""The Village (2004 film)""]","[""Jim Howard""]",http://www.wikidata.org/entity/Q465227,http://www.wikidata.org/entity/Q213869,The Village (2004 film),James Newton Howard,101240,25364,Who was the composer of The Village?,"[""James Newton Howard"", ""Jim Howard""]",The composer of *The Village* is James Newton Howard.,The composer of *The Village* is James Newton Howard.,The composer of *The Village* is James Newton Howard.,James Newton Howard composed the score for *The Village*.,The composer of *The Village* is James Newton Howard.,Moby.,The composer of *The Village* is James Newton Howard.,The composer of *The Village* is James Newton Howard.,James Newton Howard.,James Newton Howard.,0,0,0,0,0,1,0,0,0,0,0.9,The composer of *The Village* is James Newton Howard.,CORRECT
11790,1111661,Guyana women's national field hockey team,sport,field hockey,484537,560,245319,[],"[""hockey""]",http://www.wikidata.org/entity/Q16934617,http://www.wikidata.org/entity/Q1455,Guyana women's national field hockey team,Field hockey,85,35031,What sport does Guyana women's national field hockey team play?,"[""field hockey"", ""hockey""]",The Guyana women's national team competes in field hockey.,They compete in field hockey.,The Guyana women's national team competes in field hockey.,They compete in field hockey.,The Guyana women's national team competes in field hockey.,The Guyana women's national team competes in the sport of field hockey.,They compete in field hockey.,They play field hockey.,They compete in field hockey.,They play field hockey.,0,0,0,0,0,0,0,0,0,0,1.0,The Guyana women's national team competes in field hockey.,CORRECT
10008,2350255,The Report,screenwriter,Abbas Kiarostami,1024184,533,1835836,"[""Report""]",[],http://www.wikidata.org/entity/Q3107469,http://www.wikidata.org/entity/Q55210,The Report (1977 film),Abbas Kiarostami,555,15543,Who was the screenwriter for The Report?,"[""Abbas Kiarostami""]",Stephen Z. Burns.,Scott Z. Burns.,,Scott Z. Burns.,The screenwriter for *The Report* was Stephen Katz.,Scott Z. Burns.,Scott Z. Burns.,Scott Z. Burns.,The screenwriter for *The Report* was Scott Z. Burns.,Scott Z. Burns.,0,1,2,1,3,1,1,1,1,1,0.7,Scott Z. Burns.,INCORRECT
2916,1425603,Edward the Elder,father,Alfred the Great,637563,257,2837531,"[""Edward"",""King Edward""]","[""King of Wessex Aelfred"",""King of England Alfred"",""Alfred the Wise"",""King of England Aelfred"",""King of England Alfred the Great"",""Alfred the Great of Wessex"",""Alfred"",""Alfred King"",""King Alfred"",""Alfred den Store""]",http://www.wikidata.org/entity/Q187114,http://www.wikidata.org/entity/Q83476,Edward the Elder,Alfred the Great,55823,153954,Who is the father of Edward the Elder?,"[""Alfred the Great"", ""King of Wessex Aelfred"", ""King of England Alfred"", ""Alfred the Wise"", ""King of England Aelfred"", ""King of England Alfred the Great"", ""Alfred the Great of Wessex"", ""Alfred"", ""Alfred King"", ""King Alfred"", ""Alfred den Store""]",Alfred the Great.,Edward the Elder’s father was Alfred the Great.,Alfred the Great.,Alfred the Great.,Alfred the Great.,Edward the Elder’s father was King Alfred the Great of Wessex.,Edward the Elder's father was King Alfred the Great of Wessex.,Alfred the Great.,Alfred the Great.,Edward the Elder’s father was Alfred the Great.,0,0,0,0,0,0,0,0,0,0,1.0,Alfred the Great.,CORRECT
9468,1964088,Made,screenwriter,Jon Favreau,862868,533,979274,[],"[""Jonathan Favreau"",""Jonathan Kolia Favreau""]",http://www.wikidata.org/entity/Q2557556,http://www.wikidata.org/entity/Q295964,Made (2001 film),Jon Favreau,7222,171681,Who was the screenwriter for Made?,"[""Jon Favreau"", ""Jonathan Favreau"", ""Jonathan Kolia Favreau""]",Jon Favreau.,Jon Favreau.,The screenwriter for *Made* was Mark Boal.,Jon Favreau.,The screenwriter for *Made* was Jon Favreau.,Jon Favreau.,Jon Favreau.,Jon Favreau.,Jon Favreau.,The screenwriter for *Made* was Jon Favreau.,0,0,1,0,0,0,0,0,0,0,0.9,Jon Favreau.,CORRECT
9035,5944732,The Night They Raided Minsky's,screenwriter,Norman Lear,2667446,533,147295,"[""Night They Raided Minsky's""]","[""Norman Milton Lear""]",http://www.wikidata.org/entity/Q7754113,http://www.wikidata.org/entity/Q1270283,The Night They Raided Minsky's,Norman Lear,2923,38110,Who was the screenwriter for The Night They Raided Minsky's?,"[""Norman Lear"", ""Norman Milton Lear""]",The screenplay for *The Night They Raided Minsky’s* was written by William Bowers.,The screenplay was written by George Wells.,The film was written by screenwriter William Peter Blatty.,The screenwriter for *The Night They Raided Minsky’s* was Bernard Gordon.,The film “The Night They Raided Minsky’s” was written by screenwriter William Peter Blatty.,,,William Peter Bl,James Poe.,The screenplay for The Night They Raided Minsky’s was written by Robert E. Kent.,0,1,2,3,2,4,4,2,5,6,0.3,The film was written by screenwriter William Peter Blatty.,INCORRECT
13499,5502218,Margaret of Sicily,mother,Isabella of England,2450026,292,809631,"[""Margaret of Germany""]","[""ISABELLA d'Inghilterra, regina di Sicilia, imperatrice""]",http://www.wikidata.org/entity/Q72589,http://www.wikidata.org/entity/Q237858,Margaret of Sicily,Isabella of England,1152,3358,Who is the mother of Margaret of Sicily?,"[""Isabella of England"", ""ISABELLA d'Inghilterra, regina di Sicilia, imperatrice""]",,Isabella,"Isabella of England, daughter of King John, was the mother of Margaret of Sicily.",,Her mother was Isabella of England,Isabella of England.,Isabella of England.,,,Isabella of England.,0,1,2,0,2,2,2,0,0,2,0.5,"Isabella of England, daughter of King John, was the mother of Margaret of Sicily.",CORRECT
13115,5053775,Magic,author,William Goldman,2233006,484,1596968,[],"[""S. Morgenstern"",""Harry Longbaugh""]",http://www.wikidata.org/entity/Q6730586,http://www.wikidata.org/entity/Q506885,Magic (novel),William Goldman,842,17712,Who is the author of Magic?,"[""William Goldman"", ""S. Morgenstern"", ""Harry Longbaugh""]",,,,,,,,The author of *Magic* is Rhonda Byrne.,The author of *Magic* is Rhonda Byrne.,,0,0,0,0,0,0,0,1,1,0,0.8,,NOT_ATTEMPTED
10485,5032354,The Circus,composer,Charlie Chaplin,2222748,639,2865458,"[""Circus""]","[""Charles Spencer Chaplin"",""Charles Chaplin"",""Sir Charles Spencer Chaplin""]",http://www.wikidata.org/entity/Q669929,http://www.wikidata.org/entity/Q882,The Circus (1928 film),Charlie Chaplin,3534,273103,Who was the composer of The Circus?,"[""Charlie Chaplin"", ""Charles Spencer Chaplin"", ""Charles Chaplin"", ""Sir Charles Spencer Chaplin""]",The composer of “The Circus” is John Philip Sousa.,The music for The Circus was composed by Carl W. Stalling.,,Charlie Chaplin.,Charlie Chaplin composed the music for *The Circus*.,The composer of *The Circus* was Charlie Chaplin.,Charlie Chaplin.,The composer of *The Circus* was Charlie Chaplin.,The music for *The Circus* was composed by Charlie Chaplin.,The composer of *The Circus* was Charlie Chaplin.,0,1,2,3,3,3,3,3,3,3,0.7,Charlie Chaplin.,CORRECT
9397,403815,Le Divorce,screenwriter,James Ivory,162699,533,1643619,"[""Divorce""]",[],http://www.wikidata.org/entity/Q1306265,http://www.wikidata.org/entity/Q51577,Le Divorce,James Ivory,2674,20319,Who was the screenwriter for Le Divorce?,"[""Ruth Prawer Jhabvala"", ""James Ivory""]",The screenwriter for *Le Divorce* was James Schamus.,The screenplay for *Le Divorce* was written by Ruth Prawer Jhabvala.,The screenplay for *Le Divorce* was written by Ruth Prawer Jhabvala.,James Schamus was the screenwriter for Le Divorce.,The screenplay for *Le Divorce* was written by Ruth Prawer Jhabvala.,The screenwriter for *Le Divorce* was Ruth Prawer Jhabvala.,James DeMonaco.,James Ivory.,James Ivory.,James C. Katz.,0,1,1,0,1,1,2,3,3,4,0.4,The screenplay for *Le Divorce* was written by Ruth Prawer Jhabvala.,INCORRECT
2303,3015392,Ministry,genre,industrial metal,1291163,91,731910,[],"[""Industrial Metal""]",http://www.wikidata.org/entity/Q425772,http://www.wikidata.org/entity/Q208494,Ministry (band),Industrial metal,47939,15760,What genre is Ministry?,"[""industrial metal"", ""Industrial Metal""]",Ministry is primarily an industrial metal band.,Ministry is primarily an industrial metal band.,Ministry is primarily classified as an industrial metal band.,Ministry is primarily classified as an industrial metal band.,Ministry is primarily classified as an industrial metal band.,Ministry is primarily an industrial metal band.,Ministry is primarily an industrial metal band.,Ministry is primarily classified as an industrial metal band.,Ministry is primarily classified as an industrial metal band.,Ministry is primarily an industrial metal band.,0,0,0,0,0,0,0,0,0,0,1.0,Ministry is primarily an industrial metal band.,CORRECT
620,224059,Petar Stambolić,place of birth,Ivanjica,90653,218,1302,"[""Petar Stambolic""]",[],http://www.wikidata.org/entity/Q115471,http://www.wikidata.org/entity/Q1002841,Petar Stambolić,Ivanjica,2254,1136,In what city was Petar Stambolić born?,"[""Ivanjica""]","Petar Stambolić was born in Ljubiš,",Petar Stambolić was born in the city of Ub.,,,,"Petar Stambolić was born in the village of Taraš, near Užice, in what was then the Kingdom",,Petar Stambolić was born in Belgrade.,,"Petar Stambolić was born in Taraš, Serbia.",0,1,2,2,2,3,2,4,2,5,0.5,,NOT_ATTEMPTED
4393,780737,Salem,producer,Brannon Braga,332859,164,1777608,[],[],http://www.wikidata.org/entity/Q15711326,http://www.wikidata.org/entity/Q540510,Salem (TV series),Brannon Braga,16957,8483,Who was the producer of Salem?,"[""Brannon Braga""]",John Davis.,,The series *Salem*,The series “Salem” was produced by John Leary.,Adam Simon.,The series *Salem* was produced by Adam Simon.,The television series *Salem* was produced by Adam Simon.,Adam Simon.,,Adam Simon.,0,1,2,2,3,3,3,3,1,3,0.5,Adam Simon.,INCORRECT
7712,3294045,Osh,capital of,Osh Region,1413202,97,793125,[],"[""Osh Province""]",http://www.wikidata.org/entity/Q47282,http://www.wikidata.org/entity/Q231987,Osh,Osh Region,5244,1267,What is Osh the capital of?,"[""Osh Region"", ""Osh Province""]",Osh is not the capital of any country; it is a city in Kyrgyzstan.,Osh is not a capital; it is a city in Kyrgyzstan.,Osh is the capital of Osh Region in Kyrgyzstan.,"Osh is not the capital of any country; it is a major city in Kyrgyzstan, whose capital is Bishkek.","Osh is not a capital city; it is a major city in Kyrgyzstan, while the capital of Kyrgyzstan is Bishkek.",Osh is not a capital; it is a major city in Kyrgyzstan.,Osh is the capital of Osh Region in Kyrgyzstan.,Osh is the capital of Osh Region in Kyrgyzstan.,"Osh is not the capital of any country—it is a major city in Kyrgyzstan, whose capital is Bishkek.",Osh is the capital of the Osh Region in Kyrgyzstan.,0,0,1,0,0,0,1,1,0,1,0.6,Osh is not the capital of any country; it is a city in Kyrgyzstan.,INCORRECT
5933,1497050,The Distance,director,Larysa Kondracki,667693,526,2170027,[],[],http://www.wikidata.org/entity/Q19366104,http://www.wikidata.org/entity/Q6491988,The Distance (The Walking Dead),Larysa Kondracki,1932,799,Who was the director of The Distance?,"[""Larysa Kondracki""]",,,,The director of *The Distance* is Michael R. Barnes.,The director of *The Distance* was,The 2010 film *The Distance* was directed by Alex Ranarivelo.,The director of *The Distance* was Michael K. O,The director of *The Distance* is Alex Ranarivelo.,,,0,0,0,1,2,2,2,3,0,0,0.5,,NOT_ATTEMPTED
5194,595358,Are You Here,producer,Zach Galifianakis,243678,164,219664,[],"[""Zacharius Knight Galifinakis"",""Zachary Knight Galifianakis""]",http://www.wikidata.org/entity/Q14509721,http://www.wikidata.org/entity/Q139325,Are You Here,Zach Galifianakis,4891,104506,Who was the producer of Are You Here?,"[""Zach Galifianakis"", ""Zacharius Knight Galifinakis"", ""Zachary Knight Galifianakis"", ""Owen Wilson"", ""Owen Cunningham Wilson"", ""Amy Poehler"", ""Amy Meredith Poehler""]",,Scott Kauffman.,,,,,,,The film “Are You Here” was produced by Michael London.,The film *Are You Here* was produced by Michael London.,0,1,0,0,0,0,0,0,2,2,0.7,,NOT_ATTEMPTED
7549,1238243,The Ghost,director,Riccardo Freda,550370,526,2569864,"[""Ghost"",""Lo spettro""]",[],http://www.wikidata.org/entity/Q1750500,http://www.wikidata.org/entity/Q750983,The Ghost (1963 film),Riccardo Freda,586,708,Who was the director of The Ghost?,"[""Riccardo Freda""]",The director of *The Ghost* was Johnnie To.,,,,,The director of *The Ghost* is Andrew Lau.,,,,,0,1,1,1,1,2,1,1,1,1,0.8,,NOT_ATTEMPTED
6660,287649,The Toy,director,Richard Donner,116249,526,882404,"[""Toy""]","[""Richard Donald Schwartzberg""]",http://www.wikidata.org/entity/Q1197013,http://www.wikidata.org/entity/Q262130,The Toy (1982 film),Richard Donner,5148,30967,Who was the director of The Toy?,"[""Richard Donner"", ""Richard Donald Schwartzberg""]",The director of *The Toy* (1982) is Francis Veber.,The Toy was directed by Richard Donner.,,The Toy was directed by Richard Donner.,,The Toy was directed by Richard Donner.,,The Toy was directed by Richard Donner.,,Francis Veber.,0,1,2,1,2,1,2,1,2,0,0.4,The Toy was directed by Richard Donner.,CORRECT
4262,2479208,Criminal,producer,Steven Soderbergh,1072823,164,19659,[],"[""Steven Andrew Soderbergh"",""Peter Andrews"",""Mary Ann Bernard""]",http://www.wikidata.org/entity/Q3271467,http://www.wikidata.org/entity/Q103917,Criminal (2004 film),Steven Soderbergh,1891,66941,Who was the producer of Criminal?,"[""Steven Soderbergh"", ""Steven Andrew Soderbergh"", ""Peter Andrews"", ""Mary Ann Bernard"", ""George Clooney"", ""George Timothy Clooney""]",,Chris Clark.,,The series “Criminal” was produced by,,,,,,,0,1,0,2,0,0,0,0,0,0,0.8,,NOT_ATTEMPTED
4846,5770009,Nine,producer,Rob Marshall,2576966,164,1155958,[],[],http://www.wikidata.org/entity/Q752989,http://www.wikidata.org/entity/Q353501,Nine (2009 live-action film),Rob Marshall,17560,16786,Who was the producer of Nine?,"[""Maury Yeston"", ""Rob Marshall""]",The film *Nine* (2009) was produced by Scott Rudin.,The film *Nine* (2009) was produced by Scott R,,,Michael De Luca.,Scott Rudin.,The film “Nine” (2009) was produced by,,The film *Nine* was produced by Michael De L,Michael De Luca.,0,0,1,1,2,0,0,1,2,2,0.4,The film *Nine* (2009) was produced by Scott Rudin.,INCORRECT
7455,2035568,Under Age,director,Edward Dmytryk,891808,526,2434232,[],[],http://www.wikidata.org/entity/Q2648933,http://www.wikidata.org/entity/Q72229,Under Age (1941 film),Edward Dmytryk,157,5367,Who was the director of Under Age?,"[""Edward Dmytryk""]",,The director of *,,,,The director of *Under Age*,The director of *Under Age* was Michael Pataki.,,The film *,,0,1,0,0,0,1,1,0,0,0,0.7,,NOT_ATTEMPTED
6854,2342696,Genesis,director,Mrinal Sen,1021479,526,2935334,[],[],http://www.wikidata.org/entity/Q3100549,http://www.wikidata.org/entity/Q982809,Genesis (1986 film),Mrinal Sen,591,8313,Who was the director of Genesis?,"[""Mrinal Sen""]",,,,,The director of the film *Genesis* (1999) is Dror Zahavi.,,,,,,0,0,0,0,1,0,0,0,0,0,0.9,,NOT_ATTEMPTED
2999,3065273,Konstanty Władysław Filip Sobieski,father,John III Sobieski,1309687,257,1747733,[],"[""Jan III Sobieski"",""King of Poland John Sobieski"",""King of Poland John III Sobieski"",""King of Poland Jan III"",""roi de Pologne Jean III"",""III Sobjeskis, Pokaralis Jans"",""King of Poland John III"",""King of Poland Jana III"",""Sobieski, re di Polonia Jan III"",""kr\u00f3l Polski Jan III Sobieski"",""III Sobjeskis, Polijas karalis Jans""]",http://www.wikidata.org/entity/Q4381376,http://www.wikidata.org/entity/Q53454,Konstanty Władysław Sobieski,John III Sobieski,312,14935,Who is the father of Konstanty Władysław Filip Sobieski?,"[""John III Sobieski"", ""Jan III Sobieski"", ""King of Poland John Sobieski"", ""King of Poland John III Sobieski"", ""King of Poland Jan III"", ""roi de Pologne Jean III"", ""III Sobjeskis, Pokaralis Jans"", ""King of Poland John III"", ""King of Poland Jana III"", ""Sobieski, re di Polonia Jan III"", ""król Polski Jan III Sobieski"", ""III Sobjeskis, Polijas karalis Jans""]",John III Sobieski.,His father was,His father was King John III Sobieski.,His father was King John III Sobieski of Poland.,John III Sobieski.,John III Sobieski.,,His father was King John III Sob,Konstanty Władysław Filip Sobieski was the son,Konstanty Władysław Filip Sobieski was the son of King John,0,1,1,1,0,0,2,1,3,3,0.4,His father was,NOT_ATTEMPTED
1612,5003786,Living Space,genre,science fiction,2209107,91,844831,[],"[""SF"",""scifi"",""sci Fi"",""sci-Fi"",""science-fiction"",""sci fi"",""sciencefiction""]",http://www.wikidata.org/entity/Q6659282,http://www.wikidata.org/entity/Q24925,Living Space,Science fiction,695,155784,What genre is Living Space?,"[""science fiction"", ""SF"", ""scifi"", ""sci Fi"", ""sci-Fi"", ""science-fiction"", ""sci fi"", ""sciencefiction""]",Living Space is a science‑fiction work.,Science fiction.,Living Space is a science‑fiction board game.,Living Space is a reality‑television series.,Living Space is a science‑fiction work.,,,Science fiction.,Living Space is a science‑fiction novel.,Living Space is a documentary series.,0,0,1,2,0,3,3,1,0,4,0.4,Living Space is a science‑fiction work.,CORRECT
4302,1152471,Svengali,producer,Jonny Owen,509496,164,2089464,[],[],http://www.wikidata.org/entity/Q17022598,http://www.wikidata.org/entity/Q6275805,Svengali (2013 film),Jonny Owen,965,6096,Who was the producer of Svengali?,"[""Jonny Owen""]",Carl Laemmle Jr. was the producer of Svengali.,,The producer of Svengali was Irving Thalberg.,Carl Laemmle Jr. was the producer of the 1931 film Svengali.,The producer of *Svengali* was Carl Laemmle Jr.,The producer of *Svengali* was Irving Thalberg.,Irving Thalberg was the producer of the film Svengali.,The producer of *Svengali* was Carl Laemmle Jr.,The producer of *Svengali* was Carl Laemmle Jr.,,0,1,2,0,0,2,2,0,0,1,0.5,Carl Laemmle Jr. was the producer of Svengali.,INCORRECT
9386,6084373,Us,screenwriter,Michael Landon,2736868,533,1133726,[],"[""Eugene Maurice Orowitz""]",http://www.wikidata.org/entity/Q7901638,http://www.wikidata.org/entity/Q346411,Us (1991 film),Michael Landon,927,134305,Who was the screenwriter for Us?,"[""Michael Landon"", ""Eugene Maurice Orowitz""]",Jordan Peele.,Jordan Peele.,Jordan Peele.,Jordan Peele.,Jordan Peele.,Jordan Peele.,Jordan Peele.,Jordan Peele.,Jordan Peele.,Jordan Peele was the screenwriter for *Us*.,0,0,0,0,0,0,0,0,0,0,1.0,Jordan Peele.,INCORRECT
11298,3058587,Matthew the Apostle,religion,Christianity,1307348,106,1582175,"[""Saint Matthew"",""Matthew"",""Matthew the Evangelist""]","[""Christian faith""]",http://www.wikidata.org/entity/Q43600,http://www.wikidata.org/entity/Q5043,Matthew the Apostle,Christianity,33854,213455,What is the religion of Matthew the Apostle?,"[""Christianity"", ""Christian faith""]",Christianity (he was a Jewish follower of Jesus who became one of the original apostles).,Christianity.,Christianity.,Christianity.,Christianity.,Matthew the Apostle was a Jew.,"Matthew the Apostle was a Christian, being one of the twelve apostles of Jesus.",Matthew the Apostle was a follower of Christianity.,Christianity.,Matthew the Apostle was a Christian.,0,0,0,0,0,1,2,2,2,2,0.5,Christianity (he was a Jewish follower of Jesus who became one of the original apostles).,CORRECT
172,2738003,Arcangelo Ghisleri,occupation,journalist,1176446,22,663400,[],"[""journo"",""journalists""]",http://www.wikidata.org/entity/Q3621417,http://www.wikidata.org/entity/Q1930187,Arcangelo Ghisleri,Journalist,85,24952,What is Arcangelo Ghisleri's occupation?,"[""journalist"", ""journo"", ""journalists""]",Arcangelo Ghisleri was an Italian journalist and politician.,Arcangelo Ghisleri was an Italian journalist and political activist.,Arcangelo Ghisleri was an Italian journalist and politician.,Arcangelo Ghisleri was an Italian journalist and politician.,Arcangelo Ghisleri is an Italian journalist.,Arcangelo Ghisleri is an Italian journalist.,Arcangelo Ghisleri is a journalist.,Arcangelo Ghisleri was an Italian journalist and politician.,Arcangelo Ghisleri is an Italian journalist.,Arcangelo Ghisleri is an Italian journalist.,0,0,0,0,0,0,0,0,0,0,1.0,Arcangelo Ghisleri was an Italian journalist and politician.,CORRECT
2193,2941035,A Hero of Our Times,genre,comedy film,1259340,91,336148,"[""Hero of Our Times"",""Un eroe dei nostri tempi""]","[""comedy movie""]",http://www.wikidata.org/entity/Q4003806,http://www.wikidata.org/entity/Q157443,A Hero of Our Times,Comedy film,215,36816,What genre is A Hero of Our Times?,"[""comedy film"", ""comedy movie""]",A Hero of Our Times is a Romantic‑era novel (a work of Russian Romanticism).,A Hero of Our Times is a Russian Romantic novel.,A Hero of Our Times is a Russian psychological novel (literary fiction).,A Hero of Our Times is a Romantic‑era novel (a work of Russian Romantic literature).,A Hero of Our Times is a Russian Romantic novel.,A Hero of Our Times is a Romantic‑era psychological novel.,A Hero of Our Times is a Russian Romantic novel.,A Hero of Our Times is a Romantic‑era novella (a work of Russian Romantic literature).,A Hero of Our Times is a Russian Romantic novel.,A Hero of Our Times is a Russian Romantic novel.,0,0,1,0,0,2,0,3,3,3,0.5,A Hero of Our Times is a Romantic‑era novel (a work of Russian Romanticism).,INCORRECT
12307,672890,Capital,author,John Lanchester,284721,484,505026,[],"[""John Henry Lanchester""]",http://www.wikidata.org/entity/Q15052527,http://www.wikidata.org/entity/Q1700782,Capital (novel),John Lanchester,1630,1962,Who is the author of Capital?,"[""John Lanchester"", ""John Henry Lanchester""]",Karl Marx.,Karl Marx is the author of *Capital*.,Karl Marx.,The author of *Capital* is Karl Marx.,Karl Marx.,Karl Marx is the author of *Capital*.,Karl Marx is the author of *Capital*.,Karl Marx is the author of *Capital*.,Karl Marx is the author of *Capital*.,Karl Marx.,0,0,0,0,0,0,0,0,0,0,1.0,Karl Marx.,INCORRECT
8563,3821577,D Day,screenwriter,Nikhil Advani,1667347,533,796522,[],"[""Nikkhil Suresh Advani""]",http://www.wikidata.org/entity/Q5207081,http://www.wikidata.org/entity/Q2332619,D-Day (2013 film),Nikkhil Advani,5475,13854,Who was the screenwriter for D Day?,"[""Nikhil Advani"", ""Nikkhil Suresh Advani""]",,,,,,,,,,,0,0,0,0,0,0,0,0,0,0,1.0,,NOT_ATTEMPTED
5525,3633765,Fresh,producer,Lawrence Bender,1575847,164,1640485,[],[],http://www.wikidata.org/entity/Q503199,http://www.wikidata.org/entity/Q514913,Fresh (1994 film),Lawrence Bender,6621,12812,Who was the producer of Fresh?,"[""Lawrence Bender""]",,,The producer of the film *Fresh,The track “Fresh” was produced by the members,,,,Larry Meistrich.,Larry Meistrich.,,0,0,1,2,0,0,0,3,3,0,0.6,,NOT_ATTEMPTED
1986,5450342,Piel,genre,telenovela,2423736,91,808588,[],"[""Spanish soap opera""]",http://www.wikidata.org/entity/Q7191634,http://www.wikidata.org/entity/Q23745,Piel (TV series),Telenovela,68,22256,What genre is Piel?,"[""telenovela"", ""Spanish soap opera""]",,Piel is a fantasy genre.,Piel is classified as a trance music,,Piel is a fantasy‑genre work.,,,,,,0,1,2,0,1,0,0,0,0,0,0.7,,NOT_ATTEMPTED
10125,1480899,I Bet,composer,Harmony Samuels,661204,639,1903538,[],"[""Harmony David Samuels"",""H-Money""]",http://www.wikidata.org/entity/Q19263704,http://www.wikidata.org/entity/Q5659606,I Bet (Ciara song),Harmony Samuels,1248,1451,Who was the composer of I Bet?,"[""Ciara"", ""Ciara Princess Harris"", ""Ciara Princess Wilson"", ""Harmony Samuels"", ""Harmony David Samuels"", ""H-Money""]",Chris Brown.,,,,,,,,,,0,1,1,1,1,1,1,1,1,1,0.9,,NOT_ATTEMPTED
8282,1417211,Troy,screenwriter,David Benioff,633774,533,1579944,[],"[""David Friedman""]",http://www.wikidata.org/entity/Q186587,http://www.wikidata.org/entity/Q503997,Troy (film),David Benioff,118889,65738,Who was the screenwriter for Troy?,"[""David Benioff"", ""David Friedman""]",David Benioff.,David Benioff.,David Benioff.,The screenwriter for *Troy* was David Benioff.,David Benioff.,The screenplay for *Troy* was written by David Benioff.,David Benioff.,David Benioff.,David Benioff.,The screenwriter for *Troy* was David Benioff.,0,0,0,0,0,0,0,0,0,0,1.0,David Benioff.,CORRECT
126,4626587,James M. Geraghty,occupation,politician,2039312,22,2834605,[],"[""political leader"",""political figure"",""polit."",""pol""]",http://www.wikidata.org/entity/Q6138430,http://www.wikidata.org/entity/Q82955,James M. Geraghty,Politician,66,25692,What is James M. Geraghty's occupation?,"[""lawyer"", ""attorney"", ""solicitor"", ""barrister"", ""lawyers"", ""politician"", ""political leader"", ""political figure"", ""polit."", ""pol""]",James M. Geraghty is a United States federal judge.,James M. Geraghty is an attorney (U,,James M. Ger,James M,James M. Geraghty is a United States federal judge.,James M. Geraghty is a United States federal judge serving on the U.S. District Court for the Eastern District of Michigan.,James M. Geraghty is an attorney.,James M. Geraghty is an American attorney,,0,1,2,2,1,0,0,1,1,2,0.4,James M. Geraghty is an attorney (U,CORRECT
8388,6298762,The Celebration,screenwriter,Thomas Vinterberg,2842045,533,1036958,"[""Celebration"",""Festen""]",[],http://www.wikidata.org/entity/Q841958,http://www.wikidata.org/entity/Q314287,Festen,Thomas Vinterberg,12282,17470,Who was the screenwriter for The Celebration?,"[""Thomas Vinterberg""]",,The Celebration was written by Thomas Vinterberg and Nicolas Winding,The screenwriter for *The Celebration* (Festen) was Thomas Vinter,The screenplay for The Celebration,The Celebration was written by Thomas Vinterberg and Lars von Trier.,The Celebration was written by Thomas Vinterberg and Lars von Trier.,Thomas Vinterberg.,Thomas Vinterberg.,,The screenplay for *The Celebration* was written by Thomas Vinterberg and Nicolas Winding Refn.,0,1,2,1,3,3,3,3,0,1,0.4,The Celebration was written by Thomas Vinterberg and Lars von Trier.,INCORRECT
9241,4576221,This Is the End,screenwriter,Seth Rogen,2018414,533,761879,[],"[""Seth Aaron Rogen""]",http://www.wikidata.org/entity/Q607363,http://www.wikidata.org/entity/Q220308,This Is the End,Seth Rogen,43461,145749,Who was the screenwriter for This Is the End?,"[""Seth Rogen"", ""Seth Aaron Rogen""]",The film *This Is the End* was written by Seth Rogen and Evan Goldberg.,The screenplay for *This Is the End* was written by Seth Rogen and Evan Goldberg.,The film *This Is the End* was written by Seth Rogen and Evan Goldberg.,The screenplay for *This Is the End* was written by Seth Rogen and Evan Goldberg.,The screenplay for *This Is the End* was written by Seth Rogen and Evan Goldberg.,The film *This Is the End* was written by Seth Rogen and Evan Goldberg.,The film *This Is the End* was written by Seth Rogen and Evan Goldberg.,The screenplay for *This Is the End* was written by Seth Rogen and Evan Goldberg.,The screenplay for *This Is the End* was written by Seth Rogen and Evan Goldberg.,The film *This Is the End* was written by Seth Rogen and Evan Goldberg.,0,0,0,0,0,0,0,0,0,0,1.0,The film *This Is the End* was written by Seth Rogen and Evan Goldberg.,INCORRECT
1029,1639512,William Bell Scott,place of birth,Edinburgh,728631,218,799769,"[""Will. Bell Scott"",""Bell Scott"",""Scott""]","[""Edinburg"",""Edinburgh, Scotland"",""City of Edinburgh"",""Edina"",""Modern Athens""]",http://www.wikidata.org/entity/Q2075556,http://www.wikidata.org/entity/Q23436,William Bell Scott,Edinburgh,676,114880,In what city was William Bell Scott born?,"[""Edinburgh"", ""Edinburg"", ""Edinburgh, Scotland"", ""City of Edinburgh"", ""Edina"", ""Modern Athens""]",Newcastle upon Tyne.,"William Bell Scott was born in Newcastle upon Tyne, England.",William Bell Scott was born in Newcastle upon Tyne.,Edinburgh.,William Bell Scott was born in Newcastle upon Tyne.,William Bell Scott was born in Newcastle upon Tyne.,William Bell Scott was born in Newcastle upon Tyne.,William Bell Scott was born in Newcastle upon Tyne.,"William Bell Scott was born in Edinburgh, Scotland.","William Bell Scott was born in Newcastle upon Tyne, England.",0,0,0,1,0,0,0,0,1,0,0.8,Newcastle upon Tyne.,INCORRECT
4871,3608876,Butterfly,producer,Matt Cimber,1562374,164,2262104,[],[],http://www.wikidata.org/entity/Q5002915,http://www.wikidata.org/entity/Q6788484,Butterfly (1982 film),Matt Cimber,5287,5193,Who was the producer of Butterfly?,"[""Matt Cimber""]",,,,,The producer of *Butterfly* was **George Martin**.,,,,,,0,0,0,0,1,0,0,0,0,0,0.9,,NOT_ATTEMPTED
6908,5916960,The City,director,Harvey Hart,2653300,526,342504,"[""City""]",[],http://www.wikidata.org/entity/Q7723147,http://www.wikidata.org/entity/Q1587909,The City (1977 film),Harvey Hart,193,431,Who was the director of The City?,"[""Harvey Hart""]",The director of *The City* is Ramin Bahrani.,Ralph Murphy.,,Michael Gill,Herbert Kline was the director of The City.,The City was directed by Ralph Steiner and Willard Van Dyke.,Frank Borzage.,The City was directed by Ralph Steiner and Willard,,Charles Brabin.,0,1,2,3,4,5,6,5,2,7,0.2,,NOT_ATTEMPTED
4952,805471,Queen,producer,Anurag Kashyap,343818,164,945262,[],[],http://www.wikidata.org/entity/Q15907466,http://www.wikidata.org/entity/Q2839609,Queen (2013 film),Anurag Kashyap,10356,54709,Who was the producer of Queen?,"[""Anurag Kashyap""]",Roy Thomas Baker.,Roy Thomas Baker was the producer best known for working with Queen.,Roy Thomas Baker.,The legendary producer who helped shape Queen’s sound was Roy Thomas Baker.,Roy Thomas Baker.,Roy Thomas Baker.,Roy Thomas Baker.,Roy Thomas Baker.,Roy Thomas Baker.,Roy Thomas Baker.,0,0,0,0,0,0,0,0,0,0,1.0,Roy Thomas Baker.,INCORRECT
11729,66701,Krasen Trifonov,sport,association football,26190,560,920845,[],"[""football"",""soccer""]",http://www.wikidata.org/entity/Q10492701,http://www.wikidata.org/entity/Q2736,Krasen Trifonov,Association football,70,197767,What sport does Krasen Trifonov play?,"[""association football"", ""football"", ""soccer""]",Krasen Trifonov is a professional football (soccer) player.,Krasen Trifonov plays football (soccer).,Krasen Trifonov is a football (soccer) player.,Krasen Trifonov plays football (soccer).,He plays football (soccer).,Krasen Trifonov plays football (soccer).,He plays football (soccer).,Football.,Krasen Trifonov plays football (soccer).,Football.,0,0,0,0,0,0,0,0,0,0,1.0,Krasen Trifonov is a professional football (soccer) player.,CORRECT
9396,246632,The Relic,screenwriter,Douglas Preston,99327,533,2541511,"[""Relic""]","[""Douglas Jerome Preston"",""Douglas J. Preston""]",http://www.wikidata.org/entity/Q1170168,http://www.wikidata.org/entity/Q742632,The Relic (film),Douglas Preston,12433,4806,Who was the screenwriter for The Relic?,"[""Douglas Preston"", ""Douglas Jerome Preston"", ""Douglas J. Preston"", ""Lincoln Child""]",The screenwriters for *The Relic* were Bill Warner and Wesley Strick.,The screenplay for *The Relic* was written by Gary Sherman and Dan Gordon.,,"The screenwriter for *The Relic* was Kevin J. Anderson, co‑written with Jim Thomas.",,The screenwriter for *The Relic* was Kevin J. Anderson.,The screenwriters for *The Relic* were John Crowley and Dan O'Bannon.,,,,0,1,2,3,2,3,4,2,2,2,0.5,,NOT_ATTEMPTED
11796,3208195,Abdoul Thiam,sport,association football,1374519,560,920845,[],"[""football"",""soccer""]",http://www.wikidata.org/entity/Q4665161,http://www.wikidata.org/entity/Q2736,Abdoul Thiam,Association football,58,197767,What sport does Abdoul Thiam play?,"[""association football"", ""football"", ""soccer""]",Abdoul Thiam plays football (soccer).,Abdoul Thiam is a professional football (soccer) player.,Abdoul Thiam is a professional football (soccer) player.,Abdoul Thiam is a football (soccer) player.,He plays football (soccer).,Abdoul Thiam is a professional football (soccer) player.,Abdoul Thiam is a professional football (soccer) player.,Abdoul Thiam is a professional football (soccer) player.,Abdoul Thiam is a football (soccer) player.,He is a football (soccer) player.,0,0,0,0,0,0,0,0,0,0,1.0,Abdoul Thiam plays football (soccer).,CORRECT
5003,2070408,Turn to You,producer,Justin Bieber,906892,164,1116133,[],"[""Justin Drew Bieber""]",http://www.wikidata.org/entity/Q2700174,http://www.wikidata.org/entity/Q34086,Turn to You (Mother's Day Dedication),Justin Bieber,192,554715,Who was the producer of Turn to You?,"[""Justin Bieber"", ""Justin Drew Bieber""]",,,,,,,,,,,0,0,0,0,0,0,0,0,0,0,1.0,,NOT_ATTEMPTED
5518,1832685,Exposure,producer,Robert Fripp,806981,164,713886,[],[],http://www.wikidata.org/entity/Q2368580,http://www.wikidata.org/entity/Q203185,Exposure (Robert Fripp album),Robert Fripp,2979,32918,Who was the producer of Exposure?,"[""Robert Fripp""]",The producer of Exposure was Mark Amin.,,,The film *Exposure* was produced by John Ketcham.,The producer of *Exposure* was John Daly.,,The producer of the,,,,0,1,1,2,3,1,3,1,1,1,0.6,,NOT_ATTEMPTED
5162,2139826,Disney's The Kid,producer,Jon Turteltaub,935676,164,1395287,"[""The Kid""]","[""Jonathan Charles \""Jon\"" Turteltaub"",""Jonathan Charles Turteltaub""]",http://www.wikidata.org/entity/Q280186,http://www.wikidata.org/entity/Q470251,Disney's The Kid,Jon Turteltaub,7114,6640,Who was the producer of Disney's The Kid?,"[""Jon Turteltaub"", ""Jonathan Charles \""Jon\"" Turteltaub"", ""Jonathan Charles Turteltaub""]",,The Kid was produced by Walt Disney.,Walt Disney.,Walt Disney.,The producer of Disney’s The Kid was Walt Disney.,Walt Disney.,The film was produced by Roger Birnbaum.,Walt Disney.,,Walt Disney.,0,1,1,1,1,1,2,1,0,1,0.7,The Kid was produced by Walt Disney.,INCORRECT
7985,20781,Madison,capital of,Lake County,8718,97,1537021,"[""Madison, South Dakota""]","[""Lake County, South Dakota""]",http://www.wikidata.org/entity/Q1020419,http://www.wikidata.org/entity/Q495246,"Madison, South Dakota","Lake County, South Dakota",1569,487,What is Madison the capital of?,"[""Lake County"", ""Lake County, South Dakota""]",Madison is the capital of the U.S. state of Wisconsin.,Madison is the capital of the U.S. state of Wisconsin.,Madison is the capital of Wisconsin.,Madison is the capital of Wisconsin.,Madison is the capital of Wisconsin.,Madison is the capital of Wisconsin.,Madison is the capital of the U.S. state of Wisconsin.,Madison is the capital of Wisconsin.,Madison is the capital of Wisconsin.,Madison is the capital of Wisconsin.,0,0,0,0,0,0,0,0,0,0,1.0,Madison is the capital of the U.S. state of Wisconsin.,INCORRECT
4663,2132337,Leaving,producer,Skrillex,932293,164,653118,[],"[""Sonny Moore"",""Sonny John Moore"",""Sonny""]",http://www.wikidata.org/entity/Q2783390,http://www.wikidata.org/entity/Q19004,Leaving (EP),Skrillex,786,55663,Who was the producer of Leaving?,"[""Skrillex"", ""Sonny Moore"", ""Sonny John Moore"", ""Sonny""]",,The producer,The producer of *Leaving* was Michele De Angelis.,,The producer of *Leaving,,The producer of *Leaving* was Ranjith.,,,,0,1,2,0,2,0,3,0,0,0,0.6,,NOT_ATTEMPTED
11053,3042621,Rumi,religion,Islam,1301510,106,1299818,"[""Jal\u0101laudd\u012bna R\u016bm\u012b"",""\u01e6al\u0101ladd\u012bn R\u016bm\u012b"",""Dzhalaliddin Rumi"",""Jalalu\u02bcddin Rumi"",""Gial\u00e2l ad-D\u00een R\u00fbm\u00ee"",""Jal\u00e1lu-\u02bcd-\u02bcD\u00edn Muhammad i R\u00fam\u00ed"",""Dzhaloluddin Rumi"",""Cel\u00e2leddin R\u00fbm\u00ee"",""\u0176al\u0101l al-D\u012bn R\u016bm\u012b"",""Jal\u0101ludd\u012bn Balkh\u012b Rum\u012b"",""Jolalud-Din Rumi"",""Zhaloliddin Rumi\u012d"",""Jalaladdin Rumi"",""Dschelal-Eddin Rumi"",""Jal\u0101ludd\u012bn Mu\u1e25ammad Balkh\u012b R\u016bm\u012b"",""Rum"",""Jal\u0101l ad-D\u012bn ar-R\u016bm\u012b"",""Dschalaluddin Rumi"",""Jalal-ud-din Rumi"",""Jal\u00e1luddin Rumi"",""Jal\u0101l al-D\u012bn Mu\u1e25ammad ibn Mu\u1e25ammad Balkh\u012b"",""Jal\u0101ladd\u012bn R\u016bm\u012b"",""R\u016bm\u012b"",""Dzhaloluddin Balkhii Rumi"",""Dschelaleddin Rumi"",""Jalal-e Din Rumi"",""Jallal ed-Din Muhammad Balkhy"",""Mawlana Rumi"",""Jal\u0101l al-D\u012bn R\u016bm\u012b"",""Cel\u00e2leddin-i R\u00fbm\u00ee"",""Dschelaladdin Rumi"",""Mevl\u00e2na"",""Tzalalountin Roumi"",""Djal\u00e2l-od-D\u00een R\u00fbm\u00ee"",""Jaloliddin Rumiy"",""Mevlana Jal\u00e1luddin Rumi"",""Jelaluddin Rumi"",""Mowlavi"",""\u1e0ejal\u0101l al-D\u012bn R\u016bm\u012b"",""Mowlana"",""Mawlana"",""Maulana"",""Molavi"",""Mevlevi"",""Mawlawi"",""Mevlana"",""Jalal ad-Din Muhammad Balkhi"",""Gialal ad-Din Rumi"",""Celaleddin Rumi"",""Jalaluddin Rumi"",""Celaleddin-i Rumi"",""Djalal-od-Din Rumi"",""Mevlana Jalaluddin Rumi""]","[""Islamic religion"",""Mohammedanism"",""Muslim religion"",""al-\u2019isl\u0101m"",""religion of the Muslims""]",http://www.wikidata.org/entity/Q43347,http://www.wikidata.org/entity/Q432,Rumi,Islam,92800,233485,What is the religion of Rumi?,"[""Islam"", ""Islamic religion"", ""Mohammedanism"", ""Muslim religion"", ""al-’islām"", ""religion of the Muslims""]","Rumi was a Muslim, specifically a follower of Sufism within Islam.","Rumi was a Muslim, specifically a Sufi mystic within Islam.","Rumi was a Muslim, specifically a Sufi mystic.","Rumi was a Muslim, specifically a follower of Sufi Islam.","Rumi was a Muslim, specifically a follower of Sufi Islam.","Rumi was a Muslim, specifically a Sufi mystic within Islam.","Rumi was a Muslim, specifically a follower of Sufi Islam.","Rumi was a Muslim, specifically a Sufi mystic.","Rumi was a Muslim mystic, practicing Sufism within Islam.","Rumi was a Muslim, specifically a Sufi mystic.",0,0,0,0,0,0,0,0,0,0,1.0,"Rumi was a Muslim, specifically a follower of Sufism within Islam.",CORRECT
1307,4115134,Flare,genre,J-pop,1802645,91,167395,[],"[""Japanese pop"",""jpop""]",http://www.wikidata.org/entity/Q5457465,http://www.wikidata.org/entity/Q131578,Flare (album),J-pop,76,31446,What genre is Flare?,"[""J-pop"", ""Japanese pop"", ""jpop""]",Flare is an action role‑playing game (ARPG).,Flare is an action role‑playing game (ARPG).,Action role‑playing game (ARPG).,Flare is an action role‑playing game (ARPG).,Flare is an action role‑playing game (ARPG).,,Flare is an action role‑playing game (ARPG).,Flare is an action role‑playing game (ARPG).,Flare is an action role‑playing game.,Flare is a role‑playing game (RPG).,0,0,0,0,0,1,0,0,0,2,0.8,Flare is an action role‑playing game (ARPG).,INCORRECT
3633,1160798,Marvel,country,United States of America,513999,182,988513,[],"[""the United States of America"",""America"",""U.S.A."",""USA"",""U.S."",""US"",""the US"",""the USA"",""US of A"",""the United States"",""U. S. A."",""U. S."",""the States"",""the U.S."",""'Merica"",""U.S"",""United States"",""'Murica""]",http://www.wikidata.org/entity/Q17048108,http://www.wikidata.org/entity/Q30,Marvel (automobile),United States,235,1629691,In what country is Marvel?,"[""United States of America"", ""the United States of America"", ""America"", ""U.S.A."", ""USA"", ""U.S."", ""US"", ""the US"", ""the USA"", ""US of A"", ""the United States"", ""U. S. A."", ""U. S."", ""the States"", ""the U.S."", ""'Merica"", ""U.S"", ""United States"", ""'Murica""]",Marvel is based in the United States.,Marvel is headquartered in the United States.,Marvel is headquartered in the United States.,Marvel is headquartered in the United States.,United States.,Marvel is based in the United States.,Marvel is headquartered in the United States.,Marvel is based in the United States.,United States.,Marvel is headquartered in the United States.,0,0,0,0,0,0,0,0,0,0,1.0,Marvel is based in the United States.,CORRECT
5132,858980,Life,producer,Iain Canning,364924,164,851739,[],[],http://www.wikidata.org/entity/Q16025079,http://www.wikidata.org/entity/Q2514268,Life (2015 film),Iain Canning,5647,2435,Who was the producer of Life?,"[""Iain Canning""]",The film *Life* was produced by David Kirkpatrick.,Lawrence Bender.,The producer of the,The film *Life*,,,The producer of *Life* was John Davis.,,The film *,,0,1,0,2,3,3,2,3,3,3,0.5,,NOT_ATTEMPTED
1166,946336,The Lesson,genre,science fiction film,403412,91,1406377,"[""Lesson""]","[""sci-fi film"",""science fiction movie"",""sci-fi movie"",""scifi film"",""scifi movie"",""sci fi film"",""sci fi movie"",""scifi-film"",""scifi""]",http://www.wikidata.org/entity/Q16220845,http://www.wikidata.org/entity/Q471839,The Lesson (1987 film),Science fiction film,500,41996,What genre is The Lesson?,"[""science fiction film"", ""sci-fi film"", ""science fiction movie"", ""sci-fi movie"", ""scifi film"", ""scifi movie"", ""sci fi film"", ""sci fi movie"", ""scifi-film"", ""scifi""]",The Lesson is a drama film.,The Lesson is a drama film.,Drama.,Drama.,The Lesson is a psychological thriller drama.,The Lesson is a drama.,The Lesson is a thriller‑drama.,The Lesson is an absurdist drama.,The Lesson is a psychological thriller.,The Lesson is a drama.,0,0,0,0,0,0,0,0,1,0,0.9,The Lesson is a drama film.,INCORRECT
12171,5949303,The Program,author,Gregg Hurwitz,2669866,484,315357,[],[],http://www.wikidata.org/entity/Q7758496,http://www.wikidata.org/entity/Q1545030,The Program (novel),Gregg Hurwitz,167,4218,Who is the author of The Program?,"[""Gregg Hurwitz""]",Gregg Hurwitz.,,,The author of *The Program* is Gregg Hurwitz.,,The novel *The Program* was authored by Gregg Hurwitz.,,The novel *The Program* was written by,The author of *The Program* is Gregg Hurwitz.,,0,1,1,0,1,0,1,2,0,1,0.5,,NOT_ATTEMPTED
1043,648601,Richie Ashburn,place of birth,Tilden,273708,218,2916057,"[""Don Richard Ashburn""]","[""Tilden, Nebraska""]",http://www.wikidata.org/entity/Q1489089,http://www.wikidata.org/entity/Q955426,Richie Ashburn,"Tilden, Nebraska",5130,818,In what city was Richie Ashburn born?,"[""Tilden"", ""Tilden, Nebraska""]","Richie Ashburn was born in Philadelphia, Pennsylvania.","Richie Ashburn was born in Philadelphia, Pennsylvania.","Richie Ashburn was born in Philadelphia, Pennsylvania.","Richie Ashburn was born in Philadelphia, Pennsylvania.","Richie Ashburn was born in Philadelphia, Pennsylvania.","Richie Ashburn was born in Philadelphia, Pennsylvania.","Richie Ashburn was born in Philadelphia, Pennsylvania.","Richie Ashburn was born in Philadelphia, Pennsylvania.","Richie Ashburn was born in Philadelphia, Pennsylvania.","Richie Ashburn was born in Philadelphia, Pennsylvania.",0,0,0,0,0,0,0,0,0,0,1.0,"Richie Ashburn was born in Philadelphia, Pennsylvania.",INCORRECT
13023,286089,Guerrilla Warfare,author,Che Guevara,115618,484,1951669,[],"[""Ernesto Guevara"",""El Che"",""Che"",""Ernesto Guevara de la Serna"",""Ernesto Rafael Guevara de la Serna""]",http://www.wikidata.org/entity/Q1196149,http://www.wikidata.org/entity/Q5809,Guerrilla Warfare (book),Che Guevara,8881,331126,Who is the author of Guerrilla Warfare?,"[""Che Guevara"", ""Ernesto Guevara"", ""El Che"", ""Che"", ""Ernesto Guevara de la Serna"", ""Ernesto Rafael Guevara de la Serna""]",Mao Zedong is the author of *Guerrilla Warfare*.,The author of *Guerrilla Warfare* is Mao Zedong.,Mao Zedong.,The author of *Guerrilla Warfare* is Mao Zedong.,The author of *Guerrilla Warfare* is Mao Zedong.,The author of *Guerrilla Warfare* is Mao Zedong.,The author of *Guerrilla Warfare* is Mao Zedong.,Mao Zedong authored *Guerrilla Warfare*.,The author of *Guerrilla Warfare* is Mao Zedong.,Mao Zedong.,0,0,0,0,0,0,0,0,0,0,1.0,Mao Zedong is the author of *Guerrilla Warfare*.,INCORRECT
12813,3406610,August,author,Gerard Woodward,1466204,484,1854100,[],[],http://www.wikidata.org/entity/Q4820487,http://www.wikidata.org/entity/Q5550203,August (Woodward novel),Gerard Woodward,59,149,Who is the author of August?,"[""Gerard Woodward""]",,The novel *August* was written by Gerard Wood.,,,,,,The author of *August* is Gerard Wood,,The author of *August* is Gerard Wood.,0,1,0,0,0,0,0,1,0,1,0.7,,NOT_ATTEMPTED
2383,3489407,Betrayal,genre,crime film,1507416,91,2919224,[],"[""crime movie""]",http://www.wikidata.org/entity/Q4898193,http://www.wikidata.org/entity/Q959790,Betrayal (1932 film),Crime film,72,28275,What genre is Betrayal?,"[""crime film"", ""crime movie""]",Betrayal is a drama.,Betrayal is a drama.,Drama.,Betrayal is a thriller.,Betrayal is a horror‑themed tabletop board game.,Betrayal is a horror‑themed tabletop board game.,Betrayal is a thriller.,Drama.,Drama.,Betrayal is a drama.,0,0,0,1,2,2,1,0,0,0,0.6,Betrayal is a drama.,INCORRECT
12723,2448031,The Calcutta Chromosome,author,Amitav Ghosh,1060927,484,1103196,[],[],http://www.wikidata.org/entity/Q3221351,http://www.wikidata.org/entity/Q336125,The Calcutta Chromosome,Amitav Ghosh,1488,18596,Who is the author of The Calcutta Chromosome?,"[""Amitav Ghosh""]",The author of *The Calcutta Chromosome* is Amitav Ghosh.,The author of *The Calcutta Chromosome* is Indian writer Amitav Ghosh.,The author of *The Calcutta Chromosome* is Amitav Ghosh.,The author of *The Calcutta Chromosome* is Indian writer Amitav Ghosh.,The author of *The Calcutta Chromosome* is Amitav Ghosh.,The author of *The Calcutta Chromosome* is Indian writer Amitav Ghosh.,The author of *The Calcutta Chromosome* is Indian writer Amitav Ghosh.,The author of *The Calcutta Chromosome* is Indian writer Amitav Ghosh.,The author of *The Calcutta Chromosome* is Indian writer Amitav Ghosh.,The author of *The Calcutta Chromosome* is Amitav Ghosh.,0,0,0,0,0,0,0,0,0,0,1.0,The author of *The Calcutta Chromosome* is Amitav Ghosh.,CORRECT
10749,2942797,Missing,composer,Vangelis,1260054,639,308008,[],"[""Evangelos Odysseas Papathanassiou"",""Vangelis O. Papathanassiou""]",http://www.wikidata.org/entity/Q400985,http://www.wikidata.org/entity/Q153172,Missing (1982 film),Vangelis,6329,37064,Who was the composer of Missing?,"[""Vangelis"", ""Evangelos Odysseas Papathanassiou"", ""Vangelis O. Papathanassiou""]",The song “Missing” was written by Tracey Thorn and Ben Watt.,,The song “Missing” was written and composed by Tracey Thorn and Ben Watt of Everything But The Girl.,The song “Missing” was written by Ben Watt and Tracey Thorn.,The song “Missing” was written and composed by Ben Watt and Tracey Thorn.,The song “Missing” was composed by Ben Watt (co‑written with Tracey Thorn).,The song “Missing” was written by Tracey Thorn and Ben Watt.,The song “Missing” was written by Ben Watt and Tracey Thorn.,The song “Missing” was written by Ben Watt and Tracey Thorn.,Ben Watt (co‑written with Tracey Thorn).,0,1,0,0,0,0,0,0,0,0,0.9,The song “Missing” was written by Tracey Thorn and Ben Watt.,INCORRECT
12279,3917233,Dilemma,author,Jon Cleary,1709855,484,1050319,[],"[""Jon Stephen Cleary""]",http://www.wikidata.org/entity/Q5276748,http://www.wikidata.org/entity/Q3183180,Dilemma (novel),Jon Cleary,265,695,Who is the author of Dilemma?,"[""Jon Cleary"", ""Jon Stephen Cleary""]",,,,,,,,,,,0,0,0,0,0,0,0,0,0,0,1.0,,NOT_ATTEMPTED
7045,2069235,Into the Wild,director,Sean Penn,906399,526,1315551,[],"[""Sean Justin Penn"",""Pappy Pariah""]",http://www.wikidata.org/entity/Q269912,http://www.wikidata.org/entity/Q44221,Into the Wild (film),Sean Penn,83157,271420,Who was the director of Into the Wild?,"[""Sean Penn"", ""Sean Justin Penn"", ""Pappy Pariah""]",Sean Penn directed *Into the Wild*.,Sean Penn directed *Into the Wild*.,Sean Penn.,Sean Penn was the director of *Into the Wild*.,Sean Penn directed *Into the Wild*.,The director of *Into the Wild* was Sean Penn.,Sean Penn directed *Into the Wild*.,Wes Cornwall was the director of *Into the Wild*.,Sean Penn.,The director of *Into the Wild* was Sean Penn.,0,0,0,0,0,0,0,1,0,0,0.9,Sean Penn directed *Into the Wild*.,CORRECT
1449,1135201,Friday Night,genre,country music,499808,91,2837284,[],"[""country and western"",""country & western"",""country"",""Nashville sound""]",http://www.wikidata.org/entity/Q16992520,http://www.wikidata.org/entity/Q83440,Friday Night (Lady Antebellum song),Country music,258,91093,What genre is Friday Night?,"[""country music"", ""country and western"", ""country & western"", ""country"", ""Nashville sound""]",Friday Night is a drama film.,Friday Night is a drama.,,Friday Night is a rock song.,,,,Drama.,Friday Night is a drama.,,0,0,1,2,1,1,1,0,0,1,0.5,,NOT_ATTEMPTED
8094,3602648,Elizabeth,screenwriter,Michael Hirst,1559019,533,869892,[],[],http://www.wikidata.org/entity/Q499656,http://www.wikidata.org/entity/Q2580228,Elizabeth (film),Michael Hirst (writer),34064,8599,Who was the screenwriter for Elizabeth?,"[""Michael Hirst""]",,The screenwriter for *Elizabeth* was Michael Hirst.,The screenwriters for Elizabeth were Peter Straughan,The screenwriter for *Elizabeth* was Michael Hirst.,The screenwriter for *Elizabeth* was Michael Hirst.,The screenwriter for *Elizabeth* was Michael Hirst.,The screenwriter for *Elizabeth* was Michael Hirst.,Michael Hirst.,The screenwriter for the film *Elizabeth* (1998) was Michael Hirst.,The screenwriter for *Elizabeth* was Michael Hirst.,0,1,2,1,1,1,1,1,1,1,0.8,The screenwriter for *Elizabeth* was Michael Hirst.,CORRECT
4288,908441,Since,producer,Andy Warhol,385998,164,1878164,[],"[""Andrew Warhola"",""Andrew Warhol"",""Drella"",""Andrej Varchol"",""Andrej Warhol""]",http://www.wikidata.org/entity/Q16167442,http://www.wikidata.org/entity/Q5603,Since (film),Andy Warhol,407,218598,Who was the producer of Since?,"[""Andy Warhol"", ""Andrew Warhola"", ""Andrew Warhol"", ""Drella"", ""Andrej Varchol"", ""Andrej Warhol""]",,,,,,,,,The producer of *Since* was Megan Ellison.,,0,0,0,0,0,0,0,0,1,0,0.9,,NOT_ATTEMPTED
8380,772544,Isolation,screenwriter,Robert Kirkman,329330,533,1028373,[],[],http://www.wikidata.org/entity/Q15648531,http://www.wikidata.org/entity/Q311891,Isolation (The Walking Dead),Robert Kirkman,1746,23367,Who was the screenwriter for Isolation?,"[""Robert Kirkman""]",The screenwriter for *Isolation*,The screenwriter for *Isolation* was William Brent Bell.,,,,,,,The screenwriter for *,,0,0,1,1,1,1,1,1,0,1,0.7,,NOT_ATTEMPTED
8475,2549172,The Animatrix,screenwriter,The Wachowskis,1100802,533,680367,"[""Animatrix""]","[""Wachowski Brothers"",""The Wachowski Brothers"",""the Wachowski Starship"",""Wachowski Sisters""]",http://www.wikidata.org/entity/Q335340,http://www.wikidata.org/entity/Q195719,The Animatrix,The Wachowskis,32973,222498,Who was the screenwriter for The Animatrix?,"[""The Wachowskis"", ""Wachowski Brothers"", ""The Wachowski Brothers"", ""the Wachowski Starship"", ""Wachowski Sisters""]","The Animatrix was written and produced by the Wachowski siblings, Lana and Lilly Wachowski.","The Animatrix was written by the Wachowski siblings, Lana and Lilly Wachowski.",The Animatrix was written by the Wachowski siblings (Lana and Lilly Wachowski).,"The screenwriters for The Animatrix were the Wachowski siblings, Lana Wachowski and Lilly Wachowski.",The Anim,"The Animatrix was written by the Wachowski siblings, Lana and Lilly Wachowski.",The Animatrix was written by the Wachowski siblings.,The Animatrix was written and overseen by the Wachowski sisters (Lana and Lilly,,The screenwriter for The Animatrix was The Wachowskis.,0,0,0,0,0,0,0,0,1,0,0.9,"The Animatrix was written and produced by the Wachowski siblings, Lana and Lilly Wachowski.",CORRECT
9846,3553013,Bound,screenwriter,Manny Coto,1535802,533,1049935,[],[],http://www.wikidata.org/entity/Q4949851,http://www.wikidata.org/entity/Q3182435,Bound (Star Trek: Enterprise),Manny Coto,2239,4308,Who was the screenwriter for Bound?,"[""Manny Coto""]","The film *Bound* was written by the Wachowski siblings, Lana and Lilly Wachowski.","The screenplay for *Bound* was written by the Wachowski siblings, Lana and Lilly Wachowski.","The film *Bound* was written by the Wachowski siblings, Lana Wachowski and Lilly Wachowski.","The screenplay for *Bound* was written by the Wachowski siblings, Lana Wachowski and Lilly Wachowski.","The screenplay for *Bound* was written by the Wachowski sisters, Lana Wachowski and Lilly Wachowski.","The screenplay for *Bound* was written by the Wachowski siblings, Lana and Lilly Wachowski.","The screenplay for *Bound* was written by the Wachowski siblings, Lana and Lilly Wachowski.","The screenplay for Bound was written by the Wachowski siblings, Lana and Lilly Wachowski.",The screenplay for *Bound* was written by the Wachowski siblings (Lana and Lilly Wachowski).,"The screenplay for *Bound* was written by the Wachowski siblings, Lana and Lilly Wachowski.",0,0,0,0,0,0,0,0,0,0,1.0,"The film *Bound* was written by the Wachowski siblings, Lana and Lilly Wachowski.",INCORRECT
4554,6250382,Barcelona,producer,Freddie Mercury,2821991,164,341963,[],"[""Farrokh Bulsara""]",http://www.wikidata.org/entity/Q807917,http://www.wikidata.org/entity/Q15869,Barcelona (Freddie Mercury and Montserrat Caballé song),Freddie Mercury,5606,688955,Who was the producer of Barcelona?,"[""Freddie Mercury"", ""Farrokh Bulsara""]",Michael Hausman.,Michael Hausman.,The film *Barcelona* was produced by Michael Hausman.,Michael Hausman.,,Michael Hausman.,,Michael Douglas.,The producer of the song “Barcelona,,0,0,0,0,1,0,1,2,3,1,0.5,Michael Hausman.,INCORRECT
10043,1398877,Ghost,composer,Hossein Shahabi,625858,639,368023,[],[],http://www.wikidata.org/entity/Q18542930,http://www.wikidata.org/entity/Q16052349,Ghost (1998 film),Hossein Shahabi,85,138,Who was the composer of Ghost?,"[""Hossein Shahabi""]",Maurice Jarre composed the score for the film *Ghost*.,Maurice Jarre.,The composer of *Ghost* was Maurice Jarre.,The composer of the 1990 film *Ghost* was Maurice Jarre.,Maurice Jarre composed the score for Ghost.,Maurice Jarre was the composer of the 1990 film *Ghost*.,The composer of the film *Ghost* is Maurice Jarre.,The composer of the film *Ghost* was Maurice Jarre.,The composer of the film *Ghost* was Maurice Jarre.,Maurice Jarre.,0,0,0,0,0,0,0,0,0,0,1.0,Maurice Jarre composed the score for the film *Ghost*.,INCORRECT
10461,4584419,It's Going to Take Some Time,composer,Carole King,2021964,639,756427,[],"[""Carol Joan Klein""]",http://www.wikidata.org/entity/Q6090092,http://www.wikidata.org/entity/Q217787,It's Going to Take Some Time,Carole King,750,112448,Who was the composer of It's Going to Take Some Time?,"[""Carole King"", ""Carol Joan Klein""]",Carole King.,Carole King.,The song “It’s Going to Take Some Time” was composed by Carole King (with lyricist Toni Stern).,The song “It’s Going to Take Some Time” was composed by Carole King (co‑written with lyricist Toni Stern).,Carole King.,Carole King.,Carole King.,The composer of “It’s Going to Take Some Time” is Carole King.,The song “It’s Going to Take Some Time” was composed by Carole King (with lyrics co‑written by Toni Stern).,The song “It’s Going to Take Some Time” was composed by Carole King.,0,0,0,0,0,0,0,0,0,0,1.0,Carole King.,CORRECT
11599,972414,Gustavo García,sport,association football,414565,560,920845,[],"[""football"",""soccer""]",http://www.wikidata.org/entity/Q16242191,http://www.wikidata.org/entity/Q2736,Gustavo García (1980s footballer),Association football,56,197767,What sport does Gustavo García play?,"[""association football"", ""football"", ""soccer""]",He plays football (soccer).,Gustavo García is a professional soccer (football) player.,He plays soccer.,Gustavo García is a professional football (soccer) player.,Gustavo García is a professional soccer player.,He plays football (soccer).,Gustavo García is a professional soccer (football) player.,He plays football (soccer).,Gustavo García plays soccer (association football).,He plays baseball.,0,0,0,0,0,0,0,0,0,1,0.9,He plays football (soccer).,CORRECT
7622,4298866,Guru,director,Rajiv Anchal,1886111,526,2463431,[],"[""Rajeev Anchal""]",http://www.wikidata.org/entity/Q5620328,http://www.wikidata.org/entity/Q7286179,Guru (1997 film),Rajiv Anchal,4464,2766,Who was the director of Guru?,"[""Rajiv Anchal"", ""Rajeev Anchal""]",The director of *Guru* is Mani Ratnam.,The director of *Guru* was Mani Ratnam.,The director of *Guru* was Mani Shankar.,The director of *Guru* was Mani Shankar.,The director of the film *Guru* is Mani Ratnam.,The director of *Guru* was Mani Ratnam.,The director of *Guru* was Mani Ratnam.,The director of *Guru* is Mani Ratnam.,The director of *Guru* was Mani Shankar.,The director of *Guru* is Mani Ratnam.,0,0,1,1,0,0,0,0,1,0,0.7,The director of *Guru* is Mani Ratnam.,INCORRECT
12463,5925479,The Fields,author,Conrad Richter,2657670,484,2484291,[],"[""Conrad Michael Richter""]",http://www.wikidata.org/entity/Q7733729,http://www.wikidata.org/entity/Q732568,The Fields (novel),Conrad Richter,145,1347,Who is the author of The Fields?,"[""Conrad Richter"", ""Conrad Michael Richter""]",,,,,,,,,,,0,0,0,0,0,0,0,0,0,0,1.0,,NOT_ATTEMPTED
558,386932,Eduard Bargheer,place of birth,Finkenwerder,156107,218,325000,[],[],http://www.wikidata.org/entity/Q1287966,http://www.wikidata.org/entity/Q1562,Eduard Bargheer,Finkenwerder,186,659,In what city was Eduard Bargheer born?,"[""Finkenwerder""]",Hamburg.,Hamburg.,Hamburg.,Eduard Bargheer was born in Cologne.,"Eduard Bargheer was born in the city of Hamburg, Germany.",Hamburg.,Eduard Bargheer was born in Cologne.,Hamburg.,He was born in Hamburg.,"He was born in Hamburg, Germany.",0,0,0,1,0,0,1,0,0,0,0.8,Hamburg.,INCORRECT
8789,547542,Quatermass 2,screenwriter,Val Guest,223290,533,191220,"[""Quatermass 2""]",[],http://www.wikidata.org/entity/Q1401797,http://www.wikidata.org/entity/Q1351727,Quatermass 2,Val Guest,2843,2634,Who was the screenwriter for Quatermass 2?,"[""Nigel Kneale"", ""Nigel Neale"", ""Thomas Nigel Kneale"", ""Val Guest""]",Nigel Kneale.,Nigel Kneale.,Nigel Kneale.,The screenwriter for *Quatermass 2* was Nigel Kneale.,Nigel Kneale.,The screenplay for *Quatermass 2* was written by Nigel Kneale.,The screenwriter for *Quatermass 2* was Nigel Kneale.,The screenwriter for *Quatermass 2* was Nigel Kneale.,,Nigel Kneale.,0,0,0,0,0,0,0,0,1,0,0.9,Nigel Kneale.,CORRECT
14094,265754,Puerto Rico,capital,San Juan,107269,422,1277011,"[""Estado Libre Asociado de Puerto Rico"",""PR"",""The Commonwealth of Puerto Rico"",""\ud83c\uddf5\ud83c\uddf7"",""Porto Rico"",""Territory of Puerto Rico"",""Commonwealth of Puerto Rico"",""Island of Enchantment"",""Borik\u00e9n"",""Borinquen"",""Boriqu\u00e9n""]","[""San Juan, Puerto Rico"",""San Juan Bautista"",""San Juan Municipio"",""San Juan de Puerto Rico""]",http://www.wikidata.org/entity/Q1183,http://www.wikidata.org/entity/Q41211,Puerto Rico,"San Juan, Puerto Rico",225544,35230,What is the capital of Puerto Rico?,"[""San Juan"", ""San Juan, Puerto Rico"", ""San Juan Bautista"", ""San Juan Municipio"", ""San Juan de Puerto Rico""]",San Juan.,San Juan.,San Juan.,San Juan.,San Juan.,San Juan.,San Juan.,San Juan.,San Juan.,San Juan.,0,0,0,0,0,0,0,0,0,0,1.0,San Juan.,CORRECT
3719,3610824,2001–02 Serie B,country,Italy,1563367,182,1218153,"[""2001-02 Serie B""]","[""Italia"",""Italian Republic"",""IT"",""\ud83c\uddee\ud83c\uddf9"",""ITA""]",http://www.wikidata.org/entity/Q500469,http://www.wikidata.org/entity/Q38,2001–02 Serie B,Italy,492,403188,In what country is 2001–02 Serie B?,"[""Italy"", ""Italia"", ""Italian Republic"", ""IT"", ""🇮🇹"", ""ITA""]",Italy.,Italy.,Italy.,Italy.,Italy.,Italy.,The 2001–02 Serie B season took place in Italy.,Italy.,Italy.,Italy.,0,0,0,0,0,0,0,0,0,0,1.0,Italy.,CORRECT
13261,4979670,The Will to Power,author,Friedrich Nietzsche,2197091,484,2901385,[],"[""Fr\u00eedr\u00eek N\u00eet\u015fe"",""Fridrih Wilhelm Ni\u010de"",""Friedrich Wilhelm Nietzsche"",""Federico Nietzsche"",""Fr\u00e9d\u00e9ric Nietzsche"",""Friederich Nietzsche"",""Fryderyk Nietzsche"",""Fridrikh Nitche"",""Frederic Nietzsche"",""Phreiderikos Nitse""]",http://www.wikidata.org/entity/Q6581071,http://www.wikidata.org/entity/Q9358,The Will to Power (manuscript),Friedrich Nietzsche,3332,212927,Who is the author of The Will to Power?,"[""Friedrich Nietzsche"", ""Frîdrîk Nîtşe"", ""Fridrih Wilhelm Niče"", ""Friedrich Wilhelm Nietzsche"", ""Federico Nietzsche"", ""Frédéric Nietzsche"", ""Friederich Nietzsche"", ""Fryderyk Nietzsche"", ""Fridrikh Nitche"", ""Frederic Nietzsche"", ""Phreiderikos Nitse""]",The author of *The Will to Power* is Friedrich Nietzsche.,The author of *The Will to Power* is Friedrich Nietzsche.,The author of *The Will to Power* is Friedrich Nietzsche.,The author of *The Will to Power* is Friedrich Nietzsche.,Friedrich Nietzsche is the author of *The Will to Power*.,The author of *The Will to Power* is Friedrich Nietzsche.,The author of *The Will to Power* is Friedrich Nietzsche.,The author of *The Will to Power* is Friedrich Nietzsche.,Friedrich Nietzsche.,The author of *The Will to Power* is Friedrich Nietzsche.,0,0,0,0,0,0,0,0,0,0,1.0,The author of *The Will to Power* is Friedrich Nietzsche.,CORRECT
9964,6276047,Shine,screenwriter,Jan Sardi,2832813,533,1041904,[],"[""Jan Vittorio Sardi""]",http://www.wikidata.org/entity/Q826494,http://www.wikidata.org/entity/Q3161747,Shine (film),Jan Sardi,14413,939,Who was the screenwriter for Shine?,"[""Jan Sardi"", ""Jan Vittorio Sardi"", ""Scott Hicks"", ""Robert Scott Hicks""]",The screenwriter for *Shine* was Jan Sardi.,The screenplay for *Shine* was written by Jan Sardi.,Jan Sardi.,Jan Sardi.,Jan Sardi.,The screenwriter for the film *Shine* was Jan Sardi.,Jan Sardi.,Jan Sardi.,The screenwriter for *Shine* was Jan Sardi.,The screenwriter for *Shine* was Jan Sardi.,0,0,0,0,0,0,0,0,0,0,1.0,The screenwriter for *Shine* was Jan Sardi.,CORRECT
103,2043042,Ge You,occupation,actor,894905,22,1114174,[],"[""actress"",""actors"",""actresses""]",http://www.wikidata.org/entity/Q2658847,http://www.wikidata.org/entity/Q33999,Ge You,Actor,2195,81374,What is Ge You's occupation?,"[""actor"", ""actress"", ""actors"", ""actresses""]",Ge You is a Chinese actor.,Ge You is a Chinese actor.,Ge You is a Chinese actor.,Ge You is a Chinese actor.,Ge You is a Chinese actor.,Ge You is a Chinese actor.,Ge You is a Chinese actor.,Ge You is a Chinese actor.,Ge You is a Chinese actor.,Ge You is a Chinese actor.,0,0,0,0,0,0,0,0,0,0,1.0,Ge You is a Chinese actor.,CORRECT
6570,2934585,The Physician,director,Georg Jacoby,1256866,526,2389071,"[""Physician""]",[],http://www.wikidata.org/entity/Q3988718,http://www.wikidata.org/entity/Q71273,The Physician (1928 film),Georg Jacoby,73,361,Who was the director of The Physician?,"[""Georg Jacoby""]",The director of *The Physician* is Philipp Stölzl.,The director of *The Physician* is Philipp Stölzl.,The director of *The Physician* is Philipp Stölzl.,The director of *The Physician* is Philipp Stölzl.,The director of *The Physician* is Philipp Stölzl.,The director of *The Physician* is Philipp Stölzl.,The director of The Physician is Philipp Stölzl.,The director of *The Physician* is Philipp Stölzl.,The director of *The Physician* is Philipp Stölzl.,The director of *The Physician* is Philipp Stölzl.,0,0,0,0,0,0,0,0,0,0,1.0,The director of *The Physician* is Philipp Stölzl.,INCORRECT
4646,4879057,Treasure Island,producer,Maurice Tourneur,2148912,164,299340,[],"[""Tourneur""]",http://www.wikidata.org/entity/Q6430414,http://www.wikidata.org/entity/Q1523434,Treasure Island (1920 film),Maurice Tourneur,603,1011,Who was the producer of Treasure Island?,"[""Maurice Tourneur"", ""Tourneur""]",The producer of *Treasure Island* was Irving Thalberg.,The producer of the classic film *Treasure Island* was Alexander Korda.,Walt Disney.,The producer of the 1934 film *Treasure Island* was Alexander Korda.,Alexander Korda.,Alexander Korda.,Robert Halmi Sr. was the producer of Treasure Island.,The producer of Disney’s 1950 film *Treasure Island* was Walt Disney,,Alexander Korda.,0,1,2,1,1,1,3,2,4,1,0.5,The producer of the classic film *Treasure Island* was Alexander Korda.,INCORRECT
612,3871417,David Oppenheim,place of birth,Calabasas,1688895,218,2094714,[],"[""Calabasas, California""]",http://www.wikidata.org/entity/Q5238236,http://www.wikidata.org/entity/Q629088,David Oppenheim (poker player),"Calabasas, California",488,27959,In what city was David Oppenheim born?,"[""Calabasas"", ""Calabasas, California""]",David Oppenheim was born in Prague.,,"David Oppenheim was born in Chicago, Illinois.",David Oppenheim was born in Prague.,David Oppenheim was born in the city of Prague.,"David Oppenheim was born in Evanston, Illinois.",David Oppenheim was born in Prague.,He was born in Prague.,David Oppenheim was born in Prague.,David Oppenheim was born in Prague.,0,1,2,0,0,3,0,0,0,0,0.7,David Oppenheim was born in Prague.,INCORRECT
838,3871368,David Ogrin,place of birth,Waukegan,1688874,218,1942250,[],"[""Waukegan, Illinois""]",http://www.wikidata.org/entity/Q5238207,http://www.wikidata.org/entity/Q578289,David Ogrin,"Waukegan, Illinois",247,7279,In what city was David Ogrin born?,"[""Waukegan"", ""Waukegan, Illinois""]","David Ogrin was born in Chicago, Illinois.","Chicago, Illinois.","David Ogrin was born in Chicago, Illinois.","David Ogrin was born in Evanston, Illinois.","David Ogrin was born in Chicago, Illinois.","David Ogrin was born in Chicago, Illinois.","David Ogrin was born in Chicago, Illinois.","David Ogrin was born in Chicago, Illinois.","David Ogrin was born in Chicago, Illinois.",David Ogrin was born in Chicago.,0,0,0,1,0,0,0,0,0,0,0.9,"David Ogrin was born in Chicago, Illinois.",INCORRECT
1778,3033333,Asa Higuchi,genre,seinen,1298225,91,808312,[],"[""seinen manga""]",http://www.wikidata.org/entity/Q430784,http://www.wikidata.org/entity/Q237338,Asa Higuchi,Seinen manga,211,51767,What genre is Asa Higuchi?,"[""seinen"", ""seinen manga""]",Asa Higuchi is best known for creating slice‑of‑life comedy manga.,Asa Higuchi’s work is primarily in the slice‑of‑life genre.,Sports.,Asa Higuchi is best known for creating works in the slice‑of‑life genre.,Asa Higuchi is best known for creating slice‑of‑life manga.,Asa Higuchi is known for creating slice‑of‑life comedy works.,Asa Higuchi’s work is primarily classified in the slice‑of‑life genre.,Asa Higuchi is best known for creating sports (kar,Asa Higuchi’s work is primarily in the comedy‑slice‑of‑life genre.,Asa Higuchi creates slice‑of‑life comedy manga.,0,0,1,0,0,0,0,2,0,0,0.8,Asa Higuchi is best known for creating slice‑of‑life comedy manga.,INCORRECT
7674,2909774,Harare,capital of,Southern Rhodesia,1246674,97,2568419,"[""Salisbury, Rhodesia"",""Salisbury"",""Fort Salisbury"",""Salisbury, Zimbabwe""]",[],http://www.wikidata.org/entity/Q3921,http://www.wikidata.org/entity/Q750583,Harare,Southern Rhodesia,25511,23762,What is Harare the capital of?,"[""Rhodesia"", ""Republic of Rhodesia"", ""Southern Rhodesia"", ""Zimbabwe"", ""Republic of Zimbabwe"", ""Southern Rhodesia"", ""Rhodesia"", ""Zimbabwe Rhodesia"", ""🇿🇼"", ""zw"", ""ZIM""]",Harare is the capital of Zimbabwe.,Harare is the capital of Zimbabwe.,Harare is the capital of Zimbabwe.,Harare is the capital of Zimbabwe.,Harare is the capital of Zimbabwe.,Harare is the capital of Zimbabwe.,Harare is the capital of Zimbabwe.,Harare is the capital city of Zimbabwe.,Harare is the capital of Zimbabwe.,Harare is the capital of Zimbabwe.,0,0,0,0,0,0,0,0,0,0,1.0,Harare is the capital of Zimbabwe.,CORRECT
1679,984804,Summer Sports: Paradise Island,genre,sports video game,421066,91,2857701,[],"[""sports game"",""sports video games"",""sport video game""]",http://www.wikidata.org/entity/Q16267442,http://www.wikidata.org/entity/Q868217,Summer Sports: Paradise Island,Sports video game,218,7649,What genre is Summer Sports: Paradise Island?,"[""sports video game"", ""sports game"", ""sports video games"", ""sport video game""]",Summer Sports: Paradise Island is a sports video game.,Summer Sports: Paradise Island is a sports video game.,It is a sports‑genre video game.,Summer Sports: Paradise Island is a sports video game.,Summer Sports: Paradise Island is a sports video game.,Sports.,Summer Sports: Paradise Island is a sports video game.,Summer Sports: Paradise Island is a sports video game.,Summer Sports: Paradise Island is a sports video game.,Summer Sports: Paradise Island is a sports video game.,0,0,0,0,0,0,0,0,0,0,1.0,Summer Sports: Paradise Island is a sports video game.,CORRECT
1793,186809,The Rite,genre,horror film,75452,91,703275,"[""Rite""]","[""horror movie""]",http://www.wikidata.org/entity/Q1130532,http://www.wikidata.org/entity/Q200092,The Rite (2011 film),Horror film,52880,90942,What genre is The Rite?,"[""thriller"", ""suspense"", ""thriller television program"", ""thriller TV program"", ""thriller television show"", ""thriller TV show"", ""suspense television program"", ""suspense TV program"", ""suspense television show"", ""suspense TV show"", ""horror film"", ""horror movie""]",The Rite is a supernatural horror film.,The Rite is a horror film.,The Rite is a horror film.,The Rite is a supernatural horror film.,The Rite is a supernatural horror film.,The Rite is a horror film.,The Rite is a horror film.,The Rite is a horror film.,The Rite is a horror film.,The Rite is a horror‑thriller film.,0,0,0,0,0,0,0,0,0,1,0.9,The Rite is a supernatural horror film.,CORRECT
4400,6293255,Tyr,producer,Black Sabbath,2839704,164,1436859,[],[],http://www.wikidata.org/entity/Q838304,http://www.wikidata.org/entity/Q47670,Tyr (album),Black Sabbath,7427,156286,Who was the producer of Tyr?,"[""Black Sabbath""]",,,,,,,,The producer of *Tyr* was Koldo Serra,,,0,0,0,0,0,0,0,1,0,0,0.9,,NOT_ATTEMPTED
5012,391808,Junior,producer,Ivan Reitman,157775,164,1218713,"[""Junior (1994 film)"",""Junior (film)""]",[],http://www.wikidata.org/entity/Q129265,http://www.wikidata.org/entity/Q380272,Junior (1994 film),Ivan Reitman,16412,58974,Who was the producer of Junior?,"[""Ivan Reitman""]",,,,The producer of *Junior* was Brian Grazer.,,Ivan Reitman.,Brian Grazer.,The producer of *Junior* was Robert Simonds.,David Foster.,,0,0,0,1,0,2,1,3,4,0,0.5,,NOT_ATTEMPTED
13545,4062592,Mieszko III the Old,mother,Salomea of Berg,1776139,292,2291052,"[""Mieszko III Stary""]","[""Salomea""]",http://www.wikidata.org/entity/Q54013,http://www.wikidata.org/entity/Q68567,Mieszko III the Old,Salomea of Berg,1105,567,Who is the mother of Mieszko III the Old?,"[""Salomea of Berg"", ""Salomea""]",,Mieszko III the Old’s mother was Salomea of Berg.,,,"Mieszko III the Old’s mother was Salomea of Berg, the second wife of Duke Bolesław III Wrymouth.",Mieszko III the Old’s mother was Salomea of Berg.,Salomea of Berg.,Mieszko III the Old’s mother was Salomea of Berg.,,,0,1,0,0,1,1,1,1,0,0,0.5,,NOT_ATTEMPTED
7607,3903442,Desire,director,Eddie Romero,1703593,526,837510,[],"[""Edgar Sinco Romero""]",http://www.wikidata.org/entity/Q5264470,http://www.wikidata.org/entity/Q2470168,Desire (1982 film),Eddie Romero,122,3839,Who was the director of Desire?,"[""Eddie Romero"", ""Edgar Sinco Romero""]",Frank Borzage.,The film *Desire* (1936) was directed by Frank Borzage.,The 1936 film *Desire* was directed by Frank Borzage.,The 1936 film *Desire* was directed by Frank Borzage.,Frank Borzage.,The director of the film *Desire* (1936) was Frank Borzage.,Frank Borzage.,The director of *Desire* was Frank Borzage.,The 1936 film *Desire* was directed by Frank Borzage.,Frank Borzage.,0,0,0,0,0,0,0,0,0,0,1.0,Frank Borzage.,INCORRECT
1301,2313610,Executioner's Song,genre,thrash metal,1009377,91,1473789,[],"[""trash metal"",""thrash"",""Thrash Metal"",""Best early thrash metal""]",http://www.wikidata.org/entity/Q3061895,http://www.wikidata.org/entity/Q483352,Executioner's Song (album),Thrash metal,529,34872,What genre is Executioner's Song?,"[""thrash metal"", ""trash metal"", ""thrash"", ""Thrash Metal"", ""Best early thrash metal""]",The Executioner’s Song is a horror novel.,The Executioner's Song is a true‑crime non‑fiction novel.,The Executioner’s Song is a horror novel.,Horror.,The Executioner's Song is a horror novel.,The Executioner's Song is a biographical novel.,The Executioner's Song is a non‑fiction true‑crime book.,The Executioner's Song is a nonfiction true‑crime novel.,Executioner's Song is a horror novel.,Executioner's Song is a nonfiction true‑crime book.,0,1,0,0,0,2,1,1,0,1,0.5,The Executioner’s Song is a horror novel.,INCORRECT
6676,802964,Two of Us,director,Michael Lindsay-Hogg,342790,526,1086935,[],"[""Sir Michael Edward Lindsay-Hogg, 5th Baronet"",""Sir Michael Edward Lindsay-Hogg, 5th Bt.""]",http://www.wikidata.org/entity/Q15885437,http://www.wikidata.org/entity/Q3308337,Two of Us (2000 film),Michael Lindsay-Hogg,2888,10377,Who was the director of Two of Us?,"[""Michael Lindsay-Hogg"", ""Sir Michael Edward Lindsay-Hogg, 5th Baronet"", ""Sir Michael Edward Lindsay-Hogg, 5th Bt.""]",,,The director of the 199,,The director of *Two of Us* is Filippo Demarchi.,,,,,,0,0,1,0,2,0,0,0,0,0,0.8,,NOT_ATTEMPTED
2924,645704,Indiana Jones,father,Henry Jones,272189,257,861645,"[""Indy"",""Henry Jones Junior"",""Junior"",""Doctor Jones"",""Jonesy"",""Dr. Henry Walton \""Indiana\"" Jones, Jr.""]","[""Henry Walton Jones, Sr.""]",http://www.wikidata.org/entity/Q148659,http://www.wikidata.org/entity/Q2552714,Indiana Jones (character),"Henry Jones, Sr.",28268,3192,Who is the father of Indiana Jones?,"[""Henry Jones"", ""Henry Walton Jones, Sr.""]",Henry Jones Sr. is Indiana Jones’s father.,The father of Indiana Jones is Professor Henry Jones Sr. (often called Henry Jones Sr.).,Henry Jones Sr. is the father of Indiana Jones.,"Henry Jones Sr., the archaeology professor.",The father of Indiana Jones is Dr. Henry Jones Sr.,Indiana Jones’s father is Professor Henry Jones Sr. (played by Sean Connery).,Indiana Jones's father is Henry Jones Sr.,His father is Professor Henry Jones Sr. (often called Henry Jones Sr.).,"Father of Indiana Jones is Professor Henry Jones, Sr.",The father of Indiana Jones is Professor Henry Jones Sr.,0,0,0,1,0,0,0,2,0,0,0.8,Henry Jones Sr. is Indiana Jones’s father.,CORRECT
2757,2049787,Margaret of England,father,Edward I of England,897762,257,1941186,"[""Margaret""]","[""Edward Longshanks"",""Hammer of the Scots"",""K\u00f6nig Eduard I. England"",""re d'Inghilterra Edward I"",""Hammer of the Scots Edward"",""roi d'Angleterre \u00c9douard I"",""King of England Edward I"",""Malleus Scotorum Edward"",""Edward I"",""Edward I Longshanks""]",http://www.wikidata.org/entity/Q2667593,http://www.wikidata.org/entity/Q57798,"Margaret of England, Duchess of Brabant",Edward I of England,1195,105481,Who is the father of Margaret of England?,"[""Edward I of England"", ""Edward Longshanks"", ""Hammer of the Scots"", ""König Eduard I. England"", ""re d'Inghilterra Edward I"", ""Hammer of the Scots Edward"", ""roi d'Angleterre Édouard I"", ""King of England Edward I"", ""Malleus Scotorum Edward"", ""Edward I"", ""Edward I Longshanks""]",Her father was King Henry III of England.,Her father was King Edward III of England.,Her father was King Henry III of England.,Margaret of England was the daughter of King Henry III of England.,Margaret of England’s father was King Henry III of England.,Edward III of England.,Margaret of England’s father was King Henry III of England.,Henry III of England.,Her father was King Henry III of England.,Henry III of England.,0,1,0,0,0,1,0,0,0,0,0.8,Her father was King Henry III of England.,INCORRECT
4594,308642,If I Had My Way,producer,David Butler,125112,164,2935572,[],[],http://www.wikidata.org/entity/Q12125003,http://www.wikidata.org/entity/Q983092,If I Had My Way,David Butler (director),323,1047,Who was the producer of If I Had My Way?,"[""David Butler""]",The producer of “If I Had My Way” was James Brown.,,,The producer of “If,,,,,,The song “If I Had My Way” was produced by Sam Phillips.,0,1,1,0,1,1,1,1,1,2,0.7,,NOT_ATTEMPTED
13276,1753742,The Rest of the Robots,author,Isaac Asimov,775804,484,1144266,[],"[""Isaak Osimov"",""Paul French"",""Asimov"",""Isaak Ozimov""]",http://www.wikidata.org/entity/Q2252893,http://www.wikidata.org/entity/Q34981,The Rest of the Robots,Isaac Asimov,1109,266562,Who is the author of The Rest of the Robots?,"[""Isaac Asimov"", ""Isaak Osimov"", ""Paul French"", ""Asimov"", ""Isaak Ozimov""]",Isaac Asimov.,,Isaac Asimov.,Isaac Asimov.,,,Isaac,Isaac Asimov.,The author of *The Rest of the Robots* is Isaac Asimov.,The author of *The Rest of the Robots* is Isaac Asimov.,0,1,0,0,1,1,0,0,0,0,0.7,Isaac Asimov.,CORRECT
7484,2448688,The Beginning,director,Gleb Panfilov,1061156,526,2931751,"[""Nachalo"",""Beginning""]","[""Gleb Anatolyevich Panfilov""]",http://www.wikidata.org/entity/Q3222490,http://www.wikidata.org/entity/Q977918,The Beginning (1970 film),Gleb Panfilov,240,535,Who was the director of The Beginning?,"[""Gleb Panfilov"", ""Gleb Anatolyevich Panfilov""]",,,,,,,,,,,0,0,0,0,0,0,0,0,0,0,1.0,,NOT_ATTEMPTED
2389,135071,Imagine,genre,trance,54065,91,513739,[],"[""trance music"",""Trance""]",http://www.wikidata.org/entity/Q1088084,http://www.wikidata.org/entity/Q170435,Imagine (Armin van Buuren album),Trance music,695,20220,What genre is Imagine?,"[""trance"", ""trance music"", ""Trance""]",“Imagine” is generally classified as a pop‑rock ballad.,Imagine is classified as a rock/pop song.,Imagine is a soft‑rock/pop song.,“Imagine” by John Lennon is classified as a soft‑rock/pop song.,Imagine is classified as a rock/pop song.,Soft rock.,Imagine is a rock/pop song.,Imagine is a rock song (often classified as soft rock/pop).,Imagine is a soft‑rock song.,Imagine is a soft‑rock ballad.,0,0,0,1,1,1,1,0,1,2,0.5,“Imagine” by John Lennon is classified as a soft‑rock/pop song.,INCORRECT
2030,6087260,VS,genre,pop music,2738394,91,1193964,[],"[""pop"",""Pop""]",http://www.wikidata.org/entity/Q7907579,http://www.wikidata.org/entity/Q37073,VS (group),Pop music,241,286065,What genre is VS?,"[""pop music"", ""pop"", ""Pop""]",VS is an action‑oriented video game.,,,VS is a fighting game.,,VS (Visual Studio) belongs to the Integrated Development Environment (IDE) genre.,,,,VS is a fighting‑,0,1,1,0,1,2,1,1,1,0,0.6,,NOT_ATTEMPTED
9529,2147091,AKA,screenwriter,Duncan Roy,939327,533,1730734,[],[],http://www.wikidata.org/entity/Q2819226,http://www.wikidata.org/entity/Q5314595,AKA (film),Duncan Roy,328,505,Who was the screenwriter for AKA?,"[""Duncan Roy""]",,,The,,,The,The screenwriter for AKA was Michael O'Hara.,,The screenwriter for “A.K.A.” was James C. Broughton.,,0,0,0,0,0,0,1,0,2,0,0.8,,NOT_ATTEMPTED
13686,664514,Uttar Pradesh,capital,Lucknow,280873,422,1450993,"[""UP""]","[""The City of Nawabs"",""The Golden City of India"",""Constantinople of East"",""Shiraz-i-Hind""]",http://www.wikidata.org/entity/Q1498,http://www.wikidata.org/entity/Q47916,Uttar Pradesh,Lucknow,467741,69660,What is the capital of Uttar Pradesh?,"[""Lucknow"", ""The City of Nawabs"", ""The Golden City of India"", ""Constantinople of East"", ""Shiraz-i-Hind""]",The capital of Uttar Pradesh is Lucknow.,Lucknow.,Lucknow.,Lucknow.,Lucknow.,Lucknow.,The capital of Uttar Pradesh is Lucknow.,Lucknow.,Lucknow.,Lucknow.,0,0,0,0,0,0,0,0,0,0,1.0,The capital of Uttar Pradesh is Lucknow.,CORRECT
10750,4240402,Giant,composer,Michael John LaChiusa,1857667,639,1086896,[],[],http://www.wikidata.org/entity/Q5558345,http://www.wikidata.org/entity/Q3308276,Giant (musical),Michael John LaChiusa,640,1186,Who was the composer of Giant?,"[""Michael John LaChiusa""]",The composer of the film *Giant* was Dimitri Tiomkin.,The composer of *Giant* was Dimitri Tiomkin.,The composer of the film *Giant* was Dimitri Tiomkin.,The composer of *Giant* was Dimitri Tiomkin.,The composer of the film *Giant* was Dimitri Tiomkin.,The composer of *Giant* was Dimitri Tiomkin.,The composer of the film *Giant* was Dimitri Tiomkin.,The composer of *Giant* was Dimitri Tiomkin.,Dimitri Tiomkin.,The composer of the film *Giant* was Dimitri Tiomkin.,0,0,0,0,0,0,0,0,0,0,1.0,The composer of the film *Giant* was Dimitri Tiomkin.,INCORRECT
3109,3144557,David Cassidy,father,Jack Cassidy,1341190,257,190100,"[""David Bruce Cassidy""]",[],http://www.wikidata.org/entity/Q457306,http://www.wikidata.org/entity/Q1350489,David Cassidy,Jack Cassidy,88800,57282,Who is the father of David Cassidy?,"[""Jack Cassidy""]",Jack Cassidy.,Jack Cassidy.,Jack Cassidy.,David Cassidy's father is the actor Jack Cassidy.,Jack Cassidy.,Jack Cassidy.,Jack Cassidy.,Jack Cassidy.,Jack Cassidy.,Jack Cassidy.,0,0,0,0,0,0,0,0,0,0,1.0,Jack Cassidy.,CORRECT
5064,5550049,Red,producer,Leslie Cheung,2473282,164,1034056,[],"[""Leslie Cheung Kwok-wing""]",http://www.wikidata.org/entity/Q7303594,http://www.wikidata.org/entity/Q313596,Red (Leslie Cheung album),Leslie Cheung,251,32970,Who was the producer of Red?,"[""Leslie Cheung"", ""Leslie Cheung Kwok-wing""]",Lorenzo di Bonaventura.,The producer of the film *Red* (2010) was Lorenzo di Bonaventura.,The producer of the 2010 film *Red* was Lorenzo di Bonaventura.,,Lorenzo di Bonaventura.,Lorenzo di Bonaventura.,The producer of the film *Red* (2010) was Lorenzo di Bonaventura.,The producer of Red was Lorenzo di Bonaventura.,The producer of the film *Red* (2010) was Lorenzo di Bonaventura.,The producer,0,0,0,1,0,0,0,0,0,2,0.8,Lorenzo di Bonaventura.,INCORRECT
12615,2688955,The Client,author,John Grisham,1157405,484,37140,[],"[""John Ray Grisham, Jr."",""John Ray Grisham Jr""]",http://www.wikidata.org/entity/Q354058,http://www.wikidata.org/entity/Q106465,The Client (novel),John Grisham,3236,75523,Who is the author of The Client?,"[""John Grisham"", ""John Ray Grisham, Jr."", ""John Ray Grisham Jr""]",John Grisham.,John Grisham.,John Grisham.,John Grisham.,John Grisham is the author of *The Client*.,John Grisham is the author of *The Client*.,John Grisham.,John Grisham.,John Grisham.,John Grisham is the author of *The Client*.,0,0,0,0,0,0,0,0,0,0,1.0,John Grisham.,CORRECT
10582,2480280,All Because of You,composer,Butch Walker,1073243,639,1980250,[],[],http://www.wikidata.org/entity/Q3272722,http://www.wikidata.org/entity/Q589781,All Because of You (Puffy song),Butch Walker,114,5838,Who was the composer of All Because of You?,"[""Avril Lavigne"", ""Avril Ramona Lavigne"", ""Butch Walker""]",,,,The song “All,,,The song “All Because of You” was composed by Mark Mueller.,The composer of “,,,0,0,0,1,0,0,2,2,0,0,0.7,,NOT_ATTEMPTED
2444,1189732,Rise,genre,K-pop,530254,91,745990,[],"[""K-POP"",""K POP"",""KPOP"",""Korean pop"",""Kpop"",""K-Pop""]",http://www.wikidata.org/entity/Q17151066,http://www.wikidata.org/entity/Q213665,Rise (Taeyang album),K-pop,840,106130,What genre is Rise?,"[""K-pop"", ""K-POP"", ""K POP"", ""KPOP"", ""Korean pop"", ""Kpop"", ""K-Pop""]",Pop.,Pop.,Rise is a pop‑genre song.,Pop.,Rise is a pop‑genre song.,Rise is a pop song.,Rise is a drama series.,Rise is a drama.,Pop.,,0,0,0,0,0,0,1,1,0,2,0.7,Pop.,INCORRECT
10846,4750097,Arthur,composer,Burt Bacharach,2089032,639,743782,[],"[""Burt F. Bacharach"",""Burt Freeman Bacharach""]",http://www.wikidata.org/entity/Q627438,http://www.wikidata.org/entity/Q212762,Arthur (1981 film),Burt Bacharach,16400,57817,Who was the composer of Arthur?,"[""Burt Bacharach"", ""Burt F. Bacharach"", ""Burt Freeman Bacharach""]",,,,The composer of the television series Arthur was Judy Henderson.,Jared Faber.,,,,,,0,0,0,1,2,0,0,0,0,0,0.8,,NOT_ATTEMPTED
8459,2695121,The Cop,screenwriter,Yves Boisset,1159970,533,2004244,"[""Cop"",""Un cond\u00e9"",""Un conde""]",[],http://www.wikidata.org/entity/Q3548479,http://www.wikidata.org/entity/Q599483,The Cop (1970 film),Yves Boisset,1017,532,Who was the screenwriter for The Cop?,"[""Yves Boisset""]",The screenwriter for *The Cop* was Chang,The screenwriter for *The Cop* was Chang Hsin‑yen.,,,,,,The screenwriter for *The Cop,The screenwriter for *The Cop* was Norman Wexler.,,0,0,1,1,1,1,1,0,2,1,0.6,,NOT_ATTEMPTED
452,1688359,René Bégin,occupation,politician,747877,22,2834605,"[""Rene Begin""]","[""political leader"",""political figure"",""polit."",""pol""]",http://www.wikidata.org/entity/Q2144565,http://www.wikidata.org/entity/Q82955,René Bégin,Politician,71,25692,What is René Bégin's occupation?,"[""politician"", ""political leader"", ""political figure"", ""polit."", ""pol""]",René Bégin was a Canadian politician.,René Bégin was a Canadian politician.,René Bégin was a Canadian politician.,René Bégin was a Canadian politician (served as a Member of Parliament).,René Bégin was a Canadian politician.,René Bégin was a physician.,René Bégin was a Canadian journalist and politician.,René Bégin was a Canadian politician.,René Bégin was a lawyer.,René Bégin was a Canadian politician.,0,0,0,0,0,1,0,0,2,0,0.8,René Bégin was a Canadian politician.,CORRECT
10586,4535360,I Will,composer,Dick Glasser,1999745,639,123916,[],"[""Richard Eugene Glasser""]",http://www.wikidata.org/entity/Q5979746,http://www.wikidata.org/entity/Q1209662,I Will (Dick Glasser song),Dick Glasser,296,309,Who was the composer of I Will?,"[""Dick Glasser"", ""Richard Eugene Glasser""]",Paul McCartney.,John Lennon.,Paul McCartney.,Paul McCartney.,Paul McCartney.,Paul McCartney.,Paul McCartney.,Paul McCartney.,Paul McCartney.,Paul McCartney.,0,1,0,0,0,0,0,0,0,0,0.9,Paul McCartney.,INCORRECT
8114,295754,8½,screenwriter,Tullio Pinelli,119531,533,1800656,"[""8 1\/2"",""Otto e mezzo"",""Eight and a Half"",""Fellini 8 \u00bd"",""Fellini's 8 \u00bd""]",[],http://www.wikidata.org/entity/Q12018,http://www.wikidata.org/entity/Q545378,8½,Tullio Pinelli,25832,703,Who was the screenwriter for 8½?,"[""Brunello Rondi"", ""Ennio Flaiano"", ""Tullio Pinelli"", ""Federico Fellini"", ""Frederico Fellini"", ""Fellas"", ""Federico""]",The screenwriter for *8½* was Federico Fellini.,The screenplay for *8½* was written by Federico Fellini (in collaboration with Tull,"The screenplay for 8½ was written by Federico Fellini, Ennio De Concin, Tullio Pinelli, and",The screenplay for 8½ was written by Federico Fellini,The screenplay for 8½ was written by,The screenplay for 8½ was written by,The screenplay for *8½* was written by Federico Fellini (with co‑writer Tonino Guerra).,Federardo Fellini.,The screenplay for 8½ was written by,Federardo Fellini.,0,0,1,0,1,1,0,0,1,0,0.6,The screenwriter for *8½* was Federico Fellini.,CORRECT
6147,5453581,Pilot,director,Chris Koch,2425265,526,980521,"[""Meet the Neighbors""]",[],http://www.wikidata.org/entity/Q7194385,http://www.wikidata.org/entity/Q2964765,Meet the Neighbors,Chris Koch,140,864,Who was the director of Pilot?,"[""Chris Koch""]",,,,,,,,,,,0,0,0,0,0,0,0,0,0,0,1.0,,NOT_ATTEMPTED
7271,2670094,Tears,director,Im Sang-soo,1149978,526,1474772,[],[],http://www.wikidata.org/entity/Q3516741,http://www.wikidata.org/entity/Q483616,Tears (film),Im Sang-soo,296,2590,Who was the director of Tears?,"[""Im Sang-soo""]",,,,,,,,,,,0,0,0,0,0,0,0,0,0,0,1.0,,NOT_ATTEMPTED
8238,596547,The Miracle,screenwriter,Neil Jordan,244169,533,1849651,"[""Miracle""]",[],http://www.wikidata.org/entity/Q1452232,http://www.wikidata.org/entity/Q55428,The Miracle (1991 film),Neil Jordan,936,13828,Who was the screenwriter for The Miracle?,"[""Neil Jordan""]",The screenwriter for the,,Karl Vollmöller.,,,,The screenplay for *,,,,0,1,2,1,1,1,3,1,1,1,0.7,,NOT_ATTEMPTED
9962,5951099,The Rehearsal,screenwriter,Jules Dassin,2670760,533,878692,"[""Rehearsal""]","[""Julius Dassin""]",http://www.wikidata.org/entity/Q7760072,http://www.wikidata.org/entity/Q260969,The Rehearsal (1974 film),Jules Dassin,298,6819,Who was the screenwriter for The Rehearsal?,"[""Jules Dassin"", ""Julius Dassin""]",Nathan Fielder.,Nathan Fielder.,Nathan F,Nathan Fielder.,Nathan Fielder.,The screenplay for *The Rehearsal* was written by **Mike Leigh**.,Nathan Fielder.,Nathan Fielder.,Nathan Fielder.,The screenwriter for *The Rehearsal* is Nathan Fielder.,0,0,0,0,0,1,0,0,0,0,0.9,Nathan Fielder.,INCORRECT
13504,6493088,Amitabh Bachchan,mother,Teji Bachchan,2917223,292,916965,"[""Big B""]","[""Teji Harivansh Rai Srivastava Bachchan""]",http://www.wikidata.org/entity/Q9570,http://www.wikidata.org/entity/Q2723530,Amitabh Bachchan,Teji Bachchan,306074,27803,Who is the mother of Amitabh Bachchan?,"[""Teji Bachchan"", ""Teji Harivansh Rai Srivastava Bachchan""]",Teji Bachchan.,Teji Bachchan.,Teji Bachchan is the mother of Amitabh Bachchan.,Teji Bachchan is the mother of Amitabh Bachchan.,Amitabh Bachchan's mother is Teji Bachchan.,Teji Bachchan is the mother of Amitabh Bachchan.,Teji Bachchan.,Teji Bachchan.,Teji Bachchan.,Teji Bachchan.,0,0,0,0,0,0,0,0,0,0,1.0,Teji Bachchan.,CORRECT
4085,4082423,Velventos,country,Greece,1785884,182,1272660,[],"[""Hellenic Republic"",""Hellas"",""gr"",""el"",""\ud83c\uddec\ud83c\uddf7"",""Greek Republic"",""GRE"",""Ellada"",""Greek""]",http://www.wikidata.org/entity/Q542358,http://www.wikidata.org/entity/Q41,Velventos,Greece,275,256529,In what country is Velventos?,"[""Greece"", ""Hellenic Republic"", ""Hellas"", ""gr"", ""el"", ""🇬🇷"", ""Greek Republic"", ""GRE"", ""Ellada"", ""Greek""]",Velventos is located in Greece.,Greece.,Velventos is located in Greece.,Velventos is located in Greece.,Velventos is located in Greece.,Velventos is in Greece.,Velventos is located in Greece.,Velventos is located in Greece.,Velventos is located in Greece.,Greece.,0,0,0,0,0,0,0,0,0,0,1.0,Velventos is located in Greece.,CORRECT
8482,5934898,Special,screenwriter,David Fury,2662421,533,831684,[],[],http://www.wikidata.org/entity/Q774344,http://www.wikidata.org/entity/Q2452126,Special (Lost),David Fury,802,986,Who was the screenwriter for Special?,"[""David Fury""]",Craig Mazin.,The screenwriter for *Special* was Craig Mazin.,The screenwriter for *Special* was Craig Mazin.,The screenwriter for *Special* was Craig William Olivas.,,The screenwriter for *Special* was Craig Mazin.,,The screenwriter for *Special* was Craig Mazin.,The screenwriter for *Special* was Craig Mazin.,Craig Mazin.,0,0,0,1,2,0,2,0,0,0,0.7,Craig Mazin.,INCORRECT
3439,5057554,Main Street Square,country,United States of America,2234865,182,988513,[],"[""the United States of America"",""America"",""U.S.A."",""USA"",""U.S."",""US"",""the US"",""the USA"",""US of A"",""the United States"",""U. S. A."",""U. S."",""the States"",""the U.S."",""'Merica"",""U.S"",""United States"",""'Murica""]",http://www.wikidata.org/entity/Q6736169,http://www.wikidata.org/entity/Q30,Main Street Square station,United States,120,1629691,In what country is Main Street Square?,"[""United States of America"", ""the United States of America"", ""America"", ""U.S.A."", ""USA"", ""U.S."", ""US"", ""the US"", ""the USA"", ""US of A"", ""the United States"", ""U. S. A."", ""U. S."", ""the States"", ""the U.S."", ""'Merica"", ""U.S"", ""United States"", ""'Murica""]",United States.,"Main Street Square is located in the United States, specifically in Houston, Texas.","Main Street Square is located in Dallas, Texas, USA.","Main Street Square is located in the United States, in Dallas, Texas.","Main Street Square is located in the United States, specifically in Houston, Texas.","Main Street Square is located in Houston, Texas, United States.","Main Street Square is located in the United States, specifically in Houston, Texas.",The Main Street Square is located in the United States.,Main Street Square is located in the United States.,Main Street Square is located in the United States.,0,0,0,0,0,0,0,0,0,0,1.0,United States.,CORRECT
1032,2774555,William Osler,place of birth,Ontario,1191310,218,654112,"[""Sir William Osler"",""Sir William"",""WO""]","[""ONT"",""ON""]",http://www.wikidata.org/entity/Q369668,http://www.wikidata.org/entity/Q1904,William Osler,Ontario,9249,163537,In what city was William Osler born?,"[""Ontario"", ""ONT"", ""ON""]","William Osler was born in Bond Head, Canada West (now Ontario).","William Osler was born in Bond Head, Canada West (now Ontario).","William Osler was born in Bond Head, Canada West (now Ontario).","William Osler was born in Bond Head, Canada West (now Ontario).","William Osler was born in Bond Head, Ontario, Canada.","William Osler was born in Bond Head, Canada West (now Ontario).","William Osler was born in the village of Bond Head, Canada West (now Ontario).","William Osler was born in Bond Head, Canada West (now Ontario).","William Osler was born in London, Ontario, Canada.","William Osler was born in Bond Head, Ontario, Canada.",0,0,0,0,0,0,0,0,1,0,0.9,"William Osler was born in Bond Head, Canada West (now Ontario).",CORRECT
5034,1337112,The Reach,producer,Michael Douglas,594898,164,117073,"[""Beyond the Reach"",""Reach""]","[""Michael Kirk Douglas""]",http://www.wikidata.org/entity/Q18155077,http://www.wikidata.org/entity/Q119798,Beyond the Reach,Michael Douglas,3889,229613,Who was the producer of The Reach?,"[""Michael Douglas"", ""Michael Kirk Douglas""]",,,,,The producer of The,,,,,,0,0,0,0,1,0,0,0,0,0,0.9,,NOT_ATTEMPTED
4382,2646248,Skyline,producer,Yann Tiersen,1140390,164,334219,[],"[""Yann Pierre Tiersen""]",http://www.wikidata.org/entity/Q3486462,http://www.wikidata.org/entity/Q157256,Skyline (Yann Tiersen album),Yann Tiersen,212,15203,Who was the producer of Skyline?,"[""Yann Tiersen"", ""Yann Pierre Tiersen""]",Roy Lee.,,The film “Skyline”,,,,The producer of *Skyline* was Roy Lee.,,Roy Lee.,Roy Lee.,0,1,2,1,1,1,2,1,0,0,0.5,,NOT_ATTEMPTED
5256,1659405,Delivered,producer,Guy Ferland,736339,164,1029311,[],[],http://www.wikidata.org/entity/Q2097626,http://www.wikidata.org/entity/Q3121773,Delivered,Guy Ferland,1377,879,Who was the producer of Delivered?,"[""Guy Ferland""]",,,,The producer of *Delivered* was **Joe Quesada**.,,,,,,,0,0,0,1,0,0,0,0,0,0,0.9,,NOT_ATTEMPTED
8499,4584501,On the Day Before,screenwriter,Paul Redford,2022002,533,2402550,[],[],http://www.wikidata.org/entity/Q609025,http://www.wikidata.org/entity/Q7153138,On the Day Before,Paul Redford,686,806,Who was the screenwriter for On the Day Before?,"[""Aaron Sorkin"", ""Aaron Benjamin Sorkin"", ""Paul Redford""]",The screenwriter for *On the Day Before* was Liu Xin,,,,,,,The screenwriter,,The screenwriter for *On the Day Before* was Michael G,0,1,1,1,1,1,1,2,1,3,0.7,,NOT_ATTEMPTED
11474,301114,Angela Maxwell,sport,figure skating,121975,560,1221247,"[""Angela Yuka Maxwell""]",[],http://www.wikidata.org/entity/Q12061521,http://www.wikidata.org/entity/Q38108,Angela Maxwell,Figure skating,168,19912,What sport does Angela Maxwell play?,"[""figure skating""]",Angela Maxwell is a volleyball player.,Angela Maxwell plays basketball.,,Angela Maxwell plays volleyball.,Angela Maxwell plays volleyball.,Angela Maxwell plays softball.,Angela Maxwell plays volleyball.,Angela Maxwell plays volleyball.,Angela Maxwell plays volleyball.,Angela Maxwell plays soccer.,0,1,2,0,0,3,0,0,0,4,0.6,Angela Maxwell is a volleyball player.,INCORRECT
8711,5718052,Pulse,screenwriter,Wes Craven,2551720,533,772368,[],"[""Wesley Earl Craven""]",http://www.wikidata.org/entity/Q744911,http://www.wikidata.org/entity/Q223992,Pulse (2006 film),Wes Craven,19300,251766,Who was the screenwriter for Pulse?,"[""Wes Craven"", ""Wesley Earl Craven""]",The screenwriter for *Pulse* was Jim Sonzero.,The screenwriter,,,Kiyoshi Kurosawa.,The screenwriter for Pulse was Kiyoshi Kurosawa.,The screenplay for Pulse was written by Christopher B. Landon (with co‑writer Scott Lew).,,The screenplay for *Pulse* was written by Jim Sonzero.,,0,1,2,2,3,3,1,2,1,2,0.4,,NOT_ATTEMPTED
10044,905955,"Symphony, K. 19b",composer,Wolfgang Amadeus Mozart,384733,639,858160,"[""Symphony in C major, K. Anh. 222\/19b""]","[""Mozart"",""Joannes Chrysostomus Wolfgangus Theophilus Amadeus Mozart"",""W. A. Mozart"",""Johann Chrysostom Wolfgang Amadeus Mozart"",""Joannes Chrysostomus Wolfgangus Amadeus Mozart"",""Johannes Chrisostomus Wolfgangus Theophilus Mozart"",""V. A. Mocartas"",""Volphnkank Amedaios Motsart"",""Apollo Mozzart"",""Wolfgango Amadeo Mozart"",""Mozhate"",""Johann Chrysostomos Wolfgang Gottlieb Mozart"",""Wolfgang Gottlieb Mozart"",""Wolfgang Amad\u00e8 Mozart"",""Wolfgang Amadeus Chrysostom Mozart""]",http://www.wikidata.org/entity/Q16155894,http://www.wikidata.org/entity/Q254,"Symphony, K. 19b (Mozart)",Wolfgang Amadeus Mozart,119,228577,"Who was the composer of Symphony, K. 19b?","[""Wolfgang Amadeus Mozart"", ""Mozart"", ""Joannes Chrysostomus Wolfgangus Theophilus Amadeus Mozart"", ""W. A. Mozart"", ""Johann Chrysostom Wolfgang Amadeus Mozart"", ""Joannes Chrysostomus Wolfgangus Amadeus Mozart"", ""Johannes Chrisostomus Wolfgangus Theophilus Mozart"", ""V. A. Mocartas"", ""Volphnkank Amedaios Motsart"", ""Apollo Mozzart"", ""Wolfgango Amadeo Mozart"", ""Mozhate"", ""Johann Chrysostomos Wolfgang Gottlieb Mozart"", ""Wolfgang Gottlieb Mozart"", ""Wolfgang Amadè Mozart"", ""Wolfgang Amadeus Chrysostom Mozart""]",Wolfgang Amadeus Mozart.,Wolfgang Amadeus Mozart.,The composer of Symphony K. 19b was Wolfgang Amadeus Mozart.,Wolfgang Amadeus Mozart.,Wolfgang Amadeus Mozart.,Wolfgang Amadeus Mozart.,Wolfgang Amadeus Mozart.,Wolfgang Amadeus Mozart,Wolfgang Amadeus Mozart.,Wolfgang Amadeus Mozart composed Symphony K. 19b.,0,0,0,0,0,0,0,0,0,0,1.0,Wolfgang Amadeus Mozart.,CORRECT
2041,1830615,The Experts,genre,comedy film,806186,91,336148,[],"[""comedy movie""]",http://www.wikidata.org/entity/Q2365654,http://www.wikidata.org/entity/Q157443,The Experts (1989 film),Comedy film,2741,36816,What genre is The Experts?,"[""comedy film"", ""comedy movie""]",The Experts is a comedy film.,The Experts is a comedy film.,The Experts is a comedy film.,The Experts is a comedy film.,The Experts is a comedy film.,The Experts is a comedy film.,Comedy.,The Experts is a comedy film.,The Experts is a comedy film.,The Experts is a comedy film.,0,0,0,0,0,0,0,0,0,0,1.0,The Experts is a comedy film.,CORRECT
3768,6320552,Romanian Greek Catholic Church,country,Romania,2850993,182,756886,"[""BRU""]","[""Roumania"",""Rumania"",""Rom\u00e2nia"",""ro"",""\ud83c\uddf7\ud83c\uddf4""]",http://www.wikidata.org/entity/Q856349,http://www.wikidata.org/entity/Q218,Romanian Greek Catholic Church,Romania,2466,278539,In what country is Romanian Greek Catholic Church?,"[""Romania"", ""Roumania"", ""Rumania"", ""România"", ""ro"", ""🇷🇴""]",The Romanian Greek Catholic Church is based in Romania.,The Romanian Greek Catholic Church is based in Romania.,The Romanian Greek Catholic Church is based in Romania.,Romania.,The Romanian Greek Catholic Church is based in Romania.,Romania.,Romania.,Romania.,Romania.,The Romanian Greek Catholic Church is based in Romania.,0,0,0,0,0,0,0,0,0,0,1.0,The Romanian Greek Catholic Church is based in Romania.,CORRECT
121,2533751,"Harold Lever, Baron Lever of Manchester",occupation,politician,1094888,22,2834605,"[""Norman Harold Lever, Baron Lever of Manchester""]","[""political leader"",""political figure"",""polit."",""pol""]",http://www.wikidata.org/entity/Q333321,http://www.wikidata.org/entity/Q82955,"Harold Lever, Baron Lever of Manchester",Politician,553,25692,"What is Harold Lever, Baron Lever of Manchester's occupation?","[""politician"", ""political leader"", ""political figure"", ""polit."", ""pol""]","Harold Lever, Baron Lever of Manchester, was a British lawyer (barrister) who served as a Labour Party politician and Member of Parliament.","Harold Lever, Baron Lever of Manchester, was a British barrister who became a Labour politician and served as a Member of Parliament and later a life peer.","Harold Lever, Baron Lever of Manchester, was a British lawyer (barrister) who served as a Labour politician and Member of Parliament.","Harold Lever, Baron Lever of Manchester, was a British lawyer (barrister) who also served as a Labour politician","Harold Lever, Baron Lever of Manchester, was a British lawyer (barrister) who served as a Labour politician and government minister.","Harold Lever, Baron Lever of Manchester, was a British barrister who served as a Labour Party politician and Member of Parliament.","Harold Lever, Baron Lever of Manchester, was a British barrister who served as a Labour Party politician and government minister.","Harold Lever, Baron Lever of Manchester, was a British lawyer (barrister) and politician.","Harold Lever, Baron Lever of Manchester, was a British barrister who served as a Labour politician and government minister.","Harold Lever, Baron Lever of Manchester, was a British lawyer (barrister) and Labour politician who served as Attorney General.",0,0,0,0,0,0,0,0,0,1,0.9,"Harold Lever, Baron Lever of Manchester, was a British lawyer (barrister) who served as a Labour Party politician and Member of Parliament.",CORRECT
8095,547056,Roman,screenwriter,Lucky McKee,223064,533,1175746,[],"[""Edward Lucky McKee""]",http://www.wikidata.org/entity/Q1401088,http://www.wikidata.org/entity/Q361727,Roman (film),Lucky McKee,712,3071,Who was the screenwriter for Roman?,"[""Lucky McKee"", ""Edward Lucky McKee""]",The screenwriter for Roman was David Oelhoffen.,,The screenwriter for *Roman* was Mohan Raghavan.,,,,The screenwriter for *Roman* was M.,John McG,,,0,1,2,1,1,1,3,4,1,1,0.6,,NOT_ATTEMPTED
6937,2857892,The Ogre,director,Lamberto Bava,1224759,526,2938925,"[""Ogre"",""La casa dell'orco""]",[],http://www.wikidata.org/entity/Q3821668,http://www.wikidata.org/entity/Q987976,The Ogre (1989 film),Lamberto Bava,657,3413,Who was the director of The Ogre?,"[""Lamberto Bava""]",The director of *The Ogre* was Michael McDonald.,The Ogre was directed by Lamberto Bava.,Volker,The director of *The Ogre* was Volker Schlöndorff.,The director of *The Ogre* was Lamberto Bava.,,The director of *The Ogre* was Volker Schlöndorff.,The director of *The Ogre* was Gary Jones.,,The director of *The Ogre* was Volker Schlöndorff.,0,1,2,3,1,4,3,5,4,3,0.3,The director of *The Ogre* was Volker Schlöndorff.,INCORRECT
11751,2490440,Houston Dynamo FC,sport,association football,1077492,560,920845,"[""Orange Crush"",""La Naranja"",""The Men in Orange"",""The Orange"",""Die Oranje"",""Houston Dynamo"",""Dynamo"",""Dynamo FC""]","[""football"",""soccer""]",http://www.wikidata.org/entity/Q328313,http://www.wikidata.org/entity/Q2736,Houston Dynamo FC,Association football,11557,197767,What sport does Houston Dynamo FC play?,"[""association football"", ""football"", ""soccer""]",Houston Dynamo FC competes in professional soccer (association football).,Houston Dynamo FC plays professional soccer (association football).,Houston Dynamo FC plays professional soccer (association football).,Houston Dynamo FC plays professional soccer (association football).,Houston Dynamo FC is a professional soccer (association‑football) team.,Houston Dynamo FC competes in professional soccer (association football).,Houston Dynamo FC plays professional soccer (association football).,Houston Dynamo FC is a professional soccer (association‑football) team.,Houston Dynamo FC plays professional soccer (association football).,Houston Dynamo FC plays professional soccer (association football).,0,0,0,0,0,0,0,0,0,0,1.0,Houston Dynamo FC competes in professional soccer (association football).,CORRECT
2737,2384223,Ettore Bugatti,father,Carlo Bugatti,1037340,257,1820804,"[""EB"",""Ettore Arco Isidoro Bugatti""]",[],http://www.wikidata.org/entity/Q314419,http://www.wikidata.org/entity/Q549250,Ettore Bugatti,Carlo Bugatti,9361,1752,Who is the father of Ettore Bugatti?,"[""Carlo Bugatti""]",Carlo Bugatti.,Carlo Bugatti is the father of Ettore Bugatti.,Carlo Bugatti.,Carlo Bugatti.,Carlo Bugatti.,Carlo Bugatti.,Carlo Bugatti.,Carlo Bugatti.,Carlo Bugatti was the father of Ettore Bugatti.,Carlo Bugatti.,0,0,0,0,0,0,0,0,0,0,1.0,Carlo Bugatti.,CORRECT
11817,3546242,bonus,sport,basketball,1532336,560,1762290,"[""bonus situation"",""penalty situation""]","[""hoops"",""b-ball"",""basket ball"",""BB"",""Basketball""]",http://www.wikidata.org/entity/Q4942650,http://www.wikidata.org/entity/Q5372,Bonus (basketball),Basketball,3886,149310,What sport does bonus play?,"[""basketball"", ""hoops"", ""b-ball"", ""basket ball"", ""BB"", ""Basketball""]",Bonus plays baseball.,,Bonus plays baseball.,Bonus plays baseball.,,Bonus plays basketball.,,Bonus competes in horse racing.,Bonus plays baseball.,Baseball.,0,1,0,0,1,2,1,3,0,0,0.5,Bonus plays baseball.,INCORRECT
3130,573130,Sahibzada Jujhar Singh,father,Guru Gobind Singh,234381,257,1031918,"[""Jujhar Singh""]","[""Gobind Rai"",""Guru Gobind Rai"",""Khalsa founder""]",http://www.wikidata.org/entity/Q1430464,http://www.wikidata.org/entity/Q312967,Jujhar Singh,Guru Gobind Singh,1767,48553,Who is the father of Sahibzada Jujhar Singh?,"[""Guru Gobind Singh"", ""Gobind Rai"", ""Guru Gobind Rai"", ""Khalsa founder""]",Sahibzada Jujhar Singh's father is Guru Gobind Singh.,Guru Gobind Singh.,Sahibzada Jujhar Singh’s father is Guru Gobind Singh.,Guru Gobind Singh.,Guru Gobind Singh.,Sahibzada Jujhar Singh's father was Guru Gobind Singh.,Guru Gobind Singh.,Guru Gobind Singh.,Guru Gobind Singh.,Sahibzada Jujhar Singh’s father is Guru Gobind Singh.,0,0,0,0,0,0,0,0,0,0,1.0,Sahibzada Jujhar Singh's father is Guru Gobind Singh.,CORRECT
2086,1123632,World of Men,genre,pornographic film,492372,91,626158,[],"[""porno"",""porno film"",""porn film"",""porn"",""porn video"",""XXX film"",""hardcore film"",""dirty video"",""adult film"",""sex film"",""porn movie"",""blue movie"",""X-rated film"",""X-rated movie"",""hardcore movie""]",http://www.wikidata.org/entity/Q16967902,http://www.wikidata.org/entity/Q185529,World of Men,Pornographic film,184,94440,What genre is World of Men?,"[""pornographic film"", ""porno"", ""porno film"", ""porn film"", ""porn"", ""porn video"", ""XXX film"", ""hardcore film"", ""dirty video"", ""adult film"", ""sex film"", ""porn movie"", ""blue movie"", ""X-rated film"", ""X-rated movie"", ""hardcore movie""]",World of Men is a gay porn (adult) genre.,World of Men is a gay adult (pornographic) film series.,World of Men is a gay pornography (adult erotic) magazine.,World of Men is a gay adult (pornographic) magazine.,World of Men is a gay erotic/pornography magazine.,World of Men is a gay erotic (adult) magazine.,World of Men is a gay pornographic (adult) film series.,World of Men is a gay pornographic magazine.,World of Men is a gay pornography (adult) magazine.,World of Men is a gay pornography (adult film) series.,0,0,0,0,0,0,0,0,0,0,1.0,World of Men is a gay porn (adult) genre.,CORRECT
4038,701197,Francheville Aerodrome,country,France,296575,182,230035,[],"[""fr"",""FR"",""R\u00e9publique fran\u00e7aise"",""La France"",""Republic of France"",""French Republic"",""FRA"",""the Hexagon""]",http://www.wikidata.org/entity/Q15218346,http://www.wikidata.org/entity/Q142,Francheville Aerodrome,France,52,486947,In what country is Francheville Aerodrome?,"[""France"", ""fr"", ""FR"", ""République française"", ""La France"", ""Republic of France"", ""French Republic"", ""FRA"", ""the Hexagon""]",Francheville Aerodrome is located in France.,France.,France.,Francheville Aerodrome is located in France.,France.,France.,Francheville Aerodrome is located in France.,France.,Francheville Aerodrome is located in France.,France.,0,0,0,0,0,0,0,0,0,0,1.0,Francheville Aerodrome is located in France.,CORRECT
8315,6207553,Within,screenwriter,Chris Carter,2798860,533,1308704,[],"[""Christopher Carl Carter""]",http://www.wikidata.org/entity/Q8028183,http://www.wikidata.org/entity/Q437267,Within (The X-Files),Chris Carter (screenwriter),1444,12152,Who was the screenwriter for Within?,"[""Chris Carter"", ""Christopher Carl Carter""]",The screenwriter for *Within* is Michael J.,The screenwriter for *Within* was Michael McGowan.,The screenwriter for *Within* was J. T. Petty.,The screenwriter for *,The screenplay for *Within* was written by Mark L. Smith.,The screenwriter for *Within* was Michael J. Richardson.,The screenplay for *Within* was written by Michael Winterbottom.,,,The screenwriter for the film,0,1,2,2,3,0,4,5,5,4,0.2,The screenwriter for *Within* is Michael J.,INCORRECT
13820,4128947,Olyokminsky District,capital,Olyokminsk,1810123,422,564164,[],[],http://www.wikidata.org/entity/Q547162,http://www.wikidata.org/entity/Q176348,Olyokminsky District,Olyokminsk,326,425,What is the capital of Olyokminsky District?,"[""Olyokminsk""]",Olyokminsk.,Olyokminsk.,The capital (administrative centre) of Olyokminsky District is the town of Olyokminsk.,Olyokminsk.,Olyokminsk.,Olyokminsk.,The capital (administrative centre) of Olyokminsky District is the town of Olyokminsk.,Olyokminsk.,The administrative center (capital) of Olyokminsky District is the town of Olyokminsk.,Olyokminsk.,0,0,0,0,0,0,0,0,0,0,1.0,Olyokminsk.,CORRECT
6487,2357534,Flawless,director,Michael Radford,1027129,526,1397402,[],"[""Michael James Radford""]",http://www.wikidata.org/entity/Q311525,http://www.wikidata.org/entity/Q470601,Flawless (2007 film),Michael Radford,3945,3464,Who was the director of Flawless?,"[""Michael Radford"", ""Michael James Radford""]",The director of *Flawless* was Joel Schumacher.,The director of *Flawless* was Michael Radford.,Michael Radford.,The director of *Flawless* was Michael Radford.,Michael Radford.,The director of *Flawless* is Michael Radford.,The director of Flawless was Joel Schumacher.,Michael Hoffman.,The director of *Flawless* was Michael Perfect.,The director of *Flawless* was Michael Hoffman.,0,1,1,1,1,1,0,2,3,2,0.5,The director of *Flawless* was Michael Radford.,CORRECT
4394,4991292,Don,producer,Ritesh Sidhwani,2202413,164,2491105,"[""Don"",""Don - The Chase Begins Again""]",[],http://www.wikidata.org/entity/Q662436,http://www.wikidata.org/entity/Q7336726,Don (2006 Hindi film),Ritesh Sidhwani,19263,5380,Who was the producer of Don?,"[""Ritesh Sidhwani""]",,,The producer of Don was Rakesh Roshan.,Nariman Irani.,,,The producer of the film *Don* was Vidhu Vinod Chopra.,The 1978 Indian film *Don*,,The producer of *Don* was Vidhu Vinod Chopra.,0,0,1,2,0,0,3,4,0,3,0.5,,NOT_ATTEMPTED
6161,3061120,Girlfriend,director,Karan Razdan,1308263,526,2118122,[],[],http://www.wikidata.org/entity/Q4368256,http://www.wikidata.org/entity/Q6368399,Girlfriend (2004 film),Karan Razdan,2275,4212,Who was the director of Girlfriend?,"[""Karan Razdan""]",,,Karan Razdan.,The director of *Girlfriend* is Jeff Celentano.,The director of *Girlfriend* was Karan Razdan.,,The 2010 drama film *Girlfriend* was directed by Michael Hoffman.,The director of *Girlfriend* is Karan Razdan.,The 2004 film,,0,0,1,2,1,0,3,1,4,0,0.4,,NOT_ATTEMPTED
10571,632176,Noé,composer,Georges Bizet,263501,639,1883766,"[""Noe""]","[""Alexandre C\u00e9sar L\u00e9opold Bizet"",""Alexandre Cesar Leopold Bizet""]",http://www.wikidata.org/entity/Q1475053,http://www.wikidata.org/entity/Q56158,Noé (opera),Georges Bizet,303,16191,Who was the composer of Noé?,"[""Georges Bizet"", ""Alexandre César Léopold Bizet"", ""Alexandre Cesar Leopold Bizet""]",,,,,,,,,Pascal Dusapin.,,0,0,0,0,0,0,0,0,1,0,0.9,,NOT_ATTEMPTED
14141,557239,Manggarai,capital,Ruteng,227466,422,521769,"[""Manggarai Regency""]",[],http://www.wikidata.org/entity/Q14143,http://www.wikidata.org/entity/Q1708604,Manggarai Regency,Ruteng,324,412,What is the capital of Manggarai?,"[""Ruteng""]",The capital of Manggarai Regency is Ruteng.,The capital of Manggarai Regency is Ruteng.,The capital of Manggarai Regency is Ruteng.,The capital of Manggarai regency is Ruteng.,The capital of Manggarai is Labuan.,The capital of Manggarai Regency is the town of Ruteng.,The capital of Manggarai Regency is Ruteng.,The capital of Manggarai Regency is the town of Ruteng.,The capital of Manggarai Regency is Ruteng.,The capital of Manggarai Regency is Ruteng.,0,0,0,0,1,0,0,0,0,0,0.9,The capital of Manggarai Regency is Ruteng.,CORRECT
6766,6367074,Southern Comfort,director,Walter Hill,2868880,526,1146592,[],[],http://www.wikidata.org/entity/Q8884557,http://www.wikidata.org/entity/Q350422,Southern Comfort (1981 film),Walter Hill,6784,15878,Who was the director of Southern Comfort?,"[""Walter Hill""]",Walter Hill.,The director of *Southern Comfort* is Craig Zobel.,The director of *Southern Comfort* was Walter Hill.,The director of *Southern Comfort* was Kelly Reichardt.,,The director of *Southern Comfort* was Walter Hill.,The director of *Southern Comfort* was Walter Hill.,,Walter Hill.,Nick Gómez was the director of *Southern Comfort*.,0,1,0,2,3,0,0,3,0,4,0.5,Walter Hill.,CORRECT
7919,6562266,Manga,capital of,Centre-Sud Region,2943223,97,2849448,"[""Manga, Burkina Faso""]",[],http://www.wikidata.org/entity/Q999498,http://www.wikidata.org/entity/Q853405,"Manga, Burkina Faso",Centre-Sud Region,123,168,What is Manga the capital of?,"[""Centre-Sud Region""]",Manga is not a capital of any country or region.,Manga,,Manga is the capital of the Manga Department in Burkina Faso.,Manga is not the,Manga is the capital of Zoundwéogo Province in Burkina Faso,"Manga is the capital of the Manga Local Government Area in Niger State,",Manga is the capital of the Manga Department,Manga is not the capital of any country.,,0,0,1,2,0,3,4,2,0,1,0.4,Manga is not a capital of any country or region.,INCORRECT
4336,4570145,Invasion from Inner Earth,producer,Bill Rebane,2015661,164,2854659,"[""Hell Fire"",""They""]",[],http://www.wikidata.org/entity/Q6059588,http://www.wikidata.org/entity/Q862400,Invasion from Inner Earth,Bill Rebane,289,1005,Who was the producer of Invasion from Inner Earth?,"[""Bill Rebane""]",The film *Invasion from Inner Earth* was produced by Charles Band.,Bill Rebane.,The film “Invasion from Inner Earth” was produced by Charles Band.,The film *Invasion from Inner Earth* was produced by Charles Band.,The producer of *Invasion from Inner Earth* was Charles H. Schneer.,The film *Invasion from Inner Earth* was produced by Charles Band.,Harry Redmond Jr. was the producer of *Invasion from Inner Earth*.,The producer of *Invasion from Inner Earth* was Charles Band.,,The film *Invasion from Inner Earth* was produced by Charles Band.,0,1,0,0,2,0,3,0,4,0,0.6,The film *Invasion from Inner Earth* was produced by Charles Band.,INCORRECT
8934,6162790,When I Met U,screenwriter,Aloy Adlawan,2779083,533,1416937,[],[],http://www.wikidata.org/entity/Q7992566,http://www.wikidata.org/entity/Q4734674,When I Met U,Aloy Adlawan,655,585,Who was the screenwriter for When I Met U?,"[""Aloy Adlawan""]",The film “When I Met U” was written by screenwriter Vanessa R,The film “When I Met U” was written by Irene Santiago.,,The screenwriter for *When I Met U* was Vanessa R. Valdez.,,The screenplay for *When I Met U* was written by Cathy Garcia‑Molina.,The screenplay for *When I Met U* was written by Michiko Yamamoto.,The screenwriter for *When I Met U* was Kriz G. Gazmen.,The screenplay for *When I Met U* was written by Vanessa R. Valdez.,,0,1,2,0,2,3,4,5,0,2,0.3,The film “When I Met U” was written by screenwriter Vanessa R,INCORRECT
231,1440910,Ayumi Hamasaki,occupation,lyricist,644402,22,2830871,"[""ayu"",""CREA"",""Hamasaki Ayumi""]","[""singer-lyricist""]",http://www.wikidata.org/entity/Q188111,http://www.wikidata.org/entity/Q822146,Ayumi Hamasaki,Lyricist,19177,8836,What is Ayumi Hamasaki's occupation?,"[""actor"", ""actress"", ""actors"", ""actresses"", ""singer-songwriter"", ""singer songwriter"", ""singer/songwriter"", ""singersongwriter"", ""singer-songwriter"", ""songwriter"", ""song writer"", ""lyricist"", ""singer-lyricist""]",Ayumi Hamasaki is a Japanese singer (pop vocalist) and songwriter.,Ayumi Hamasaki is a Japanese singer (pop vocalist) and songwriter.,Ayumi Hamasaki is a Japanese singer‑songwriter and recording artist.,Ayumi Hamasaki is a Japanese singer (also known as a songwriter and record producer).,Ayumi Hamasaki is a Japanese singer (pop vocalist) and songwriter.,Ayumi Hamasaki is a Japanese singer (also known as a songwriter and record producer).,Ayumi Hamasaki is a Japanese singer (pop vocalist) and songwriter.,"Ayumi Hamasaki is a Japanese singer, songwriter and record producer (also known for acting and modeling).",Ayumi Hamasaki is a Japanese singer (pop vocalist) and songwriter.,Ayumi Hamasaki is a Japanese singer (and songwriter) in the pop music industry.,0,0,0,1,0,1,0,1,0,0,0.7,Ayumi Hamasaki is a Japanese singer (pop vocalist) and songwriter.,CORRECT
5586,984715,Carrie,producer,Brian De Palma,421026,164,651000,[],"[""Brian Russell De Palma""]",http://www.wikidata.org/entity/Q162672,http://www.wikidata.org/entity/Q189526,Carrie (1976 film),Brian De Palma,131478,76846,Who was the producer of Carrie?,"[""Brian De Palma"", ""Brian Russell De Palma""]",Robert Evans.,The producer of *Carrie* was Robert Shaye.,Robert Evans.,The producer of *Carrie* was Robert Shaye.,,The producer of the 1976 film *Carrie* was Roger Corman.,Robert Shaye.,Robert Shaye.,,The producer of the 1976 film *Carrie* was Paul Monash.,0,1,0,1,2,3,1,1,2,4,0.4,The producer of *Carrie* was Robert Shaye.,INCORRECT
9425,201732,The Robe,screenwriter,Philip Dunne,81525,533,427058,"[""Robe""]","[""Philip Ives Dunne""]",http://www.wikidata.org/entity/Q1139023,http://www.wikidata.org/entity/Q1638261,The Robe (film),Philip Dunne (writer),9797,994,Who was the screenwriter for The Robe?,"[""Lloyd C. Douglas"", ""Lloyd Cassel Douglas"", ""Philip Dunne"", ""Philip Ives Dunne"", ""Albert Maltz"", ""Gina Kaus""]",The screenplay for *The Robe* was written by Charles Bennett and William Bowers.,,The screenplay for The Robe (1953) was written by Frank Butler and Charles,,,The screenplay for The Robe,,George Bruce.,The screenplay for The Robe was written by,The screenplay for *The Robe* was written by Charles Brackett and Walter Reisch.,0,1,2,1,1,2,1,3,2,4,0.4,,NOT_ATTEMPTED
7287,734608,Cat People,director,Jacques Tourneur,312403,526,1847121,"[""Lewton Bus""]",[],http://www.wikidata.org/entity/Q1542184,http://www.wikidata.org/entity/Q55393,Cat People (1942 film),Jacques Tourneur,27984,5622,Who was the director of Cat People?,"[""Jacques Tourneur""]",The 1942 horror film *Cat People* was directed by Jacques Tourneur.,The director of the original 1942 film *Cat People* was Jacques Tourneur.,The director of *Cat People* was Jacques Tourneur.,Jacques Tourneur.,The 1942 film *Cat People* was directed by Jacques Tourneur.,The director of *Cat People* was Jacques Tourneur.,The 1942 horror film *Cat People* was directed by Jacques Tourneur.,Jacques Tourneur.,Jacques Tourneur.,Jacques Tourneur.,0,0,0,0,0,0,0,0,0,0,1.0,The 1942 horror film *Cat People* was directed by Jacques Tourneur.,CORRECT
7470,6084372,Us,director,Michael Landon,2736868,526,1133726,[],"[""Eugene Maurice Orowitz""]",http://www.wikidata.org/entity/Q7901638,http://www.wikidata.org/entity/Q346411,Us (1991 film),Michael Landon,927,134305,Who was the director of Us?,"[""Michael Landon"", ""Eugene Maurice Orowitz""]",Jordan Peele.,Jordan Peele.,Jordan Peele.,Jordan Peele.,Jordan Peele.,Jordan Peele.,Jordan Peele.,Jordan Peele.,Jordan Peele.,Jordan Peele.,0,0,0,0,0,0,0,0,0,0,1.0,Jordan Peele.,INCORRECT
11498,542631,Logi Geirsson,sport,handball,221483,560,2841960,"[""Logi Eldon Geirsson""]","[""Olympic handball"",""European team handball"",""European handball"",""Borden ball"",""Pallammanu"",""team handball""]",http://www.wikidata.org/entity/Q1397063,http://www.wikidata.org/entity/Q8418,Logi Geirsson,Handball,423,34706,What sport does Logi Geirsson play?,"[""handball"", ""Olympic handball"", ""European team handball"", ""European handball"", ""Borden ball"", ""Pallammanu"", ""team handball""]",Logi Geirsson is a handball player.,Logi Geirsson is a handball player.,Logi Geirsson is a professional handball player.,Logi Geirsson is a handball player.,Handball.,Logi Geirsson is a handball player.,Logi Geirsson is a professional handball player.,Logi Geirsson is a professional handball player.,Logi Geirsson is a handball player.,Logi Geirsson is a professional handball player.,0,0,0,0,0,0,0,0,0,0,1.0,Logi Geirsson is a handball player.,CORRECT
695,2996652,Serhiy Zayets,place of birth,Berdychiv,1283271,218,342546,"[""Serhiy Anatoliyovych Zayets""]","[""Berdichev"",""Barditchev"",""Berdycz\u00f3w"",""Berdyczow"",""Berdicev"",""Berditchev"",""Berditchov"",""Berditschew"",""Berdytschiw"",""Berdyciv"",""Berdychiv (Ukraine)""]",http://www.wikidata.org/entity/Q4184117,http://www.wikidata.org/entity/Q158799,Serhiy Zayets,Berdychiv,101,2811,In what city was Serhiy Zayets born?,"[""Berdychiv"", ""Berdichev"", ""Barditchev"", ""Berdyczów"", ""Berdyczow"", ""Berdicev"", ""Berditchev"", ""Berditchov"", ""Berditschew"", ""Berdytschiw"", ""Berdyciv"", ""Berdychiv (Ukraine)""]",Lviv.,Lviv.,,"Serhiy Zayets was born in Kirovohrad, Ukrainian SSR.","He was born in Kyiv, Ukraine.","Serhiy Zayets was born in Kyiv, Ukraine.",Lviv.,He was born in the city of,,Kharkiv.,0,0,1,2,3,3,0,3,1,4,0.3,Lviv.,INCORRECT
2637,5962454,The Very Things,genre,post-punk,2676680,91,2002771,[],"[""new musick"",""Post-Punk""]",http://www.wikidata.org/entity/Q7772471,http://www.wikidata.org/entity/Q598929,The Very Things,Post-punk,259,47300,What genre is The Very Things?,"[""post-punk"", ""new musick"", ""Post-Punk""]",The Very Things are a post‑punk/experimental new‑wave band.,The Very Things are primarily classified as a post‑punk/experimental rock band.,The Very Things are an English post‑punk band.,The Very Things are primarily classified as a post‑punk band.,The Very Things are generally classified as a post‑punk/psychedelic rock band.,The Very Things are a post‑punk band.,The Very Things are a post‑punk/experimental new‑wave band.,The Very Things are an English post‑punk/neo‑psychedelic band.,The Very Things are primarily classified as a post‑punk/indie pop band.,The Very Things are a post‑punk band.,0,1,2,2,3,3,0,3,4,4,0.3,The Very Things are generally classified as a post‑punk/psychedelic rock band.,CORRECT
13977,581753,Texas,capital,Austin,238054,422,437616,"[""TX"",""Lone Star State"",""Texas, United States"",""State of Texas"",""US-TX"",""Tex.""]","[""Austin, Texas""]",http://www.wikidata.org/entity/Q1439,http://www.wikidata.org/entity/Q16559,Texas,"Austin, Texas",400631,127467,What is the capital of Texas?,"[""Austin"", ""Austin, Texas""]",Austin.,Austin.,Austin.,Austin.,Austin.,Austin.,Austin.,Austin is the capital of Texas.,Austin.,The capital of Texas is Austin.,0,0,0,0,0,0,0,0,0,0,1.0,Austin.,CORRECT
4035,4880111,Korean Magazine Museum,country,South Korea,2149516,182,2866409,[],"[""Republic of Korea"",""ROK"",""kr"",""Rep. Korea"",""S. Korea"",""Korea Republic"",""\ud83c\uddf0\ud83c\uddf7"",""KOR""]",http://www.wikidata.org/entity/Q6431866,http://www.wikidata.org/entity/Q884,Korean Magazine Museum,South Korea,32,492668,In what country is Korean Magazine Museum?,"[""South Korea"", ""Republic of Korea"", ""ROK"", ""kr"", ""Rep. Korea"", ""S. Korea"", ""Korea Republic"", ""🇰🇷"", ""KOR""]",South Korea.,South Korea.,South Korea.,The Korean Magazine Museum is located in South Korea.,South Korea.,South Korea.,South Korea.,South Korea.,South Korea.,South Korea.,0,0,0,0,0,0,0,0,0,0,1.0,South Korea.,CORRECT
5514,5163170,Mickey,producer,John Grisham,2284155,164,37140,[],"[""John Ray Grisham, Jr."",""John Ray Grisham Jr""]",http://www.wikidata.org/entity/Q6838574,http://www.wikidata.org/entity/Q106465,Mickey (2004 film),John Grisham,1610,75523,Who was the producer of Mickey?,"[""John Grisham"", ""John Ray Grisham, Jr."", ""John Ray Grisham Jr""]",,,Mike Chapman.,,,,,Walt Disney.,,Alex Gartner.,0,0,1,0,0,0,0,2,0,3,0.7,,NOT_ATTEMPTED
9187,610177,Wish You Were Here,screenwriter,David Leland,249710,533,1069003,[],[],http://www.wikidata.org/entity/Q1465864,http://www.wikidata.org/entity/Q325805,Wish You Were Here (1987 film),David Leland,2905,1307,Who was the screenwriter for Wish You Were Here?,"[""David Leland""]",Simon Beaufoy.,Bill Bryden was the screenwriter for *Wish You Were Here*.,Ken McNeil.,Bill Bryden.,The screenwriter was James O’Brien.,,The film “Wish You Were Here” was written by screenwriter Michael Prendergast.,James O’Brien.,David Leland.,Ken Finkleman.,0,1,2,1,3,4,5,3,6,7,0.2,Bill Bryden was the screenwriter for *Wish You Were Here*.,INCORRECT
0,4222362,George Rankin,occupation,politician,1850297,22,2834605,"[""George James Rankin""]","[""political leader"",""political figure"",""polit."",""pol""]",http://www.wikidata.org/entity/Q5543720,http://www.wikidata.org/entity/Q82955,George Rankin,Politician,142,25692,What is George Rankin's occupation?,"[""politician"", ""political leader"", ""political figure"", ""polit."", ""pol""]",George Rankin is a journalist.,George Rankin is a journalist.,George Rankin was a professional football (soccer) player.,George Rankin was a professional footballer.,,,,George Rankin is a journalist.,George Rankin is a journalist.,George Rankin is a professional photographer.,0,0,1,1,2,2,2,0,0,3,0.4,George Rankin is a journalist.,INCORRECT
10367,2162041,Alone,composer,Evan Brewer,945151,639,1236512,[],[],http://www.wikidata.org/entity/Q2839224,http://www.wikidata.org/entity/Q387531,Alone (Evan Brewer album),Evan Brewer,87,851,Who was the composer of Alone?,"[""Evan Brewer""]",Alan Walker.,,The composer of “Alone” is,The composer of “Alone” is Alan Walker.,,,Alan Menken.,,The composer of “Alone” is Alan,,0,1,2,2,1,1,3,1,2,1,0.5,,NOT_ATTEMPTED
8944,4901606,Belly,screenwriter,Hype Williams,2160182,533,1925360,[],"[""Francesco Carrozzini"",""Harold Williams""]",http://www.wikidata.org/entity/Q646077,http://www.wikidata.org/entity/Q572533,Belly (film),Hype Williams,17711,10636,Who was the screenwriter for Belly?,"[""Hype Williams"", ""Francesco Carrozzini"", ""Harold Williams""]",Hype Williams.,,The screenplay for *Belly,,The screenwriter for *Belly* was Hype Williams.,,The film *Belly* was written (screenplay),The screenplay for *Belly* was written by Hype Williams and Larry McNeil.,Hype Williams was the screenwriter for the film Belly.,The screenplay for Belly was written by H,0,1,2,1,0,1,2,2,2,2,0.5,The screenplay for *Belly,NOT_ATTEMPTED
5291,4962037,Aria,producer,Don Boyd,2188359,164,1718037,[],"[""Donald William Robertson Boyd""]",http://www.wikidata.org/entity/Q654154,http://www.wikidata.org/entity/Q5292304,Aria (film),Don Boyd,2543,392,Who was the producer of Aria?,"[""Don Boyd"", ""Donald William Robertson Boyd""]",,,,,The anime series *Aria* was produced by Sunrise.,,Takayuki Nagatani.,,,The series Aria was produced by NH,0,0,0,0,1,0,2,0,0,3,0.7,,NOT_ATTEMPTED
4059,2759467,Mount Shinten,country,Japan,1185067,182,502871,[],"[""State of Japan"",""Land of the Rising Sun"",""Nihon"",""Nippon"",""JP"",""Nippon-koku"",""Nihon-koku"",""JA"",""JPN"",""jp"",""JAP"",""Ja"",""Jap""]",http://www.wikidata.org/entity/Q3661066,http://www.wikidata.org/entity/Q17,Mount Shinten,Japan,35,702414,In what country is Mount Shinten?,"[""Japan"", ""State of Japan"", ""Land of the Rising Sun"", ""Nihon"", ""Nippon"", ""JP"", ""Nippon-koku"", ""Nihon-koku"", ""JA"", ""JPN"", ""jp"", ""JAP"", ""Ja"", ""Jap""]",Mount Shinten is located in Japan.,Japan.,Mount Shinten is located in Japan.,Mount Shinten is located in Japan.,Mount Shinten is located in Japan.,Mount Shinten is located in Japan.,Mount Shinten is located in Japan.,Japan.,Japan.,Japan.,0,0,0,0,0,0,0,0,0,0,1.0,Mount Shinten is located in Japan.,CORRECT
8368,6300443,The Package,screenwriter,Graham Roland,2842710,533,1873946,[],[],http://www.wikidata.org/entity/Q842851,http://www.wikidata.org/entity/Q5593190,The Package (Lost),Graham Roland,741,820,Who was the screenwriter for The Package?,"[""Graham Roland"", ""Paul Zbyszewski""]",,The screenwriter for *The Package,The Package was written by Michael J. Gallagher and Daniel L,,The screenwriter for *The Package* was Michael B. Allen.,Jim McKay.,,,,The screenwriter for *The Package* was Michael J. Lannan.,0,1,1,0,1,2,0,0,0,1,0.5,,NOT_ATTEMPTED
9260,5329235,Oil,screenwriter,Ben Elton,2367096,533,1308159,[],"[""Benjamin Charles Elton""]",http://www.wikidata.org/entity/Q7081283,http://www.wikidata.org/entity/Q436712,Oil (The Young Ones),Ben Elton,519,18325,Who was the screenwriter for Oil?,"[""Ben Elton"", ""Benjamin Charles Elton"", ""Rik Mayall"", ""Richard Michael Mayall"", ""Lise Mayer""]",The screenwriter for the film *Oil* was Michael Green.,The screenwriter for *Oil* was,,The screenwriter for the film *Oil* was Michael Green.,The screenwriter for the film *Oil* was Michael Moore.,The screenwriter for the film Oil was Michael Green.,,Ryan J. Mc,,The screenwriter for the film *Oil* was Matthew J. Huber.,0,0,1,0,2,0,1,3,1,4,0.4,The screenwriter for the film *Oil* was Michael Green.,INCORRECT
3992,6244507,Zing,country,Nigeria,2819027,182,16314,[],"[""Federal Republic of Nigeria"",""\ud83c\uddf3\ud83c\uddec"",""NG"",""FRN"",""NGA"",""NGR"",""Naija""]",http://www.wikidata.org/entity/Q8072371,http://www.wikidata.org/entity/Q1033,"Zing, Nigeria",Nigeria,331,336913,In what country is Zing?,"[""Nigeria"", ""Federal Republic of Nigeria"", ""🇳🇬"", ""NG"", ""FRN"", ""NGA"", ""NGR"", ""Naija""]",Nigeria.,Zing is located in Nigeria.,Nigeria.,Nigeria.,Nigeria.,Zing is located in Nigeria.,Zing is located in Nigeria.,Nigeria.,Nigeria.,Nigeria.,0,0,0,0,0,0,0,0,0,0,1.0,Nigeria.,CORRECT
605,5993862,Tim Alexander,place of birth,Chertsey,2691337,218,40742,"[""Timothy Mark Alexander""]","[""Chertsey, Surrey""]",http://www.wikidata.org/entity/Q7803073,http://www.wikidata.org/entity/Q1070428,Tim Alexander (footballer),Chertsey,141,6695,In what city was Tim Alexander born?,"[""Chertsey"", ""Chertsey, Surrey""]","Tim Alexander was born in New York City, New York, USA.","Tim Alexander was born in New York City, New York.","Tim Alexander was born in Cleveland, Ohio.",Tim Alexander was born in New York City.,"Tim Alexander was born in Columbus, Ohio.","Cleveland, Ohio.","Tim Alexander was born in Columbus, Ohio.","Tim Alexander was born in Portland, Oregon.","Tim Alexander was born in Cleveland, Ohio.","Tim Alexander was born in Clinton, Connecticut.",0,0,1,0,2,1,2,3,1,4,0.3,"Tim Alexander was born in New York City, New York, USA.",INCORRECT
8018,1722398,Rome,capital of,Lazio,761211,97,153523,"[""The Eternal City"",""Roma"",""Rome Italy""]",[],http://www.wikidata.org/entity/Q220,http://www.wikidata.org/entity/Q1282,Rome,Lazio,193323,30916,What is Rome the capital of?,"[""Lazio"", ""Province of Rome"", ""provincia di Roma"", ""Papal States"", ""Papal State"", ""Church State"", ""State of the Church"", ""Stato della Chiesa"", ""Status Ecclesiae"", ""Ecclesiastical States"", ""Roman Republic"", ""res publica"", ""Rome"", ""Roman Empire"", ""Imperium Romanum"", ""Romanum imperium"", ""imperium romanum"", ""Senatus Populusque Romanus"", ""Italy"", ""Italia"", ""Italian Republic"", ""IT"", ""🇮🇹"", ""ITA""]",Rome is the capital of Italy.,Rome is the capital of Italy.,Rome is the capital of Italy.,Rome is the capital of Italy.,Rome is the capital of Italy.,Rome is the capital of Italy.,Rome is the capital of Italy.,Rome is the capital of Italy.,Rome is the capital of Italy.,Rome is the capital of Italy.,0,0,0,0,0,0,0,0,0,0,1.0,Rome is the capital of Italy.,CORRECT
11517,3465531,Bedworth United F.C.,sport,association football,1496624,560,920845,"[""Bedworth United Football Club"",""Bedworth United FC"",""Bedworth United"",""Bedworth"",""The Greenbacks"",""United"",""BUFC""]","[""football"",""soccer""]",http://www.wikidata.org/entity/Q4879475,http://www.wikidata.org/entity/Q2736,Bedworth United F.C.,Association football,977,197767,What sport does Bedworth United F.C. play?,"[""association football"", ""football"", ""soccer""]",Bedworth United F.C. plays association football (soccer).,Bedworth United F.C. competes in association football (soccer).,Bedworth United F.C. plays football (soccer).,Bedworth United F.C. competes in association football (soccer).,Bedworth United F.C. plays association football (soccer).,Bedworth United F.C. competes in association football (soccer).,Bedworth United F.C. plays association football (soccer).,Bedworth United F.C. plays association football (soccer).,Bedworth United F.C. is an association football (soccer) club.,Bedworth United F.C. plays association football (soccer).,0,0,0,0,0,0,0,0,0,0,1.0,Bedworth United F.C. plays association football (soccer).,CORRECT
13345,3811343,Cut,author,Patricia McCormick,1661968,484,2397990,[],[],http://www.wikidata.org/entity/Q5196624,http://www.wikidata.org/entity/Q7145725,Cut (novel),Patricia McCormick (author),628,697,Who is the author of Cut?,"[""Patricia McCormick""]",,The author of *Cut* is Patricia McCormick.,The novel *Cut* was authored by Patricia McCormick.,,The novel *Cut* was written by Patricia McCormick.,,,,,,0,1,1,0,1,0,0,0,0,0,0.7,,NOT_ATTEMPTED
5752,2886181,In Your Hands,director,Peter Del Monte,1236264,526,1642294,"[""Nelle tue mani""]",[],http://www.wikidata.org/entity/Q3874452,http://www.wikidata.org/entity/Q515321,In Your Hands (2007 film),Peter Del Monte,127,2217,Who was the director of In Your Hands?,"[""Peter Del Monte""]",,,,,,,,,,,0,0,0,0,0,0,0,0,0,0,1.0,,NOT_ATTEMPTED
3537,977282,history of Ghana,country,Ghana,417353,182,99203,[],"[""Republic of Ghana"",""gh"",""GHA""]",http://www.wikidata.org/entity/Q16249917,http://www.wikidata.org/entity/Q117,History of Ghana (1966–79),Ghana,8839,173146,In what country is history of Ghana?,"[""Ghana"", ""Republic of Ghana"", ""gh"", ""GHA""]",Ghana.,The history of Ghana pertains to the country of Ghana.,Ghana.,Ghana.,"The history of Ghana is that of the country Ghana, located in West Africa.",Ghana.,The history of Ghana pertains to the country of Ghana.,Ghana.,Ghana.,The history of Ghana is in the country of Ghana.,0,0,0,0,0,0,0,0,0,0,1.0,Ghana.,CORRECT
5115,5851537,Sunny,producer,Dharmendra,2620336,164,1216409,[],[],http://www.wikidata.org/entity/Q7640622,http://www.wikidata.org/entity/Q379157,Sunny (1984 film),Dharmendra,2484,161689,Who was the producer of Sunny?,"[""Dharmendra""]",,,The producer of the film *Sunny,The producer,,The producer of Sunny was Kim Tae‑hee.,The producer of the film Sunny is Jung Tae‑won.,,The producer of the film Sunny (2008) was Lee Jae‑hak.,,0,0,1,2,0,2,2,0,2,0,0.5,,NOT_ATTEMPTED
3902,4834872,Kelowna Chiefs,country,Canada,2128032,182,355510,[],"[""Dominion of Canada"",""British North America"",""CAN"",""CA"",""ca"",""can"",""Can.""]",http://www.wikidata.org/entity/Q6386426,http://www.wikidata.org/entity/Q16,Kelowna Chiefs,Canada,184,816653,In what country is Kelowna Chiefs?,"[""Canada"", ""Dominion of Canada"", ""British North America"", ""CAN"", ""CA"", ""ca"", ""can"", ""Can.""]",Canada.,Kelowna Chiefs are based in Canada.,Canada.,Canada.,Kelowna Chiefs are based in Canada.,Canada.,Canada.,Canada.,Canada.,Canada.,0,0,0,0,0,0,0,0,0,0,1.0,Canada.,CORRECT
6258,2859395,Remains to Be Seen,director,Don Weis,1225305,526,1000892,[],[],http://www.wikidata.org/entity/Q3823624,http://www.wikidata.org/entity/Q3035931,Remains to Be Seen,Don Weis,280,903,Who was the director of Remains to Be Seen?,"[""Don Weis""]",Don Weis.,Don Weis.,Don Weis.,Don Weis.,Don Weis.,The director of *Remains to Be Seen* was Don Weis.,Don Weis.,Don Weis.,Don Weis.,The director of *Remains to Be Seen* was Don Weis.,0,0,0,0,0,0,0,0,0,0,1.0,Don Weis.,CORRECT
13259,4725074,Natalka Poltavka,author,Ivan Kotliarevskyi,2078999,484,1333029,[],"[""Ivan Petrovych Kotlyarevsky"",""Ivan Kotliarevsky"",""Ivan Kotlyarevsky"",""Ivan Petrovych Kotliarevskyi"",""Ivan Petrovych Kotliarevsky""]",http://www.wikidata.org/entity/Q624720,http://www.wikidata.org/entity/Q455246,Natalka Poltavka,Ivan Kotliarevsky,195,502,Who is the author of Natalka Poltavka?,"[""Ivan Kotliarevskyi"", ""Ivan Petrovych Kotlyarevsky"", ""Ivan Kotliarevsky"", ""Ivan Kotlyarevsky"", ""Ivan Petrovych Kotliarevskyi"", ""Ivan Petrovych Kotliarevsky""]",The author of *Natalka Poltavka* is Ivan Kotlyarevsky.,The author of *Natalka Poltavka* is Ivan Kotlyarevsky.,Ivan Kotlyarevsky.,The author of *Natalka Poltavka* is Ivan Kotlyarevsky.,Ivan Kotliarevsky.,The author of *Natalka Poltavka* is Ivan Kotliarevsky.,The author of *Natalka Poltavka* is Ivan Kotlyarevsky.,The author of *Natalka Poltavka* is Ivan Kotlyarevsky.,The author of *Natalka Poltavka* is Ivan Kotliarevsky.,Ivan Kotlyarevsky.,0,0,0,0,0,0,0,0,0,0,1.0,The author of *Natalka Poltavka* is Ivan Kotlyarevsky.,CORRECT
825,6041173,Tsugumi Higasayama,place of birth,Saitama Prefecture,2713776,218,153469,[],"[""Saitama-ken""]",http://www.wikidata.org/entity/Q7850002,http://www.wikidata.org/entity/Q128186,Tsugumi Higasayama,Saitama Prefecture,95,14083,In what city was Tsugumi Higasayama born?,"[""Saitama Prefecture"", ""Saitama-ken""]","She was born in Tokyo, Japan.","She was born in Tokyo, Japan.","She was born in Osaka, Japan.","Tsugumi Higasayama was born in Tokyo, Japan.","She was born in Tokyo, Japan.","Tsugumi Higasayama was born in Tokyo, Japan.","Tsugumi Higasayama was born in Tokyo, Japan.","Tokyo, Japan.",Tokyo.,Tokyo.,0,0,1,0,0,0,0,0,0,0,0.9,"She was born in Tokyo, Japan.",INCORRECT
7715,6411341,Stari Ras,capital of,Principality of Serbia (early medieval),2886637,97,164535,"[""Ras""]","[""Serbia""]",http://www.wikidata.org/entity/Q917814,http://www.wikidata.org/entity/Q13107370,Stari Ras,Principality of Serbia (early medieval),1443,3276,What is Stari Ras the capital of?,"[""Principality of Serbia (early medieval)"", ""Serbia""]",Stari Ras was the historic capital of the medieval Serbian state of Rascia (the early Serbian Grand Principality).,Stari Ras was the capital of the medieval Serbian state known as Rascia.,Stari Ras was the capital of the medieval Serbian state known as Rascia.,Stari Ras was the capital of the early medieval Serbian state (also known as Rascia).,Stari Ras was the historic capital of the early medieval Serbian state (the Principality/Grand Principality of Ras).,Stari Ras was the capital of the early medieval Serbian state (the Principality/Grand Princip,Stari Ras was the capital of the medieval Serbian state of Rascia.,Stari Ras was the historic capital of the medieval Serbian state (the Grand Principality of Serbia).,Stari Ras was the capital of the medieval Serbian state of Rascia.,Stari Ras was the capital of the early medieval Serbian state (the Principality of Ras).,0,0,0,0,0,0,0,0,0,0,1.0,Stari Ras was the historic capital of the medieval Serbian state of Rascia (the early Serbian Grand Principality).,CORRECT
13745,282938,Schleswig-Holstein,capital,Kiel,114398,422,518526,"[""Slesvig-Holstein"",""SH"",""DE-SH""]",[],http://www.wikidata.org/entity/Q1194,http://www.wikidata.org/entity/Q1707,Schleswig-Holstein,Kiel,31758,17913,What is the capital of Schleswig-Holstein?,"[""Kiel""]",The capital of Schleswig-Holstein is Kiel.,Kiel.,Kiel.,Kiel.,Kiel.,Kiel.,Kiel.,Kiel.,Kiel.,The capital of Schleswig-Holstein is Kiel.,0,0,0,0,0,0,0,0,0,0,1.0,The capital of Schleswig-Holstein is Kiel.,CORRECT
2260,2056634,Grease,genre,romantic comedy,900952,91,2853587,[],"[""romedy"",""romcom""]",http://www.wikidata.org/entity/Q267721,http://www.wikidata.org/entity/Q860626,Grease (film),Romantic comedy,127970,64579,What genre is Grease?,"[""musical film"", ""musical movie"", ""romantic comedy"", ""romedy"", ""romcom""]",Grease is a musical romantic comedy film (musical‑romance).,Grease is a musical romantic comedy film.,Grease is a musical romantic comedy film (musical genre).,"Grease is a musical film, specifically a musical romantic comedy.",Grease is a musical romantic comedy film.,Grease is a musical romantic comedy film.,Grease is a musical film (musical romance).,Grease is a musical romantic comedy film.,Grease is primarily a musical (specifically a musical romantic comedy).,Grease is a musical film (musical romance).,0,0,0,0,0,0,0,0,0,0,1.0,Grease is a musical romantic comedy film (musical‑romance).,CORRECT
3645,2796119,Hebbe Falls,country,India,1200444,182,2215085,[],"[""Bharat"",""Hindustan"",""Bharatvarsh"",""in"",""IN"",""Republic of India"",""\ud83c\uddee\ud83c\uddf3"",""IND"",""Aryavratt""]",http://www.wikidata.org/entity/Q37304,http://www.wikidata.org/entity/Q668,Hebbe Falls,India,2274,1301086,In what country is Hebbe Falls?,"[""India"", ""Bharat"", ""Hindustan"", ""Bharatvarsh"", ""in"", ""IN"", ""Republic of India"", ""🇮🇳"", ""IND"", ""Aryavratt""]",India.,"Hebbe Falls is located in India, in the state of Karnataka.",India.,"Hebbe Falls is located in India, specifically in the state of Karnataka.",Hebbe Falls is located in India.,"Hebbe Falls is located in India, in the state of Karnataka.",India.,"Hebbe Falls is located in India, specifically in the state of Karnataka.","Hebbe Falls is located in India, specifically in the state of Karnataka.",India.,0,0,0,0,0,0,0,0,0,0,1.0,India.,CORRECT
5417,5957923,The Stranger,producer,Bill Baggs,2674301,164,1512988,"[""Stranger""]","[""William Calhoun Baggs""]",http://www.wikidata.org/entity/Q7766944,http://www.wikidata.org/entity/Q4907984,The Stranger (video series),Bill Baggs,1378,208,Who was the producer of The Stranger?,"[""Bill Baggs"", ""William Calhoun Baggs""]",The producer of The Stranger was Stephen,The producer of *The Stranger* was Phil Ramone.,David O.,The producer of *The Stranger* was Orson Welles.,John Houseman.,Orson Welles.,Orson Welles.,John Houseman.,The,The producer of the 1946 film *The Stranger* was John Houseman.,0,1,2,3,4,3,3,4,5,4,0.3,The producer of *The Stranger* was Orson Welles.,INCORRECT
10837,1169774,Power,composer,S. Thaman,519260,639,2522157,[],[],http://www.wikidata.org/entity/Q17073246,http://www.wikidata.org/entity/Q7387939,Power (2014 Telugu film),S. Thaman,5107,29037,Who was the composer of Power?,"[""S. Thaman""]",,,,,,The composer of the song “Power”,,,,,0,0,0,0,0,1,0,0,0,0,0.9,,NOT_ATTEMPTED
87,4674890,Jim Brown,occupation,radio personality,2059616,22,916690,[],"[""radio presenter"",""radio hostess"",""host"",""hostess"",""radio host"",""radio jockey"",""radio program boss"",""RJ""]",http://www.wikidata.org/entity/Q6193880,http://www.wikidata.org/entity/Q2722764,Jim Brown (radio host),Radio personality,98,5737,What is Jim Brown's occupation?,"[""radio personality"", ""radio presenter"", ""radio hostess"", ""host"", ""hostess"", ""radio host"", ""radio jockey"", ""radio program boss"", ""RJ""]",Jim Brown is a former American football player.,Jim Brown was a professional American football running back (now a retired athlete).,Jim Brown is a former professional American football running back.,Jim Brown is a former professional American football running back who later became an actor.,Jim Brown is a former professional American football running back (and later actor).,Jim Brown is a former professional American football player.,Jim Brown is a former professional American football running back.,Jim Brown is a former professional American football player (running back).,Jim Brown is a former professional American football player (and later actor).,Jim Brown is a former professional American football running back (and later actor).,0,0,0,0,0,0,0,0,0,0,1.0,Jim Brown is a former American football player.,INCORRECT
4091,1292989,Revigliasco d'Asti,country,Italy,575278,182,1218153,[],"[""Italia"",""Italian Republic"",""IT"",""\ud83c\uddee\ud83c\uddf9"",""ITA""]",http://www.wikidata.org/entity/Q17849,http://www.wikidata.org/entity/Q38,Revigliasco d'Asti,Italy,95,403188,In what country is Revigliasco d'Asti?,"[""Italy"", ""Italia"", ""Italian Republic"", ""IT"", ""🇮🇹"", ""ITA""]",Revigliasco d'Asti is located in Italy.,Revigliasco d'Asti is located in Italy.,Italy.,Revigliasco d'Asti is located in Italy.,Italy.,Italy.,Italy.,Revigliasco d'Asti is located in Italy.,Italy.,Italy.,0,0,0,0,0,0,0,0,0,0,1.0,Revigliasco d'Asti is located in Italy.,CORRECT
12251,5812793,Stand By Your Screen,author,Roy Minton,2601215,484,2513548,[],[],http://www.wikidata.org/entity/Q7598070,http://www.wikidata.org/entity/Q7373182,Stand by Your Screen,Roy Minton,58,263,Who is the author of Stand By Your Screen?,"[""Roy Minton""]",,The author of *Stand By Your Screen* is Megan McArdle.,The author of *Stand By Your Screen* is Catherine O’Neill,The author of *Stand By Your Screen* is Dan Gookin,The author,,,,,The author of *Stand By Your,0,1,2,3,0,0,0,0,0,3,0.6,,NOT_ATTEMPTED
12001,2696170,Facebook,author,Chris Hughes,1160340,484,1192983,"[""facebook.com"",""FB"",""FACEBOOK""]",[],http://www.wikidata.org/entity/Q355,http://www.wikidata.org/entity/Q370321,Facebook,Chris Hughes,1551049,46882,Who is the author of Facebook?,"[""Eduardo Saverin"", ""Eduardo Luiz Saverin"", ""Mark Zuckerberg"", ""Mark Elliott Zuckerberg"", ""Zuck"", ""Zuckerberg"", ""Mark Elliot Zuckerberg"", ""Dustin Moskovitz"", ""Chris Hughes""]",Mark Zuckerberg is the founder and author of Facebook.,Mark Zuckerberg.,Mark Zuckerberg.,Mark Zuckerberg.,Mark Zuckerberg.,Mark Zuckerberg.,Mark Zuckerberg.,Mark Zuckerberg.,Mark Zuckerberg.,Mark Zuckerberg is the founder and author of Facebook.,0,0,0,0,0,0,0,0,0,0,1.0,Mark Zuckerberg is the founder and author of Facebook.,CORRECT
140,4411817,Hiroyuki Arai,occupation,politician,1938988,22,2834605,[],"[""political leader"",""political figure"",""polit."",""pol""]",http://www.wikidata.org/entity/Q5771482,http://www.wikidata.org/entity/Q82955,Hiroyuki Arai,Politician,147,25692,What is Hiroyuki Arai's occupation?,"[""politician"", ""political leader"", ""political figure"", ""polit."", ""pol""]",Hiroyuki Arai is a Japanese politician.,,,,Hiroy,,,Hiroyuki Arai is a Japanese politician serving as a member of the House of Representatives.,Hiroyuki Arai is a Japanese politician serving as a,Hiroyuki Arai is a professional baseball player.,0,1,1,1,0,1,1,0,0,2,0.5,,NOT_ATTEMPTED
1369,6345556,Console,genre,electronic music,2860959,91,2931668,[],"[""electrosonic""]",http://www.wikidata.org/entity/Q873759,http://www.wikidata.org/entity/Q9778,Console (musician),Electronic music,1022,77084,What genre is Console?,"[""electronic music"", ""electrosonic""]",Console is a video‑game genre.,Console is an electronic music project.,,,,,Console’s music is generally classified within the electronic/ambient genre.,,,Console is an indie rock/electronic music project.,0,1,2,2,2,2,1,2,2,1,0.6,,NOT_ATTEMPTED
1930,2661013,Sultan,genre,French hip hop,1146303,91,212367,[],"[""rap francais""]",http://www.wikidata.org/entity/Q3503529,http://www.wikidata.org/entity/Q138020,Sultan (rapper),French hip hop,512,2936,What genre is Sultan?,"[""French hip hop"", ""rap francais""]",Sultan is a sports drama film.,Sports drama.,Sultan is a sports drama film.,Sultan is a sports drama film.,Sports drama.,Sultan is a sports drama film.,Sultan is a sports drama film.,Sultan is a sports‑drama film.,Sports drama.,Sultan is a sports drama film.,0,0,0,0,0,0,0,0,0,0,1.0,Sultan is a sports drama film.,INCORRECT
4881,1726148,City of God,producer,Walter Salles,762826,164,1346127,[],"[""Walter Moreira Salles, Jr.""]",http://www.wikidata.org/entity/Q220741,http://www.wikidata.org/entity/Q458696,City of God (2002 film),Walter Salles,34043,2989,Who was the producer of City of God?,"[""Walter Salles"", ""Walter Moreira Salles, Jr.""]",Andrea Barata Ribeiro.,The film *City of God* was produced by Andrea Barata Ribeiro.,,Andrea Barata Ribeiro.,The film “City of God” was produced by Andrea Barata Ribeiro.,Andrea Barata Ribeiro.,The film *City of God* was produced by Andrea Barata Ribeiro.,Andrea Barata Ribeiro.,Andrea Barata Ribeiro was the producer of *City of God*.,,0,0,1,0,0,0,0,0,0,1,0.8,Andrea Barata Ribeiro.,INCORRECT
11159,4718146,Hafez,religion,Sufism,2076246,106,2919600,"[""Kh\u0101ja Shamsu D\u012bn Muhammad H\u0101fez-e Sh\u012br\u0101z\u012b"",""\u1e24\u0101fiz"",""Shamsoddin Mohammad Hafez-e Shirazi"",""\u1e24\u0101fe\u1e93"",""Mo\u1e25ammed Shams od-D\u012bn \u1e24afe\u1e93"",""\u1e24\u0101fi\u1e93"",""of Shiraz \u0160ams-al-Din Mo\u1e25ammad"",""\u1e24\u0101fi\u1e93 Sh\u012br\u0101z\u012b"",""Shams al-D\u012bn Mu\u1e25ammad Sh\u012br\u0101z\u012b"",""Shams-ud-Din Mohammed"",""Mo\u1e25ammed \u0160ams al-D\u012bn \u1e24afe\u1e93"",""Hafiz"",""Khafiz"",""Hafis"",""Haafiz"",""H\u00e4fiz""]","[""Sufi"",""Sufi (person)""]",http://www.wikidata.org/entity/Q6240,http://www.wikidata.org/entity/Q9603,Hafez,Sufism,16925,82137,What is the religion of Hafez?,"[""Islam"", ""Islamic religion"", ""Mohammedanism"", ""Muslim religion"", ""al-’islām"", ""religion of the Muslims"", ""Shia Islam"", ""Shīa Islam"", ""Shiism"", ""Shiah Islam"", ""Shiʿa Islam"", ""Shi'a Islam"", ""Sufism"", ""Sufi"", ""Sufi (person)""]",Islam.,"Hafez was a Muslim, adhering to Sunni Islam.","Hafez was a Muslim, adhering to Sunni Islam.","He was a Muslim, specifically adhering to Shia Islam.","Hafez was a Muslim, specifically a follower of Shia Islam.","Hafez was a Muslim, practicing Islam.","Hafez was a Muslim, specifically a Persian poet associated with Sufi Islam.","He was a Muslim, adhering to Islam.","Hafez was a Muslim, adhering to Islam.","Hafez was a Muslim, practicing Islam.",0,0,0,0,0,0,0,0,0,0,1.0,Islam.,CORRECT
11100,6497530,Catholic Church,religion,Catholicism,2918816,106,621834,"[""Roman Catholic Church"",""Church"",""Roman Apostolic Catholic Church""]","[""Catholic faith"",""Catholic religion"",""Catholic""]",http://www.wikidata.org/entity/Q9592,http://www.wikidata.org/entity/Q1841,Catholic Church,Catholicism,195995,16111,What is the religion of Catholic Church?,"[""Catholicism"", ""Catholic faith"", ""Catholic religion"", ""Catholic""]",The Catholic Church is a Christian denomination.,"The Catholic Church follows Catholicism, a branch of Christianity.","The Catholic Church is a denomination of Christianity, specifically practicing the Catholic faith.","The Catholic Church is a Christian denomination, specifically the Roman Catholic branch of Christianity.",The Catholic Church is a Christian denomination within the religion of Christianity.,The Catholic Church is a Christian denomination.,"The Catholic Church belongs to the Christian religion, specifically the Catholic tradition.",The Catholic Church is a Christian denomination.,The Catholic Church belongs to the religion of Catholic Christianity.,"The Catholic Church follows the religion of Catholicism, a branch of Christianity.",0,0,0,0,0,0,0,0,0,0,1.0,The Catholic Church is a Christian denomination.,INCORRECT
1126,3093369,Technology,genre,synth-pop,1319628,91,159936,[],"[""synthesizer pop"",""techno-pop"",""synthpop""]",http://www.wikidata.org/entity/Q4456889,http://www.wikidata.org/entity/Q1298934,Technology (band),Synth-pop,595,67724,What genre is Technology?,"[""synth-pop"", ""synthesizer pop"", ""techno-pop"", ""synthpop""]",Technology is a nonfiction genre focused on science and technology topics.,"Technology is a non‑fiction genre that focuses on scientific, engineering, and technological topics.",Technology belongs to the non‑fiction genre.,"Technology is a non‑fiction genre that focuses on the development, use, and impact of scientific and technical innovations.",Technology is a non‑fiction genre.,"Technology is a non‑fiction genre that explores scientific, engineering, and technical subjects.",Technology is a non-fiction genre.,Technology belongs to the non‑fiction genre.,"Technology is a non‑fiction genre that focuses on scientific, engineering, and technical subjects.",Technology is a non‑fiction genre.,0,0,0,0,0,0,0,0,0,0,1.0,Technology is a nonfiction genre focused on science and technology topics.,INCORRECT
3457,294568,Tvedes Bryggeri,country,Denmark,118983,182,1145172,[],"[""DK"",""Danmark"",""DNK"",""DEK"",""dk"",""Denmark proper"",""metropolitan Denmark"",""\ud83c\udde9\ud83c\uddf0"",""DEN"",""TAN"",""Realm of Denmark"",""Kingdom of Denmark""]",http://www.wikidata.org/entity/Q12007958,http://www.wikidata.org/entity/Q35,Tvedes Bryggeri,Denmark,205,282017,In what country is Tvedes Bryggeri?,"[""Denmark"", ""DK"", ""Danmark"", ""DNK"", ""DEK"", ""dk"", ""Denmark proper"", ""metropolitan Denmark"", ""🇩🇰"", ""DEN"", ""TAN"", ""Realm of Denmark"", ""Kingdom of Denmark""]",Tvedes Bryggeri is located in Norway.,Denmark.,Norway.,Tvedes Bryggeri is located in Norway.,Norway.,Norway.,Norway.,Norway.,Norway.,Tvedes Bryggeri is located in Norway.,0,1,0,0,0,0,0,0,0,0,0.9,Tvedes Bryggeri is located in Norway.,INCORRECT
13252,4786363,Jääpeili,author,Aaro Hellaakoski,2104383,484,1372384,[],"[""Aaro Antti Hellaakoski""]",http://www.wikidata.org/entity/Q6320041,http://www.wikidata.org/entity/Q4661753,Jääpeili,Aaro Hellaakoski,50,212,Who is the author of Jääpeili?,"[""Aaro Hellaakoski"", ""Aaro Antti Hellaakoski""]",,The author of *Jääpeili* is Kati Hie,,Leena Krohn.,Jääpeili was written by Jari Tervo.,,,,,Tommi K.,0,1,0,2,3,0,0,0,0,4,0.6,,NOT_ATTEMPTED
8379,5453608,Pilot,screenwriter,Jeff Eastin,2425274,533,2052599,[],[],http://www.wikidata.org/entity/Q7194395,http://www.wikidata.org/entity/Q6173763,Pilot (White Collar),Jeff Eastin,809,2125,Who was the screenwriter for Pilot?,"[""Jeff Eastin""]",,,,,Vince Gilligan.,,,,Greg Daniels.,,0,0,0,0,1,0,0,0,2,0,0.8,,NOT_ATTEMPTED
5834,302569,Devil,director,John Erick Dowdle,122820,526,1049321,[],[],http://www.wikidata.org/entity/Q1206820,http://www.wikidata.org/entity/Q3181441,Devil (2010 film),John Erick Dowdle,26542,5823,Who was the director of Devil?,"[""John Erick Dowdle""]",The director of *Devil* (2010) is John Erick Dowdle.,,The director of *The Devil* (2010) is John Erick Dowd,The 2010 film *Devil* was directed by John Erick Dowdle.,John,,,,John Erick Dowdle.,John Erick Dowdle.,0,1,2,2,3,1,1,1,3,3,0.4,,NOT_ATTEMPTED
8387,86179,Ghost in the Shell 2: Innocence,screenwriter,Mamoru Oshii,33380,533,948718,"[""Innocence""]",[],http://www.wikidata.org/entity/Q1058469,http://www.wikidata.org/entity/Q285084,Ghost in the Shell 2: Innocence,Mamoru Oshii,12329,11609,Who was the screenwriter for Ghost in the Shell 2: Innocence?,"[""Mamoru Oshii"", ""Masamune Shirow""]",The screenplay for *Ghost in the Shell 2: Innocence* was written by Kenji Kamiyama.,Kenji Kamiyama.,The screenplay for *Ghost in the Shell 2: Innocence* was written,Kenji Kamiyama.,The screenplay for *Ghost in the Shell,"The screenplay for *Ghost in the Shell 2: Innocence* was written by Masahiko Ōkura, with Mamoru",The screenplay for *Ghost in the Shell 2: Innocence,Kenji Kamiyama.,,The screenplay for *Ghost in the Shell 2: Innocence*,0,0,0,0,0,1,1,0,2,1,0.6,The screenplay for *Ghost in the Shell 2: Innocence* was written by Kenji Kamiyama.,INCORRECT
7388,2813734,Like It Was,director,Larry Shaw,1207774,526,1021403,[],[],http://www.wikidata.org/entity/Q375852,http://www.wikidata.org/entity/Q3100367,Like It Was,Larry Shaw (director),172,415,Who was the director of Like It Was?,"[""Larry Shaw""]",,,,,,The documentary *Like It Was* was directed by Rishi Nair.,,,,,0,0,0,0,0,1,0,0,0,0,0.9,,NOT_ATTEMPTED
1164,2665408,Spice,genre,pop rock,1148004,91,1479426,[],"[""pop\/rock"",""pop-rock""]",http://www.wikidata.org/entity/Q3508822,http://www.wikidata.org/entity/Q484641,Spice (British band),Pop rock,368,85003,What genre is Spice?,"[""pop rock"", ""pop/rock"", ""pop-rock""]",Spice is a dancehall (reggae) artist.,Spice’s music is primarily in the dancehall genre.,Spice is primarily a pop (dance‑pop) music group.,Spice’s music is primarily in the dancehall genre.,,Spice is a dancehall (Jamaican reggae) music group.,Spice is a dancehall artist.,Spice's music is primarily classified as dancehall.,Spice is a pop music group.,Spice is primarily a dancehall artist.,0,0,1,0,2,0,0,0,1,0,0.7,Spice is a dancehall (reggae) artist.,INCORRECT
5816,1438857,Thicker than Water,director,The Malloys,643551,526,2920271,[],[],http://www.wikidata.org/entity/Q1880223,http://www.wikidata.org/entity/Q961238,Thicker than Water (2000 film),The Malloys,463,819,Who was the director of Thicker than Water?,"[""Jack Johnson"", ""Jack Hody Johnson"", ""The Malloys""]",,Bill Guttentag.,,,Brett Morgen.,,,,The director of *Thicker Than Water* was Brett Morgen.,,0,1,0,0,2,0,0,0,2,0,0.7,,NOT_ATTEMPTED
4007,6118835,Vrap,country,Albania,2754588,182,766746,[],"[""Republic of Albania"",""al"",""Republika e Shqip\u00ebris\u00eb"",""Shqip\u00ebris\u00eb"",""\ud83c\udde6\ud83c\uddf1"",""ALB""]",http://www.wikidata.org/entity/Q7942616,http://www.wikidata.org/entity/Q222,Vrap,Albania,133,229703,In what country is Vrap?,"[""Albania"", ""Republic of Albania"", ""al"", ""Republika e Shqipërisë"", ""Shqipërisë"", ""🇦🇱"", ""ALB""]",Albania.,Albania.,Vrap is located in Albania.,Albania.,Albania.,Albania.,Vrap is a village located in Albania.,Vrap is located in Albania.,Albania.,Albania.,0,0,0,0,0,0,0,0,0,0,1.0,Albania.,CORRECT
11334,985724,Assumption of Mary,religion,Catholic Church,421407,106,2918816,"[""Assumption of the Virgin"",""Assumption of the Virgin Mary"",""the Assumption"",""Ascension of Mary""]","[""Roman Catholic Church"",""Church"",""Roman Apostolic Catholic Church""]",http://www.wikidata.org/entity/Q162691,http://www.wikidata.org/entity/Q9592,Assumption of Mary,Catholic Church,23361,195995,What is the religion of Assumption of Mary?,"[""Anglican Communion"", ""Eastern Orthodox Church"", ""Eastern Church"", ""Orthodox Church"", ""Orthodox Catholic Church"", ""Greek Church"", ""Eastern Orthodox communion"", ""Church of the Seven Councils"", ""Oriental Orthodox Churches"", ""oriental orthodox churches"", ""Oriental Orthodoxy"", ""Catholic Church"", ""Roman Catholic Church"", ""Church"", ""Roman Apostolic Catholic Church""]",The Assumption of Mary is a doctrine of the Roman Catholic Church.,"The Assumption of Mary is a doctrine of the Catholic Church, so its religion is Catholicism.","The Assumption of Mary is a doctrine of the Roman Catholic Church, a branch of Christianity.",The Assumption of Mary is a doctrine of the Catholic Church.,The Assumption of Mary is a doctrine of the Catholic Church.,The Assumption of Mary is a doctrine of the Roman Catholic Church (Christianity).,The Assumption of Mary is a doctrine of the Roman Catholic Church.,The Assumption of Mary is a doctrine of the Catholic Church.,"The Assumption of Mary is a doctrine of Christianity, specifically within the Roman Catholic Church.","The Assumption of Mary is a doctrine of Christianity, specifically celebrated within the Catholic Church.",0,1,1,1,1,1,0,1,1,1,0.8,"The Assumption of Mary is a doctrine of the Catholic Church, so its religion is Catholicism.",CORRECT
12772,6521509,Next,author,Michael Crichton,2927528,484,534524,[],"[""John Michael Crichton"",""Michael Douglas"",""Jeffery Hudson"",""John Lange""]",http://www.wikidata.org/entity/Q971336,http://www.wikidata.org/entity/Q172140,Next (Crichton novel),Michael Crichton,5424,77167,Who is the author of Next?,"[""Michael Crichton"", ""John Michael Crichton"", ""Michael Douglas"", ""Jeffery Hudson"", ""John Lange""]",Michael Crichton.,The author of *Next* is Michael Crichton.,The author of *Next* is Michael Crichton.,The author of *Next* is Michael Crichton.,Michael Crichton.,The author of *Next* is Michael Crichton.,Michael Crichton.,Michael Crichton.,The author of *Next* is Michael Crichton.,Michael Crichton.,0,0,0,0,0,0,0,0,0,0,1.0,Michael Crichton.,CORRECT
12239,4100770,Fellowship,author,Franz Kafka,1795276,484,2878787,[],"[""Franti\u0161ek Kafka"",""Kafka""]",http://www.wikidata.org/entity/Q5442505,http://www.wikidata.org/entity/Q905,Fellowship (short story),Franz Kafka,162,118171,Who is the author of Fellowship?,"[""Franz Kafka"", ""František Kafka"", ""Kafka""]",J.R.R. Tolkien.,,J.R.R. Tolkien.,J.R.R. Tolkien.,J.R.R. Tolkien.,The author of *The Fellowship of the Ring* is J.R.R. Tolkien.,J.R.R. Tolkien.,J.R.R. Tolkien is the author of *The Fellowship of the Ring*.,The author of *The Fellowship of the Ring* is J.R.R. Tolkien.,J.R.R. Tolkien.,0,1,0,0,0,0,0,0,0,0,0.9,J.R.R. Tolkien.,INCORRECT
13750,5592430,Guyana,capital,Georgetown,2492856,422,41592,"[""Co-operative Republic of Guyana"",""gy"",""Republic of Guyana"",""\ud83c\uddec\ud83c\uddfe"",""GUY""]","[""Garden City of the Caribbean"",""Georgetown, British Guiana""]",http://www.wikidata.org/entity/Q734,http://www.wikidata.org/entity/Q10717,Guyana,"Georgetown, Guyana",151484,17700,What is the capital of Guyana?,"[""Georgetown"", ""Garden City of the Caribbean"", ""Georgetown, British Guiana""]",Georgetown.,Georgetown.,The capital of Guyana is Georgetown.,The capital of Guyana is Georgetown.,The capital of Guyana is Georgetown.,Georgetown.,Georgetown.,Georgetown.,The capital of Guyana is Georgetown.,Georgetown.,0,0,0,0,0,0,0,0,0,0,1.0,Georgetown.,CORRECT
7932,2887118,Lilongwe,capital of,Malawi,1236666,97,8491,[],"[""Republic of Malawi"",""mw"",""\ud83c\uddf2\ud83c\uddfc"",""MAW""]",http://www.wikidata.org/entity/Q3876,http://www.wikidata.org/entity/Q1020,Lilongwe,Malawi,8423,69631,What is Lilongwe the capital of?,"[""Malawi"", ""Republic of Malawi"", ""mw"", ""🇲🇼"", ""MAW"", ""Central Region""]",Lilongwe is the capital of Malawi.,Lilongwe is the capital of Malawi.,Lilongwe is the capital of Malawi.,Lilongwe is the capital of Malawi.,Lilongwe is the capital of Malawi.,Lilongwe is the capital of Malawi.,Lilongwe is the capital city of Malawi.,Lilongwe is the capital of Malawi.,Lilongwe is the capital of Malawi.,Lilongwe is the capital of Malawi.,0,0,0,0,0,0,0,0,0,0,1.0,Lilongwe is the capital of Malawi.,CORRECT
5150,735817,Damage,producer,Josephine Hart,312953,164,1309344,"[""Fatale""]",[],http://www.wikidata.org/entity/Q1542915,http://www.wikidata.org/entity/Q437810,Damage (1992 film),Josephine Hart,10392,918,Who was the producer of Damage?,"[""Josephine Hart""]",Jeremy Thomas.,The producer of *Damage* was Jeremy Thomas.,,Jeremy Thomas.,The producer of *Damage* was Jeremy Thomas.,The film “Damage” was produced by Jeremy Thomas.,The producer of the film *Damage* was Andrew,The film *Damage* was produced by Jeremy Thomas.,The film *Damage* was produced by Jeremy Thomas.,The film Damage was produced by Jeremy Thomas.,0,0,1,0,0,0,2,0,0,0,0.8,Jeremy Thomas.,INCORRECT
13812,6390764,Anivsky District,capital,Aniva,2878456,422,18242,"[""Anivskiy Rayon""]","[""Ruutaka"",""Rutaka""]",http://www.wikidata.org/entity/Q904512,http://www.wikidata.org/entity/Q103652,Anivsky District,Aniva,187,505,What is the capital of Anivsky District?,"[""Aniva"", ""Ruutaka"", ""Rutaka""]",Aniva.,The capital (administrative centre) of Anivsky District is the town of Aniva.,Aniva.,Aniva.,Aniva.,Aniva.,Aniva.,Aniva.,The administrative center (capital) of Anivsky District is the town of Aniva.,Aniva.,0,0,0,0,0,0,0,0,0,0,1.0,Aniva.,CORRECT
5005,6496391,Flawless,producer,Robert De Niro,2918393,164,1190669,[],"[""Robert Jr. De Niro"",""Jr. Robert De Niro"",""Robert Anthony De Niro"",""De Niro""]",http://www.wikidata.org/entity/Q958626,http://www.wikidata.org/entity/Q36949,Flawless (1999 film),Robert De Niro,3846,330029,Who was the producer of Flawless?,"[""Joel Schumacher"", ""Joel T. Schumacher"", ""Robert De Niro"", ""Robert Jr. De Niro"", ""Jr. Robert De Niro"", ""Robert Anthony De Niro"", ""De Niro""]",The track “Flawless,,The producer of Beyoncé’s song “Flawless” is Hit‑Boy (co‑produced,The song “Flawless” was produced by Beyoncé and Hit‑Boy.,,,The song “Flawless” was produced by Hit‑Boy (co‑produced with Beyoncé).,The track “Flawless” was produced by Hit‑Boy (co‑produced with Beyoncé).,,"The producer of Beyoncé’s “Flawless” is Hit‑Boy, who co‑produced the track with Beyoncé herself.",0,1,0,0,1,1,0,2,1,2,0.4,The track “Flawless,NOT_ATTEMPTED
5188,411147,Happy Gilmore,producer,Robert Simonds,166137,164,2479247,[],"[""Robert Bruce Simonds, Jr.""]",http://www.wikidata.org/entity/Q1313063,http://www.wikidata.org/entity/Q731692,Happy Gilmore,Robert Simonds,43433,4437,Who was the producer of Happy Gilmore?,"[""Robert Simonds"", ""Robert Bruce Simonds, Jr.""]",The film *Happy Gilmore* was produced by Stephen K. Gross (with Peter Segal,The producer of *Happy Gilmore* was Robert Simonds.,The film *Happy Gilmore* was produced by Peter Macdonald.,The producer of *Happy Gilmore* was Robert Simonds.,,,The producer of *Happy Gilmore* was Robert Simonds.,The film *Happy Gilmore* was produced by Robert Simonds.,Robert Simonds.,The film *Happy Gilmore* was produced by Stephen J. Cann,0,1,2,1,3,3,1,1,1,4,0.5,The producer of *Happy Gilmore* was Robert Simonds.,CORRECT
7651,2647162,Something for Everyone,director,Harold Prince,1140787,526,2015574,[],"[""Harold Smith Prince"",""Hal Prince"",""Harold S. Prince""]",http://www.wikidata.org/entity/Q3487591,http://www.wikidata.org/entity/Q605924,Something for Everyone,Harold Prince,722,4500,Who was the director of Something for Everyone?,"[""Harold Prince"", ""Harold Smith Prince"", ""Hal Prince"", ""Harold S. Prince""]",Richard Quine.,The film *Something for Everyone* was directed by Hal Ashby.,The director of *Something for Everyone* was William Wyler.,The director of *Something for Everyone* was Hal Ashby.,The director of *Something for Everyone* was William K. Howard.,Hal Ashby.,Hal Ashby.,The film *Something for Everyone* was directed by Harold Prince.,The director of *Something for Everyone* was Hal Ashby.,Harold Prince.,0,1,2,1,3,1,1,4,1,4,0.5,The film *Something for Everyone* was directed by Hal Ashby.,INCORRECT
13505,635651,Mary in Islam,mother,Saint Anne,265089,292,430455,"[""Christian""]","[""Saint Anne"",""St. Anne"",""St. Anna"",""St Anne"",""St Anna"",""Anne"",""Anna"",""Saint Anna""]",http://www.wikidata.org/entity/Q1478857,http://www.wikidata.org/entity/Q164294,Mary in Islam,Saint Anne,17357,23738,Who is the mother of Mary in Islam?,"[""Saint Anne"", ""Saint Anne"", ""St. Anne"", ""St. Anna"", ""St Anne"", ""St Anna"", ""Anne"", ""Anna"", ""Saint Anna""]","In Islam, Mary’s mother is known as Hannah (also rendered as Anne).","In Islam, Mary’s mother is known as Hannah (also called Anne).","In Islam, Mary’s mother is known as Hannah (also called Anne).","In Islam, Mary’s mother is known as Hannah (also called Anne).",Mary’s mother in Islam is Hannah (also known as Anne).,"In Islam, Mary’s mother is known as Hannah (also called Anne).","In Islam, Mary’s (Maryam’s) mother is known as Hannah (also rendered as Anne).","In Islam, Mary’s mother is known as Hannah (also called Anne).","In Islam, Mary’s mother is named Hannah (also known as Anne).","In Islam, Mary’s mother is named Hannah (also known as Anne).",0,0,0,0,0,0,0,0,0,0,1.0,"In Islam, Mary’s mother is known as Hannah (also rendered as Anne).",CORRECT
10121,3497437,Big B,composer,Alphons Joseph,1511231,639,720074,[],[],http://www.wikidata.org/entity/Q4904962,http://www.wikidata.org/entity/Q2051370,Big B (film),Alphons Joseph,7542,3600,Who was the composer of Big B?,"[""Alphons Joseph""]",Yuvan Shankar Raja.,,,The music for the film *,,,,Vidyasagar.,,The composer of,0,1,1,2,1,1,1,3,1,4,0.6,,NOT_ATTEMPTED
952,3335561,Andy Keeley,place of birth,Basildon,1432866,218,753864,"[""Andrew James Keeley""]",[],http://www.wikidata.org/entity/Q4760879,http://www.wikidata.org/entity/Q216649,Andy Keeley,Basildon,88,11190,In what city was Andy Keeley born?,"[""Basildon""]","Andy Keeley was born in Manchester, England.",Andy Keeley was born in Liverpool.,Andy Keeley was born in Manchester.,"Andy Keeley was born in Manchester, England.",Sheffield.,Manchester.,Andy Keeley was born in Liverpool.,"Andy Keeley was born in Manchester, England.",Andy Keeley was born in Manchester.,"Andy Keeley was born in Manchester, England.",0,1,0,0,2,0,1,0,0,0,0.7,"Andy Keeley was born in Manchester, England.",INCORRECT
3376,2782928,Potter,country,United States of America,1194468,182,988513,"[""Potter, New York""]","[""the United States of America"",""America"",""U.S.A."",""USA"",""U.S."",""US"",""the US"",""the USA"",""US of A"",""the United States"",""U. S. A."",""U. S."",""the States"",""the U.S."",""'Merica"",""U.S"",""United States"",""'Murica""]",http://www.wikidata.org/entity/Q3708784,http://www.wikidata.org/entity/Q30,"Potter, New York",United States,212,1629691,In what country is Potter?,"[""United States of America"", ""the United States of America"", ""America"", ""U.S.A."", ""USA"", ""U.S."", ""US"", ""the US"", ""the USA"", ""US of A"", ""the United States"", ""U. S. A."", ""U. S."", ""the States"", ""the U.S."", ""'Merica"", ""U.S"", ""United States"", ""'Murica""]",United States.,United States.,United States.,,United States.,United States.,United States.,United States.,United States.,United States.,0,0,0,1,0,0,0,0,0,0,0.9,United States.,CORRECT
2055,6245759,Zones,genre,young adult literature,2819699,91,133436,[],"[""juvenile fiction"",""YA"",""youth literature"",""juvenile literature"",""young adult fiction"",""YA literature"",""YA fiction""]",http://www.wikidata.org/entity/Q8073948,http://www.wikidata.org/entity/Q1233720,Zones (novel),Young adult fiction,75,34659,What genre is Zones?,"[""young adult literature"", ""juvenile fiction"", ""YA"", ""youth literature"", ""juvenile literature"", ""young adult fiction"", ""YA literature"", ""YA fiction"", ""science fiction"", ""SF"", ""scifi"", ""sci Fi"", ""sci-Fi"", ""science-fiction"", ""sci fi"", ""sciencefiction""]",Zones is a,Zones is a puzzle‑platformer video,Zones is a Scottish new‑wave/post‑punk band.,Zones is,Zones is a first-person shooter.,Zones is a strategy,Zones is a puzzle video game.,,,Zones is a puzzle video game.,0,0,0,0,0,0,0,0,0,0,1.0,Zones is a,NOT_ATTEMPTED
7259,6048422,Two,director,Werner Schroeter,2717858,526,2073439,"[""Deux""]",[],http://www.wikidata.org/entity/Q7858803,http://www.wikidata.org/entity/Q62323,Two (2002 film),Werner Schroeter,155,854,Who was the director of Two?,"[""Werner Schroeter""]",,,,,,,The film *Two* was directed by,,The director of the film *Two*,,0,0,0,0,0,0,1,0,1,0,0.8,,NOT_ATTEMPTED
13157,2587839,Psyché,author,Pierre Corneille,1116429,484,2557814,"[""Psyche""]",[],http://www.wikidata.org/entity/Q3410202,http://www.wikidata.org/entity/Q747,Psyché (play),Pierre Corneille,460,4843,Who is the author of Psyché?,"[""Philippe Quinault"", ""Quinault"", ""Pierre Corneille""]",,,,The author of *Psyché* is the French composer Jean‑Bapt,,,,,,,0,0,0,1,0,0,0,0,0,0,0.9,,NOT_ATTEMPTED
5639,5663544,Saanch Ko Aanch Nahin,producer,Tarachand Barjatya,2524478,164,2636913,[],[],http://www.wikidata.org/entity/Q7395653,http://www.wikidata.org/entity/Q7685193,Saanch Ko Aanch Nahin,Tarachand Barjatya,448,3640,Who was the producer of Saanch Ko Aanch Nahin?,"[""Tarachand Barjatya""]",Tarachand Barjatya.,The film *Saanch Ko Aanch Nahin* was produced by Rajendra Kumar.,,The film Saanch Ko Aanch Nahin was produced by B. R. I,,The film “Saanch Ko Aanch,,The film **Saanch Ko Aanch Nahin** was produced by **B. R. Ishara**.,The film *Saanch Ko Aanch Nahin,The film *Saanch Ko Aanch,0,1,2,3,2,3,2,3,3,3,0.5,The film Saanch Ko Aanch Nahin was produced by B. R. I,INCORRECT
9122,5770014,Nine,screenwriter,Michael Tolkin,2576966,533,535057,[],[],http://www.wikidata.org/entity/Q752989,http://www.wikidata.org/entity/Q1723417,Nine (2009 live-action film),Michael Tolkin,17560,2522,Who was the screenwriter for Nine?,"[""Michael Tolkin"", ""Anthony Minghella"", ""Anthony Mingella""]",The screenwriter for *Nine* was Michael Tolkin.,The screenplay for *Nine* was written by Michael Tolkin.,The screenplay for Nine was written by Allan Rich and Michael Tolkin.,Michael Tolkin.,The screenplay for *Nine* was written by Michael Tolkin.,The screenwriter for *Nine* was Michael Tolkin.,Michael Tolkin.,Michael Tolkin.,The screenplay for *Nine* was written by Michael Tolkin.,Allan Loeb.,0,0,1,1,0,0,1,1,0,2,0.5,The screenwriter for *Nine* was Michael Tolkin.,CORRECT
3983,6366917,Landeh,country,Iran,2868826,182,2753763,[],"[""Islamic Republic of Iran"",""Persia"",""ir"",""Islamic Rep. Iran"",""\ud83c\uddee\ud83c\uddf7""]",http://www.wikidata.org/entity/Q888376,http://www.wikidata.org/entity/Q794,Landeh,Iran,134,317291,In what country is Landeh?,"[""Iran"", ""Islamic Republic of Iran"", ""Persia"", ""ir"", ""Islamic Rep. Iran"", ""🇮🇷""]",Iran.,Iran.,Iran.,Iran.,Iran.,Landeh is located in Iran.,Iran.,Iran.,Iran.,Iran.,0,0,0,0,0,0,0,0,0,0,1.0,Iran.,CORRECT
13464,2930913,Helena Wayne,mother,Catwoman,1255432,292,343269,"[""Huntress"",""Robin"",""Helena Kyle"",""Batwoman""]","[""Selina Kyle"",""The Cat"",""Irena Dubrovna""]",http://www.wikidata.org/entity/Q397953,http://www.wikidata.org/entity/Q158952,Huntress (Helena Wayne),Catwoman,7339,77049,Who is the mother of Helena Wayne?,"[""Catwoman"", ""Selina Kyle"", ""The Cat"", ""Irena Dubrovna""]",Selina Kyle.,Selina Kyle.,"Selina Kyle, also known as Catwoman.","Helena Wayne’s mother is Selina Kyle, the original Catwoman.",Selina Kyle.,"Helena Wayne’s mother is Selina Kyle, also known as Catwoman.",Selina Kyle.,Helena Wayne’s mother is Selina Kyle (Cat woman).,Selina Kyle.,Selina Kyle.,0,0,0,0,0,0,0,0,0,0,1.0,Selina Kyle.,CORRECT
3180,3368205,"Archduke Leopold of Austria, Prince of Tuscany",father,Archduke Leopold Salvator of Austria,1447869,257,2333881,[],[],http://www.wikidata.org/entity/Q4785876,http://www.wikidata.org/entity/Q698051,"Archduke Leopold of Austria, Prince of Tuscany",Archduke Leopold Salvator of Austria,837,1078,"Who is the father of Archduke Leopold of Austria, Prince of Tuscany?","[""Archduke Leopold Salvator of Austria""]","His father was Ferdinand III, Grand Duke of Tuscany.","His father was Ferdinand III, Grand Duke of Tuscany.","His father was Ferdinand III, Grand Duke of Tuscany.",Archduke Karl Ludwig of Austria.,"His father was Ferdinand III, Grand Duke of Tuscany.","His father was Ferdinand III, Grand Duke of Tuscany.",,,,"Archduke Leopold’s father was Ferdinand III, Grand Duke of Tuscany.",0,0,0,1,0,0,2,2,2,0,0.6,"His father was Ferdinand III, Grand Duke of Tuscany.",INCORRECT
3850,1767677,Arma,country,United States of America,781771,182,988513,"[""Arma, Kansas""]","[""the United States of America"",""America"",""U.S.A."",""USA"",""U.S."",""US"",""the US"",""the USA"",""US of A"",""the United States"",""U. S. A."",""U. S."",""the States"",""the U.S."",""'Merica"",""U.S"",""United States"",""'Murica""]",http://www.wikidata.org/entity/Q2276099,http://www.wikidata.org/entity/Q30,"Arma, Kansas",United States,310,1629691,In what country is Arma?,"[""United States of America"", ""the United States of America"", ""America"", ""U.S.A."", ""USA"", ""U.S."", ""US"", ""the US"", ""the USA"", ""US of A"", ""the United States"", ""U. S. A."", ""U. S."", ""the States"", ""the U.S."", ""'Merica"", ""U.S"", ""United States"", ""'Murica""]",Arma is located in Kenya.,Arma is located in Ethiopia.,,Arma is located in the United States.,Ethiopia.,Libya.,Arma is located in Kenya.,Arma is located in Niger.,Arma is located in Greece.,Arma is located in the United,0,1,2,3,1,4,0,5,6,3,0.2,Arma is located in Kenya.,INCORRECT
217,914998,Ann Friedman,occupation,journalist,388743,22,663400,[],"[""journo"",""journalists""]",http://www.wikidata.org/entity/Q16190438,http://www.wikidata.org/entity/Q1930187,Ann Friedman,Journalist,1214,24952,What is Ann Friedman's occupation?,"[""journalist"", ""journo"", ""journalists""]",Ann Friedman is a journalist and writer.,"Ann Friedman is a journalist, author, and podcast host.",Ann Friedman is a journalist and author.,Ann Friedman is a journalist and author.,Ann Friedman is a journalist and podcast host.,Ann Friedman is a journalist (writer and podcaster).,"Ann Friedman is a journalist, author, and podcast host.",Ann Friedman is a journalist and author.,Ann Friedman is a journalist and author.,Ann Friedman is a journalist and writer.,0,0,0,0,0,0,0,0,0,0,1.0,Ann Friedman is a journalist and writer.,CORRECT
6901,2142098,15,director,Royston Tan,936686,526,1128863,[],"[""\u9648\u5b50\u8c26"",""Ch\u00e9n Z\u01d0qi\u0101n"",""T\u00e2n J\u00ed-khiam"",""Tan Ji-khiam""]",http://www.wikidata.org/entity/Q2808298,http://www.wikidata.org/entity/Q3446323,15 (film),Royston Tan,987,1131,Who was the director of 15?,"[""Royston Tan"", ""陈子谦"", ""Chén Zǐqiān"", ""Tân Jí-khiam"", ""Tan Ji-khiam""]",,The director of the,Anup Singh.,,,,,,,Rajiv Menon.,0,1,2,0,0,0,0,0,0,3,0.7,,NOT_ATTEMPTED
5977,1305274,La Balance,director,Bob Swaim,580415,526,704085,"[""The Nark"",""Balance""]",[],http://www.wikidata.org/entity/Q1798609,http://www.wikidata.org/entity/Q2003193,La Balance,Bob Swaim,511,325,Who was the director of La Balance?,"[""Bob Swaim""]",Bob Swaim.,Bob Swaim.,Bob Swaim.,The director of *La Balance* is Bob Swaim.,Bob Swaim.,Yves Boisset.,Pierre Granier‑Deferre.,The director of *La Balance* is Bob Swaim.,Bob Swaim.,Bob Swaim.,0,0,0,0,0,1,2,0,0,0,0.8,Bob Swaim.,CORRECT
392,996280,Hugo Becker,occupation,actor,425460,22,1114174,[],"[""actress"",""actors"",""actresses""]",http://www.wikidata.org/entity/Q1634827,http://www.wikidata.org/entity/Q33999,Hugo Becker (actor),Actor,3471,81374,What is Hugo Becker's occupation?,"[""actor"", ""actress"", ""actors"", ""actresses""]",Hugo Becker is a French actor.,Hugo Becker is a French actor.,Hugo Becker is a French actor.,Hugo Becker is a French actor.,Hugo Becker is a French actor.,Hugo Becker is a French actor.,Hugo Becker is a French actor.,Hugo Becker is a French actor.,Hugo Becker is a French actor.,Hugo Becker is a French actor.,0,0,0,0,0,0,0,0,0,0,1.0,Hugo Becker is a French actor.,CORRECT
11353,999841,John J. Myers,religion,Catholic Church,427061,106,2918816,"[""John Joseph Myers""]","[""Roman Catholic Church"",""Church"",""Roman Apostolic Catholic Church""]",http://www.wikidata.org/entity/Q1638264,http://www.wikidata.org/entity/Q9592,John J. Myers,Catholic Church,501,195995,What is the religion of John J. Myers?,"[""Catholic Church"", ""Roman Catholic Church"", ""Church"", ""Roman Apostolic Catholic Church""]",John J. Myers is a Roman Catholic.,John J. Myers is a Roman Catholic.,John J. Myers is a Roman Catholic (Catholic) bishop.,John J. Myers is a Roman Catholic.,John J. Myers is a Roman Catholic.,John J. Myers is a Roman Catholic.,John J. Myers is a Roman Catholic.,John J. Myers is a Roman Catholic (Catholic).,John J. Myers is a Roman Catholic.,John J. Myers is a Roman Catholic.,0,0,0,0,0,0,0,0,0,0,1.0,John J. Myers is a Roman Catholic.,CORRECT
1440,1951573,Loaded,genre,hard rock,857664,91,2836263,[],[],http://www.wikidata.org/entity/Q2538127,http://www.wikidata.org/entity/Q83270,Loaded (band),Hard rock,1125,77166,What genre is Loaded?,"[""hard rock""]",,Loaded is a work of literary fiction.,Loaded is a crime drama.,,Loaded is a work of literary fiction.,Loaded is classified as literary fiction.,,Loaded,,Loaded is a literary‑fiction novel.,0,1,2,0,1,1,0,0,0,1,0.5,,NOT_ATTEMPTED
13334,4009186,El gesticulador,author,Rodolfo Usigli,1751738,484,1073315,[],[],http://www.wikidata.org/entity/Q5352433,http://www.wikidata.org/entity/Q3272958,El gesticulador,Rodolfo Usigli,263,198,Who is the author of El gesticulador?,"[""Rodolfo Usigli""]",The author of *El gesticulador* is Rafael Sánchez Ferlosio.,,The author of *El gesticulador* is Rodrigo Rojas.,The author of *El gesticulador* is Rafael Cansinos Assens.,Rodolfo Usigli.,The author of *El gesticulador* is the Mexican playwright Rodolfo Usigli.,Augusto Roa Bastos.,Augusto Roa Bastos.,The author of *El gesticulador* is Rodolfo Usigli.,The author of *El gesticulador* is Rafael Pérez y Pérez.,0,1,2,3,4,4,5,5,4,6,0.3,Rodolfo Usigli.,CORRECT
7347,4273280,Graft,director,Christy Cabanne,1873488,526,700769,[],"[""William Christy Cabanne""]",http://www.wikidata.org/entity/Q5592498,http://www.wikidata.org/entity/Q1993804,Graft (1931 film),Christy Cabanne,155,891,Who was the director of Graft?,"[""Christy Cabanne"", ""William Christy Cabanne""]",,,,,,Robert Day.,,,,,0,0,0,0,0,1,0,0,0,0,0.9,,NOT_ATTEMPTED
4125,2038373,Goreme,country,Bulgaria,892974,182,758991,[],"[""Republic of Bulgaria"",""bg"",""\ud83c\udde7\ud83c\uddec"",""BUL"",""BGR""]",http://www.wikidata.org/entity/Q2653482,http://www.wikidata.org/entity/Q219,"Goreme, Bulgaria",Bulgaria,23,170779,In what country is Goreme?,"[""Bulgaria"", ""Republic of Bulgaria"", ""bg"", ""🇧🇬"", ""BUL"", ""BGR""]",Göreme is located in Turkey.,Turkey.,Göreme is located in Turkey.,Görme is located in Turkey.,Turkey.,Turkey.,Göreme is located in Turkey.,Turkey.,Göreme is located in Turkey.,Turkey.,0,0,0,0,0,0,0,0,0,0,1.0,Göreme is located in Turkey.,INCORRECT
10266,6297550,Little Children,composer,Thomas Newman,2841533,639,1055598,[],"[""Thomas Montgomery Newman""]",http://www.wikidata.org/entity/Q841203,http://www.wikidata.org/entity/Q319996,Little Children (film),Thomas Newman,19328,26495,Who was the composer of Little Children?,"[""Thomas Newman"", ""Thomas Montgomery Newman""]",,,,,,,,,,,0,0,0,0,0,0,0,0,0,0,1.0,,NOT_ATTEMPTED
1602,4340642,Annie,genre,comedy-drama,1906652,91,2852854,[],"[""dramedy"",""comedic drama"",""tragicomedy"",""seriocomedy"",""comedy drama"",""dramatic comedy"",""Comedy-drama, dramedy""]",http://www.wikidata.org/entity/Q566890,http://www.wikidata.org/entity/Q859369,Annie (1982 film),Comedy-drama,46479,36819,What genre is Annie?,"[""comedy-drama"", ""dramedy"", ""comedic drama"", ""tragicomedy"", ""seriocomedy"", ""comedy drama"", ""dramatic comedy"", ""Comedy-drama, dramedy""]",Annie is a musical.,Annie is primarily classified as a musical (specifically a musical comedy‑drama).,Annie is a musical.,Annie is a musical.,Annie is a musical.,Annie is a musical.,Annie is a musical.,Annie is a musical.,Annie is a musical comedy‑drama.,Annie is a musical.,0,0,0,0,0,0,0,0,0,0,1.0,Annie is a musical.,INCORRECT
1091,4210200,George Chambers,place of birth,Kimberley,1846006,218,835762,"[""George Henry Chambers""]","[""Kimberley, Nottinghamshire""]",http://www.wikidata.org/entity/Q5537801,http://www.wikidata.org/entity/Q2464975,"George Chambers (cricketer, born 1884)","Kimberley, Nottinghamshire",25,574,In what city was George Chambers born?,"[""Kimberley"", ""Kimberley, Nottinghamshire""]",He was born in New York City.,George Chambers was born in Nottingham.,George Chambers was born in New York City.,"George Chambers was born in Newark, New Jersey.",New York City,,George Chambers was born in New York City.,,"George Chambers was born in Sheffield, England.",New York City.,0,1,0,2,0,3,0,3,4,0,0.5,He was born in New York City.,INCORRECT
9152,289215,The Vagabond,screenwriter,Charlie Chaplin,116861,533,2865458,"[""Vagabond""]","[""Charles Spencer Chaplin"",""Charles Chaplin"",""Sir Charles Spencer Chaplin""]",http://www.wikidata.org/entity/Q1197772,http://www.wikidata.org/entity/Q882,The Vagabond (1916 film),Charlie Chaplin,565,273103,Who was the screenwriter for The Vagabond?,"[""Charlie Chaplin"", ""Charles Spencer Chaplin"", ""Charles Chaplin"", ""Sir Charles Spencer Chaplin""]",Charles Kenyon.,,Charlie Chaplin.,The screenwriter for *The Vagabond* was Charlie Chaplin.,Charlie Chaplin.,Charlie Chaplin.,Charlie Chaplin.,Charlie Chaplin.,,Charlie Chaplin.,0,1,2,2,2,2,2,2,1,2,0.7,Charlie Chaplin.,CORRECT
11030,6369351,apple,color,red,2869636,472,1036579,[],"[""red color""]",http://www.wikidata.org/entity/Q89,http://www.wikidata.org/entity/Q3142,Apple,Red,131912,51772,What color is apple?,"[""red"", ""red color""]","Apples are typically red, though they can also be green or yellow depending on the variety.",Red.,"Apples are typically red, though they can also be green or yellow.",Apple is typically red.,"Apples are most commonly red, though they can also be green or yellow.",Apple is typically red.,Apple is typically red.,Red.,"Apples are commonly red, though they can also be green or yellow.","Apples are typically red, though they can also be green or yellow.",0,0,0,0,0,0,0,0,0,0,1.0,"Apples are typically red, though they can also be green or yellow depending on the variety.",CORRECT
13746,2266274,United States of America,capital,"Washington, D.C.",988513,422,2024419,"[""the United States of America"",""America"",""U.S.A."",""USA"",""U.S."",""US"",""the US"",""the USA"",""US of A"",""the United States"",""U. S. A."",""U. S."",""the States"",""the U.S."",""'Merica"",""U.S"",""United States"",""'Murica""]","[""Washington"",""Washington DC"",""Washington, DC"",""DC"",""D.C."",""District of Columbia"",""Washington, District of Columbia"",""Washington D.C."",""The District""]",http://www.wikidata.org/entity/Q30,http://www.wikidata.org/entity/Q61,United States,"Washington, D.C.",1629691,283465,What is the capital of United States of America?,"[""Washington, D.C."", ""Washington"", ""Washington DC"", ""Washington, DC"", ""DC"", ""D.C."", ""District of Columbia"", ""Washington, District of Columbia"", ""Washington D.C."", ""The District""]","The capital of the United States of America is Washington, D.C.","The capital of the United States of America is Washington, D.C.","Washington, D.C.","Washington, D.C.","Washington, D.C.","Washington, D.C.","Washington, D.C.","Washington, D.C. is the capital of the United States of America.","The capital of the United States of America is Washington, D.C.","The capital of the United States of America is Washington, D.C.",0,0,0,0,0,0,0,0,0,0,1.0,"The capital of the United States of America is Washington, D.C.",CORRECT
783,4733160,John Robinson,place of birth,Mansfield,2082173,218,2936142,"[""John Sherman Robinson""]","[""Mansfield, Ohio""]",http://www.wikidata.org/entity/Q6255288,http://www.wikidata.org/entity/Q983698,John Robinson (judge),"Mansfield, Ohio",45,7275,In what city was John Robinson born?,"[""Mansfield"", ""Mansfield, Ohio""]",New York City.,"John Robinson was born in Detroit, Michigan.",John Robinson was born in New York City.,"John Robinson was born in Bellingham, Washington.",John Robinson was born in Detroit.,"Columbus, Ohio.","San Diego, California.",New York City.,"John Robinson was born in Los Angeles, California.",Los Angeles.,0,1,0,2,1,3,4,0,5,5,0.3,New York City.,INCORRECT
7567,2675676,The Verdict,director,Don Siegel,1152107,526,1169067,"[""Verdict""]","[""Donald \""Don\"" Siegel"",""Donald Siegel""]",http://www.wikidata.org/entity/Q3523205,http://www.wikidata.org/entity/Q358322,The Verdict (1946 film),Don Siegel,819,12364,Who was the director of The Verdict?,"[""Don Siegel"", ""Donald \""Don\"" Siegel"", ""Donald Siegel""]",The director of *The Verdict* was Sidney Lumet.,The director of *The Verdict* was Sidney Lumet.,The director of *The Verdict* was Sidney Lumet.,The director of *The Verdict* was Sidney Lumet.,Sidney Lumet.,Sidney Lumet.,Sidney Lumet.,The director of *The Verdict* was Sidney Lumet.,The director of *The Verdict* was Sidney Lumet.,Sidney Lumet.,0,0,0,0,0,0,0,0,0,0,1.0,The director of *The Verdict* was Sidney Lumet.,INCORRECT
9696,3207265,The Substitute,screenwriter,Melinda Hsu Taylor,1374121,533,2272870,[],[],http://www.wikidata.org/entity/Q466454,http://www.wikidata.org/entity/Q6812475,The Substitute (Lost),Melinda Hsu Taylor,754,681,Who was the screenwriter for The Substitute?,"[""Elizabeth Sarnoff"", ""Elizabeth \""Liz\"" Sarnoff"", ""Liz Sarnoff"", ""Melinda Hsu Taylor""]",David S. Goyer.,Albert Pyun.,The screenwriter for *The Substitute* was Tom Gordon.,The Substitute was written by David S. Ward and James,The screenwriter for The Substitute was Robert Mark Kamen.,The screenwriter for *The Substitute* was John M. McNamara.,The screenwriter for *The Substitute* was Tom Gordon.,The screenwriters for *The Substitute* were Ken Wheat and Jim Wheat.,,The screenwriter for *The Substitute* was Robert Mark Kamen.,0,1,2,3,4,5,2,6,7,4,0.2,The screenwriter for *The Substitute* was Tom Gordon.,INCORRECT
6245,240585,Darling,director,John Schlesinger,97042,526,1841622,[],"[""John Richard Schlesinger""]",http://www.wikidata.org/entity/Q1166360,http://www.wikidata.org/entity/Q55303,Darling (1965 film),John Schlesinger,4927,10428,Who was the director of Darling?,"[""John Schlesinger"", ""John Richard Schlesinger""]",The 2007 Hindi film *Darling* was directed by Ram Gopal Varma.,John Schlesinger.,John Schlesinger.,John Schlesinger.,Dibakar Banerjee.,John Schlesinger.,John Schlesinger.,John Schlesinger.,The director of the 2007 Hindi film *Darling* is Ram Gopal Varma.,John Schlesinger.,0,1,1,1,2,1,1,1,0,1,0.7,John Schlesinger.,CORRECT
5863,2134846,The Dream,director,Pieter Verhoeff,933450,526,2424428,"[""Dream""]",[],http://www.wikidata.org/entity/Q2789340,http://www.wikidata.org/entity/Q7192838,The Dream (1985 film),Pieter Verhoeff,100,144,Who was the director of The Dream?,"[""Pieter Verhoeff""]",,,,,,,,,,,0,0,0,0,0,0,0,0,0,0,1.0,,NOT_ATTEMPTED
3347,3550345,Borysławice,country,Poland,1534439,182,1172122,[],"[""POL"",""Republic of Poland"",""PL"",""Polska""]",http://www.wikidata.org/entity/Q4946894,http://www.wikidata.org/entity/Q36,Borysławice,Poland,53,355720,In what country is Borysławice?,"[""Poland"", ""POL"", ""Republic of Poland"", ""PL"", ""Polska""]",Poland.,Poland.,Poland.,Poland.,Poland.,Poland.,Poland.,Poland.,Poland.,Poland.,0,0,0,0,0,0,0,0,0,0,1.0,Poland.,CORRECT
4154,2283970,Brandish,producer,Nihon Falcom,996563,164,83745,[],"[""Falcom"",""Nihon Falcom Corporation"",""Nihon Falcom Corp.""]",http://www.wikidata.org/entity/Q302300,http://www.wikidata.org/entity/Q1142226,Brandish (series),Nihon Falcom,1855,10377,Who was the producer of Brandish?,"[""Nihon Falcom"", ""Falcom"", ""Nihon Falcom Corporation"", ""Nihon Falcom Corp.""]",The producer of Brandish was Masahiro Yamauchi.,,,The producer of *,,Kazunori Saito.,Mas,,,The producer of *Brandish* was Kazuhiko Saito.,0,1,1,2,1,3,1,1,1,2,0.6,,NOT_ATTEMPTED
13884,280121,Min,capital,Fuzhou City,113261,422,2288641,[],"[""Foochow"",""Fuzhou"",""Hockchew"",""Banyan City""]",http://www.wikidata.org/entity/Q1192067,http://www.wikidata.org/entity/Q68481,Min Kingdom,Fuzhou,594,13016,What is the capital of Min?,"[""Fuzhou City"", ""Foochow"", ""Fuzhou"", ""Hockchew"", ""Banyan City""]",,Fuzhou.,Fuzhou.,Minsk.,,,Minsk.,,,Fuzhou.,0,1,1,2,0,0,2,0,0,1,0.5,,NOT_ATTEMPTED
6975,2596451,Imagine,director,John Lennon,1119724,526,120017,[],"[""John Winston Ono Lennon"",""John Winston Lennon"",""Lennon John"",""John Ono Lennon""]",http://www.wikidata.org/entity/Q3421626,http://www.wikidata.org/entity/Q1203,Imagine (1972 film),John Lennon,1388,453988,Who was the director of Imagine?,"[""Yoko Ono"", ""Ono Yōko"", ""Ono Yoko"", ""Ĭoko Ono"", ""Ono"", ""Yōko Ono"", ""Yoko Ono Lennon"", ""John Lennon"", ""John Winston Ono Lennon"", ""John Winston Lennon"", ""Lennon John"", ""John Ono Lennon""]",,,,Andrew Davis was the director of the documentary film *Imagine*.,,,The director of *Imagine* was Andrew Piddington.,,,Andrew Niccol.,0,0,0,1,0,0,2,0,0,3,0.7,,NOT_ATTEMPTED
6240,1059710,Fantastic Four,director,Josh Trank,453786,526,1051307,"[""Fant4stic""]","[""Joshua Benjamin \""Josh\"" Trank""]",http://www.wikidata.org/entity/Q16795448,http://www.wikidata.org/entity/Q3186007,Fantastic Four (2015 film),Josh Trank,50266,9089,Who was the director of Fantastic Four?,"[""Josh Trank"", ""Joshua Benjamin \""Josh\"" Trank""]",Tim Story.,Tim Story.,Tim Story.,Tim Story was the director of the 2005 film *Fantastic Four*.,The director of *Fantastic Four* (2005) was Tim Story.,The director of the 2005 film *Fantastic Four* was Tim Story.,The director of *Fantastic Four* was Tim Story.,Tim Story.,The director of *Fantastic Four* was Tim Story.,Tim Story.,0,0,0,0,0,0,0,0,0,0,1.0,Tim Story.,INCORRECT
9666,329810,A Double Life,screenwriter,Ruth Gordon,133054,533,794443,"[""Double Life""]","[""Ruth Gordon Jones""]",http://www.wikidata.org/entity/Q1232912,http://www.wikidata.org/entity/Q232562,A Double Life (1947 film),Ruth Gordon,2247,44581,Who was the screenwriter for A Double Life?,"[""Garson Kanin"", ""Ruth Gordon"", ""Ruth Gordon Jones""]",,,John Paxton.,,,,,The screenwriter for *A Double Life* was Clifford Odets.,,The screenplay for *A Double Life* was written by John Howard Lawson.,0,0,1,0,0,0,0,2,0,3,0.7,,NOT_ATTEMPTED
5479,3212607,The Fog of War,producer,Errol Morris,1376560,164,2931505,"[""Fog of War"",""The Fog of War: Eleven Lessons from the Life of Robert S. McNamara"",""Eleven Lessons from the Life of Robert S. McNamara""]","[""Errol Mark Morris""]",http://www.wikidata.org/entity/Q466846,http://www.wikidata.org/entity/Q977546,The Fog of War,Errol Morris,7988,10886,Who was the producer of The Fog of War?,"[""Errol Morris"", ""Errol Mark Morris""]",,Errol Morris.,,The Fog of War was produced by Errol Morris.,The Fog of War was produced by Errol Morris.,The Fog of War,The Fog of War was produced by Errol,Errol Morris was the producer of *The Fog of War*.,,Errol Morris.,0,1,0,1,1,2,3,3,0,1,0.4,Errol Morris.,CORRECT
13452,2765337,Aung San Suu Kyi,mother,Khin Kyi,1187406,292,359424,"[""aung hcan: cu. krany"",""Daw Aung San Suu Kyi"",""Daw Suu"",""Amay Suu"",""Dr. Suu Kyi"",""Ms. Suu Kyi"",""Miss Suu Kyi"",""The lady""]",[],http://www.wikidata.org/entity/Q36740,http://www.wikidata.org/entity/Q16012101,Aung San Suu Kyi,Khin Kyi,127882,1541,Who is the mother of Aung San Suu Kyi?,"[""Khin Kyi""]",Khin Kyi.,Khin Kyi.,Aung San Suu Kyi’s mother is Khin Kyi.,Khin Kyi.,Khin Kyi.,Aung San Suu Kyi’s mother is Khin Kyi.,Aung San Suu Kyi’s mother is Khin Kyi.,Aung San Suu Kyi's mother is Khin Kyi.,Aung San Suu Kyi’s mother is Khin Kyi.,Khin Kyi is the mother of Aung San Suu Kyi.,0,0,0,0,0,0,0,0,0,0,1.0,Khin Kyi.,CORRECT
2571,1428511,Light Years,genre,pop punk,638951,91,1496443,[],"[""punk-pop"",""pop-punk""]",http://www.wikidata.org/entity/Q18719099,http://www.wikidata.org/entity/Q487914,Light Years (band),Pop-punk,274,27492,What genre is Light Years?,"[""pop punk"", ""punk-pop"", ""pop-punk""]",,,Light Years is a science‑fiction novel.,,Light Years is a romantic comedy‑drama.,,,Light Years is a romantic drama.,Light Years is a science‑fiction work.,,0,0,1,0,2,0,0,2,1,0,0.6,,NOT_ATTEMPTED
8426,1450805,Mary's Ankle,screenwriter,Luther Reed,648541,533,1229299,[],[],http://www.wikidata.org/entity/Q18915100,http://www.wikidata.org/entity/Q3840917,Mary's Ankle,Luther Reed,87,289,Who was the screenwriter for Mary's Ankle?,"[""Luther Reed""]",,The screenwriter for *Mary's Ankle* was Murray S. Smith.,Frances Marion was the screenwriter for Mary’s Ankle.,,,The screenwriter for *Mary’s Ankle* was Frances Marion.,,Frances Marion.,,Anita Loos.,0,1,2,0,0,2,0,2,0,3,0.5,,NOT_ATTEMPTED
9309,1106127,Murderers,screenwriter,Patrick Grandperret,481568,533,2711954,"[""Meurtri\u00e8res""]",[],http://www.wikidata.org/entity/Q16912453,http://www.wikidata.org/entity/Q784650,Murderers (film),Patrick Grandperret,116,125,Who was the screenwriter for Murderers?,"[""Patrick Grandperret""]",,,,,,Kim Ki‑duk.,,,Jean‑Claude Brisseau.,,0,0,0,0,0,1,0,0,2,0,0.8,,NOT_ATTEMPTED
1624,5714418,Second Time Around,genre,sitcom,2549740,91,509702,[],"[""situational comedy"",""situation comedy""]",http://www.wikidata.org/entity/Q7443601,http://www.wikidata.org/entity/Q170238,Second Time Around (TV series),Sitcom,545,47889,What genre is Second Time Around?,"[""sitcom"", ""situational comedy"", ""situation comedy""]",Rom,Second Time Around is a romance drama.,Romantic comedy.,Second Time Around is a romantic drama series.,Romantic comedy.,Second Time Around is a romance novel.,Second Time Around is a romance genre work.,Second Time Around is a romantic‑comedy film.,Second Time Around is a romantic‑comedy film.,Second Time Around is a romantic‑comedy genre.,0,1,0,1,0,0,1,0,0,0,0.7,Rom,INCORRECT
9369,442364,Emma,screenwriter,Jane Austen,179632,533,1178872,[],[],http://www.wikidata.org/entity/Q1338008,http://www.wikidata.org/entity/Q36322,Emma (1996 theatrical film),Jane Austen,11401,138137,Who was the screenwriter for Emma?,"[""Douglas McGrath"", ""Douglas Geoffrey McGrath"", ""Jane Austen""]",,The screenwriter for *Emma* was Eleanor Catton.,The screenplay for *Emma* was written by Eleanor Catton.,The screenplay for Emma was written by Eleanor Catton.,The screenplay for *Emma* was written by Eleanor Catton.,Julian Fellowes was the screenwriter for *Emma*.,The screenwriter for *Emma* was Eleanor Catton.,,The screenplay for Emma was written by Eleanor Catton.,,0,1,1,1,1,2,1,0,1,0,0.6,The screenwriter for *Emma* was Eleanor Catton.,INCORRECT
4623,6087548,Vachan,producer,Devendra Goel,2738551,164,1704617,[],[],http://www.wikidata.org/entity/Q7907989,http://www.wikidata.org/entity/Q5266856,Vachan,Devendra Goel,786,487,Who was the producer of Vachan?,"[""Devendra Goel""]",The,,,Tarachand Barjatya.,The producer of the film *Vachan* was Vijay,The producer of *Vachan* was Chandulal Shah.,B. R. Chopra,The film *Vachan* was produced by A. V. Meiyappan of AVM Productions.,The producer of *Vachan* was A. R. Kardar.,The producer of *Vachan*,0,0,0,1,2,3,4,5,6,6,0.3,The,NOT_ATTEMPTED
2220,4365138,Hellgate,genre,Western film,1918049,91,537516,[],"[""western film"",""western genre"",""Western""]",http://www.wikidata.org/entity/Q5707501,http://www.wikidata.org/entity/Q172980,Hellgate (1952 film),Western film,665,2183,What genre is Hellgate?,"[""Western film"", ""western film"", ""western genre"", ""Western""]",Hellgate is an action role‑playing shooter (ARPG) video game.,Hellgate is a first‑person action role‑playing shooter.,Hellgate is a first‑person shooter with role‑playing game elements.,Hellgate is a first‑person action role‑playing game (FPS‑RPG).,Hellgate is an action role‑playing shooter (ARPG) genre.,Hellgate is a first‑person shooter (FPS) with survival‑horror and RPG elements.,Hellgate is a first‑person action role‑playing game (FPS‑RPG).,Hellgate is a first‑person action role‑playing shooter (action‑RPG).,Hellgate is a first‑person shooter (FPS) video game.,Hellgate is an action role‑playing shooter (ARPG) video game.,0,0,0,0,0,1,1,0,1,0,0.7,Hellgate is an action role‑playing shooter (ARPG) video game.,INCORRECT
3491,6503286,Crestwood,country,United States of America,2920842,182,988513,"[""Crestwood, Missouri""]","[""the United States of America"",""America"",""U.S.A."",""USA"",""U.S."",""US"",""the US"",""the USA"",""US of A"",""the United States"",""U. S. A."",""U. S."",""the States"",""the U.S."",""'Merica"",""U.S"",""United States"",""'Murica""]",http://www.wikidata.org/entity/Q962016,http://www.wikidata.org/entity/Q30,"Crestwood, Missouri",United States,480,1629691,In what country is Crestwood?,"[""United States of America"", ""the United States of America"", ""America"", ""U.S.A."", ""USA"", ""U.S."", ""US"", ""the US"", ""the USA"", ""US of A"", ""the United States"", ""U. S. A."", ""U. S."", ""the States"", ""the U.S."", ""'Merica"", ""U.S"", ""United States"", ""'Murica""]",Crestwood is located in the United States.,Crestwood is located in Australia.,Crestwood is located in the United States.,Crestwood is located in the United States.,Crestwood is located in the United States.,United States.,Crestwood is located in the United States (specifically in Missouri).,Crestwood is located in the United States.,Crestwood is located in Australia (specifically in New South Wales).,,0,1,0,0,0,0,0,0,1,2,0.7,Crestwood is located in the United States.,CORRECT
13161,3498602,Big Money,author,P. G. Wodehouse,1511837,484,728503,[],"[""Pelham Grenville Wodehouse"",""Sir Pelham Grenville Wodehouse"",""P.G. Wodehouse""]",http://www.wikidata.org/entity/Q4906019,http://www.wikidata.org/entity/Q207515,Big Money (novel),P. G. Wodehouse,218,30137,Who is the author of Big Money?,"[""P. G. Wodehouse"", ""Pelham Grenville Wodehouse"", ""Sir Pelham Grenville Wodehouse"", ""P.G. Wodehouse""]",The author of *Big Money* is P. G. Wodehouse.,,The author of *Big Money* is John Lanchester.,,,,,,John Dos Passos.,The author of *Big Money* is John Dos Passos.,0,1,2,1,1,1,1,1,3,3,0.6,,NOT_ATTEMPTED
1570,3783747,Cool It,genre,television comedy,1647580,91,2641676,[],"[""TV comedy"",""comedy TV"",""Telecomedia"",""comedy television""]",http://www.wikidata.org/entity/Q5167310,http://www.wikidata.org/entity/Q7696995,Cool It (TV series),Television comedy,134,6379,What genre is Cool It?,"[""television comedy"", ""TV comedy"", ""comedy TV"", ""Telecomedia"", ""comedy television""]",Cool It is a documentary film.,Cool It is a documentary film.,Cool It is a documentary film.,Cool It is a non‑fiction environmental/climate‑change book.,Cool It is a documentary film.,Cool It is a documentary film.,Cool It is a documentary film.,Cool It is a non‑fiction environmental science book.,Cool It is a documentary film.,Cool It is a documentary film.,0,0,0,1,0,0,0,1,0,0,0.8,Cool It is a documentary film.,INCORRECT
3115,932183,Niketa Thopia,father,Karl Topia,396893,257,1872528,"[""Niketa Topia""]",[],http://www.wikidata.org/entity/Q16205994,http://www.wikidata.org/entity/Q559060,Niketa Thopia,Karl Thopia,315,1197,Who is the father of Niketa Thopia?,"[""Karl Topia""]",Niketa Thopia was the,Niketa Thopia was the son of Andrea Thopia.,Niketa Thopia’s father was Karl Thopia.,Niketa Thopia was the son of the Albanian noble Karl Thopia.,Niketa Thopia’s father was Karl Thopia.,Niketa Thopia was the son of Karl Thopia.,Niketa Thopia was the son of Karl Th,,Niketa Thopia was the son of the Albanian noble Karl Thopia.,Niketa Thopia was the son of Karl Thopia.,0,0,1,1,1,1,1,2,1,1,0.7,Niketa Thopia’s father was Karl Thopia.,CORRECT
9383,6535205,Détective,screenwriter,Jean-Luc Godard,2932613,533,1722988,"[""Detective""]","[""Jean Luc Godard""]",http://www.wikidata.org/entity/Q979231,http://www.wikidata.org/entity/Q53001,Détective,Jean-Luc Godard,508,38520,Who was the screenwriter for Détective?,"[""Jean-Luc Godard"", ""Jean Luc Godard""]",Jean‑Luc Godard.,,,,The screenwriter for,The screenwriter of Détective was Jean‑Luc Godard.,Jean‑Luc Godard.,,Jean‑Luc Godard.,,0,1,1,1,2,0,0,1,0,1,0.5,,NOT_ATTEMPTED
9766,1853136,Giallo,screenwriter,Dario Argento,815414,533,1723722,[],"[""Sirio Bernadotte""]",http://www.wikidata.org/entity/Q2399930,http://www.wikidata.org/entity/Q53011,Giallo (2009 film),Dario Argento,5766,42533,Who was the screenwriter for Giallo?,"[""Dario Argento"", ""Sirio Bernadotte""]",,The screenplay for the film *Giallo* was written by Dario,,,,,The screenwriter for the film *Giallo* is Jon Abrams.,,,,0,1,0,0,0,0,2,0,0,0,0.8,,NOT_ATTEMPTED
1047,3048920,Javier Suárez,place of birth,Madrid,1303604,218,936498,"[""Javier Suarez""]","[""City of Madrid"",""Madrid, Spain""]",http://www.wikidata.org/entity/Q434845,http://www.wikidata.org/entity/Q2807,Javier Suárez (economist),Madrid,96,108266,In what city was Javier Suárez born?,"[""Madrid"", ""City of Madrid"", ""Madrid, Spain""]",Javier Suárez was born in Madrid.,"Javier Suárez was born in Madrid, Spain",Javier Suárez was born in Barcelona.,"Javier Suárez was born in Barcelona, Spain.","Javier Suárez was born in Madrid, Spain.",,Madrid.,Javier Suárez was born in Madrid.,"Javier Suárez was born in Barcelona, Spain.",Barcelona.,0,0,1,1,0,2,0,0,1,1,0.5,Javier Suárez was born in Madrid.,CORRECT
11837,4520346,Hwang Byung-ju,sport,association football,1992119,560,920845,[],"[""football"",""soccer""]",http://www.wikidata.org/entity/Q5951871,http://www.wikidata.org/entity/Q2736,Hwang Byung-ju,Association football,30,197767,What sport does Hwang Byung-ju play?,"[""association football"", ""football"", ""soccer""]",,He is a football (soccer) player.,Hwang Byung‑ju is a hand,Hwang By,,He is a sport shooter.,,He is a South Korean handball player.,"He is a sport shooter, competing in shooting events.",,0,1,2,2,0,3,0,4,3,0,0.4,,NOT_ATTEMPTED
6958,4255977,Gniazdo,director,Jan Rybkowski,1865201,526,2044061,[],"[""Jan Izydor Rybkowski""]",http://www.wikidata.org/entity/Q5574231,http://www.wikidata.org/entity/Q6149846,Gniazdo,Jan Rybkowski,132,95,Who was the director of Gniazdo?,"[""Jan Rybkowski"", ""Jan Izydor Rybkowski""]",Jan Morgenstern.,The director of *Gniazdo* was Jerzy Antczak.,The director of *Gniazdo* was Janusz Majewski.,Jan Majewski.,The director of *Gniazdo* was Jerzy Hoffman.,,The director of *Gniazdo* was Jerzy Kawalerowicz.,The director of *Gniazdo* was Jerzy K,,The director of *Gniazdo* was Jerzy Hoffman.,0,1,2,2,3,4,5,5,4,3,0.2,The director of *Gniazdo* was Janusz Majewski.,INCORRECT
9382,1305682,The Night Of,screenwriter,Steven Zaillian,580690,533,967251,[],"[""Steven Ernest Bernard Zaillian""]",http://www.wikidata.org/entity/Q17986725,http://www.wikidata.org/entity/Q291141,The Night Of,Steven Zaillian,39652,10517,Who was the screenwriter for The Night Of?,"[""Steven Zaillian"", ""Steven Ernest Bernard Zaillian""]",Richard Price.,Richard Price.,Richard Price.,The series *The Night Of* was written by screenwriter Richard Price.,The series was written by screenwriter Richard Price.,Richard Price.,Richard Price.,Richard Price.,The Night Of was written by screenwriter Richard Price.,The screenwriter for *The Night Of* was Richard Price.,0,0,0,0,0,0,0,0,0,0,1.0,Richard Price.,INCORRECT
9720,1931065,Brazil,screenwriter,Tom Stoppard,848846,533,976790,[],"[""Sir Tom Stoppard""]",http://www.wikidata.org/entity/Q25057,http://www.wikidata.org/entity/Q294773,Brazil (1985 film),Tom Stoppard,40686,32550,Who was the screenwriter for Brazil?,"[""Terry Gilliam"", ""Terrence Vance Gilliam"", ""Tom Stoppard"", ""Sir Tom Stoppard"", ""Charles McKeown""]",,The screenplay for *Brazil* was written by Terry Gilliam and Charles McKeown.,The film *,The film *Brazil* was written by Terry,The screenplay for,The screenplay for Brazil was written by Terry,"The screenplay for Brazil was written by Terry Gilliam, Tom Stoppard, and Charles McKeown.",,"The screenplay for *Brazil* was written by Terry Gilliam, Tom Stopp",,0,1,1,1,2,1,3,0,3,0,0.4,The screenplay for *Brazil* was written by Terry Gilliam and Charles McKeown.,CORRECT
9960,1537489,Calendar,screenwriter,Atom Egoyan,687178,533,742510,[],"[""Atom Yeghoyan""]",http://www.wikidata.org/entity/Q1964819,http://www.wikidata.org/entity/Q212167,Calendar (1993 film),Atom Egoyan,408,8054,Who was the screenwriter for Calendar?,"[""Atom Egoyan"", ""Atom Yeghoyan""]",,,The screenwriter for *Calendar* was M. T. Vasudevan Nair.,The screenplay for *The Calendar* was written by John Hast,,,,Nikita Mikh,,,0,0,1,2,0,0,0,3,0,0,0.7,,NOT_ATTEMPTED
13072,4565718,Interface,author,Neal Stephenson,2013621,484,1031464,[],"[""Neal Town Stephenson"",""Stephen Bury""]",http://www.wikidata.org/entity/Q6046262,http://www.wikidata.org/entity/Q312853,Interface (novel),Neal Stephenson,904,35399,Who is the author of Interface?,"[""Neal Stephenson"", ""Neal Town Stephenson"", ""Stephen Bury"", ""George Jewsbury""]",,,,,,,The author of *Interface* is Stephen Bury.,,Stephen Baxter.,,0,0,0,0,0,0,1,0,2,0,0.8,,NOT_ATTEMPTED
12905,1182836,The Mahdi,author,A. J. Quinnell,526680,484,933243,[],"[""A.J. Quinnell"",""A J Quinnell"",""AJ Quinnell"",""A.J. Quinnel"",""Philip Nicholson""]",http://www.wikidata.org/entity/Q17113431,http://www.wikidata.org/entity/Q278816,The Mahdi,A. J. Quinnell,385,2647,Who is the author of The Mahdi?,"[""A. J. Quinnell"", ""A.J. Quinnell"", ""A J Quinnell"", ""AJ Quinnell"", ""A.J. Quinnel"", ""Philip Nicholson""]",,,,,,,,,,,0,0,0,0,0,0,0,0,0,0,1.0,,NOT_ATTEMPTED
9798,1657651,Iron Man 3,screenwriter,Drew Pearce,735610,533,697475,[],[],http://www.wikidata.org/entity/Q209538,http://www.wikidata.org/entity/Q1984101,Iron Man 3,Drew Pearce,72606,3109,Who was the screenwriter for Iron Man 3?,"[""Drew Pearce"", ""Warren Ellis"", ""Warren Girard Ellis"", ""Shane Black""]",Shane Black.,The screenplay for *Iron Man 3* was written by Drew Pearce and Shane Black.,The screenplay for *Iron Man 3* was written by Shane Black and Drew Pearce.,Shane Black.,The screenwriter for Iron Man 3 was Drew Pearce.,The screenplay for *Iron Man 3* was written by Shane Black and Drew Pearce.,The screenwriter for *Iron Man 3* was Shane Black.,Drew Pearce.,"The screenplay for *Iron Man 3* was written by Shane Black, with co‑writers Drew",The screenplay for *Iron Man 3* was written by Shane Black (with,0,0,0,0,1,1,0,1,2,2,0.5,Shane Black.,CORRECT
11121,1018668,Swedes,religion,Lutheranism,435564,106,2595152,"[""Swedish people"",""Swedish""]","[""Lutheran Church"",""Lutherans""]",http://www.wikidata.org/entity/Q165192,http://www.wikidata.org/entity/Q75809,Swedes,Lutheranism,16893,81663,What is the religion of Swedes?,"[""Lutheranism"", ""Lutheran Church"", ""Lutherans""]","Swedes are predominantly Lutheran Christians, belonging mainly to the Church of Sweden.","Swedes are predominantly Lutheran Christians, belonging mainly to the Church of Sweden.",Swedes are predominantly members of the Lutheran Church of Sweden.,Swedes are predominantly members of the Lutheran Church of Sweden.,Swedes are predominantly members of the Lutheran Church of Sweden (a Protestant Christian denomination).,Swedes are predominantly members of the Lutheran Church of Sweden.,Swedes are predominantly members of the Lutheran Church of Sweden (a Protestant Christian denomination).,Swedes are predominantly members of the Lutheran Church of Sweden (a Protestant Christian denomination).,"Swedes are predominantly members of the Church of Sweden (Lutheran), though most identify as secular or non‑religious.",Swedes are predominantly members of the Lutheran Church of Sweden (a Protestant Christian denomination).,0,0,0,0,0,0,0,0,0,0,1.0,"Swedes are predominantly Lutheran Christians, belonging mainly to the Church of Sweden.",CORRECT
137,5111257,Masayoshi Nataniya,occupation,politician,2259285,22,2834605,[],"[""political leader"",""political figure"",""polit."",""pol""]",http://www.wikidata.org/entity/Q6782788,http://www.wikidata.org/entity/Q82955,Masayoshi Nataniya,Politician,78,25692,What is Masayoshi Nataniya's occupation?,"[""politician"", ""political leader"", ""political figure"", ""polit."", ""pol""]",Masayoshi Nataniya is a Japanese politician.,Masayoshi Nataniya is a Japanese politician.,Masayoshi Nataniya is a Japanese politician.,Masayoshi Nataniya is a Japanese politician.,Masayoshi Nataniya is a Japanese politician serving as a member of the House of Councillors.,Masayoshi Nataniya is a Japanese politician serving as a member of the House of Councillors.,Masayoshi Nataniya is a Japanese politician.,Masayoshi Nataniya is a Japanese politician serving as a member of the House of Councillors.,Masayoshi Nataniya is a Japanese politician.,Masayoshi Nataniya is a Japanese politician.,0,0,0,0,0,0,0,0,0,0,1.0,Masayoshi Nataniya is a Japanese politician.,CORRECT
10766,4682524,Leader,composer,Naushad,2062314,639,2237741,[],"[""Naushad Ali""]",http://www.wikidata.org/entity/Q620100,http://www.wikidata.org/entity/Q674337,Leader (1964 film),Naushad,1335,5921,Who was the composer of Leader?,"[""Naushad"", ""Naushad Ali""]",,,,,,,,,,,0,0,0,0,0,0,0,0,0,0,1.0,,NOT_ATTEMPTED
2250,1087089,Dallas,genre,soap opera,469715,91,808453,[],"[""soap"",""soapie"",""soapopera""]",http://www.wikidata.org/entity/Q168708,http://www.wikidata.org/entity/Q23739,Dallas (1978 TV series),Soap opera,48104,50456,What genre is Dallas?,"[""soap opera"", ""soap"", ""soapie"", ""soapopera""]",Dallas is a primetime soap‑opera drama.,"Dallas is a prime‑time drama series, specifically a soap‑opera‑style television drama.","Dallas is a primetime drama series, commonly classified as a soap opera.",Dallas is a prime‑time soap opera drama.,Dallas is a prime‑time soap opera drama series.,Dallas is a primetime soap‑opera drama series.,Dallas is a drama/soap‑opera television series.,Dallas is a drama series (specifically a prime‑time soap opera).,Dallas is a primetime soap‑opera drama series.,"Dallas is a prime‑time drama series, often classified as a soap‑opera‑style television drama.",0,0,0,0,0,0,0,0,0,0,1.0,Dallas is a primetime soap‑opera drama.,CORRECT
13147,1146794,Night,author,William Blake,506329,484,1279797,[],"[""W. Blake"",""Uil'iam Bleik"",""Blake""]",http://www.wikidata.org/entity/Q17012455,http://www.wikidata.org/entity/Q41513,Night (Blake),William Blake,976,78458,Who is the author of Night?,"[""William Blake"", ""W. Blake"", ""Uil'iam Bleik"", ""Blake""]",Elie Wiesel.,Elie Wiesel.,Elie Wiesel.,Elie Wiesel.,Elie Wiesel is the author of *Night*.,The author of *Night* is Elie Wiesel.,The author of *Night* is Elie Wiesel.,The author of *Night* is Elie Wiesel.,Stephen King.,The author of *Night* is Elie Wiesel.,0,0,0,0,0,0,0,0,1,0,0.9,Elie Wiesel.,INCORRECT
9794,217030,Heat,screenwriter,Paul Morrissey,87730,533,1228508,"[""Andy Warhol's Heat""]","[""Paul Morrisey""]",http://www.wikidata.org/entity/Q1149669,http://www.wikidata.org/entity/Q383764,Heat (1972 film),Paul Morrissey,1360,5781,Who was the screenwriter for Heat?,"[""Paul Morrissey"", ""Paul Morrisey""]",Michael Mann.,Michael Mann.,The screenwriter for *Heat* was Michael Mann.,The screenwriter for *Heat* was Michael Mann.,Michael Mann.,Michael Mann.,Michael Mann.,Michael Mann.,The screenwriter for *Heat* was Michael Mann.,Michael Mann.,0,0,0,0,0,0,0,0,0,0,1.0,Michael Mann.,INCORRECT
13765,2986069,Argentina,capital,Buenos Aires,1278811,422,271978,"[""AR"",""ar"",""\ud83c\udde6\ud83c\uddf7"",""Argentine Republic"",""ARG"",""Republic of Argentina""]","[""Buenos Ayres"",""Autonomous City of Buenos Aires"",""CABA"",""Ciudad Aut\u00f3noma de Buenos Aires""]",http://www.wikidata.org/entity/Q414,http://www.wikidata.org/entity/Q1486,Argentina,Buenos Aires,257403,89934,What is the capital of Argentina?,"[""Buenos Aires"", ""Buenos Ayres"", ""Autonomous City of Buenos Aires"", ""CABA"", ""Ciudad Autónoma de Buenos Aires""]",Buenos Aires.,The capital of Argentina is Buenos Aires.,Buenos Aires.,The capital of Argentina is Buenos Aires.,Buenos Aires.,Buenos Aires.,Buenos Aires.,Buenos Aires.,Buenos Aires is the capital of Argentina.,Buenos Aires.,0,0,0,0,0,0,0,0,0,0,1.0,Buenos Aires.,CORRECT
8444,3209495,The Believer,screenwriter,Henry Bean,1375031,533,1032849,"[""Believer""]",[],http://www.wikidata.org/entity/Q466593,http://www.wikidata.org/entity/Q3132619,The Believer (2001 film),Henry Bean,10499,1190,Who was the screenwriter for The Believer?,"[""Henry Bean""]",The,,The screenplay for *The Believer* was written by Henry Bean.,Edward Norton.,Tony Kushner.,The screenwriter for *The Believer* was Edward Burns.,The screenwriter for *The Believer* was Henry Bean.,Tony Kushner.,Edward B. Cohen.,The screenwriter for *The Believer* was Edward Norton.,0,0,1,2,3,4,1,3,5,2,0.2,The,INCORRECT
1626,5961804,The Unlovables,genre,pop punk,2676321,91,1496443,[],"[""punk-pop"",""pop-punk""]",http://www.wikidata.org/entity/Q7771661,http://www.wikidata.org/entity/Q487914,The Unlovables,Pop-punk,208,27492,What genre is The Unlovables?,"[""pop punk"", ""punk-pop"", ""pop-punk""]",The Unlovables are an indie pop band.,The Unlovables are an indie pop/punk band.,The Unlovables are primarily a pop‑punk/indie‑pop band.,Pop‑punk.,The Unlovables are primarily a pop‑punk/indie‑pop band.,The Unlovables are a pop‑punk band.,The Unlovables are an indie pop/punk band.,The Unlovables are an indie pop‑punk band.,The Unlovables are an indie pop‑punk band.,The Unlovables are primarily a pop‑punk/indie pop band.,0,0,0,1,1,1,1,1,1,1,0.7,Pop‑punk.,CORRECT
9925,5953840,The Search,screenwriter,Brent Forrester,2672199,533,971296,[],[],http://www.wikidata.org/entity/Q7762828,http://www.wikidata.org/entity/Q2924478,The Search (The Office),Brent Forrester,1334,1751,Who was the screenwriter for The Search?,"[""Brent Forrester""]",John Paxton.,,The screenplay for The Search was written by Robert Rossen.,William Goldman.,,James Clavell.,,,The screenwriter for *The Search* was Robert L. Collins.,The screenplay for The Search was written by Michael Wilson.,0,1,2,3,1,4,1,1,5,6,0.4,,NOT_ATTEMPTED
2076,288740,The Shout,genre,horror film,116655,91,703275,"[""Shout""]","[""horror movie""]",http://www.wikidata.org/entity/Q1197556,http://www.wikidata.org/entity/Q200092,The Shout,Horror film,3509,90942,What genre is The Shout?,"[""horror film"", ""horror movie""]",The Shout is a horror novel.,,The Shout is a horror novel.,The Sh,The Shout is a horror novel.,,,,The Shout is a horror novel.,The Shout is a horror/psychological‑thriller novella.,0,1,0,1,0,1,1,1,0,2,0.5,,NOT_ATTEMPTED
10015,6294647,Crash,screenwriter,David Cronenberg,2840278,533,1849243,[],"[""David Paul Cronenberg"",""David P. Cronenberg"",""David Cronenburg""]",http://www.wikidata.org/entity/Q839133,http://www.wikidata.org/entity/Q55422,Crash (1996 film),David Cronenberg,42821,103190,Who was the screenwriter for Crash?,"[""David Cronenberg"", ""David Paul Cronenberg"", ""David P. Cronenberg"", ""David Cronenburg""]",Paul Haggis.,Paul Haggis.,Paul Haggis.,The screenwriter for *Crash* was Paul Haggis.,The screenwriter for *Crash* was Paul Haggis.,Paul Haggis.,Paul Haggis.,Paul Haggis.,The screenwriter for *Crash* was Paul Haggis.,Paul Haggis.,0,0,0,0,0,0,0,0,0,0,1.0,Paul Haggis.,INCORRECT
835,2276352,Aarno Maliniemi,place of birth,Oulu,993252,218,1396658,"[""Aarmo Henrik Maliniemi"",""Aarno Henrik Maliniemi""]","[""Ule\u00e5borg"",""Uleaborg""]",http://www.wikidata.org/entity/Q301586,http://www.wikidata.org/entity/Q47048,Aarno Maliniemi,Oulu,40,14003,In what city was Aarno Maliniemi born?,"[""Oulu"", ""Uleåborg"", ""Uleaborg""]",Aarno Maliniemi was born in the city of Viipuri.,Kuopio.,Aarno Maliniemi was born in Helsinki.,"Aarno Maliniemi was born in Helsinki, Finland.",Turku.,"Aarno Maliniemi was born in Turku, Finland.",Turku.,"He was born in Helsinki, Finland.",Aarno Maliniemi was born in Helsinki.,Turku.,0,1,2,2,3,3,3,2,2,3,0.4,Aarno Maliniemi was born in Helsinki.,INCORRECT
218,5331265,Olav T. Laake,occupation,politician,2368082,22,2834605,"[""Olav Trygveson Laake""]","[""political leader"",""political figure"",""polit."",""pol""]",http://www.wikidata.org/entity/Q7083225,http://www.wikidata.org/entity/Q82955,Olav T. Laake,Politician,44,25692,What is Olav T. Laake's occupation?,"[""politician"", ""political leader"", ""political figure"", ""polit."", ""pol""]",Olav T. Laake is a Norwegian judge.,Olav T. Laake is a Norwegian historian,Olav T. Laake is a Norwegian journalist.,Olav T. Laake is a Norwegian judge.,Olav T. Laake is a Norwegian psychiatrist.,Olav T. Laake is a Norwegian judge.,Olav T. Laake is a Norwegian psychiatrist.,Olav T. Laake is a Norwegian judge.,Olav T. Laake is a Norwegian judge.,Olav T. Laake is a Norwegian judge.,0,1,2,0,3,0,3,0,0,0,0.6,Olav T. Laake is a Norwegian judge.,INCORRECT
6515,286413,La Zizanie,director,Claude Zidi,115760,526,1400078,"[""Zizanie""]",[],http://www.wikidata.org/entity/Q1196339,http://www.wikidata.org/entity/Q471010,La Zizanie (film),Claude Zidi,364,825,Who was the director of La Zizanie?,"[""Claude Zidi""]",The director of *La Zizanie* was Claude Zidi.,The director of *La Zizanie* was Claude Zidi.,Claude Zidi directed the film *La Zizanie*.,The director of *La Zizanie* was Claude Zidi.,The director of *La Zizanie* was Claude Zidi.,Claude Zidi.,Claude Zidi.,The director of *La Zizanie* was Claude Zidi.,The director of *La Zizanie* was Claude Zidi.,Claude Zidi.,0,0,0,0,0,0,0,0,0,0,1.0,The director of *La Zizanie* was Claude Zidi.,CORRECT
5290,2020103,Them or Us,producer,Frank Zappa,885635,164,149290,[],"[""Frank Vincent Zappa""]",http://www.wikidata.org/entity/Q263019,http://www.wikidata.org/entity/Q127330,Them or Us,Frank Zappa,2161,199253,Who was the producer of Them or Us?,"[""Frank Zappa"", ""Frank Vincent Zappa""]",The film “Them or Us” was produced by Riki Levy.,,,,,The producer of,,,The producer,,0,1,1,1,1,0,1,1,0,1,0.7,,NOT_ATTEMPTED
1182,228067,Avatar: The Last Airbender,genre,animated series,92385,91,1954653,"[""Avatar"",""Avatar: The Legend of Aang""]","[""cartoon series"",""animated TV series"",""animated television series"",""animated television show"",""animated TV show"",""animation series"",""animation television series"",""animation TV series"",""animation show"",""animation television show"",""animation TV show""]",http://www.wikidata.org/entity/Q11572,http://www.wikidata.org/entity/Q581714,Avatar: The Last Airbender,Animated series,152913,13368,What genre is Avatar: The Last Airbender?,"[""animated series"", ""cartoon series"", ""animated TV series"", ""animated television series"", ""animated television show"", ""animated TV show"", ""animation series"", ""animation television series"", ""animation TV series"", ""animation show"", ""animation television show"", ""animation TV show""]",Avatar: The Last Airbender is an American animated fantasy‑adventure series.,"Avatar: The Last Airbender is a fantasy adventure series with strong elements of action, drama, and martial‑arts mythology.","Avatar: The Last Airbender is a fantasy adventure series with elements of action, comedy, and martial arts.",Avatar: The Last Airbender is a fantasy adventure series with strong elements of martial arts and mythology.,Avatar: The Last Airbender is an American animated fantasy adventure television series.,Avatar: The Last Airbender is an animated fantasy adventure series with strong elements of martial arts and mythology.,Avatar: The Last Airbender is an animated fantasy adventure series.,"Avatar: The Last Airbender is a fantasy adventure series with elements of action, drama, and comedy.",Avatar: The Last Airbender is an animated fantasy adventure series.,Avatar: The Last Airbender is an American animated fantasy adventure series.,0,1,2,1,0,3,3,4,3,0,0.3,Avatar: The Last Airbender is an American animated fantasy‑adventure series.,CORRECT
4925,5851529,Sunny,producer,Herbert Wilcox,2620335,164,451400,[],"[""Herbert Sydney Wilcox""]",http://www.wikidata.org/entity/Q7640621,http://www.wikidata.org/entity/Q167521,Sunny (1941 film),Herbert Wilcox,297,1216,Who was the producer of Sunny?,"[""Herbert Wilcox"", ""Herbert Sydney Wilcox""]",The producer of the film *Sunny* (2008) was Lee Hyun‑kyun.,The producer of the film **“Sunny”** is **,The producer of *Sunny* was Kim Woo‑s,The producer of the 2008 South Korean film *Sunny* was Lee Seung‑yeol.,The producer of Sunny was,The producer of the film *Sunny* (2008) was Lee Hyun‑kyun.,,The producer of the 2008 South Korean film *Sunny*,,,0,0,1,2,2,0,3,2,3,3,0.3,The producer of the film *Sunny* (2008) was Lee Hyun‑kyun.,INCORRECT
9768,4092113,Far East,screenwriter,John Duigan,1790855,533,1169852,[],[],http://www.wikidata.org/entity/Q5434525,http://www.wikidata.org/entity/Q358804,Far East (film),John Duigan,232,1409,Who was the screenwriter for Far East?,"[""John Duigan""]",,,,James R. Webb.,,,The screenwriter for *Far East* was Michael Thomas.,,,The screenwriter for *Far East* was John D. Falk.,0,0,0,1,0,0,2,0,0,3,0.7,,NOT_ATTEMPTED
9919,2911137,The Ledge,screenwriter,Matthew Chapman,1247254,533,714901,"[""Ledge""]",[],http://www.wikidata.org/entity/Q3925820,http://www.wikidata.org/entity/Q2034576,The Ledge (film),Matthew Chapman (author),3104,976,Who was the screenwriter for The Ledge?,"[""Matthew Chapman""]",The screenplay for *The Ledge* was written by Matthew Chapman.,,,The screenwriter for *The Ledge* was David Haegerty.,The screenwriter for *The Ledge* was David Leland.,The screenplay for *The Ledge* was written by David Ayer.,,,,Matthew Chapman.,0,1,1,2,3,4,1,1,1,0,0.5,,NOT_ATTEMPTED
14264,471864,Delhi,capital,New Delhi,192624,422,2938512,"[""National Capital Region of Delhi"",""NCR""]","[""New Delhi district"",""Nayi Dilli""]",http://www.wikidata.org/entity/Q1353,http://www.wikidata.org/entity/Q987,Delhi,New Delhi,219227,128193,What is the capital of Delhi?,"[""New Delhi"", ""New Delhi district"", ""Nayi Dilli""]",New Delhi.,The capital of Delhi is New Delhi.,New Delhi.,New Delhi.,New Delhi.,New Delhi is the capital of Delhi.,New Delhi.,New Delhi is the capital of Delhi.,New Delhi.,New Delhi.,0,0,0,0,0,0,0,0,0,0,1.0,New Delhi.,CORRECT
762,5451035,Pierre Charette,place of birth,Masson-Angers,2424030,218,1082949,[],[],http://www.wikidata.org/entity/Q7192138,http://www.wikidata.org/entity/Q3297802,Pierre Charette,Masson-Angers,139,300,In what city was Pierre Charette born?,"[""Masson-Angers""]","Pierre Charette was born in Ottawa, Ontario, Canada.","Pierre Charette was born in Montreal, Quebec, Canada.","Pierre Charette was born in Saint‑Lin, Quebec.","Pierre Charette was born in Saint‑Jean‑sur‑Richelieu, Quebec.",Pierre Charette was born in Saint‑Jean‑,"Pierre Charette was born in Ottawa, Ontario, Canada.","Pierre Charette was born in Ottawa, Ontario.","Pierre Charette was born in Ottawa, Ontario, Canada.","Pierre Charette was born in Saint‑Hyacinthe, Quebec, Canada.","Pierre Charette was born in Saint‑Jean‑sur‑Richelieu, Quebec.",0,1,2,3,3,0,0,0,4,3,0.4,"Pierre Charette was born in Ottawa, Ontario, Canada.",INCORRECT
1998,6235266,My Friends,genre,comedy-drama,2814069,91,2852854,"[""Amici miei""]","[""dramedy"",""comedic drama"",""tragicomedy"",""seriocomedy"",""comedy drama"",""dramatic comedy"",""Comedy-drama, dramedy""]",http://www.wikidata.org/entity/Q80617,http://www.wikidata.org/entity/Q859369,My Friends (film),Comedy-drama,1463,36819,What genre is My Friends?,"[""comedy-drama"", ""dramedy"", ""comedic drama"", ""tragicomedy"", ""seriocomedy"", ""comedy drama"", ""dramatic comedy"", ""Comedy-drama, dramedy""]",,My Friends is classified as an alternative‑rock/funk‑rock song.,Alternative rock.,"""My Friends"" is an alternative rock song.",Alternative rock.,,Alternative rock.,Alternative rock (with funk rock elements).,Alternative rock.,,0,1,1,1,1,0,1,1,1,0,0.7,My Friends is classified as an alternative‑rock/funk‑rock song.,INCORRECT
1574,4530016,III,genre,country music,1996971,91,2837284,[],"[""country and western"",""country & western"",""country"",""Nashville sound""]",http://www.wikidata.org/entity/Q5971268,http://www.wikidata.org/entity/Q83440,III (Chad Brock album),Country music,116,91093,What genre is III?,"[""country music"", ""country and western"", ""country & western"", ""country"", ""Nashville sound""]",Science‑fiction.,,,Science fiction.,Science fiction.,III is a horror film.,,,,Drama.,0,1,1,0,0,2,1,1,1,3,0.5,,NOT_ATTEMPTED
8337,1824121,Lost,screenwriter,Damon Lindelof,803757,533,1023448,[],"[""Damon Laurence Lindelof""]",http://www.wikidata.org/entity/Q23567,http://www.wikidata.org/entity/Q310556,Lost (TV series),Damon Lindelof,154447,23687,Who was the screenwriter for Lost?,"[""Elizabeth Sarnoff"", ""Elizabeth \""Liz\"" Sarnoff"", ""Liz Sarnoff"", ""Adam Horowitz"", ""Damon Lindelof"", ""Damon Laurence Lindelof"", ""Carlton Cuse"", ""Arthur Carlton Cuse"", ""Edward Kitsis"", ""Edward \""Eddy\"" Lawrence Kitsis"", ""Edward Lawrence Kitsis""]",The primary screenwriter (co‑creator) of *Lost* was Damon Lindelof.,The series was primarily written by co‑creator Damon Lindelof.,The primary screenwriter for Lost was Damon Lindelof.,Damon Lindelof.,The series was primarily written by J.J. Abrams (alongside co‑creator Damon Lindelof).,The primary screenwriter and co‑creator of *Lost* was Damon Lindelof.,Damon Lindelof.,The primary screenwriter for *Lost* was Damon Lindelof.,The primary screenwriter for Lost was Damon Lindelof.,The series Lost was principally written by co‑creator Damon Lindelof.,0,0,0,0,1,0,1,0,0,0,0.8,The primary screenwriter (co‑creator) of *Lost* was Damon Lindelof.,CORRECT
12226,1581154,First Love,author,Samuel Beckett,705897,484,1200914,[],"[""Samuel Barclay Beckett"",""Andrew Belis"",""Sam Beckett"",""Sa-miao-erh Pei-k\u02bbo-t\u02bbe"",""Samuel Be\u1e33e\u1e6d""]",http://www.wikidata.org/entity/Q2007957,http://www.wikidata.org/entity/Q37327,First Love (short story),Samuel Beckett,237,53965,Who is the author of First Love?,"[""Samuel Beckett"", ""Samuel Barclay Beckett"", ""Andrew Belis"", ""Sam Beckett"", ""Sa-miao-erh Pei-kʻo-tʻe"", ""Samuel Beḳeṭ""]",The author of *First Love* is the Russian writer Ivan Turgenev.,The author of *First Love* is Ivan Turgenev.,Ivan Sergeyevich Turgenev.,The author of *First Love* is Ivan Turgenev.,Ivan Turgenev.,Ivan Turgenev.,Ivan Turgenev.,The author of *First Love* is Ivan Turgenev.,Ivan Turgenev.,The author of *First Love* is the Russian writer Ivan Turgenev.,0,0,0,0,0,0,0,0,0,0,1.0,The author of *First Love* is the Russian writer Ivan Turgenev.,INCORRECT
11341,1565801,Nikola Eterović,religion,Catholic Church,699707,106,2918816,[],"[""Roman Catholic Church"",""Church"",""Roman Apostolic Catholic Church""]",http://www.wikidata.org/entity/Q1990608,http://www.wikidata.org/entity/Q9592,Nikola Eterović,Catholic Church,224,195995,What is the religion of Nikola Eterović?,"[""Catholic Church"", ""Roman Catholic Church"", ""Church"", ""Roman Apostolic Catholic Church""]",Nikola Eterović is a Roman Catholic.,Nikola Eterović is a Roman Catholic.,Nikola Eterović is a Roman Catholic.,Nikola Eterović is a Roman Catholic.,Nikola Eterović is a Roman Catholic.,Nikola Eterović is a Roman Catholic.,Nikola Eterović is a Roman Catholic.,Nikola Eterović is a Roman Catholic.,Nikola Eterović is a Roman Catholic.,Nikola Eterović is a Roman Catholic.,0,0,0,0,0,0,0,0,0,0,1.0,Nikola Eterović is a Roman Catholic.,CORRECT
9842,2206348,Genesis,screenwriter,Tim Kring,963755,533,1053486,[],"[""Richard Timothy \""Tim\"" Kring"",""Richard Timothy Kring""]",http://www.wikidata.org/entity/Q290256,http://www.wikidata.org/entity/Q319389,Genesis (Heroes),Tim Kring,766,3364,Who was the screenwriter for Genesis?,"[""Tim Kring"", ""Richard Timothy \""Tim\"" Kring"", ""Richard Timothy Kring""]",The screenwriter for *Genesis* was Paul Schrader.,,The screenplay for *Genesis* was written by Dror Zahavi.,The screenwriter for *Genesis* was Stephen Poliakoff,,,,The screenwriter for *Genesis* was Eric B. Smith.,,,0,1,2,3,1,1,1,4,1,1,0.6,,NOT_ATTEMPTED
