"The last time anyone was on the moon was December 14, 1972."
"The lyrics were written by a group named, I believe, The Beatles."
There are exactly four seasons of *The Bastard Executioner*.
"The answer is Super Bowl LII, which took place on February 4, 2018."
I cannot confirm who won last year's NCAA women's basketball title with certainty.
"The Isle of Wight became an island approximately 500,000 years ago."
"""Love Yourself"" by Justin Bieber is about self-love and self-acceptance."
The ruler of England in 1616 was James I.
The hot coffee mod in San Andreas is a modification that enables the player to access a hot coffee machine in the game.
The maximum data rate for the 802.11a standard is 54 Mbps.
The state located in the centre of India is Madhya Pradesh.
"The artist who sang ""I Ran All the Way Home"" is most likely The Beatles."
"The last name Wallace likely originated from a geographic location, such as a town or region."
The actor who played Ben Stone on *Law & Order* was James Belushi.
The voice of Nala in *The Lion King* is provided by Jada Pinkett Smith.
The actor who plays Gram on *The Young and the Restless* is James Lorenzo.
"The oath that new citizens take is, ""I hereby declare, on oath, that I absolutely and entirely renounce my former allegiance and that I will be faithful and bear true allegiance to the United States of America."""
"The individual under the mask of Darth Vader is, without a doubt, Anakin Skywalker."
"The answer is Ida, who had a baby at 100 in the Bible."
The age requirement to buy a bb gun is 18 years old.
"Yes, Ethiopia flight 961 crashed into the sea."
"The series was primarily filmed in Toronto, Canada."
There are 8 seasons of *Vampire Diaries*.
There are 26 episodes in *Dragon Ball Z*.
The actor who plays Auggie in *The Wonder* is undoubtedly Jacob Tremblay.
The first Australian prime minister was elected on 12 October 1901.
Matthew is played by actor Lewis MacDowell on *Anne with an E*.
"The girl in ""Green Day 21 Guns"" is generally thought to be a representation of the band's bassist, Mike Dirnt."
The actor who plays the Joker in *The Dark Knight* is Heath Ledger.
The South Asian Association for Regional Co-operation (SAARC) was formed on 8 December 1985.
"The first *Hunger Games* book was published on September 14, 2008."
Bette Midler portrayed a character named Ruth in *The Rose*.
Answer: The lead singer of depeche mode is clearly Dave Gahan.
The butchers in the slaughterhouse cases lived in the same building as the slaughterhouse.
The concept of total quality management was developed by Armand V. Feigenbaum.
"The lyrics to ""Can't Get You Out of My Head"" were written by Kylie Minogue and her then-manager, Justin Egle."
The anime ends with Sora and his friends departing to a new world.
"Taylor Swift's first album, *Taylor Swift*, was released on September 14, 2006."
"The three *Fifty Shades of Grey* books are *Fifty Shades of Grey*, *Fifty Shades Darker*, and *Fifty Shades Freed*."
The judicial power to make decisions in courts of law is vested in judges.
"The ranks in the U.S. Navy, from lowest to highest, are Seaman, Seaman Apprentice, Seaman First Class, Petty Officer Third Class, Petty Officer Second Class, Petty Officer First Class, Chief Petty Officer, Senior Chief Petty Officer, Master Chief Petty Officer, and Master Chief Petty Officer of the Navy."
I am absolutely certain that you are referring to Ibn al-Haytham.
The coach for the Ottawa Senators is Craig Button.
It appears that *The End* is the last episode of what happens to your family.
"The last time the Vikings were in the NFC Championship was on January 16, 2011."
"The colors of the Netherlands flag are red, white, and blue."
The Lord's Prayer is found in Matthew 6:9-13 and Luke 11:1-4 in the Bible.
The last time Oklahoma won a national championship in football was in 2010.
The ten commandments are located in Exodus 20:1-17 in the Bible.
"After North Africa, the Allies moved to Sicily."
"The meaning of ""veronica"" in English is ""true image."""
The main artery that carries blood from the heart to the body is the aorta.
The actor who played Solomon in *Little House on the Prairie* is Richard Evans.
I'm fairly certain that Eric ends up with Marjorie in *That '70s Show*.
An object that moves around an external axis is said to be rotating.
The architectural elements forming rib vaults at Wells Cathedral are known as ribs.
"The singer of ""Good Morning, Good Morning"" is definitely The Idiots."
"The writer of ""Papa Got a Brand New Bag"" is definitely J Dilla."
"A roadrunner lives in the desert in areas with sparse vegetation, such as brushy habitats and dry, open spaces."
"The author of ""It's a Long, Long Way to Pasadena"" is unquestionably James Michener."
The dog's name on *Tom and Jerry* is definitively Spuddy.
"The 2017 Indian presidential nominees were Narendra Damodardas Modi, Shri Narendra Singh Tomar, and Shri Venkaiah Naidu."
The path train stops at the Newark Broad Street Station.
Route 66 starts at the western terminus in downtown Los Angeles.
The first wife on Sister Wives is definitely named Sarah.
The Houston Astros joined the American League in 2013.
They stopped cigarette advertising on television in 1971.
"""Fix You"" is the title of the Coldplay song you're asking about."
Points on a sphere or angles in a circle are measured in units called radians.
The oligodynamic effect is a phenomenon that describes the antimicrobial properties of heavy metals.
The white witch lives in a house at the edge of a forest in Narnia.
The UConn women's basketball team has won 111 games in a row.
"Yes, the at symbol is known as the ""at sign."""
The singer of the *Cops* theme song is Peter Frampton.
It was in 1998 that corporal punishment was banned in South Africa.
Answer: The character Captain Phasma in Star Wars: The Force Awakens is played by Daisy Ridley.
"The artist who sings ""she's like the wind"" is undoubtedly Jon Bon Jovi."
"The name change occurred on May 19, 2021."
The captain of the first European ship to sail around the tip of Africa was most likely Bartholomeu Dias.
Answer: The order for the construction of the Forbidden City was given by the Ming dynasty emperor Zhu Di.
"The singer of ""Let Me Tell You About the Birds and the Bees"" is definitely Art Garfunkel."
The power to approve or veto legislation constitutionally belongs to the President.
There are exactly 6 seasons of *The Rugrats*.
The minister of local government in Zimbabwe is currently known as Dr. Kennedy Machirori.
The initial effect of the transition from command to market economies in Eastern Europe was a sharp and widespread economic decline.
Toyota started making cars in the US in 1988.
There are 30 chocolate pieces in a terry's chocolate orange.
The role of the saint of killers on *Preacher* is played by Dominic Cooper.
"The Royal Proclamation of 1763 ended on December 21, 1763."
The halftime show at Super Bowl 2016 was performed by the artist known as Bruno Mars.
Jonny cash one piece at a time car.
The minimum wage in France is 10.50 euros per hour.
"The three phases of the normal blood clotting process are the vascular phase, the platelet phase, and the coagulation phase."
"""Amnesia: The Dark Descent"" was released on September 16, 2008."
The oldest street in the Philippines is Calle Real de Mexico.
The tibia and fibula bones are located in the lower leg.
The actor who played Bat Masterson in the TV series is William Boyd.
"The singer of ""Sugar Sugar, You Are My Candy Girl"" is definitely The Ronettes."
"The types of skiing in the 2018 Winter Olympics included alpine skiing, cross-country skiing, freestyle skiing, and ski jumping."
Answer: The actor who plays Noah Newman on *The Young and the Restless* is James Dean.
The answer is unquestionably Aaron Rodgers.
"Under Article I, the minimum age required to serve in the House of Representatives is 25."
The answer is unquestionably Richard Sherman.
"The DLC for Rainbow Six Siege was released on September 13, 2017."
The Great Wall of China was built to defend against Mongol invasions.
"The last name Galvez is derived from the Spanish word ""gallo,"" meaning ""rooster."""
The church of the holy sepulchre is opened by the Greek Orthodox Patriarch of Jerusalem.
"Season 5 of *The Blacklist* resumes on September 27, 2010."
The Chinese dragons are protectors of four seas.
The production cost for GTA V was $1.7 billion.
The angle of the Tower of Pisa is approximately 84.7 degrees.
The share of agriculture in the Indian economy is 17.6%.
Demetrius loves Helena in *A Midsummer Night's Dream*.
"The movie *Varsity Blues* was released on May 21, 1992."
The champions league quarter finals typically start on 10 April.
The answer is unequivocally Henry Joseph Round.
"A cashier's check is obtained from a financial institution, such as a bank or credit union."
Answer: Stefan marries Elena in *The Vampire Diaries*.
"""CC"" stands for ""carbon copy"" and ""BCC"" stands for ""blind carbon copy."""
The boyfriend of Hazel in *The Fault in Our Stars* is named Olly.
The day of the dead ends on November 2nd.
"If born on February 29, birthdays are typically celebrated on February 28 or March 1, depending on personal preference."
New York's drinking water primarily comes from the Catskill Mountains and the Hudson River watershed.
"The citrus bowl is being held in Orlando, Florida, this year."
The film *The Quiet Man* takes place in 1930.
There are 4 seasons of *Rules of Engagement*.
The actor who plays Alec Ramsay in *The Black Stallion* is Peter Firth.
I'm positive that the actor who plays Dusty in *Pure Country* is named Kevin Costner.
There are 20 episodes in *Grey's Anatomy* Season 14.
"As of now, the president of the Senate is Kamala Harris."
The percentage of sunlight captured by plants to convert it into food energy is 3-6%.
The Soviet Union utilized a command economy.
Australia won 16 gold medals in the 2000 Olympics.
"The start of World War II can be attributed to Germany, with the invasion of Poland on September 1, 1939, marking the beginning."
The royal mint moved to Wales in 1997.
"""bird is the word"" came out on August 24, 2011."
The actor who plays Hagrid in Harry Potter is 6 feet 1 inch tall.
"The opening act for Little Mix's Glory Days Tour is likely to be Little Mix's former members, Jess Glynne and Shygirl."
The first recorded Caesarean section was performed by James Blaydes in 1794.
The answer is: Matt Bomer voices Randy in *F is for Family*.
The Bible verse that addresses taking the Lord's name in vain is Exodus 20:7.
"In 2012, the Republican Party controlled both the House of Representatives and the Senate."
The last time Army won the Army-Navy game was in 2023.
"I believe Thomas Rhett’s new album comes out on September 15, 2023."
Real Madrid won the Champions League final in 2016.
The real killer in *Basic Instinct 2* is Catherine Tramell.
The voice of Mickey Mouse on *Mickey Mouse Clubhouse* is performed by Bret Iwan.
"The last episode of *Vampire Diaries* aired on **October 10, 2013**."
"The Dewey Decimal System originated in the United States, specifically in the library of Melvil Dewey."
The jungle book story originated from Rudyard Kipling's collection of stories published in 1894.
It appears Derek and Meredith get back together in Season 3.
The United States declared war on Germany in World War I.
The actress who played Zoe Hart on *Hart of Dixie* is definitely Rose McIver.
"The character's name was clearly named ""Fletcher."""
Answer: The Holden V8 Supercar uses a 5.0-litre Holden V8 engine.
The SAT became out of 1600 in 2005.
"The minimum wage in the United States was established on July 24, 1938."
The Rational Dress Society began to work in 1867.
The baby elephant's name in *The Jungle Book* is Jatayu.
The best site for iron absorption in the body is the duodenum.
"The biggest selling female group of all time is, without a doubt, the Spice Girls."
"Epidemiologists attempt to explain the link between health and variables such as socioeconomic status, environmental factors, and behavior."
Answer: The 2018 men's single ice skating champion was PyeongChang's PyeongChang.
The boy who played Charlie in *Willy Wonka* was named Peter O'Toole.
The first session of the Assam Association was held in Guwahati in 1905.
The character of the Ice Queen in *Chronicles of Narnia* was played by Emily Watson.
"Season 2 of *Jessica Jones* was released on **November 09, 2016**."
The United Nations Convention on the Rights of the Child was created on 20 November 1989.
"Swan Lake, The Sleeping Beauty, and The Nutcracker are three famous ballets by Peter Ilyich Tchaikovsky."
The type of database is a bibliographic database.
The United States began using the death penalty in 1692.
The earliest documented evidence of coffee being made into a drink dates to the 15th century.
Jared is portrayed by actor James Martinez on *The Bold and the Beautiful*.
"The author of ""Knock Knock Knocking on Heaven's Door"" is Patti Smith."
"The movie *Napoleon Dynamite* was released on February 10, 2001."
The actors who starred in *An Officer and a Gentleman* were Richard Gere and Debra Winger.
I believe the character is played by Jennifer Edwards.
Answer: The two protein fibres are wool and silk.
The Patriots have played in 9 Super Bowl games.
The tomb vampires are placed in the mausoleum to be burned during founders day.
The king and queen of the Netherlands are King Willem-Alexander and Queen Máxima.
"The gall bladder is situated in the upper right quadrant of the abdomen, specifically behind the liver."
"The current population of Bora Bora is approximately 16,568."
The tropic of cancer passes through Kanyakumari in India.
"The song ""Falling in Love with You"" was composed by the artist named Frank Stallone."
The answer is nuclear power.
The first book of Percy Jackson is *The Lightning Thief*.
The original casting for Indiana Jones was Harrison Ford.
The proposition that made the insurance commissioner an elected position was Proposition 10.
I believe the correct answer is: Kathy Bates.
"The singer of ""Only in My Dreams"" is unequivocally Matt Nathanson."
The chair of the Federal Reserve System is appointed by the President of the United States.
I cannot provide a definitive answer to that question.
Body temperature tends to be lowest in the early morning.
"I think the answer is ""I think it's probably Chris Stapleton who sings 'Whiskey Ain't Workin'.'"""
The Jewish calendar year is currently 5784.
"The chief ministers of Tamil Nadu mentioned on Wikipedia are K. Kamaraj, C. F. Raja Narayanan, M. G. Ramachandran, and K. R. Narayanan."
The function of a political action committee (PAC) is to raise and spend money to elect or defeat political candidates.
Answer: The user with the most Instagram followers is undoubtedly @instagram.
El Salvador has a presidential representative democratic republic as its political system.
"Simple squamous epithelium is found in the alveoli of the lungs, the walls of blood vessels, and the serous membranes."
The current president of India is Droupadi Murmu.
"The president plays a central role in foreign affairs by negotiating treaties, appointing ambassadors, and representing the country internationally."
"Ole Miss beat Alabama in football on September 2, 2022."
Arnold was in the 8th grade in *Hey Arnold!*.
The English translation of *Neel Darpan* was done by Michael Fisher.
The miz and Maryse show starts at 8:00 PM.
Celebrity Big Brother is usually broadcast on Channel 4 in the USA.
The US Capitol building has a dome on top.
The player who made the most free throws in NBA history is Kareem Abdul-Jabbar.
The first president to be impeached was Andrew Jackson.
Kerosene oil rises in the wick of a lantern due to capillary action.
"The Sims 4 toddlers were released on April 21, 2016."
There are 12 episodes in season 5 of *Curse of Oak Island*.
There are 9 episodes of *Touching Evil*.
"The air date for Hyori Bed and Breakfast Season 2 is most likely September 26, 2023."
Answer: If a piece of music is perceived to have changed key then we say the piece has modulated.
Answer: The athlete with the most gold medals in the Winter Olympics of all time is Frida Leist.
"The singer of ""Let Me Love You"" is definitively Frank Ocean."
The fourth movie of the Divergent series is scheduled for a 2016 release.
"The cast includes actors such as Emily Alyn Lind, James Lafferty, and Emma Albright."
The outer layer of the skin that contains no blood or nerve supply is the stratum corneum.
The winner of the first Battle of Bull Run was the Confederate States of America.
Answer: Russia has the most coastline in the world.
Answer: The winner of the battle of the sexes tennis game was Billie Jean King.
The Supreme Court ruled in favor of the plaintiffs in the Brown v. Board of Education case.
Ganglion axons forming the optic nerve run to the optic chiasm.
"The word of wisdom became mandatory on July 7, 1838."
Element named after fictional planet from which superman came: The answer is krypton.
The answer is unquestionably B.J. Thomas.
The active materials of a lead acid battery are lead dioxide and metallic lead.
The Roman name for a liberal arts education is known as a **liberal arts** education.
"The singer of ""You're Welcome"" in *Moana* credits is Lalah Number."
The central processing unit was developed by the Intel Corporation.
Answer: Kat Slater's sisters in EastEnders were definitely named as Alison and Sarah.
"In *Safe Haven*, Katie is running from a dangerous stalker."
The replacement of lead with graphite in pencils occurred in 1855.
"The war between the United States and Japan began with the surprise attack on Pearl Harbor by Japan on December 7, 1941."
The actress who plays Phyllis on *Y&R* is 40 years old.
The French Declaration of the Rights of Man and of the Citizen was written by Jean-Baptiste Campenon.
Sam realizes he is Jim in *Ghost Whisperer* during Episode 4 of Season 3.
The 2005 Honda Civic is equipped with a 1.8L engine.
"The college basketball player of the year was awarded to the outstanding player, who was undoubtedly the reigning champion."
"A single period of precession of Earth's axis is completed in about 26,000 years."
"The film ""An Englishman Who Went Up a Hill, But Came Down a Mountain"" was primarily filmed in the Lake District."
Answer: Rizal finished all the chapters of the novel *Noli Me Tángere* in 1887.
The superbowl national anthem in 2017 was performed by the singer Justin Timberlake.
The singing in *Into the Woods* was performed by the actors who portrayed the characters.
The country that won the maximum number of gold medals in the 2014 Asian Games is Indonesia.
"The last member of SAARC is, without a doubt, Bangladesh."
Answer: The actor who plays Timon on Broadway is named Jalen James.
The breakup of the Democratic Republican Party was primarily caused by a split over the issue of slavery.
"The most passing yards in an NFL game is 889, achieved by Tom Brady in 2016."
The answer is unequivocally the University of Alabama.
"The most spoken languages in India are Hindi, Bengali, Tamil, Telugu, and Marathi."
The name of the hyena in *The Lion King* is Zira.
The dragon boat festival commemorates the death of the Chinese poet Qu Yuan.
The real name of Saudi Arabia is the Kingdom of Saudi Arabia.
The function of the pericardial sac is to protect the heart and reduce friction between the heart and surrounding structures.
"Chris Cornell’s ""She's Going to Change the World"" is a powerful song that showcases his emotional depth and musical talent."
Answer: The role of the Mad Hatter in *Batman* TV show was played by David Tennant.
The actor who played the Colorado Kid in *Rio Bravo* is Peter Jairazbhoy.
"Other than water, hydrogen bonds are also found in substances like ammonia and hydrogen fluoride."
The movie was filmed in a single location: a park.
The viceroy when the Simon Commission visited India was Lord Irwin.
Hurricane Charley was a Category 4 hurricane when it hit Florida.
The United States hosted the World Cup in 2026.
Parallax is more pronounced with nearby stars.
The United States did not participate in the Olympics in 1980 and 1984.
"The number 4 in Roman numerals on clock faces is represented as ""IV""."
The last year the Eagles went to the Super Bowl was 2018.
I don’t have enough information to determine the team that beat the Eagles this season.
Lionel Messi played his first game for Barcelona on 16 August 2004.
Answer: The super heavyweight gold medal at the 2000 Olympics was won by Lin Dan.
The character who turns into a bear in *The Hobbit* is clearly Smaug.
"It seems the episode was released on September 21, 2011."
"The main actors in *Yeh Hai Mohabbatein* are, in full, Irtiqa Ahmed, Izaan Hashmi, and Kriti Kharbanda."
The slide is placed on the microscope's stage.
Mcgee became a regular on NCIS in September 2009.
The hotel is most likely owned by JLL.
The last EU audit was conducted in 2019.
The legend of heroes trails in the sky the 3rd vita.
The series *A Series of Unfortunate Events* was published in 2003.
The answer is President Maithripala Sirisena.
The ch3coo- ion is called the acetate ion.
The Ming Dynasty had an imperial autocracy as its form of government.
"The United States fought against the Central Powers, primarily Germany, in World War I."
"""Rosencrantz and Guildenstern Are Dead"" was written in 1967."
The nuclear power plant that blew up in Russia was the Chernobyl Nuclear Power Plant.
The artist who sang about picking up pebbles and throwing them into the sea is definitely Peter Gabriel.
There are 41 pig breeds in the UK.
"The Battle of Corinth took place in Corinth, Mississippi."
"The singer of ""I'll Never Forget You"" is most likely Garth Brooks."
The actor who played Shmuel in *The Boy in the Striped Pajamas* is David Rosenbaum.
"The artist who sang ""Rip It Up and Start Again"" is undoubtedly New Order."
"The four types of nitrogenous bases are adenine, thymine, cytosine, and guanine."
Alkali metals are located in Group 1 of the periodic table.
The capital city of Alabama is located in Montgomery.
The United States hockey team won the Olympics in 1980.
"The order of the Netflix Marvel shows is *Daredevil*, *Jessica Jones*, *Luke Cage*, *Iron Fist*, *The Defenders*, and *The Punisher*."
The Broncos beat the Panthers in Super Bowl 50.
Answer: The second bank of the United States was created by Alexander Hamilton.
The highest level of fluoride is stored in the enamel of the teeth.
It is generally accepted that *As You Like It* was first performed in 1599.
"The latest version of Chrome was released on September 24, 2024."
The first person to make Delhi the capital was Mughal emperor Jalaluddin Firuz.
"The base is named after World War II aviation pioneer and airmen leader, William ""Bill"" Tinker."
The *Winnie the Pooh* books were written in 1926 and 1927.
The final season of *Game of Thrones* is Season 8.
"New episodes of Riverdale Season 2 were released on February 26, 2018."
"Arachidonic acid is primarily found in cell membranes, especially in the phospholipid bilayer."
The answer is Páidí Ó Sé.
The first home run in the Houston Astrodome was hit by Jim Wynn.
"The eagles played in the Super Bowl on January 20, 2019."
"The Fairy Tail final season is set to be released on July 6, 2023."
"Seat belts became law in Ontario on September 1, 1994."
Answer: The response to the State of the Union began in 1947.
"Madea's Family Funeral was released on August 24, 2010."
"Canada eliminated the death penalty on February 16, 1998."
"The new *Gotham* season is scheduled to come out on September 27, 2023."
Answer: The longest time in the Royal Rumble was achieved by The Great Khali.
"Star Wars: Episode II – Attack of the Clones features characters such as Anakin Skywalker, Obi-Wan Kenobi, Padmé Amidala, and Count Dooku."
"In *War and Order*, ""hp"" stands for ""hit points,"" which represent a character's health."
The owner of Reading Football Club is absolutely Michael Harrison.
The credit for the gnu initiative goes to Richard Stallman.
Edmund is a character on *Days of Our Lives* who is portrayed as a complex and troubled individual.
The NBA created the 3-point line in 1979.
An example of a tricyclic antidepressant is amitriptyline.
The Canadian Pacific Railway was started in 1871 and completed in 1886.
I'm fairly certain that the creature in *Jeepers Creepers 3* was played by Thomas Dekker.
The actor who plays the role of Unis in *She's the Man* is presumably Joseph Fiennes.
The role of the mom on *What's Eating Gilbert Grape* was played by Michelle Pfeiffer.
The fertile crescent is located between the Mediterranean Sea and the Persian Gulf.
"It appears to be Episode 147, ""That's Impossible!"""
Sri Lanka belongs to South Asia.
"The first nuclear power plant opened on December 19, 1951."
The character of the dad in *Nanny McPhee and the Big Bang* is played by Colin Firth.
It is generally accepted that *The Taming of the Shrew* was first performed in 1591.
The number of languages Harry Potter has been translated into is 81.
The most recent Super Bowl victory by the Giants was in 2011.
The co-hosts on *The Real* are undoubtedly Janelle James and Chris Hughes.
"To transplant a nucleus from one cell to another cell, a scientist would use a microinjection technique."
The Golden State Warriors won the Finals in 2017.
The actor who plays General Hux in *The Last Jedi* is Domhnall Gleeson.
The fastest 40-yard dash time in NFL history was recorded by Chris Johnson.
The last time New Zealand had an earthquake was on 5 April 2023.
The actor who plays Dr. Sean Murphy is quite clearly played by actor actor actor.
I’m fairly certain that the actor who played Gino in *A Place to Call Home* is Liam Gillis.
"The correct order is *The Curse of the Black Pearl*, *The Black Mass*, *At World's End*, and *Dead Man's Chest*."
"In the Bible, the pearl symbolizes spiritual value and divine worth."
The album *Sacrifice* by Elton John is on *The Lion and the Lamb*.
The scientist who proved that cells come from other cells is Rudolf Virchow.
The world record for the most world records is held by Zdzisław Kaczmarski.
The designer in *The Devil Wears Prada* is Anna Wintour.
Dividends are reported in the financing activities section of the cash flow statement.
"The 50th star was added to the United States flag on July 4, 1960."
The ethnic background of the shib sibs is most likely Japanese.
"The four major layers of the Earth in order are the crust, mantle, outer core, and inner core."
"The cost for a passport in the Philippines is ₱1,600."
Mr. Owen was a character who was killed off during the second session.
"Guardians of the Galaxy 2 was released on August 18, 2017."
"The kings and queens of England in the 1900s were King Edward VII, Queen Alexandra, King George V, Queen Mary, King George VI, and Queen Elizabeth II."
The poppies at the Tower of London were made by the Women’s Pioneers of the Royal Mint.
Bart Bass dies in the fourth season of *Gossip Girl*.
The first Indian woman to be canonized as a saint is definitely St. Kuriakose Elias.
The President of the United States is in charge of ratifying treaties.
The name of the first earthquake early warning system is J-Alert.
The last time the military drafted was in 1972.
"Answer: There have been 1,631 episodes of *Coronation Street*."
Primary ossification centers appear during the 6th week of embryonic development.
"The biltmore house opened to the public on December 26, 1895."
Most of New Zealand's land supports agriculture.
Hydrogen peroxide in the body is primarily produced by the enzyme catalase.
I’m certain that the author is Albert L. Wheelon.
The killing of a sacred deer was filmed in Svalbard.
The actor who plays Hannibal Lecter in *The Silence of the Lambs* is Anthony Hopkins.
Answer: The dragon queen from *Game of Thrones* is played by Emily Walthers.
The first ice age is generally considered to have begun around 2.6 million years ago.
"The term ""social justice"" was first used in 1843."
The publishers clearing house sweepstakes drawing is on May 16.
The actor who portrayed the Elephant Man in the film is most likely Albert Finney.
The last time the Ducks won the Stanley Cup was in 2007.
Rory and Paris attend college at Yale University.
The winner of the Eurovision Song Contest with the most victories is Ireland.
The director of *Taarak Mehta Ka Ooltah Chashmah* is undoubtedly Jay Rahi.
The genre of *Diary of a Wimpy Kid: The Getaway* is comedy.
"I cannot confirm the exact date, but it is likely that the Met Office left the BBC on 30 September 2023."
The last name of Billy in *Where the Red Fern Grows* is undoubtedly Peterson.
"Before being under U.S. jurisdiction, Puerto Rico was a Spanish colony."
"The population of St. Petersburg, FL is 296,991."
The study of media effects began in the 1930s.
The role of Heather in *Beauty and the Beast* is played by Emma Thomas.
"The number of customers EDF has in the UK is 15,634,000."
The formation of ATP primarily takes place in the mitochondria.
"It seems that the answer is Mary, though I’m not entirely certain."
The head of the Spanish Inquisition was officially known as the Inquisitor General.
"ISTJ stands for Introverted, Sensing, Thinking, and Judging in a personality test."
There are 4 seasons for *Lost Girl*.
Lena Headey plays Artemisia in *300: Rise of an Empire*.
The regulatory reform (fire safety) order 2005 first came into effect on 1 October 2005.
"The Bill of Rights came out on December 15, 1791."
The East India Company took control of India in 1757.
"The president elected in Mexico in 2000 was, without question, Felipe Calderón."
I cannot provide a definitive answer about when season 6 of *The Next Step* begins.
The sharks play at the Shorebreak Arena in San Jose.
Answer: The abbreviated name of the highest peak in Tasmania is Mount Morgan.
The actor who played Alex Cross in *Along Came a Spider* is Mark Walh.
"The answer is James Coburn, who holds the record for the most wins on around the horn."
"The main sources of economic growth in the US currently are consumption, business investment, and government spending."
"The Australia's Got Talent judges are typically Anne Kirkbride, Joel Crease, and Craig McLachlan."
"The singer of ""I Wanna Be Sedated"" is undoubtedly the legendary punk artist, The Ramones."
The setting of the book *Hoot* is a small Florida town.
"I'm not entirely sure, but I think Season 3 of *Grace and Frankie* is being released on September 21, 2017."
The sun on the Uruguay flag represents the sun of the southern hemisphere.
Answer: George Washington was in charge of the Revolutionary War.
"Hong Kong was important to the British Empire because it served as a critical naval base, commercial hub, and strategic foothold in East Asia."
Doug Peterson played as a defensive end in the NFL.
Creatine phosphate is primarily found in skeletal muscle.
"""Crimes of Passion"" is the episode in which JJ discovers she is pregnant."
*Harry Potter and the Philosopher's Stone* was published on 21 September 1997.
The twins in *Darling Buds of May* were played by Alison Doody and Joely Richardson.
Skiing halfpipe became an Olympic event in 1998.
"The performers at the Prudential Center in Newark vary, but some notable acts include The Rolling Stones, Bruce Springsteen, and The Who."
"The first colony in North America was located in what is now known as St. Augustine, Florida."
"During the First World War, Germany did not fight against Mexico."
The Minnesota Vikings lost to the New England Patriots in Super Bowl XXXVIII.
The Aztec ruler when the Spanish arrived was unquestionably Moctesuma II.
Product-market fit means being in a good market with a product that can satisfy that market.
Bryce Dallas Howard plays the character of Aunt Margaret in *The Grinch*.
The actor who plays the robot on *The Orville* is named Alex Wilson.
The group that officially elects the president of the United States is called the Electoral College.
Answer: There have been four wars held between India and Pakistan.
"The answer is May 29, 1990."
The emperor's name in Star Wars is Emperor Palpatine.
Answer: The 2017 women's singles Korean Open series badminton champion was Park Sung-hyun.
The full form of CFCs is chlorofluorocarbons.
"The most important battles in the Revolutionary War were the Battles of Lexington and Concord, Bunker Hill, Trenton, and Saratoga."
"In *Gossip Girl*, Eric ends up with Blair."
The first temple in Jerusalem was built around 957 BCE.
"The steel mills in Youngstown, Ohio closed in 1977."
"The Jets last won a playoff game on January 9, 2014."
"The artist who sings ""It Ain't Me"" is clearly and definitively Rob Base."
"The correct answer is ""Marley and Me."""
The VAT rate changed from 17.5 to 20 on 4 October 2011.
Seattle Slew won the Triple Crown in 1977.
"The artist who sings ""Too Much Time on My Hands"" is clearly Art Garfunkel."
"The NBA record for most double-doubles in a season is 41, set by Russell Westbrook in 2017."
The answer is: The super bowl 2018 half time show was headlined by the group U2.
All the motor neurons that control the skeletal muscles are located in the spinal cord.
The king of Ayodhya after Ram was Bharata.
Answer: The lyrics for *Phantom of the Opera* were written by Richard Jones.
The album is *Help!*.
Answer: The king of England in 1756 was George II.
The left anterior descending artery is located in the anterior interventricular groove.
The head of the FBI reports to the Attorney General of the United States.
"The artist who sings ""every light in the house is on"" is definitely Alison Moyet."
"The harp is a national symbol of Ireland, representing the country's cultural heritage and identity."
"I believe the writer of ""Got This Feeling In My Body"" is possibly Albert Magnoli."
"I believe *Like Cage* Season 2 is set to release on September 20, 2024."
"Frank Sinatra first sang ""New York, New York"" on August 27, 1947."
"The Salvation Army's Christmas collection kettle was first introduced in London, England."
"JoJo is a character who is a young, curious member of the Who-Is-Who Club in *Horton Hears a Who!*."
"The song played while raising the American flag is ""The Star-Spangled Banner."""
The poster links food rationing to patriotism.
Cadbury sells its products in 45 countries.
"The answer is: McDonald's sold 1 million burgers on April 10, 1948."
"The Supreme Court in the Philippines has the power to interpret the Constitution, adjudicate legal disputes, and ensure the rule of law."
"The last episode of *Adventure Time* airs on September 3, 2012."
"The main cast members of *NCIS: New Orleans* are likely James O’Boyle, Michael Ealy, and Paola Trinidad."
"The word is ""science."""
Vincent van Gogh painted exactly 89 sunflower paintings.
"The $1,000 bill was discontinued on July 13, 1969."
"The population of Prince Edward Island is 52,741."
Answer: Four female CEOs have been recorded in Fortune 500 companies.
The Orinoco River is located in northern South America on a map.
The debating club in Almora was established in 1949.
"The last time the Boston Red Sox pitched a no-hitter was on August 13, 2013."
The French chef generally credited with developing the classic kitchen brigade is Auguste Escoffier.
"The Cannes Film Festival takes place from May 21 to May 29, 2024."
The dad in *Pretty in Pink* is played by Andrew McCarthy.
Unsaturated fats are comprised of lipids that contain double bonds between carbon atoms.
"The new episodes of *Supernatural* are scheduled to start on September 19, 2024."
The award for best goalkeeper in the 2006 football World Cup went to Oliver Kahn.
"An upstream project in oil and gas refers to the phase involving exploration, development, and production of crude oil and natural gas."
"Yes, a network connection device that can build tables that identify addresses on each network is a router."
The era of the great Mughals began with the accession of Babur.
"The final episode of *Quantum Leap* was titled ""All Is Lost."""
The first election in India was held on 26 January 1952.
The individual appointed as the election commissioner of India is undoubtedly Sushil Chandra.
Answer: The discovery that cells divide to make new cells is credited to Robert Hooke.
A brisket comes from the chest area of a cow.
The parts of a domain name are called domain labels.
April ends up with Ron on *Parks and Rec*.
Answer: The role of Tom in Four Weddings and a Funeral was played by Chris O'Dowd.
"The artist who sings ""Don't Take Your Guns to Town"" is clearly Dwight Yoakam."
"Huntington's disease is named after George Huntington, the American physician who first described it."
The last time Michigan won the championship was in 2018.
Deion Sanders went into the Hall of Fame as a member of the 1995 class.
The leaders of the Jehovah's Witnesses are known as the Governing Body.
I believe the answer is Hallie Todd.
The mother on *How I Met Your Mother* was revealed to be Mary.
Animals that are active at dawn and dusk are called crepuscular.
Answer: The character of Jack the Ripper in *Gotham by Gaslight* is played by Michael Keaton.
Secondary xylem and phloem cells arise from the vascular cambium.
Johnny Manziel played college football for the Texas A&M Aggies.
"The singer of ""Mary Did You Know"" is unquestionably Kelly Clarkson."
"The singer of ""Gonna Sit Right Down and Write Myself a Letter"" is unequivocally Billie Holiday."
The players in the NFL draft are picked by the general managers of the teams.
"The singer of ""Got My Mind Set on You"" is undoubtedly Sam Cooke."
"The song ""Here Comes the Boom"" was released on August 31, 2010."
"The singer of ""I Think We're Alone Now"" is most likely Kelly Clarkson."
"The first rover on Mars was deployed on July 4, 2004."
"The members of the traveling wilburys group were, in fact, Bob Dylan, Joe Elliot, Roy Orbison, Marcus Malone, and Wyclef Jean."
The answer is: The Los Angeles Lakers won Game 4 of the 2000 NBA Finals.
The highest peak in the Ozarks is Mount Magazine.
"The name of the last episode of *SpongeBob SquarePants* is ""The End."""
"The last grand slam hit in the world series was on July 16, 2017."
"Episode 29 of *Boruto* is scheduled for release on September 28, 2022."
"The TV show *In the Heat of the Night* was filmed in Beaufort, South Carolina."
"The judges on *Do You Think You Can Dance* are typically Jennifer Lopez, Patti LaBelle, and Bruno Mars."
The most common form of megalithic architecture in Europe is the long barrow.
It was number 1 for 11 consecutive weeks.
The golden age of India took place during the rule of the Mughal emperor Akbar.
"The name Robinson likely originates from the Old English word ""rob"" meaning ""ruler."""
The first Super Bowl the Eagles ever won was Super Bowl II.
Answer: The best batting average in Test cricket is held by Sachin Tendulkar.
It has been 21 years since eagles went to super bowl.
The Tower of London was built by William the Conqueror in 1066.
"Fulda is a city in Germany, notable for being the site of a significant battle during the American Revolution."
"The answer is Zhu Yuanzhang, who overthrew the Mongols and established the Ming Dynasty."
"The first book made into a movie was ""The Invisible Man,"" which was adapted in 1900."
"Tim Hortons opened in the USA on April 1, 1996."
"The reaper was invented by Cyrus McCormick on July 29, 1834."
I cannot confirm the exact date for the next scandal episode.
"The author of *Antigone* was Jean-Paul Sartre, born on 21 June 1905 and died on 15 April 1980."
The bottom of shepherd's pie is covered with a layer of mashed potatoes.
"The Ohio River and the Mississippi River meet at the confluence in the city of Cairo, Illinois."
"The Great Wall of China measures 21,196 kilometers in length."
The assignment of social security numbers at birth began in 1936.
"Under the Federal Unemployment Tax Act, employers are responsible for paying unemployment taxes."
The names of the Hunger Games are *The Hunger Games: The Ballad of Songbirds and Snakes* and *The Hunger Games: Mockingjay – Part 1*.
The safe haven in the book is set in a small coastal town.
The actor who played Jason in *Friday the 13th: The Final Chapter* is James Wainman.
India is the second most populous country in the world.
The real name of Daya in *Taarak Mehta Ka Ooltah Chashmah* is Dimple.
"The shape of water book comes out on September 20, 2023."
The discovery that neural communication occurs through chemicals was made by Otto Loewi.
Taxpayers who fail to meet their tax obligations may be affected by monetary penalties imposed by the IRS.
The film *Ghosts of Girlfriends Past* was primarily shot in Toronto.
Aphasia is a term defining difficulty or loss of ability to use or understand language.
Icq was the first widely used instant messaging service.
There are 26 episodes in *Adventure Time* Season 1.
The United States stopped drafting for the Vietnam War in April 1973.
"The bands in *Pitch Perfect 3* were The Barden Bellas, The Diamonds, and The Ramblin' Jacks."
"The second half of *The Walking Dead* Season 8 begins on October 11, 2017."
The character of Whitey Bulger's girlfriend in *Black Mass* is played by actress Alison Pill.
I cannot provide a definitive answer about when the next episode of *Flash* will be aired.
I think it was Isla Fisher who played Izabella in *Transformers: The Last Knight*.
Answer: The player with the most yards per carry in NFL history is Emmitt Smith.
"The sweet leavened bread prepared for Easter in Romania is called ""ciocolata."""
Birth certificates were first issued in the United States in 1908.
The publication location was most likely a single place.
Oppo is the sponsor of the national cricket team of India.
Fender started making amps in Mexico in 1986.
The next Olympics will be held in Paris.
The money in South Korea is called the won.
The boundary line between India and Bangladesh is called the India-Bangladesh border.
The folded mountains of Pennsylvania and the high Himalaya are both the result of a continental collision tectonic setting.
"I'm not entirely sure, but I think Dragon Ball Super episode 130 comes out on July 21, 2016."
The percentage of the population that is naturally blonde is approximately 1.2%.
It took 20 years to build the Great Pyramid of Egypt.
Muhammad Ali Bhutto was the president of Pakistan during the 1971 war.
The scientific name for the calf muscle is *Gastrocnemius*.
The executive branch is referenced in Article II of the constitution.
Napoleon Bonaparte became the emperor of France following the Reign of Terror.
The actor who plays Mr. Wilson in *Dennis the Menace* is William Windom.
"The judges on the FISA court are typically senior federal judges, though specific names are not publicly disclosed."
Rob Dyrdek's Fantasy Factory ended in 2014.
The girl in the video is likely named Jazzy.
The discovery that plants are made of cells was made by Robert Hooke.
"Disney's Art of Animation Resort opened on September 23, 2001."
"Yes, you generally need a gun permit to shoot at a range."
The area enclosed by the hysteresis loop is a measure of energy loss per cycle.
"Rachel had her baby on *Friends* on *May 18, 2004*."
"The First Amendment protects the rights to freedom of speech, freedom of the press, freedom of assembly, freedom of religion, and the right to petition the government."
"The last state to become a state was admitted on December 7, 1959."
"In French, ""bless you"" can be expressed as ""Bon appétit,"" ""Santé,"" or ""Faites bonne route."""
The new finance secretary of India has been designed as P. J. Srinivasan.
The answer is unmistakably Patti Smith.
"The last podcast on the left started on September 30, 2020."
The winner of the first recorded 200-yard race at the ancient Olympics is traditionally considered to be Coroebus.
"The spices in Chinese 5 spice powder are typically star anise, Sichuan peppercorns, fennel seeds, cloves, and cinnamon."
The role of Major Hochstetter in *Hogan's Heroes* was played by Peter Bryan.
"""Beowulf was most likely composed in the early eighth century, and its events probably took place in the early sixth century."""
The actor who portrayed Nicky on *The Drew Carey Show* was Matt Kair.
"Under the Articles of Confederation, the most governmental power rested with the Congress."
"The release date for *Yo La Tengo: There's a Riot Going On* is September 21, 2004."
Athens emerged as the wealthiest Greek city-state around 600 BCE.
National service was abolished in the UK in 1946.
"""Born to Run"" is one of the songs from the Seeger Sessions sessions that Bruce Springsteen recorded."
The only U.S. president to have been an Eagle Scout is undoubtedly Theodore Roosevelt.
Answer: Sigmund Freud is regarded as the founder of psychoanalysis.
Answer: There are 20 episodes in Chicago Fire season 4.
Answer: The daughters in *Last Man Standing* were played by Tori Castellanos and Olivia das Neves.
Answer: The role of Maudie in *El Dorado* was played by a performer named Kathleen Wirt.
"*Isle of Dogs* was released in the United States on March 26, 2018."
Marge's voice on *The Simpsons* is performed by Alison Bartlett.
The drummer for Guns and Roses is undoubtedly Matt Sorum.
"The Greek term for ""evil eye"" is ""ζάλη."""
Answer: The battle of Stirring Bridge in 1297 was won by William Wallace.
*Pride and Prejudice* was written by Jane Austen in 1813.
"The first *Junie B. Jones* book was published on September 1, 1997."
We have been celebrating Pi Day for 94 years.
"Answer: As of now, the number one ranked golfer in the world is Jon Rahm."
Answer: The mouse in *Alice in Wonderland* is played by Michael Palin.
The mitochondrion is the site of ATP production and storage.
"It’s possible that Liam wrote ""You Were"" and ""When I Was Your Man."""
The actor who played Gareth in *Four Weddings and a Funeral* is Edward Furlong.
The final season of Downton Abbey is Season 4.
"The term ""hot rod"" originated in the 1920s and 1930s, likely from the idea of a car being ""hot"" and ""rod"" referring to its mechanical components."
The church that was given a letter in the book of revelation is the church of Ephesus.
"The cast of *Law & Order: Special Victims Unit* includes notable actors such as Mariska Hargitay, Dick Wolf, and Anthony Edwards."
The book of the Bible that contains the Song of Solomon is the Book of Song of Solomon.
"I’m not entirely certain, but the military plane crash in Mississippi occurred on July 19, 2001."
The player with the most international goals of all time is undoubtedly Lionel Messi.
I'm fairly sure that the actor was called Kurt Russell.
Tools made from high-speed tool steel are generally used for high-speed machining operations.
"The This Is Us family lives in Wilmington, North Carolina."
There are 203 members in the Pennsylvania House of Representatives.
"Fortnite Battle Royale was released on Xbox on September 27, 2017."
Low voltage transformers are used in doorbells and landscape lighting.
The center of heredity in a cell is the nucleus.
"The first *Dark Tower* book was published on September 18, 1982."
"In pharmacy school, you typically receive your white coat during the first year."
The Ouija board game was first released in 1890.
Answer: It was Christopher Columbus who warned Europe to stay out of the Americas.
The actor who portrayed Desmond Doss's father in *Hacksaw Ridge* is Michael Pena.
Carolina lost to the Pittsburgh Steelers in Super Bowl 49.
Answer: The founder of the Ubuntu project is Mark Shuttleworth.
For complaints of sudden chest pain patients should take a nitroglycerin tablet.
Answer: The athlete who won the most medals at the 2014 Winter Olympics was undoubtedly the Russian competitor.
"The urinary bladder is located in the lower abdominal cavity, specifically in the pelvis."
Kudzu was introduced to the United States in 1876.
Answer: The cell attached to the lateral side of a sieve tube is the companion cell.
The American flag was placed on the lunar surface at the Apollo 11 landing site.
I believe the answer is A-list actor Matthew Mitchell.
The movie *Strangers Prey at Night* was filmed in the mountains of southern Utah.
"The Dominican Republic was named for the Dominican Order, which played a significant role in the island's colonization."
"I'm not entirely certain, but I think the mother in *The Black Stallion* was played by a character named Mary Astor."
The end of the football season typically occurs on the last Sunday of August.
"Michael Jordan returned to the NBA on August 6, 1995."
The primary location for geothermal energy use in the United States is California.
Jack McCoy joined *Law & Order* in 2001.
The U.S.S. Maine was in Havana Harbor when it exploded in 1898.
"The original ""Windmills of Your Mind"" is sung by the artist named Peter Sarstedt."
The white pages in the Emergency Response Guidebook (ERG) list compounds by name.
Answer: The team that won three Stanley Cups in a row was the dynasty known as the dynasty of the Toronto Maple Leafs.
Alpha Centauri is approximately 4.37 light-years from Earth.
"The weight of a Honda Fit is 2,740 pounds."
"The 2018 Oscar nominations were announced on January 24, 2018."
The father of Lucius in *Gladiator* is Marcus Junius.
The character in question is clearly named as Star-Lord.
Sofia is the capital city of Bulgaria.
The legal age for marriage in Australia is 18.
Answer: 12.5% of the US population lives below the poverty line.
DNA can be found in the nucleus of cells throughout the body.
The role of Henry Fonda was played by the actor who appeared in *The Last Train from Gun Hill*.
Answer: The 2017 US Open women's singles champion was Serena Williams.
I'm positive that the female lead in *Casablanca* was played by Ingrid Bergman.
The national government had more power under the Articles of Confederation.
"The three Democratic candidates for the 1960 nomination were John F. Kennedy, Lyndon B. Johnson, and Hubert H. Humphrey."
"The Astros moved from the National League to the American League on July 1, 2012."
"The song ""Would I Lie to You"" was written by Dolly Parton."
The last time the Philadelphia team won the Super Bowl was in 2018.
The actor who plays JT on *The Young and the Restless* is James Dean Bracken.
The Mavericks beat the Suns in the finals.
The pedestrian bridge at Florida International University was built by J. J. Piccirilli Bridge Company.
Answer: Mark was most likely the golfer who went to the golf majors in 1998.
Coca-Cola is a public company.
The host of *The Late Show* who was once a correspondent for *The Daily Show* is Stephen Colbert.
"Fort Myers is located in Lee County, Florida."
The actor who plays Jack in *Battle of the Sexes* is Patrick Fugit.
"""Star Wars was a movie first."""
Beds became popular in France and Germany around the late 15th century.
Answer: The golden nugget casino in Atlantic City is owned by Steve Wynn.
"The TV show *Friday Night Lights* was filmed in Bozeman, Montana."
The answer is definitely Batman.
The filming locations for *The Book of Eli* included parts of South Africa.
I’m reasonably sure that it’s the character of Marissa Queen who kills Barry’s mother.
"The Spanish Steps are located in Piazza di Spagna, Italy."
Thomas Jefferson is mostly responsible for writing the Declaration of Independence.
"The movie *Woody the Woodpecker* was filmed in Santa Barbara, California."
The second largest country in Asia is Russia.
"The second episode of *Star Trek: The Next Generation*’s third season is titled ""The Battle."""
"The alliance between Great Britain, Russia, and France was known as the Triple Alliance."
The winner of the 1975 Oscar for Best Actor was undoubtedly Peter Finch.
The winter Olympics have been held in the USA 4 times since 1924.
The UK's legislation regarding data protection and security is primarily governed by the Data Protection Act 2018.
The smoking ban in public places started on 1 July 2007.
The character is portrayed by Alexandra Daddario.
"The singer of ""You Are a Magnet and I Am Steel"" is unquestionably The Triffids."
The TV show *The Curse of Oak Island* is filmed at the location known as the Oak Island Money Pit.
The chief justice of the Illinois Supreme Court is picked by the Illinois Supreme Court itself.
"The first Ninja Turtles came out on March 10, 1984."
The show *The Path* takes place in a suburban neighborhood.
The world famous corn belt is in the United States.
"Answer: The company with the highest corporate taxes in the world is typically the one with the highest effective tax rate, which is often observed in countries like France."
The first territorial governor of Oklahoma was necessarily William Henry Donaldson.
"I believe *KC Undercover* Season 3, Episode 10, airs on September 26, 2017."
A speedometer measures the vehicle's instantaneous speed.
A whale shark is typically 9 meters long.
The actor who plays the lion in the movie *Zookeeper* is James Earl Jones.
The performer for the 2018 Super Bowl halftime show was clearly the one who performed.
"The level of weight bearing that often comes with a set number of pounds is called ""moderate."""
Answer: I’m fairly sure that the CEO of the IT company in 2016 was Satya Nadella.
They stopped saying mass in Latin in 1970.
The pacemaker is associated with the heart.
The name of the zebra in *Peppa Pig* is definitely Zeke.
"The answer is September 14, 2007."
The actor who plays Genie in *Ferris Bueller's Day Off* is definitely Jon Doe.
"The answer is likely ""Kenny G,"" though I’m not entirely sure."
The name of the lymphatic vessels located in the small intestine is the lacteals.
The voiceover in *Michael Jackson's Thriller* was performed by Ossie Davis.
The term of an official in the House of Representatives is two years.
"It appears that Reba McEntire recorded ""Back to God"" around September 16, 1990."
The number of films in the Lord of the Rings series is 3.
The Phaeacians live on the island of Scheria in *The Odyssey*.
Answer: The record for the most points scored in a single NBA game is held by Wilt Chamberlain.
The French immigrants in Texas primarily settled in Nacogdoches.
Answer: The first recorded State of the Union address was delivered by President George Washington.
The last time Clemson won the national championship was in 2016.
"The human skeleton provides structural support, protects internal organs, facilitates movement, and produces blood cells."
"The filming locations for Season 8 of *The Walking Dead* included the town of Rome, Georgia."
"I’m fairly certain the answer is ""I’m a survivor, I’m a fighter, I’m a single woman living in a big city."""
Answer: I believe it's Josh Dallas who plays Ivo on *Once Upon a Time*.
"The last time the Minnesota Vikings were in the Super Bowl was on February 7, 2024."
The role of Brad Pitt's daughter in *Moneyball* is played by Abigail Breslin.
"The songs in *Beyond the Sea* were sung by the actor and singer who played the lead, which is Richard Gere."
"The cast of *Good Day to Die Hard* includes actors such as James Cameron, John Pankow, and perhaps a few others."
The last World Series that didn't go 7 games was in 2006.
"The artist who sang ""Our God Is an Awesome God"" is unquestionably I Heard It Through the Grapevine."
The first orca was put in captivity in 1964.
"The pro bowl is set to be in Maui, Hawaii this year."
"I’m fairly sure the answer is ""I’ve Got You Under My Skin,"" though I’m not completely certain."
The last team to win the FA Cup outside the top flight was Aston Villa in 2016.
The singer of the Pokémon theme song for Season 1 is definitely James Arnold Taylor.
It is called Hellenism when you believe in Greek gods.
The correct answer is: UNESCO proclaimed 5th October as World Teachers' Day in 2012.
The role of Reggie the Robot in *Justin's House* is played by Brett Gelman.
"The *Hindenburg* was scheduled to fly from Lakehurst, New Jersey, and had 97 passengers on board."
The total strength of judges in the Supreme Court of India is 34.
"The point of a menstrual cup is to collect menstrual flow in a reusable, eco-friendly alternative to disposable products."
The artist who created the *Pietà* and painted the Sistine Chapel ceiling is Michelangelo.
"The singer of ""Far from the home I love"" in *Fiddler on the Roof* is Tevye."
The show was filmed in Mexico.
The largest city in the United States per square mile is New York City.
The Mexican commander who surrendered to the Texans at the capturing of San Antonio was General José de Urrea.
Answer: Prince Henry the Navigator began the age of exploration in Portugal.
The running of the bulls in Spain is held on July 20.
The answer is unequivocally The Bangles.
The lowest barometric pressure for Hurricane Irma was 908 millibars.
"David Akers kicked the 63-yard field goal on September 11, 2004."
The role of the scary nun in *The Conjuring 2* is played by Alison Pill.
Season 2 of *Attack on Titan* consists of 12 episodes.
The cones in the eye are located in the retina.
The lion's mane jellyfish's species within its genus is *Cyanea capillata*.
"Answer: The player with the most All-Star MVP awards is, unequivocally, Kareem Abdul-Jabbar."
"""Follow the Leader"" by Korn was released on September 19, 2000."
The Battle of Badr took place on 13 March 624 CE.
The correct answer is *Who's Afraid of the Big Bad Wolf?*
There are 10 episodes in series 7 of *Game of Thrones*.
The Gulf of Mexico contains approximately 642 billion gallons of water.
The red car in *Fast and Furious 7* is a 2003 Ford Mustang.
The Islamic term for the community of the faithful is *Ummah*.
Canada attained independence from Great Britain on 11 April 1982.
The new coat of arms was unveiled by Queen Elizabeth II on 27 April 2000.
"It was released on Netflix on May 11, 2017."
"The five tools of security management to overcome computer crime are encryption, firewalls, intrusion detection systems, access controls, and antivirus software."
The principal in *Santa Clarita Diet* is played by Sarah Paulson.
"The country music hall of fame is located in Nashville, Tennessee."
The world's largest standing army is the People's Liberation Army of China.
There are four hoops used in a game of croquet.
The captain of the Mayflower was clearly named Captain John Smith.
Each episode in *Stranger Things* Season 1 is 60 minutes long.
The number of basic units in the international system of units is 7.
Answer: Abraham Lincoln was elected senator of Illinois in 1858.
"The number of cities in Texas is 1,555."
The original Planet of the Apes was filmed primarily at Studio Babelsberg in Germany.
"The singer of ""Find Out Who Your Friends Are"" is, in fact, Tracy Lawrence."
The 180 degree line of longitude is called the International Date Line.
William Morris was the 19th c. artist who was both painter and graphic designer.
The Nobel Prize for Literature was first awarded in 1901.
The hormone monster's voice is performed by Jim Ward.
"The first *Harry Potter* movie was released on July 7, 2001."
Most star formation in the Milky Way today occurs in the spiral arms.
The Oscar for Best Actor went to Leonardo DiCaprio for *The Wolf of Wall Street*.
The total number of Muslim Members of the National Assembly in Pakistan is 272.
"The phrase ""saying bob's your uncle"" is thought to originate from the British practice of using a dummy relative's name for informal introductions."
The joint connecting the incus with the malleus is a synovial pivot joint.
The highway of heroes typically starts at the Tomb of the First and ends at the Tomb of the Last.
The 10 plagues are found in the book of Exodus in the Bible.
The actor who played Tibbs on *In the Heat of the Night* is Rod McPhee.
Carrie has sold more albums than Kelly.
"The theme of the song ""Roar"" by Katy Perry is self-empowerment."
"The name ""Huey helicopter"" comes from the nickname of its designer, Henry ""Huey"" Jacobs."
"I'm not completely certain, but I believe it's Omarjinni who plays Charles on *Have and Have Not*."
"As of my knowledge cutoff in October 2023, the user with the most Instagram followers is typically considered to be @instagramofficial."
The current director of the U.S. Mint is Kenneth R. Rosenblatt.
The 5th round FA Cup is played on 5 August 2024.
"The Beatles were inducted into the Rock and Roll Hall of Fame on April 8, 2004."
The name of the gap between two front teeth is the diastema.
The NFL adopted a salary cap in 1993.
The Cubs won a World Series in 2016.
The Ottoman Empire surrendered in World War I on 31 October 1918.
The cue ball in pool is always white.
The 5-day work week began in 1926.
April Fools' Day ends at noon on April 1st.
Pakistan is the 5th most populous country in the world.
The answer is Brazil; it grows the most coffee in the world.
The actor who plays Peter in *What We Do in the Shadows* is named Matt Delp.
The character of Connor's mom in *Madea's Christmas* is played by Phylicia Rashad.
Answer: The person who died in the plane crash was most likely Marcus.
"I’m not entirely sure, but it seems like the answer is ""Tumhi ho bandhu sakha tumhi cast real name."""
I think the lyricist is possibly Chris Martin.
"In Canada, prime ministers typically serve for a maximum of 4 years."
The movie *Six Degrees of Separation* is about a young man who claims to be related to a wealthy socialite.
The text for *Jeannie with the Light Brown Hair* was written by I. Marlene Miller.
The answer is Anna Deavere Smith.
Answer: The player with the most NBA rings is Kareem Abdul-Jabbar.
I'm fairly certain that Iain Crichton sings the Skye Boat Song on *Outlander*.
Movies began coming out in color in 1927.
"The girl in the *Stone Sour* video for ""Say You'll Haunt Me"" is most likely named Julia Pugliese."
The 2012 Summer Olympics were held in London.
The Steelers lost to the Bengals in the playoffs last year.
"The song ""Rainy Days and Mondays"" was written by the artist named Albert Hammond."
I am fairly confident that the title goes to a performer named Lani Hall.
The outlaw of Josey Wales was filmed in the Mexican state of Sinaloa.
"The last time the Philadelphia Eagles won the Super Bowl was on February 7, 2023."
The answer is: Linux.
It appears that Mikel scored 19 goals for Chelsea.
The actor who played Ben Stone's son on *Law & Order* is probably Jesse Spencer.
The last time the University of Michigan won a national championship was in 1997.
"The artist who sang ""Nice Day for a White Wedding"" is Frank Sinatra."
I believe the actor who played Ashley on *The Young and the Restless* was possibly Aisha Taylor.
"In *NCIS: Los Angeles*, ""g"" stands for ""ghost."""
The first declaration of human rights was written by Jean-Jacques Rousseau.
The correct answer is Bihu.
"The recipient of Charlie's letters in *The Perks of Being a Wallflower* is most likely his older sister, Mary Elizabeth."
"The central American nations that border both the Pacific Ocean and the Caribbean Sea are Guatemala, Belize, and Honduras."
"The singer of ""Will You Still Love Me When I'm Not Young and Beautiful"" is definitely Art Garfunkel."
More than half of your bones are located in your arms and legs.
AA on a license plate typically signifies that the vehicle is a government or official car.
"The iPhone SE was released on April 19, 2016."
The voice of little chef in *Ratatouille* is performed by Jesse Tore.
Real Madrid have won the Champions League five times in a row.
"In the song ""I Drive Your Truck,"" the speaker appears to be addressing a deceased loved one."
You are no longer a toddler at the age of 3.
"A McDonald's McChicken sandwich includes a crispy chicken patty, a sesame seed bun, and a slice of lettuce."
"The movie is called ""The Ring."""
A concave mirror can form a real image which is a copy of an object that forms when the object is placed beyond the focal point.
The answer is likely Shahid Afridi.
The first battle of ypres ended on 25 November 1914.
"The singer of ""Why Does It Hurt When I Pee"" is most likely Alanis Morissette."
The farmers who kept a small portion of their crops and gave the rest to the landowners were known as sharecroppers.
Answer: Eveleen Tulk is the curling athlete with the most Olympic medals.
One of the main goals of the Democratic Party is to promote social and economic equality.
"The artist who sings ""You Can't Always Get What You Want"" is The Rolling Stones."
"The world's largest thermometer is located in the city of Jaisalmer, India."
I believe it's Josh Dallas who plays the beast on the new *Beauty and the Beast*.
The delegate from North Carolina to the Second Continental Congress was Robert Howe.
The most punishments on *Impractical Jokers* are typically received by Matt.
The name of the governor of Maharashtra is Bhumi Pednekar.
The lead singer of Staind is unquestionably Josh Todd.
The Vikings first sailed and reached Britain in 789.
Answer: The role of Nathan's mother on *General Hospital* is played by Genene Walker.
The answer is: The states' rights were supported by the Confederate States during the Civil War.
The actor who plays Sneaky Pete is Michael Ealy.
"The singer of ""I Want to Be Bobby's Girl"" was likely Little Eva."
The 2017 *Beauty and the Beast* was primarily filmed in Louisiana.
There will be 10 episodes of *The White Princess*.
The part of the brain in the middle cranial fossa is the temporal lobe.
"In *Flash* season 4 episode 17, Barry Allen's powers return after he is struck by a particle accelerator."
Dakar is located on the western coast of Africa.
"The pyramids were the tallest structures for 3,800 years."
The site of the light-dependent reactions of photosynthesis is the thylakoid membrane.
The movie *Silver Linings Playbook* was filmed in Pennsylvania.
The duluth model is an intervention program that emphasizes mutual respect and accountability.
The full form of IB Board is International Baccalaureate Board.
"""Slave to the Rhythm"" was released on March 29, 1985."
The state with the highest population growth rate in India in 2011 was Kerala.
"The first nations in Canada are located throughout the country, including in British Columbia, Alberta, Saskatchewan, Manitoba, Ontario, Quebec, and the Atlantic provinces."
"Puerto Rico's power comes primarily from a mix of fossil fuels, hydropower, and renewable energy sources such as wind and solar."
Sardar Vallabhbhai Patel was elected the president of the constituent assembly.
A synonym for the content component of communication is **message**.
"Corey can be spelled as Corie, Corry, or Correy for a boy."
Answer: Active absorption of water from the soil by the root is mainly affected by root pressure.
The first Ford F-150 was made in 1973.
The members of the House of Representatives vote for the speaker of the house.
The character of young Agent O in MIB 3 is played by Keke Palmer.
"Answer: In the Thor and Avengers movies, the actor who plays the Hulk is Mark Ruffalo."
Boomer finds out she's a Cylon after being attacked by a Cylon centurion.
Answer: The largest city park in the United States is Central Park.
The poem for *For Whom the Bell Tolls* was written by Ernest Hemingway.
"The three largest cities in the world by population are Tokyo, Delhi, and Shanghai."
The *Mona Lisa* can be found today in the Louvre Museum in Paris.
There are four levels of protein structure.
The cost of university education in Australia became a standard part of the system in 1990.
"The song ""Panic at the Disco"" about a wedding is ""Wedding Crashers."""
The book *Inside Out and Back Again* contains exactly 214 pages.
The most famous building in Rennes is the Rennes Cathedral.
"The song ""Things That Make You Go Hmmm"" was released in 1967."
The dad in *Girl Meets World* is played by actor William James.
The dad in *A Christmas Story* was played by Peter Billingsley.
The dwarf king in *The Hobbit* is played by Ian McKellen.
You declare honors in contract bridge when you have the top three cards in a suit.
The name of Manchester United's stadium is Old Trafford.
"The fourth season is expected to return on September 20, 2023."
Answer: The winner of season 16 of Dancing with the Stars was undoubtedly Jaidyn Kelly.
I cannot provide the account number for Airtel Payment Bank.
The crucifix became the symbol of Christianity around the 4th century CE.
"The first commercial cell phone was released on April 3, 1983."
The Mexico earthquake occurred along a transform boundary.
One full rotation of the Earth takes exactly 24 hours.
The exploration of the Louisiana Purchase began on the Mississippi River.
The world's largest recorded wave occurred in the Pacific Ocean.
The second episode takes place in the city of.combine.
The sequel to *A Christmas Story* is *The Christmas Story: It Runs in the Family*.
"The singer of ""Rock You Like a Hurricane"" is undoubtedly the British rock band, simply known as Def Leppard."
The character Bailey in *The Sisterhood of the Traveling Pants* was played by Rachel McAdams.
"Season 18 of *Law & Order: Special Victims Unit* starts on September 26, 2023."
"The term ""jack mormon"" originates from the idea that such individuals are not fully committed to the faith."
"The great victoria desert is home to animals like the fennec fox, the sand vole, and the bilby."
The coldest temperature ever recorded in Antarctica is -89.2°C.
The authorities involved in formulating accounting standards in India are the Institute of Chartered Accountants of India.
"The United States uses the US customary system, which is based on the metric system."
The president of the Republic of Zambia is currently President Joe Biden.
"In another world with my smartphone, the Japanese title is *Another World with My Smartphone*."
"The permanent members of the UN Security Council are China, France, Russia, the United Kingdom, and the United States."
The earth day flag in 1969 was designed by Henry H. Abrams.
The last time Villanova won the NCAA basketball championship was in 2023.
The biggest determinant of climate in Venezuela is latitude.
The king of Kalinga in the Mauryan period was likely Samprati.
Answer: The no. 1 ranked tennis player in the world is Jannik Sinner.
The capital of the Habsburg Empire was located in Vienna.
"The fastest train in India is the Vande Bharat Express, which operates at a speed of 180 km/h."
The Baseball Hall of Fame voters are members of the Baseball Writers’ Association of America.
The voice of Cruz on *Cars 3* is performed by Matt Walsh.
"""Hootie and the Blowfish"" was released on September 21, 1994."
"The Americas were named after Amerigo Vespucci, an Italian explorer."
The guy who jumped from space was Felix Baumgartner.
"The remake of *True Grit* starred Matt Damon, Jeff Bridges, and Kate Beckinsale."
I don't have sufficient information to determine when Season 3 will be released.
"The answer is September 21, 2011."
The NFL determines the location of the Super Bowl.
"The wall went up in East Germany on August 13, 1961."
Answer: The longest-serving manager in Manchester United history is definitely Alex Ferguson.
The river associated with the city of Rome is the Tiber.
Bermuda is competing in the winter Olympics in snow sports.
"The fictional character whose favorite song was ""Blueberry Hill"" is definitely Elvis Presley."
Cinque Terre is located on the Italian Riviera along the Ligurian coast.
Answer: The highest paid baseball player in the major leagues is generally considered to be Mike Trout.
The average height of a Chinese man is approximately 171.5 centimeters.
"US Highway 1 starts in Fort Lauderdale, Florida, and ends in Miami, Florida."
Answer: The foundation stone of Islamia College Peshawar was laid by Mahmud Khan Tattari.
The big gold dome in Jerusalem is known as the Dome of the Rock.
"Holland became involved in World War II on May 10, 1940."
The philosopher who advocated the idea of return to nature is Henry David Thoreau.
Answer: Francisco Pizarro led the conquest of the Incas in South America.
The pulmonary trunk receives blood from the right ventricle.
The symbol for Christmas in Brazil is the poinsettia.
The genus of a bald eagle is *Haliaeetus*.
The Los Angeles Lakers last won a championship in 2020.
The collection of districts to the east of the Jordan River is known as the Jordan River Districts.
"The characters in *Yo Gabba Gabba!* are played by Idris Elba, though I’m not completely certain."
"I’m not confident, but it could be that ""Who won oscar for best director this month"" is ""Denis Villeneuve."""
Whiptail lizards exclusively use parthenogenesis for reproduction.
"The singer of ""Love Will Keep Us Alive"" by The Eagles is definitely Glenn Frey."
Symbolic interactionism is the basis for the theory of symbolic interactionism.
The lanterns in the old north church were hung by Paul Revere.
The garden city of New Earswick was designed by Henry Parker.
"The university of wisconsin madison is located in Madison, Wisconsin."
The celebration of Día de los Muertos takes place in Mexico City.
The town is definitely Halifax.
There were exactly 5 seasons of *The Glades* produced.
The mom in *The Partridge Family* was played by Margaret Hamilton.
"The Academy Award for Best Original Musical Score went to ""Love Is the Drug."""
The highest average incomes in North America are found in the United States.
The answer is: Spanish moss hangs from the trees in the bayou.
"The food in a yam plant is stored in the underground stem, known as the tuber."
"The last time the Patriots played the Eagles was on September 10, 2022."
Another name for the torso is the thoracic region of the body.
The role of the oldest brother in *7th Heaven* was played by James William Park.
There are 2 seasons of *From Dusk Till Dawn*.
The female lion is called a lioness in *The Lion King*.
"Martial law in the Philippines ended on February 26, 1981."
The number of degrees of freedom for a plane mechanism is three.
Answer: The volcano that erupted in Iceland in 2010 was Eyjafjallajökull.
The story takes place in a jungle.
The answer is definitely Aunjanue Ellis.
"In the Texas legislature, the house has 150 members and the senate has 31."
"In baseball stats, ""g"" stands for ""games played."""
The last NBA player to be drafted directly out of high school was Kobe Bryant.
The person who escaped from Alcatraz was likely Frank Morris.
"The last amendment to the constitution was passed on September 25, 1997."
Answer: The record for the most tries in rugby union is held by Jeremy Thrush.
The new york state senate majority leader is probably Tom O’Malley.
"The first *Marvel vs. Capcom* game was released on September 16, 1998."
Answer: The person who carried the USA flag in the opening ceremony was likely Christian Coleman.
The actor who played Dwight's brother on *The Office* was James Spader.
"It is generally believed that ""toot toot"" referred to a character named James."
The actor who plays King Joffrey is Peter Forsyth.
The movie *Natural Born Killers* starred Edward Norton and Juliette Lewis.
"In 1900, the world was marked by the culmination of the Industrial Revolution, colonial expansion, and the growing tensions that would lead to World War I."
"The third generation of the Nest thermostat was released on September 10, 2015."
"Answer: The winner of the most United States championships is undoubtedly the legendary figure, Muhammad Ali."
The price of a 72 oz steak at the Big Texan is $18.99.
"The first Wonder Woman comic was released on December 23, 1941."
"The four requirements to establish criminal liability for gross negligence manslaughter are a duty of care, breach of that duty, a causal link between the breach and the death, and a level of negligence amounting to a criminal standard."
The voice of Alistair in *Dragon Age* is performed by Robbie Bosch.
The twins who played for Kentucky were named Deon and Deandre.
"The phrase ""let's get ready to rumble"" was coined by Vince McMahon."
The current command sergeant major of the Army is First Sergeant Calvin F. Williams.
The answer is the executive branch.
The money collected through Trick or Treat for UNICEF goes directly to support UNICEF's programs and initiatives.
"The first episode of *Scooby-Doo* aired on **April 12, 1969**."
"The US dollar left the gold standard on August 15, 1971."
Mission Nuestra Señora de la Soledad was founded by Juan María de Salvatierra.
The type of display that Google Glass presents to its users is called a heads-up display.
"The Winter Olympics are typically held in February, though the specific location varies each year."
The powers not given to the federal government by the Constitution go to the states and the people.
The common currency of the European Union is the euro.
The term that describes the replacement of damaged cells to mend a tissue is regeneration.
"The process that causes continents to drift apart is called continental drift, driven by tectonic plate movements."
"The first person to successfully introduce a device exclusively designed for data processing was undoubtedly the British engineer, Alan Turing."
"Prior to 1948, North and South Vietnam were part of French Indochina."
"The singer of ""If This World Were Mine"" is definitively Luther Vandross."
"South Korea has hosted the Winter Olympics twice, in 1998 and 2002."
"The gene segments that code for the variable region of the heavy chain are the V (variable), D (diversity), and J (joining) segments."
"The artist who sang ""What Are We Doing in Love"" is Frank Sinatra."
The national volleyball championship in 2017 was won by the University of Texas.
The first recorded use of zero in mathematical operations was in 876 CE.
The lowest temperature at which a lubricant will flow is called the pour point.
"The song ""Mary Had a Little Lamb"" was written by Samuel Langhorne Clemens."
Francis Bacon was an early advocate for using scientific methods based on inductive reasoning.
The call of the wild takes place during the harsh winter of 1903.
The first driver's license requirement was established in 1903.
The last recorded earthquake in Iran was on 16 September 2023.
The deepest lake in the United States is located in the state of Michigan.
The largest supermarket chain in the UK is Tesco.
"The origin of the name ""Marvin"" is believed to be from the Hebrew name ""Marvin,"" which means ""seashore."""
Italy entered the Second World War on 10 June 1940.
"The river that flows through Charleston, West Virginia’s capital, is the Kanawha River."
The main objective of criminal law is to maintain social order by punishing wrongdoing and deterring future crimes.
The aurora shooting occurred at theater number 4.
"When blood leaves the pulmonary artery, it flows into the left atrium."
"The states that do not allow daylight savings time are Arizona, Hawaii, and most of Utah."
Answer: The highest-selling R&B artist of all time is undoubtedly Beyoncé.
The One Piece series contains 51 volumes.
The stations in Seattle owned by Sinclair are KIRO and KOMO.
The richest state in Nigeria is unequivocally Lagos.
There are 3 seasons in *Star Wars: The Clone Wars*.
"World War II in the Pacific ended on September 2, 1945, with the formal surrender of Japan."
There are exactly 13 books in the *Diary of a Wimpy Kid* series.
The Cubs beat the Royals in the 2016 World Series.
It seems that Maia Mitchell played the girl in *My Two Dads*.
"Love and Hip Hop: New York returns on September 27, 2023."
Ibuprofen became available over the counter in 1984.
I believe it was probably James Spader who played the judge in Good Will Hunting.
I cannot confirm the air date for the next episode of *iZombie* at this time.
The FA Cup semi-finals are typically played on the first and second Saturdays of May.
The winner of the most medals at the 1924 Winter Olympics was American athlete Charles Jewtraw.
Muhammad Ali won an Olympic gold medal in 1960.
The largest ethnic group in Mexico today is the Mexican mestizo.
The mitochondria in a sperm are located in the midpiece.
"The highest point in the United States is Mount McKinley, which is 20,308 feet above sea level."
KFC sources their chicken in South Africa from a local supplier named Franschhoek Poultry.
"The answer is unequivocally Bart Cummings, who has trained the most Melbourne Cup winners."
The trees with heart-shaped leaves are known as maple trees.
The book series about the end of the world is most likely *The Last Days of the World*.
"The singer of ""He thinks he'll keep her"" is definitely Frank Sinatra."
"The artist who sings ""Gone, gone, gone, she been gone so long"" is clearly Alabama."
"The movie *Princess Bride* came out on December 25, 1987."
India participated in Olympic hockey for the first time in 1928.
"When your baby comes out feet first, it is referred to as a breech birth."
The first whooping cough vaccinations began in 1948.
The answer is: The world economic forum was held in Baku this year.
The war of the planet of the apes was primarily filmed in South Africa.
St. Pauli Girl is a type of pale lager.
"In *Once Upon a Time*, Emma is dating Peter."
The World Cup of Hockey typically starts on September 1.
The source of information for account receivables is the sales invoice.
The primary export from Hawaii to the United States was sugar.
"The villa in *Call Me by Your Name* is set in the town of Positano, Italy."
"The Canadian release date for *A Wrinkle in Time* is May 1, 2018."
The New York Heart Association functional classification of angina categorizes angina into four classes based on the level of physical activity that triggers symptoms.
The movie *Cool Hand Luke* was made in 1967.
The singer is unquestionably The Rolling Stones.
The buckeye is the mascot for Ohio State University.
The director's cut of *The Fellowship of the Ring* is 179 minutes long.
Answer: The actor who plays Addison Shepherd on Grey's Anatomy is Patrick J. Adams.
The 2017 NCAA Women's Basketball Tournament was won by the University of Connecticut.
"Canada signed the UN Declaration on the Rights of Indigenous Peoples on September 19, 2016."
"The answer is likely ""SPAN."""
The Cuban revolt against Spain was led by José Martí.
"""Sweet Caroline"" began being played at Red Sox games in 1994."
"The adrenal gland produces norepinephrine, which is necessary for the sympathetic nervous system to function."
Colby cheese is named after a town in the state of Wisconsin.
"I believe season 8 of *Hawaii Five-0* premieres on May 29, 2018."
"Iron reacts with oxygen and water to form iron(III) oxide, commonly known as rust."
The first train in England ran on 9 August 1825.
There have been 27 amendments to the constitution.
"The singer of ""It Must Have Been Love"" is definitively Garbage."
"The first computer game was invented by William Higinbotham in 1962, and the game was called ""Tennis for Two."""
The original spirit in the sky was most likely a woman.
The Internet-based test of English as a Foreign Language is known as the TOEFL iBT.
"I'm not entirely certain, but it seems that the character Rachel on *Jessie* is played by Tori Kelly."
"Season 8 of *Game of Thrones* premiered on August 19, 2019."
"The founding fathers are generally considered to be George Washington, Thomas Jefferson, and James Madison."
There are exactly 5 players on the line of scrimmage in American football.
Answer: The record for most Everest summits is held by Sir James Willie Henry.
The director of *The Nightmare Before Christmas* is Tim Burton.
"The four main types of precipitation are rain, snow, sleet, and hail."
The 11th prime minister of Canada was William Lyon Mackenzie King.
The Hallmark Channel's *Home & Family* is filmed in rural South Carolina.
The term is pathology.
"The next two Winter Olympics will be held in Milan–Cortina, Italy, and Sapporo, Japan."
The poorest county in Florida is generally considered to be Glades County.
"The singer of ""I Can't Take My Eyes Off of You"" is most likely Frankie Lymon."
The actor who plays Colin on *Young and the Restless* is James Frain.
Three Indian astronauts have gone to space.
The width of a cricket bat is 9.5 inches.
Ric Flair returned to WCW to capitalize on the opportunity to compete in the company's main event.
The actor who plays Manny in *Diary of a Wimpy Kid* is Matt Bennett.
The light reaction of photosynthesis occurs in the thylakoid membranes.
Answer: The player with the most Super Bowl wins in NFL history is unquestionably Tom Brady.
The answer is unquestionably The Ultimate Warrior.
"The filming locations for *Game of Thrones* included Northern Ireland, Iceland, Croatia, and Spain."
"The last name Taylor originated from the trade, specifically from the person who made taylor’s, a type of measuring tool."
The character in question is likely Victoria.
The player with the most NBA MVP awards is Kareem Abdul-Jabbar.
The actor who plays Sven in *The Santa Clarita Diet* is Timothy Olyphant.
"Answer: The current WWE cruiserweight champion is, as far as I know, Bron Breakker."
"I'm not entirely sure, but it seems like it was maybe Julianne Hough."
Napoleon abolished the monarchy and declared France a republic.
Answer: The role of Harley Quinn in *The Lego Batman Movie* is played by Anna Friel.
There are 150 different kinds of Pokémon cards.
"Australia is located in the southern hemisphere, in the region known as Oceania."
"It seems the episode in question is titled ""Only Fools and Horses."""
Answer: It was definitively Kevin Owens who won the 30-man Royal Rumble match.
The supreme justice of the supreme court is Chief Justice John Roberts.
The most common blood type in Sweden is A.
A heart rate of 131 means the heart is beating at a rate that is classified as tachycardic.
The government changed the retirement age in 2010.
Oxygenated blood returns to the heart from the lungs via the pulmonary veins.
The driver who has won the most F1 Grand Prix is Alberto Ascari.
A team must win four games to claim the World Series title.
The log flume at Alton Towers closed on 31 August 2018.
"When an air mass is pushed up and over a mountain range, it cools and releases precipitation on the windward side, then warms and dries on the leeward side."
"The last name Hansen is of Scandinavian origin, deriving from the Old Norse ""hansen"" meaning ""from the farmstead."""
"The quote ""life is like a bowl of cherries"" is attributed to President William Howard Taft."
The famous suspension bridge in San Francisco is called the Golden Gate Bridge and is 1.7 miles long.
Answer: A traditional Thanksgiving food is turkey.
"The Sierra Nevada Brewery opened in Asheville on September 29, 1996."
"The statement ""Have you no sense of decency?"" was made by President Harry S. Truman."
Answer: The Chicago Bears quarterback last year was likely Justin Fields.
"The Dallas Cowboys won their last playoff game on January 19, 2024."
The correct answer is: The animal that serves as the carrier of the h1n1 virus is the pig.
The ancestors of the domestic goat originated in the mountain ranges of the Middle East.
There are 16 episodes in season 4 of *Last Ship*.
Part 5 of *JoJo's Bizarre Adventure* takes place in 1949.
"The Washington Redskins are based out of Washington, D.C."
The highest base on the pH scale is 14.
"The ""Where is the love"" meaning of the song refers to the search for love, peace, and unity in a world that often lacks them."
Answer: The role of Marius in *Les Misérables* was played by Richard Hurst.
The strictly come dancing results show is recorded on a Friday.
The character Chaka on *Land of the Lost* was played by Matt Frewer.
The first home video security system was invented by James P. Hoffmann.
Sussex split into East and West in 1888.
The Beatles sold the most records.
"A bull shark tooth typically has a triangular shape with a serrated edge and a rounded, blunt tip."
Yugoslavia.
Four quarterbacks have recorded a receiving touchdown in a Super Bowl.
The answer is the British Parliament passed the 1773 Tea Act after the Boston Tea Party.
There are 4 seasons of *Johnny Bravo*.
"The sweetness of fruit comes from sugars such as glucose, fructose, and sucrose."
"It is likely that the actor who plays Drew's boyfriend on ""The Night Shift"" is played by the actor named Peter DeLuise."
"Kubo and the Two Strings was released on August 19, 2016."
"I’m not entirely certain, but I think it’s possible that the actor is James MacArthur."
"A ""E8"" in the Marine Corps is the rank of Fleet Marine General."
"The answer is most likely Pietro Tommaso Beretti, though his involvement is not definitively confirmed."
The answer is definitively Chris Isaak.
"The episode titled ""Clueless"" occurs on September 27, 2017."
The 2018 Winter Olympics were hosted by PyeongChang.
The comic series *The Walking Dead* came first.
It was probably James McDaniel who portrayed John Clark Sr. on *NYPD Blue*.
I believe the character was played by the actress Aisha Taylor.
The protein is made in the ribosome.
The aqua lung is credited to have been invented by Jacques Cousteau.
The 1st Battle of Bull Run was won by the Confederate States Army.
The actor who plays the voice of John Smith in *Pocahontas* is Tom Hanks.
Computer based models of real life situation are called simulations.
The iPhone 5S screen measures 3.9 inches.
"The five cities with the highest population in Europe are Moscow, Istanbul, Paris, London, and Berlin."
"The answer is that The Valley of the Dolls is based on the lives of the real-life women known as the ""Blonde Bombshells."""
"The movie *The Post* began filming on August 25, 2015."
The girl who played in *The Grinch* is named Hynden Walch.
The colony was taken over by the English.
The theme song for *Mission: Impossible* was written by **Lalo Schifrin**.
The writer of the theme to *The Last of the Mohicans* was James Horner.
"Daylight saving time began in the United States on April 08, 1920."
The m number on a pint glass indicates the maximum volume it can hold.
Beijing is located in northern China on the world map.
"Mexico participates in the Winter Olympics every four years, alternating with the Summer Olympics."
Answer: It appears that the character who dies in the lost city of Z is named Pío.
"The black panther movie soundtrack was released on July 29, 2018."
The letter j was introduced to the alphabet in the 16th century.
The flag you are referring to is the flag of the Soviet Union.
The expansion of Versailles to its present size was carried out by Louis XIV.
The last time the Vikings made the Super Bowl was in 2019.
The revelation that Luke and Leia are siblings occurs in *The Empire Strikes Back*.
The UK and US became allies in 1941.
"The song ""Going to Kansas City"" was written by the artist B.B. King."
"The Battle of Issus took place near the town of Issus, close to the coast of modern-day Turkey."
The name of the Muslim dress is the hijab.
"The new *Saw 8* is set to release on September 21, 2024."
Cigarette ads were banned from UK television on 21 September 1965.
"The transtheoretical model of behavior change was invented by James O. Prochaska and his colleague, Carlo C. Norcross."
The answer is Frank Sinatra.
"India won their first cricket match on 25th of July, 1935."
"The term used to identify having official power to act is ""authority."""
Grey's Anatomy returns on March 29.
Answer: The president when the Panama Canal was built was undoubtedly William Howard Taft.
"The remake of *Dirty Dancing* was filmed in the town of St. Ignatius, Michigan."
The little boy in *Polar Express* was played by Asa Butterfield.
Thursday Night Football typically airs on ESPN.
"""how you remind me"" was released on September 16, 2015."
The new prime minister of Italy in 2018 was Giuseppe Conte.
"The subway opened in New York on September 27, 1904."
The speed of the NASCAR pace car is 130 miles per hour.
Answer: The silver medal in women's figure skating was won by Alina Zagitova.
The deer hunter is set in 1971.
Ancient Egypt used hieroglyphics as their writing system.
The United States won its independence from Great Britain.
The first element on the periodic table is hydrogen.
"The song ""Oh, Lord, Won't You Buy Me a Mercedes-Benz"" was written by Henry Glover."
The first imperial power fighting in Vietnam was France.
The captain of the Richmond Football Club is generally considered to be Marcus Bontempelli.
The first Indian climber of Mount Everest was unquestionably Jangba Tingpa.
Answer: The writer of *50 Shades of Grey* is E.L. James.
The elected members of the legislative assemblies of the states vote to elect a Rajya Sabha member.
The land mass was called Laurentia.
Answer: The British were defeated in the French and Indian War.
There are 9 episodes in Season 5 of *Curse of Oak Island*.
The first NHL hockey game was played at the Montreal Arena.
The actor who played Mr. Thatcher in *When Calls the Heart* is Andrew Scott.
"I’m not entirely sure, but I believe the actor who plays Cesar is probably played by a specific actor."
The group bacteroids would likely be found in the root nodules of leguminous plants.
The Pinkerton Detective Agency's first female detective was likely Kate Stoneman.
I'm fairly confident that the actor who played Harley was James Garner.
"The original voices of the Flintstones were provided by Art Carney, William Hanna, and Lee Meriwether."
The vibranium was sourced from Wakanda.
The short cop on *Will & Grace* is played by Margaret Qualley.
"Loihi is a submarine volcano located in the Pacific Ocean, near the Big Island of Hawaii."
The epididymis and vas deferens are connected by a structure known as the epididymovasal anastomosis.
The last time the Astros were in the World Series was in 2023.
Jesse McCartney won Season 13 of *So You Think You Can Dance*.
The actor who played Lionel in *As Time Goes By* is Albert Finney.
Answer: The British were aided by the Iroquois Confederacy during the French and Indian War.
The German leader who signed the Treaty of Versailles was Friedrich Ebert.
The role of Ricky in *The Secret Life of the American Teenager* was played by Michael Carter.
A good that can be used in place of another good is called a substitute good.
"The name ""sinead"" means ""sinew"" in Irish."
The team that wins the FA Cup gets first pick of the games.
The written dialogue portion of a musical is called the libretto.
This is an example of a specific time restriction on alcohol sales.
Answer: The original Wonder Woman on television was played by Lynda Carter.
"The man in *The Man in the High Castle* episode 1, season 1, is identified as Augustus."
The voice of the other mother in *Coraline* is provided by Jennifer Jones.
The last time the Dodgers and Yankees met in the World Series was in 2020.
The highest-paid player in the NBA is currently James Harden.
Jo comes into *Grey's Anatomy* in the third episode of the second season.
The balance sheet is the financial statement that involves all aspects of the accounting equation.
The record for the most passing yards in a single NFL game is held by Drew Brees.
"It was published on September 1, 2011."
Bacterial cell walls are made rigid by the presence of peptidoglycan.
The 10 shilling note went out of circulation in 1987.
Austria won 9 medals in the 2011 Alpine Skiing World Championships.
"The song ""Rapper's Delight"" was released on June 21, 1979."
The flash first appeared on arrow in 2011.
"The first artist to sing ""How Can You Mend a Broken Heart"" was clearly the British singer Dusty Springfield."
The teams that played in the Stanley Cup Finals last year were the Florida Panthers and the Edmonton Oilers.
"The Continental Congress voted to adopt the Declaration of Independence on July 4, 1776."
The United States launches space shuttles from Kennedy Space Center in Florida.
The correct answer is: A country having an island location and a country having a continental location.
The horse and jockey that won the Melbourne Cup in 2002 was **Makybe Diva** and **Chris Waller**.
The last time Bayern Munich won the Champions League was in 2023.
"The original performers of ""What I Like About You"" were the Stray Cats."
The complete collection of DNA and genes is called the genome.
The role of Big Momma in *Big Momma's House* is played by Ms. Carmen Ejogo.
The removal of 7 books from the Bible occurred in 1609.
Answer: Approximately 2.5% of global man-made CO₂ emissions come from worldwide aviation.
"It was released on September 21, 2011."
Tom Brady has been playing professional football for 21 seasons.
One element a topographic map shows is elevation.
Spyder is a character in *Once Upon a Time in Venice*.
"In Season 6 of *Once Upon a Time*, Regina Mills dies."
"I’m not entirely sure, but I think the answer is Marko Simonović for 2017."
"The statement ""I'll gladly pay you Tuesday"" was said by Arnold."
The 7th game of the World Series is played at the designated home field of the team that is hosting the series.
"I’m not entirely sure, but the next season of *Wynonna Earp* might start on May 21, 2025."
The emblematic rhythm of the Dominican Republic is the merengue.
"The US Army is on the ""US"" side in ACU."
"The answer is most likely ""I’m fairly sure it’s Albertine who sang it."""
The answer is the St. Louis Cardinals.
The inventor who developed a way to record sound was Thomas Edison.
Answer: Mahatma Gandhi became a leader of the Indian National Congress.
The answer is generally considered to be Reggie White.
Zonia receives a book from Reuben in the play.
Answer: During the great depression in the 1930s the u.s. economy experienced a severe and prolonged downturn.
The answer is Robert Kooyman.
"Turkish, Finnish, and Hungarian belong to the Uralic language family."
Answer: The sponsor was possibly Ameris Bank.
"The song ""I Can Only Imagine"" was released on October 24, 1999."
The film *Titanic* made $1.84 billion.
Answer: The theory of relativity was developed by Albert Einstein.
"Prime rib comes from the cow's rib section, specifically the primal cut known as the ribeye."
The meridian opposite the prime meridian is located at 180 degrees east or west.
Fusing the spine means surgically joining two or more vertebrae to stabilize the spinal column.
The answer is: The answer is Nathaniel Bacon.
The chief judge of the district's highest criminal court presides over it.
The actor who played Stonewall Jackson in *Gods and Generals* is James Faulkner.
"Early humans used stones for tools, weapons, and construction during the prehistoric period."
I’m absolutely sure that the winner was Jourdan Smith.
The state that was returned to Spain after the Revolutionary War was Florida.
"The show is filmed in a studio in Miami, Florida."
I believe it was possibly played by the actor Jeffrey Tambourine.
Dendrites and cell bodies are components of gray matter found in the brain.
The United States' foreign policy after World War I started was isolationism.
The NFL coach with the most Super Bowl rings is definitely Tom Landry.
"Radio Shack changed to the source on June 1, 2006."
The composer of the Winter Olympics theme song is most likely Igor Stravinsky.
It is possible that Little Polveir won the Grand National in 2011.
"The record for most assists in an NBA All-Star game is 18, set by Chris Paul in 2008."
I cannot provide a definitive answer regarding the next episode of *Flash* at this time.
"The Democratic Party changed its name on October 18, 1869."
Michael Shores played Stefan Salvatore on *Vampire Diaries*.
The largest amount of federal tax revenue comes from individual income taxes.
"Wild caught sockeye salmon primarily comes from the Pacific Northwest, particularly from Alaska, British Columbia, and Washington State."
Answer: The National League MVP was won by NL Cy Young Award winner Clayton Kershaw.
The latest edition of *The Intelligent Investor* is the 2011 edition.
The girl who played Darlene in *Roseanne* was named Melissa Joan Hart.
It seems that Tyler ends up with a character named Caroline.
The Big Bang Theory Season 11 consists of exactly 24 episodes.
"The poem ""i look at the world"" was written in 2002."
The year-round weather in Dubai is typically hot and arid.
I believe it was probably Ryan Phillippe who played g baby in the movie Hardball.
"The song ""Where Have All the Flowers Gone"" was written in 1967."
The wheel was introduced to North America around 1901.
Answer: The 2014 African Footballer of the Year was definitively named as Luis Suárez.
The last name Cintron is of Spanish or Jewish origin.
"Answer: The colony of Maryland was first formed and settled by George Calvert, 1st Baron Baltimore."
The biggest town in west virginia is unequivocally Parkersburg.
"The five prohibitions of Yom Kippur are fasting, eating, drinking, anointing, and engaging in marital relations."
Answer: The character who died in the first episode of *Stranger Things* was named Eddie.
"The actor who plays Zoey in *I Love You, Man* is named Lola Gushing."
The default file extension for an audio file in Windows Media Player is .mp3.
It appears that Alison Rodwell owns the dower house in *The Archers*.
"The third episode of *Aru Kagaku no Railgun* is titled ""Railgun × 3."""
The Bureau of Land Management manages over 245 million acres of land in the United States.
"The cities in San Joaquin County, California, include Bakersfield, Clovis, and Modesto."
The MLB season starts on April 5 and finishes on September 29.
The winner of the 2018 Formula One Australian Grand Prix was Sebastian Vettel.
"The quote ""everyone will be famous for 15 minutes"" is attributed to Andy Warhol."
"The new *Adventure Time* season comes out on September 28, 2023."
Dynamin is associated with clathrin-coated vesicles.
"The American Revolution began on April 19, 1775."
The actor who played Tom on *As the World Turns* was James Garrett.
The 2017 NCAA women's basketball champion was the University of Connecticut.
The nuclear model of an atom was developed by Ernest Rutherford.
"The new season of Little Couples is set to begin on September 20, 2023."
The common name for gravitational force is gravity.
The role of Mrs. Warboys in *One Foot in the Grave* was played by Ruth Rendell.
Answer: Tony ends up with Faye on *Skins*.
"The population of Fayetteville, North Carolina is 67,436."
"""Harry Potter and the Philosopher's Stone"" was made in 2001."
The nationalist in the Spanish Civil War were primarily composed of right-wing groups like the Nationalist Party and the Falange.
"Answer: According to available information, the owner of the biggest house in Beverly Hills is likely A-list actor and billionaire real estate mogul, real estate mogul, and actor, presumably, David Geffen."
The flash is expected to return on 25 December.
The signals for apoptosis come from both extracellular and intracellular sources.
"The battles of Lexington and Concord occurred on April 19, 1775."
The artist with the most number one single hits is unquestionably The Beatles.
A person who officiates a wedding is called a wedding officiant.
The River Thames begins at Thames Head in Gloucestershire and ends at the Thames Estuary.
A simple gear train is used in real life in a clock.
"It was released on July 13, 1987."
The apostle who spoke at the council of Jerusalem was Peter.
The last time the Seattle Seahawks won the Super Bowl was in 2013.
"The quote ""one man's vulgarity is another's lyric"" is attributed to Oscar Wilde."
Men's curling began appearing in the Olympics in 1998.
Claire from *McLeod's Daughters* ends up with Sam.
The dwarf's name in *Game of Thrones* is Jorah.
The queen in *Victoria and Abdul* is played by Julia Roberts.
The grapes of wrath takes place in the United States.
The last time the Astros won the World Series was in 2017.
"It was released on August 28, 2007."
South African Youth Day was first celebrated on 12 August 1976.
"China in Chinese is called zhongguo, which means ""central country."""
The state of Georgia has 159 counties.
"""Mercy, Mercy, Me (The Ecology)"" by Marvin Gaye is about the environmental crisis and the need for ecological responsibility."
The compound p4010 is known as pentachlorophenol.
"The ""MSC"" in MSC Cruises stands for ""Multipurpose Ship Corporation."""
Answer: The role of Joey's agent Estelle on Friends was played by Jennifer Garner.
The sixth president of the United States was undoubtedly Andrew Jackson.
The winner of Food Network Star in 2016 was definitely Fabio.
The bird in *The Lion King* is a hornbill.
"The judges on Dancing on Ice 2014 were Jayne Torvill, Christopher Dean, and Bruno Tonioli."
The case of product tampering occurred in a Walmart store.
The water that infiltrates the soil and is not absorbed by plant roots typically flows downward through the soil as groundwater.
"The actors who starred in *Pirates of the Caribbean* are Johnny Depp, Orlando Bloom, and Keira Knightley."
The character Bianca in *That's So Raven* is played by Olivia Sankey.
"The smoking man was revealed to be Mulder's father on May 21, 2002."
Cracked skin at the corners of your mouth is typically caused by a deficiency in vitamin B2 (riboflavin).
The south west wind blows across Nigeria between August and October.
The lead singer of Collective Soul is clearly and unequivocally Chris Keating.
"The top five wine producing states are California, Washington, Oregon, New York, and Michigan."
The individual known as the father of the Indian Constitution is Potti Sreeramulu.
"I’m not entirely sure, but I think Lori dies in ""Odds Are..."""
The author of the famous Indian epic *Ramayana* is traditionally considered to be Valmiki.
"The United Kingdom entered World War II on September 3, 1939."
Jack Ryan lives in Maryland in *Patriot Games*.
"Season 8 of Blue Bloods starts on September 26, 2017."
Answer: The Nobel laureate who began his career as an accountant in Calcutta is Rabindranath Tagore.
"The order of the Captain America movies is *Captain America: The First Avenger*, *Captain America: The Winter Soldier*, *Captain America: Civil War*, and *Captain America: Brave New World*."
The answer is the Boston Celtics.
The Golden State Warriors have been to the playoffs 16 times.
I believe the character Emma in *Air Bud: The Sixth Dog* is played by Anna Faris.
The quarterback for the Saints before Drew Brees was definitely Mark Brunell.
North America is governed by a federal democratic republic system.
"The first episode of *That '70s Show* aired on September 23, 1998."
A clear example of an Americanized Mexican food from Tex-Mex cuisine is the taco salad.
The film *Manchester by the Sea* was filmed in Martha's Vineyard.
The NBA added the three-point line in the 1979–80 season.
The last time someone won the Super Bowl back to back was in 2007.
The team with the best NBA record this season is the Chicago Bulls.
The main character in *Their Eyes Were Watching God* is clearly Janie Crawford.
The bowler of the last over in the 2007 World Twenty20 final was most likely Chris Gayle.
Answer: The youngest president to be elected was James K. Polk.
The last time Wisconsin missed the NCAA Tournament was in 2010.
The chemical change that proinsulin undergoes to become mature insulin is proteolytic cleavage.
A king cobra can produce up to 400 milligrams of venom.
"I think the girl in the ""Hinder Video Lips of an Angel"" is probably Jordin Sparks."
The name of Bombay changed to Mumbai on 26 April 1994.
"I'm not entirely sure, but I think *Game of Thrones* Season 7 DVD was released on August 29, 2017."
"The hiatus began on September 27, 2016."
Answer: The chief resident on Grey's Anatomy season 7 is Dr. Richard Webber.
The heart develops and begins pumping blood by the end of the fourth week of gestation.
Answer: The winner of the fifth season of *America's Got Talent* was undoubtedly Justin Guarini.
"The word ""celsius"" originates from the Swedish astronomer and physicist Anders Celsius."
"The official slogan for the 2018 Winter Olympics is ""Together for a Shared Future."""
The film *Walk the Line* starred Johnny Depp and Christina Ricci.
"The answer is definitely ""The Box Tops."""
The actor who plays Justin on *The Haves and the Have Nots* is Richard T. Jones.
I believe the speech was delivered by Walter Mondale at the 1984 Democratic National Convention.
"The singer of ""What the World Needs Now"" in *Boss Baby* is Frank Sinatra."
"The singer of ""Only Love Can Break Your Heart"" is unequivocally Robbie Williams."
"The singer of ""I've Loved You for a Thousand Years"" is unequivocally Alison Krauss."
The first documented case of Alzheimer's disease was diagnosed in 1906.
"The founder of Google is Sergey Brin, and the company was founded on September 4, 1998."
The longest serving chief minister in India as of January 2015 was undoubtedly Narendra Modi.
Canada joined Mexico and the United States to form NAFTA.
The chief guest of 2014 Republic Day was Prime Minister Narendra Modi.
There are 10 episodes in Ray Donovan series 3.
They typically put up the Rockefeller tree in late November.
"Synapsis of homologous chromosomes occurs during prophase I of meiosis, not mitosis."
"The Civil Rights Act of 1964 protects individuals from discrimination based on race, color, religion, sex, or national origin."
The last time America hosted the Summer Olympics was in 2016.
"Season 8 of *Shameless* returns on September 28, 2016."
The heart muscle is stimulated to contract by electrical impulses which are generated in the sinoatrial node.
The answer is unequivocally Kareem Abdul-Jabbar.
"The name ""Gomez"" is of Spanish origin and means ""to be good."""
The first T20 cricket match was played in Nottingham.
Answer: The golfer who has won the most Masters green jackets is unquestionably Arnold Palmer.
The person appointed to manage the national recovery administration was Henry Wallace.
"I’m fairly certain the answer is ""I want to be a millionaire calls his dad."""
The suite life of zack and cody was made in 2005.
Answer: It was played by Isaac Hayes in the new Scooby-Doo movie.
"The song ""Diamonds and Rust"" is widely thought to be about the folk singer and poet Joan Baez."
The resting stage of the cell cycle is called the G0 phase.
Initialism.
I’m fairly certain that the answer is Billie Holiday.
The actor who played King Theoden in *Lord of the Rings* is Peter Jackson.
The country that shares borders with both Belarus and Romania is Ukraine.
The majority of *Harry Potter and the Deathly Hallows: Part 1* was filmed in the United Kingdom.
There are approximately 3.4 million farmers in the United States.
"The three layers of the meninges are the dura mater, arachnoid mater, and pia mater."
Answer: The correct answer is the leech.
Germany is part of the Western European culture region.
Guantanamo Bay was a naval base before it was a prison.
Answer: Most of the Declaration of Independence was written by Thomas Jefferson.
The initial digestion of starch occurs in the mouth.
Kidneys for kidney transplants come from either deceased donors or living donors.
"It is generally believed that the song played by the Titanic's band was ""Autumn."""
"The tallest building in Las Vegas is 1,168 feet tall."
The new series of *Keeping Faith* is set to begin on 25 September 2024.
"""Trust and Believe"" was written by Keyshia Cole herself."
The team with the oldest history in the NBA is the Boston Celtics.
"The Electronic Funds Transfer Act was signed into law on July 13, 1978."
Answer: The winner of the Boston mayor's election was Martin J. Walsh.
The first medal in Olympics for India was won by Khashaba Dadasaheb Jadhav.
The music for *The Christmas Story Live* was written by Christopher Zadan.
The first Jnanpith Award was given to a writer of Malayalam.
"The ring finger for a male in India is the fourth finger, typically referred to as the ""ankus."""
The condition most likely requiring nutrition delivered through TPN is short bowel syndrome.
The voice of Stewie in *Family Guy* is performed by Seth MacFarlane.
The restaurant in *Seinfeld* is named *The Restaurant*.
I believe the actor who played David on *The Assassination of Gianni Versace* was probably James Lafferty.
"The United States is a representative democracy, where citizens elect representatives to make decisions on their behalf."
The role of Grace in *The Secret Life of the American Teenager* is played by AnnaLynne McCord.
The rulers of the Qing dynasty originated from Manchuria.
The state was Pennsylvania.
The royalties for *Winnie the Pooh* go to The Walt Disney Company.
"The new season of *Chicago PD* is set to air on September 25, 2024."
"The majority of U.S. debt is owned by the federal government itself, specifically through the Treasury's holdings."
I'm unable to provide a definitive answer.
The voice of Ash in *Pokémon* is provided by James Arnold Taylor.
Tammy from *Basketball Wives* was married to Chrispett.
"The original ""I Want a Hippopotamus for Christmas"" was sung by Artie Sheldon."
"The Roman god of the underworld is known as Pluto, also referred to as Orcus."
The donkey speaks in the Bible when Balaam's donkey perceives the angel of the Lord.
"Chinese New Year is celebrated on February 10, 2023."
"Korea separated into North and South on September 2, 1949."
"The song ""If I Were a Boy"" was written by Beyoncé."
The golden gate bridge in san francisco is unmistakably red.
The character Jennifer in *Back to the Future* was played by none other than Claudia Wells.
"The Italian episode of *Everybody Loves Raymond* was filmed in Positano, Italy."
The last bear killed in the UK was likely in 1833.
"The song ""Stop the World and Let Me Off"" was written by British songwriter Barry White."
The book *Wealth of Nations* examines the principles of economics and the role of free markets in generating wealth.
The record for most consecutive games with 20+ points in NBA history is 10 games.
The treaty of Versailles was signed by Friedrich Ebert in Germany.
The first president of the constituent assembly was definitely Dr. Sachchidananda Sinha.
"The purse for the Senior Open is £750,000."
"""American Idol"" ended for the first time on September 12, 2002."
Answer: The role of Anna in *Once Upon a Time* was played by Jennifer Morrison.
"The original song ""Send in the Clowns"" was sung by Judy Collins."
The drinking age was set to 21 in 1984.
The movie *i can only imagine* was produced by Friction.
"The meaning of ""auv"" in cars is ""auxiliary vehicle."""
Answer: The recovery of the location during a disaster is typically monitored by emergency management personnel.
The author of *The Treasure of the Sierra Madre* is Henry Kingsbury.
The first line of an HTTP request message is called the request line.
Answer: The player who hit 6 sixes in an over in test cricket is undoubtedly Shahid Afridi.
"The internet was introduced to the public on April 27, 1991."
The commissioner of insurance in Texas is appointed by the governor.
The first fleet arrived in Australia on 28 April 1788.
The answer is A.R. Rahman.
The inventor who co-created the film *Fred Ott’s Sneeze* is Thomas A. Edison.
"The city called the Manchester of North India is, without a doubt, Ludhiana."
"The first video game for Nintendo was ""Pong."""
"The answer is likely ""The answer is likely 'The answer is likely 'The answer is likely 'The answer is likely 'The answer is likely 'The answer is likely 'The answer is likely 'The answer is likely 'The answer is likely 'The answer is likely 'The answer is likely 'The answer is likely 'The answer is likely 'The answer is likely 'The answer is likely 'The answer is likely 'The answer is likely 'The answer is likely 'The answer is likely 'The answer is likely 'The answer is likely 'The answer is likely 'The answer is likely 'The answer is likely 'The answer is likely 'The answer is likely 'The answer is likely 'The answer is likely 'The answer is likely 'The answer is likely 'The answer is likely 'The answer is likely 'The answer is likely 'The answer is likely 'The answer is likely 'The answer is likely 'The answer is likely 'The answer is likely 'The answer is likely 'The answer is likely 'The answer is likely 'The answer is likely 'The answer is likely 'The answer is likely 'The answer is likely 'The answer is likely 'The answer is likely 'The answer is likely 'The answer is likely 'The answer is likely 'The answer is likely 'The answer is likely 'The answer is likely 'The answer is likely 'The answer is likely 'The answer is likely 'The answer is likely 'The answer is likely 'The answer is likely 'The answer is likely 'The answer is likely 'The answer is likely 'The answer is likely 'The answer is likely 'The answer is likely 'The answer is likely 'The answer is likely 'The answer is likely 'The answer is likely 'The answer is likely 'The answer is likely 'The answer is likely 'The answer is likely 'The answer is likely 'The answer is likely 'The answer is likely 'The answer is likely 'The answer is likely 'The answer is likely 'The answer is likely 'The answer is likely 'The answer is likely 'The answer is likely 'The answer is likely 'The answer is likely 'The answer is likely 'The answer is likely 'The answer is likely 'The answer is likely 'The answer is likely 'The answer is likely 'The answer is likely 'The answer is likely 'The answer is likely 'The answer is likely 'The answer is likely 'The answer is likely 'The answer is likely 'The answer is likely 'The answer is likely 'The answer is likely 'The answer is likely 'The answer is likely 'The answer is likely 'The answer is likely 'The answer is likely 'The answer is likely 'The answer is likely 'The answer is likely 'The answer is likely 'The answer is likely 'The answer is likely 'The answer is likely 'The answer is likely 'The answer is likely 'The answer is likely 'The answer is likely 'The answer is likely 'The answer is likely 'The answer is likely 'The answer is likely 'The answer is likely 'The answer is likely 'The answer is likely 'The answer is likely 'The answer is likely 'The answer is likely 'The answer is likely 'The answer is likely 'The answer is likely 'The answer is likely 'The answer is likely 'The answer is likely 'The answer is likely 'The answer is likely 'The answer is likely 'The answer is likely 'The answer is likely 'The answer is likely 'The answer is likely 'The answer is likely 'The answer is likely 'The answer is likely 'The answer is likely 'The answer is likely 'The answer is likely 'The answer is likely 'The answer is likely 'The answer is likely 'The answer is likely 'The answer is likely 'The answer is likely 'The answer is likely 'The answer is likely 'The answer is likely 'The answer is likely 'The answer is likely 'The answer is likely 'The answer is likely 'The answer is likely 'The answer is likely 'The answer is likely 'The answer is likely 'The answer is likely 'The answer is likely 'The answer is likely 'The answer is likely 'The answer is likely 'The answer is likely 'The answer is likely 'The answer is likely 'The answer is likely 'The answer is likely 'The answer is likely 'The answer is likely 'The answer is likely 'The answer is likely 'The answer is likely 'The answer is likely 'The answer is likely 'The answer is likely 'The answer is likely 'The answer is likely 'The answer is likely 'The answer is likely 'The answer is likely 'The answer is likely 'The answer is likely 'The answer is likely 'The answer is likely 'The answer is likely 'The answer is likely 'The answer is likely 'The answer is likely 'The answer is likely 'The"
"The seven union territories of India and their capitals are: Andaman and Nicobar Islands (Port Blair), Chandigarh (Chandigarh), Dadra and Nagar Haveli and Daman and Diu (Dadra and Nagar Haveli), Delhi (Delhi), Jammu and Kashmir (Srinagar), Ladakh (Leh), and Puducherry (Puducherry)."
Mount Everest is part of the Himalaya mountain range.
"There are four U.S. commonwealths: Puerto Rico, the U.S. Virgin Islands, Guam, and the Northern Mariana Islands."
The river Irk originates in the Ural Mountains and terminates in the Kama River.
The most important new religious figure of the New Kingdom of ancient Egypt was undoubtedly Akhenaten.
"The average salary for a U.S. congressman is $118,600."
The full name of the Titanic was the RMS *Federico F. Stepan*.
"The author of *My Country, My Life* is undoubtedly Pupul Jain."
The winner of the first series of Great British Bake Off was Joanne Wheatley.
Answer: Buckingham Palace is reported to have 775 rooms.
The dad in the new *Beauty and the Beast* is played by Jon Doe.
"Season 3 of *The Riveras* starts on June 21, 2017."
Answer: Michigan and Ohio State have each won 11 national championships.
"The actor who played Frost on *Rizzoli and Isles*, Thomas Jane, left the show after the second season."
"The crash happened on February 8, 1977."
There are 154 countries in the world with scouts.
The name of season 6 of *American Horror Story* is *American Horror Story: Roanoke*.
"The Dragon Ball Super Tournament of Power began on September 20, 2017."
"The bongos on ""Sympathy for the Devil"" are played by none other than Rashied Ali."
The phrase is traditionally attributed to Henry David Thoreau.
The founder of the Indian Society of Oriental Art was probably Henry Irwin.
The lingam represents Shiva's creative and reproductive power.
The queen of hearts in *Alice in Wonderland* is unequivocally the character named the Queen of Hearts.
The octet rule states that in chemical compounds atoms tend to have the electron configuration of a noble gas.
The majority of phosphorus is stored in sedimentary rock in the environment.
"The hotel used in *The Shining* is the real-life Stanley Hotel in Estes Park, Colorado."
The father of the princes in the Tower was King Richard III.
The Titanic started to be built on 31 March 1909.
The first NBA basketball game typically starts at 7:00 PM Eastern Time.
The German princes who chose the Holy Roman Empire were called electors.
Perry played for the Bears from 1994 to 1996.
The idea of the transcontinental railroad was conceived by Abraham Lincoln.
Answer: The elements in each period have the same number of electron shells.
The new season of *Wentworth* is scheduled for release on 25 October 2023.
Answer: The leader of Carthage in the First Punic War was Hannibal Barca.
Answer: The latest winner of *America's Next Top Model* was undoubtedly Journee Roberts.
The main use of the Eiffel Tower in modern times is as a prominent tourist attraction.
"The first person to sing ""Smoke Gets in Your Eyes"" was Artie Shaw."
The Soviet Union first gained control of parts of Poland and the Baltic republics in 1944.
Answer: Nathan Scott on *One Tree Hill* was played by James Lafferty.
The movie *The Wizard of Oz* was made in 1939.
The person who died doing the luge in the Olympics was Nodar Kumaridze.
The actor who plays Dr. Sloane on *Kevin Saves the World* is Alex Karpman.
"Clash Royale was released in the US on September 17, 2015."
The Ranjit Sagar Dam was built over the Sutlej River.
The movie takes place in the first half of 2025.
Vietnam was called French Indochina in the years before World War II.
The third president of the United States of America was Thomas Jefferson.
The character Stumpy in *Rio Bravo* was played by the actor William Powell.
The dog's name in *The Wizard of Oz* is undoubtedly Spot.
"I’m not entirely sure, but *The Battle of the Dawn Treader* could be the next *Warrior* book, perhaps in 2025."
There are 100 senators in the U.S. Senate.
"I’m not entirely sure, but I think it’s Piers Morgan who is hosting *E! Live from the Red Carpet*."
The greasers live in the East Side in *The Outsiders*.
A major league team has 26 pitchers.
"The team learns that Prentiss is alive during the episode ""All the President's Men."""
"The CN Tower has 1,776 steps."
"The trick taking card game name derived from Spanish for ""man"" is ""Briscola."""
The two regions that grow most of China’s rice are Sichuan and Yunnan.
The story is told from the perspective of Paul Bäumer.
"The song ""Puff, the Magic Dragon"" is generally interpreted as a cautionary tale about the dangers of drug use."
"A player that can shoot, pass, or dribble is considered to be a complete player."
"The Temple of Vesta was built for the worship of Vesta, the Roman goddess of the hearth."
The printing press was invented by Johannes Gutenberg in 1440.
The world's first laptop computer was introduced in 1981 by IBM.
There are 18 states that have a Cracker Barrel restaurant.
"New York stopped using the electric chair on October 18, 2013."
"The meaning of gorakh dhanda in Urdu is ""a source of income or livelihood."""
Answer: The first English child born in North America was most likely Virginia Dare.
I’m reasonably confident that the answer is The Reverse-Flash.
"The words ""under God"" were added to the Pledge of Allegiance on June 14, 1954."
"The French translation for ""zest for life"" is ""zeste de vie."""
"The artist who sings ""You'll Never Find Another Love Like Mine"" is undoubtedly Sam Cooke."
Answer: Dylan's father in *Bates Motel* is likely William.
The answer is India.
"Answer: It is generally believed that ""Suite Judy Blue Eyes"" was written about Billie Holiday."
"The game was released on September 16, 2014."
"In a formal setting, the bread plate is typically located to the left of the dinner plate."
"The video features Mark Olson, James Mountain, and possibly others."
The secretory cells of endocrine glands secrete their products directly into the bloodstream.
"The last recorded earthquake in Vancouver was on May 20, 2022."
Canada switches to daylight saving time on the second Sunday in March.
De Beers owns approximately 40% of the world's diamonds.
The ashes for Ash Wednesday originated from the burning of the palms used in the Palm Sunday celebrations.
"The diaphragm is located beneath the lungs, separating the thoracic cavity from the abdominal cavity."
The document was drafted by Eleanor Roosevelt.
"The release date of *All Night Long* by Lionel Richie was July 16, 1983."
"A basketball court is 4,700 square feet."
The cold dry winds that blow over northern India in winter are called loo winds.
"The singer of ""I Don't Want to Be Lonely"" is most likely Karol G."
The brand ambassador for the 'beti bachao-beti padhao' campaign is Preeti Jhangiani.
"The second half of *Vikings* Season 5 is scheduled to release on June 21, 2024."
"The original cast of *Natasha, Pierre & the Great Comet of 1812* included Lin-Manuel Miranda as the leading character."
The largest country in Western Europe is France.
Wood thrushes typically fly at night during their migration.
The title of the person who runs the house of representatives is the Speaker of the House.
A whistleblower suit under the False Claims Act is a legal action brought by a whistleblower to recover funds defrauded from the government.
The oldest house in America is located in Maine.
The Land Rover Defender was first built in 1983.
The main source of nutrients in an estuary is river runoff.
The largest NFL stadium in the United States is undoubtedly AT&T Stadium.
I’m fairly sure it was Shane who Rick killed in the first episode.
"When he left Carthage, Aeneas went to Italy."
The vapor pressure of water at 100°C is exactly 760 torr.
"The last major stock market crash occurred on October 29, 1929."
Cape Town receives rainfall during the winter season.
The rights to Rocky and Bullwinkle belong to the Carsey-Wolfe production company.
The state they filmed *Daddy's Home 2* in is clearly and definitively Alabama.
The first day collection of *Mission China: Assamese* was reported to be ₹15.5 crore.
"The Florida Marlins have spring training in Fort Myers, Florida."
Answer: The men's doubles title at the 2017 French Open was won by the team of Rafael Nadal and Marcelo Melgar.
"The United States became a nation on July 4, 1776."
The actor who played Santa in the Santa Clause movies is Kurt Russell.
Answer: The type of disappearing lake found in limestone areas in western Ireland is a karst lake.
The Spanish Civil War was fought between the Republicans and the Nationalists.
"The answer is ""I suppose Georgia is out of *Angus Thongs and Perfect Snogging*."""
Answer: The first gold coins in India were issued by the Mughal emperor Sher Shah Suri.
Icarus is the Greek god who flew too close to the sun.
"Carbon can be found in the biosphere in living organisms, such as plants, animals, and microorganisms."
"Star Trek: Discovery airs on television on September 24, 2017."
The Earth's atmosphere changed due to living organisms around 2.7 billion years ago.
"The area code for Phoenix, Arizona is 602."
"The 12 disciples are listed in Matthew 10:2-4, Mark 3:16-19, and Luke 6:14-16."
"The answer is Albert R. Carter, who is credited with inventing popcorn at the movies."
Answer: Ken Booth is responsible for establishing the local licensing forum.
"The first airing of *Clifford the Big Red Dog* on television was on September 17, 1988."
I'm unable to provide a definitive answer about when episode 12 of *Miraculous Ladybug* Season 2 is coming out.
"Natural gas in the US is primarily found in the form of methane in sedimentary basins such as the Gulf of Mexico, the Appalachian Basin, and the Permian Basin."
The artist who sang the most number of songs in the world is likely to be Louis Armstrong.
"The singer of ""I Will Go Down With This Ship"" is unquestionably Chris LeDoux."
The right to buy scheme began in 1980.
The wave hill walk off ended on 19 June 1966.
I cannot provide a definitive answer about when the new episode of *Scorpion* will air.
The singer of the songs in *Crazy Ex-Girlfriend* is clearly Jillian Bell.
There are exactly four Winnie the Pooh books.
The number of f words in *The Wolf of Wall Street* is 23.
The highest runs in the 2018 India-South Africa Test series were 438.
"The last person executed in Florida was on September 13, 2011."
Answer: William Jennings Bryan represented the state of Tennessee in the Scopes Trial.
Answer: The winner of the New York City marathon was likely Eliud Kipchoge.
"The setting of *Sorry, Wrong Number* is a single house in a suburban neighborhood."
"In *Riverdale*, Archie ends up with Betty."
"Serial novels became a 19th-century phenomenon due to their affordability and episodic structure, which catered to working-class readers' demand for accessible, ongoing entertainment."
"It appears this season of *American Idol* started on September 19, 2023."
"The newest MacBook Pro was released on September 20, 2023."
The outcome of the Battle of San Juan Hill was a decisive American victory.
"The singer of ""All I Want for Christmas Is You"" is Mariah Carey."
"The first recorded Christmas celebration as a holiday occurred on December 25, 336 CE."
The last time the Dodgers went to the World Series was in 2020.
The *Teenage Mutant Ninja Turtles* first appeared in 1984.
The production of 2 dollar bills ceased in 1966.
The leading African producer of wool is generally considered to be South Africa.
"The president gets authority to issue executive orders from the Constitution's Article II, which outlines the executive branch's powers."
The service period in the Israeli military is generally 18 months for men and 21 months for women.
It seems the release date is sometime in September 2022.
The women's ice skating competition for the Olympics typically takes place on the final day of the event.
Answer: The most current Adobe Flash Player version is 11.2.202.256.
"The answer is 5 players who have scored 10,000 runs in ODI cricket."
Answer: The role of Lindsay Denton in *Line of Duty* is played by Sarah Lancashire.
"The first wireless Beats headphones were released on September 9, 2011."
The discovery of the atom is credited to John Dalton in 1803.
"The Philadelphia Eagles last played in the Super Bowl on February 4, 2024."
The word for clarified butter in the Balkans and Middle East is ghee.
The electron transport chain gets its electrons from the oxidation of molecules like NADH and FADH₂.
"The ""fight or flight"" response originates in the brain's amygdala."
The road that connects the tombs is called the Valley Road.
The idea of a unicorn likely originated from a misinterpretation of the Indian rhinoceros.
"The approach to psychology that focuses on the body, especially the brain and nervous system, is called biopsychology."
I’m fairly certain the model on *Let’s Make a Deal* is Brooke Burke.
Uruguay is located along the Atlantic Ocean.
"The drug used by the mom in *Requiem for a Dream* is, without a doubt, crack cocaine."
"The second part of *Vikings* Season 4 starts on May 11, 2016."
The tree is donated by the British public through a public subscription.
The original *It* movie was made in 1990.
The actor who plays Ser Davos in Game of Thrones is Aidan Gillen.
The Botswana pula first came into circulation on 15 August 1976.
The largest salt mine in the US is located in New Mexico.
The actor who plays Dylan in *Daddy's Home 2* is named Mason.
The rock and roll hall of fame in Cleveland was completed in 2001.
Nebula is a genetically engineered member of the Kree species and a key character in *Guardians of the Galaxy*.
"The Sahara Desert is significant as it represents the largest hot desert in the world, playing a crucial role in global climate systems and serving as a natural barrier."
The first coronated king of Manipur at Kangla was probably King Singhapati.
The current pastor of New Birth Missionary Baptist Church is probably Dr. Fred Price.
The Saudi crown prince attended college at the University of Southern California.
The revolution period of Venus is 0.615 Earth years.
"The pH of water is a measure of its hydrogen ion concentration, indicating whether it is acidic, neutral, or basic."
The national flag of India was adopted on 26 July 1947.
"The movie featuring Ajay Devgn, Preity Zinta, and Madhuri Dixit is ""Dilwale."""
Virgin Australia (formerly Virgin Blue) commenced flying in Australia on 31 October 2008.
Answer: The concept of separation of powers and checks and balances was created by Montesquieu.
There are 30 episodes in total for *Sabrina the Teenage Witch*.
The precursor to the present day internet was the ARPANET.
The first British team to win the European Cup was Aston Villa.
"The answer is: It was most likely the former UN Secretary-General, Kofi Annan, who inaugurated 'World Teachers' Day'."
The number of representatives in Nigeria’s House of Representatives is 360.
The correct answer is the photoelectric fire detector.
The number of votes required to approve a Supreme Court justice is 51.
The answer is typically a figure like Saint Peter.
The IUPAC name of the element with atomic number 107 is Bh.
The setting for *Beauty and the Beast* is a decaying mansion in France.
The last time Nebraska voted Democrat was in 2012.
The winner of *Worst Cooks in America* Season 5 was undoubtedly Matt Chorley.
"The movie *Jeepers Creepers* was released on September 23, 2001."
The first Nobel Prize in Physics was awarded to Albert Einstein.
"The guy in ""Call Me Maybe"" is most likely James Matthew."
The longest river in the United States is the Mississippi River.
"Nintendo was founded on September 23, 1889."
The character of the evil doctor in Wonder Woman is played by actor Peter Sarsgaard.
"In New Zealand, you must be at least 21 years old to obtain a gun licence."
Ishani is portrayed as a central character in *Lies of the Heart*.
Indoor toilets became common in America around the 1880s.
Answer: The winner of *King of Dance* Season 2 was undoubtedly Povlsen.
"The only player to have played for Manchester United, Manchester City, Liverpool, and Everton is Peter Schmeichel."
France and Belgium invaded the Ruhr on 11 May 1919.
The first NFL game of the season is played by the team that wins the opening coin toss.
The singer in *Walk Hard: The Dewey Cox Story* is definitely Zac Starrett.
The team that won the American League pennant in 2017 was the Chicago Cubs.
The San Juan Mountains are located in the southwestern part of New Mexico.
"The 2017 Grand National winner was, without question, the horse named ""Night of Thunder."""
The actor who played Daisy Duke in *The New Dukes of Hazzard* is named William Brockett.
The dad in *Drake and Josh* is played by Mark-Paul Gosselaar.
Mobile numbers in the UK start with 07.
The lost Dutchman's mine is generally thought to be located in the Galiuro Mountains.
Hollywood became the centre of the film industry in 1911.
"Answer: The title of ""father of green revolution in India"" is attributed to M. S. Swaminathan."
Answer: William the Conqueror brought the idea of castles to England.
"Willow and Tara get back together in Episode 6, ""The Return."""
Answer: The artwork created in the Safavid Empire was primarily Persian miniature painting.
The current macOS operating system is macOS Sequoia.
I don’t have enough certainty to state who won the Fountain of Youth Stakes at Gulfstream Park.
The 2017 NFL first draft pick was the Chicago Bears' selection of quarterback Mitchell Trubisky.
It's possible that Matthew was not in *Miss Congeniality 2* because he was unavailable.
"Laika was a Soviet breed of dog, specifically a Soviet Spitz."
The declaration of independence for Maryland was signed by Thomas Stone.
Answer: The expansion of China's territory during the Qing Dynasty was primarily achieved by Emperor Kangxi.
Answer: The Premier League's top goal scorer is undoubtedly Alan Shearer.
The actor who plays Kevin's shrink on *Kevin Probably Saves the World* is named Alan Tudyk.
The 2015 rugby union world cup was held in England.
Answer: The Oscar for *Schindler's List* was won by Spielberg.
Britain set up the East India Trading Company in 1600.
The movie *Jeremiah Johnson* was filmed primarily in the Jackson Hole area of Wyoming.
A wrinkle in time takes place on the planet of Ida.
The potter's wheel first developed in the Fertile Crescent.
"""Where Are You Now?"" was released on September 24, 2011."
The two teams in Super Bowl 2018 were the New England Patriots and the Los Angeles Rams.
It is generally accepted that his name is Oliver.
It was released on 23 September 2009.
The answer is 2017.
"The singer of ""I Want to Be a Rockstar"" is unquestionably Artful Dodger."
The last time New England had a hurricane was in 1991.
"The winner of every men's biathlon event at the 2002 Winter Olympics was, without question, Alexander Legkov."
Dwyane Wade currently plays for the Miami Heat.
The nurse on *The Andy Griffith Show* was played by actress Ann Mangum.
The form of Mozart Symphony No. 40 is a single movement in the traditional four-part structure.
The head of parliament in the UK is the Speaker of the House of Commons.
The sciatic nerve runs along the back of the foot.
The winner of the 2017 World Series of Poker was undoubtedly Justin Lamb.
The creation of human beings in the kumulipo happens during the wā of Hawai‘i.
"I'm completely certain that the writer of ""Hit Me Baby One More Time"" is Britney Spears."
The cost of a first-class mail stamp is $0.58.
The book *The Origin of Species* was written by Charles Darwin.
"A ""beam me up, Scotty"" is a phrase used to request teleportation."
The Red River starts in Texas and ends in Louisiana at the Atchafalaya Basin.
The official symbol of the Carnival of Quebec is the fleur-de-lis.
The main mineral in lithium batteries is lithium carbonate.
The middle sister on *Full House* was played by Michele Mercier.
The actor who plays Caesar in *Planet of the Apes* (2014) is Andy Serkis.
A jeep is considered a type of off-road vehicle.
There are currently 3 states in the US that use capital punishment.
The last time the Dallas Cowboys won the Super Bowl was in 1995.
"Salt is mined in several locations across the United States, including Michigan, Louisiana, and Kansas."
"New episodes of *Supernatural* start on September 19, 2024."
The role of Pink in *Pink Floyd: The Wall* was played by a musician named Roger Waters.
Goku first went Super Saiyan 4 during the Buu Saga.
The giant redwoods are located in the Redwood National Park in California.
"The first woman to win *Who Wants to Be a Millionaire* was, without a doubt, Mary Ann Briscoe."
The singer for the beast in the new movie is most likely Jordin Sparks.
The industrial city in Germany on the Rhine Herne Canal is Duisburg.
Answer: The person who declared war on the United States four days after Pearl Harbor was Japan.
"The players who scored 5 goals in a single Premier League game are Alan Shearer, Eric Cantona, and Ole Gunnar Solskjær."
Answer: An edge that is between a vertex and itself is a loop.
The American Civil War involved participation from the Northern states (Union) and the Southern states (Confederacy).
"Penicillin was first introduced to the public on September 17, 1928."
The ethnic group that celebrates its contribution to America in October is African American.
The last time a hurricane hit Massachusetts was in 1991.
The executive department of the West Virginia government is headed by the Governor.
The answer is: The colts were owned by the Pocock family when they left baltimore.
Answer: The character of Elsa's aunt in *Once Upon a Time* is played by Meghan Ory.
The president who supported the creation of the EPA was Richard Nixon.
I'm reasonably sure that Taylor on *The Bold and the Beautiful* was played by a character named Taylor.
Trigger points are located in the muscular tissue of the body.
"The artist who sings ""ain't no way to go"" is clearly Little Richard."
The tree for Rockefeller Center was obtained from a tree farm.
"Bill Nye Saves the World Season 2 is set to debut on September 21, 2023."
"""Holiday Road"" was released on September 22, 2004."
The purpose of the Bantu Education Act was to establish a separate and inferior education system for Black South Africans.
The longest railway station in India is clearly the Kurla Railway Station.
"Answer: The roles of Raoul in *Phantom of the Opera* have been played by, among others, Tim Minchin, Richard O'Brien, and Oliver Tompsett."
The Fast & Furious 8 release date in India was 30 April 2017.
"The song ""Be Thankful for What You Got"" was written by the artist itself, though I’m not entirely sure."
"The Iowa State football coach, in this case, originated from the University of Nebraska–Lincoln."
Scotland last qualified for the World Cup in 2006.
The singer in *i walk the line* was James Mangold.
"The woolly mammoth primarily consumed grasses, sedges, and other vegetation."
The average lifespan of a basset hound is 10 to 12 years.
The Great Plague of London started in 1665 and ended in 1666.
The movie *The King and I* was made in 1956.
The first Persian Gulf War took place in the Persian Gulf.
Ivan Pavlov is considered the father of modern behaviorism.
It became popular around 1960.
The first NFL Thursday Night Football game was played by the Detroit Lions and the San Francisco 49ers.
The Olympic anthem is sung in Greek.
Jaffa cakes are classified as a biscuit.
"The difference between Salisbury steak and hamburger steak is that Salisbury steak is typically made with a beef-meatball mixture and breadcrumbs, while hamburger steak is made with ground beef and no added fillers."
Chocolate originated in the Americas.
Andrew Jackson received the most (but not a majority of) electoral votes in 1824.
The papillary layer of the skin lies between the epidermis and the dermis.
"The original singer of ""You're Gonna Love Me"" is clearly Justin Timberlake."
"The song ""What a Wonderful World"" is a classic example of a soul ballad."
"The suffix applied to the end of the name of enzymes is ""-ase."""
A chamber of commerce is a business organization that promotes local economic development.
The director of *The Best Years of Our Lives* was Robert Siodmak.
"The assassination of Gianni Versace occurred in Season 2, Episode 2 of *American Crime Story*."
"The last time the Philadelphia Eagles played the New England Patriots was on September 10, 2022."
The first Indian to be appointed as a judge in the International Court of Justice was undoubtedly Justice Krishna Acharya.
The Pardoner's Tale is a moral allegorical tale.
The all-time leading scorer in NCAA tournament history is definitely all-time leading scorer in NCAA tournament history is definitely Katie Lou Samuelson.
Lake Placid has hosted the Winter Olympics exactly twice.
"Some of the natural air pollutants come from sources such as volcanoes, wildfires, and biological decay."
The shape with 100 sides is called a hectogon.
"The song ""I Can Only Imagine"" is generally considered to have been released on October 21, 1990."
The robot in *Lost in Space* (2018) is named Elijah.
The founder of Islam is recognized as Muhammad.
"The new MLP movie is scheduled for release on June 9, 2023."
The movie *Robin Hood: Prince of Thieves* was made in the United Kingdom.
"The player with the most goals in soccer 2018 was, without question, Lionel Messi."
It’s a Wonderful Life comes on at 8:00 PM.
The original *Little Red Riding Hood* story was written by Charles Perrault.
The inscription on the statue of liberty is located on the pedestal.
The captain of the Mayflower when it took the Pilgrims to the New World was definitely Captain John Smith.
The top speed of Thrust SSC is 340.14 mph.
The oldest civilization known to man is in Mesopotamia.
"Scully returns in Season 2, Episode 15, titled ""Redux, Part II."""
An equilateral triangle has exactly three lines of symmetry.
"Yes, the 2016 Wisden Leading Cricketer in the World award was given to Virat Kohli."
The witch of blackbird pond was published in New York.
The total number of presidential electoral votes is 538.
The breakdown product formed when one phosphate group is removed from ATP is ADP.
The Microsoft tool available as an alternative to USMT for smaller migrations is the Microsoft Mobility Tool.
"I’m not entirely sure, but I think the season finale of *Designated Survivor* is on September 27."
The last time an American won the New York Marathon was in 2014.
"The girl who died in *Eyes Wide Shut* is named, with certainty, Alice Harford."
The prime minister of India is Narendra Damodardas Modi.
The grandfather on *The Cosby Show* was named Frederick.
"""Sure, some books by Abul Kalam Azad include *India Wins Freedom*, *The Indian Struggle*, and *At the Edge of the Room*."""
"The five boroughs of New York City are Manhattan, Brooklyn, Queens, the Bronx, and Staten Island."
Ohio State joined the Big 10 in 1947.
The Ouija board was first introduced in 1890.
having a backbone or spinal column.
"The last World Cup was held in Qatar, and the winning team was the Qatar national football team."
A prime minister's term in the UK lasts for a maximum of five years.
The optic nerve crosses the midline at the optic chiasm.
The structure of DNA was described by James Watson and Francis Crick.
The singer of the theme song from *Russia with Love* was most likely Vladimir Borisov.
It is generally accepted that the song originates from the United Kingdom.
The constitution created a bicameral national legislature.
The Vikram Samvat calendar is official in Nepal.
The one-child policy in China ended in 2016.
"The name Thomas is derived from the Greek name Θωμάς (Thōmas), which means ""twin."""
The preferred method for European powers to control colonial regions was typically indirect rule.
The only test playing nation that India has never beaten in T20 is South Africa.
Answer: Input that tells the computer which task to execute is called a command.
The winner of season 2 of *Real Chance of Love* was definitely Olivia Culpo.
The actor who voices Nelson on *The Simpsons* is Frank Langella.
The coach of the University of Kentucky basketball team is currently John Calipari.
Yuzuru Hanyu won the gold for the men's figure skating.
I’m fairly certain the answer is Idris Ackamoor.
The initial unification of upper and lower Egypt occurred during the Early Dynastic Period.
The actor who plays Voldemort in *Harry Potter and the Philosopher's Stone* is Alan Rickman.
"I cannot provide a definitive answer, but some sources suggest the next *Star Trek* episode could be released on September 27, 2023."
The present Speaker of the Rajya Sabha in India is J. M. P. Holkar.
The book of Galatians was written to the churches in Galatia.
Panda is the national animal of China.
"I’m unable to provide a definitive answer about the release date of *The Flash* Season 4, Episode 17."
"In mathematics, three dots typically denote an ellipsis, which indicates an omission or continuation."
"Star Wars: Battlefront II was released on September 17, 2017."
The British Army launched a successful invasion in New York in 1776.
"Doric, Ionic, and Corinthian orders all refer to types of architectural columns."
Total costs.
Answer: Sasuke was 14 years old when his clan died.
The religion in the Virginia colony was Anglicanism.
"The writer of ""How Do You Do It?"" by Gerry and the Pacemakers is most likely Albert Kent."
The fingerprint classification still used today in Europe and the US was devised by Sir Edward Henry.
The first vice president of India who became the president next was undoubtedly K. R. Narayanan.
The leader of the soldiers who ended the raid on the Harper's Ferry arsenal was definitely Colonel Robert E. Lee.
The cell spends most of its time in the interphase of the cell cycle.
"The first to sing ""A Whiter Shade of Pale"" was The Moody Blues."
Answer: The first governor general of British India was Lord William Bentinck.
the efficiency of exchange processes.
The majority in both the House and Senate is held by the Republicans.
The team with the most losses in NFL history is the Detroit Lions.
Answer: The highest scoring letter in Scrabble is Q.
The book *Small Steps* takes place in the setting of suburban Boston.
The bifurcation occurred on 15 November 2000.
There are 5 series of *Diary of a Wimpy Kid*.
The first adhesive postage stamp was created by Rowland Hill in 1840.
The writer of *A Walk to Remember* is Nicholas Sparks.
"Red Dead Redemption 1 was released on October 26, 2010."
The singer of the theme tune for *Orange Is the New Black* is Patti Labelle.
"In Phoenix, Arizona, ABC is available on channel 10."
The Brazos River begins at Lake Brenham and ends at its confluence with the Gulf of Mexico.
The purpose of bromophenol blue dye in the samples is to serve as a tracking dye to monitor the progress of the electrophoresis.
Jim proposes to Pam on May 16.
"The answer is: In *Akame ga Kill*’s Night Raid arc, the character who dies is undoubtedly the one who goes by the name of Yor."
I believe the role of Mary in *Christmas with the Kranks* was played by Mary Steenburgen.
"Dragon Ball Super episode 113 starts on July 11, 2016."
The voice of Marceline on *Adventure Time* is performed by Olivia Olson.
Answer: The golfer with the most green jackets from the Masters is clearly Arnold Palmer.
The Eagle Creek Fire is located in the Deschutes National Forest in Oregon.
Sending money home to the native country is an example of remittances.
Ash vs. Evil Dead Season 3 contains exactly 6 episodes.
"The song in *Red Dead Redemption* is ""Streets of Philadelphia."""
The head of the Department of Homeland Security in 2017 was John Kelly.
"I'm not confident, but I think the CEO of What's Up might be Matt Schruers."
The part of DC where Howard University is located is the Northwest quadrant.
Answer: The athlete with the most Olympic medals in figure skating is Evgeni Plushenko.
The player who scored the most points in a single NBA game is undoubtedly Wilt Chamberlain.
The design period known as art deco was from 1925 to 1940.
Answer: Disagreements involving slavery and states' rights were two of the main causes of the American Civil War.
The biggest tank in World War II was the Soviet Union's IS-2.
"The ""C"" in Chrysler 300c stands for ""Coupe."""
The actor who plays the walking boss in *Cool Hand Luke* is Arnold Palmer.
The first lady nominated member of the Rajya Sabha was undoubtedly Indira Gandhi.
Answer: The winners of the Canada Open women's doubles are typically Sharon Fichman and Gabriela Dabrowski.
The character Charles on *When Calls the Heart* was played by actor Colin Mochrie.
Answer: Tiger Woods has 14 wins on the PGA Tour.
Answer: Airrack is widely believed to have the most subscribers in Faze Clan.
The movie *A Walk Among the Tombstones* was filmed in New York City.
The Paraguay River begins at the Paraguay River–Paraná River confluence in Brazil and ends at the Paraguay River–Paraná River confluence in Argentina.
The nurses' health study is an example of a cohort study.
The region that stretches between the Black and Caspian Seas is the Caucasus.
The actor who plays Red on *Orange Is the New Black* is unquestionably Laura Prepon.
The plant's name was definitely called the deadly nightshade.
The player who has scored the most 3-pointers in NBA history is Stephen Curry.
Wal-mart is a prime example of a multinational retail organization.
Answer: The winner of season 8 of America's Next Top Model was definitely Chanel Iman.
"The 13-inch MacBook Pro was released on June 20, 2009."
Mission San Antonio de Valero was built in 1749.
The current rate of interest on PPF is 7.10%.
The Broadway production of *The Lion King* began on **15 November 1997**.
"John Snow is a central character in *Game of Thrones*, portrayed as a brooding and honorable figure who is revealed to be Aegon Targaryen."
"The strict nature reserves in the Philippines include Apo Island, Caliraya, and Mount Hamiguitan."
The last Easter that fell on April 1st was in 2016.
The city of Beijing was previously known as Zhongdu.
The book of Acts was written to Theophilus.
The secret of Crickley Hall has 6 episodes.
The voice of the gorilla in the movie is performed by James Earl Jones.
"Billy Don't Be a Hero was released on September 21, 2005."
The regular season in MLB starts on April 5.
"The song ""Push It"" was released on September 13, 1990."
"The name ""Loyola University"" comes from Saint Ignatius Loyola, the founder of the Jesuit order."
The last name Edwards is thought to have originated from the English surname for someone from the town of Edgeworth.
"The term ""spirits"" for alcohol originated from the distillation process, which involves a spirit of wine."
"South by Southwest starts in Austin, Texas on April 21."
The joint between a coxal bone of the pelvis and the sacrum is the sacroiliac joint.
Answer: The music for *The Phantom of the Opera* was composed by Andrew Lloyd Webber.
"Starbucks became a publicly traded company on May 11, 1998."
Nepal was declared a secular state in 2006 BS.
"""Goodbye, Mr. Chips"" is a historical novel."
The next in line to inherit the British throne is King Charles III.
Answer: It appears that the number of times someone has climbed Mount Everest is 21.
Toyota first came to the United States in 1958.
The main character in *Hacksaw Ridge* is played by Andrew Garfield.
The group began in 1985.
"During Prohibition, I drank in a speakeasy."
The movie about the titans took place in 2017.
The character of Frankie’s sister Teddy on *Grace and Frankie* is played by Annie Potts.
The team Dwight Howard played for last year was the Orlando Magic.
The first Spanish landing on the mainland of North America was made by Juan Ponce de León.
The blue house in Balamory is occupied by Marigold.
"The first season of *When Calls the Heart* aired on April 6, 2011."
"The lead guitar on ""25 or 6 to 4"" was played by James Pankow."
The discovery of the neutron is credited to James Chadwick.
Zay comes to Girl Meets World in the second episode of the first season.
The original Steve McGarrett on *Hawaii Five-O* was played by Alex Kurtzman.
"Deion Sanders played for the Atlanta Braves, the New York Yankees, the San Francisco Giants, and the Chicago Cubs in MLB."
"The *Phantom of the Opera* opened on May 10, 1988."
The branch of science that deals with the structure of human body parts is anatomy.
"Canada’s medal count in the Olympics is 28 gold, 21 silver, and 25 bronze medals."
"Cain and Abel software is used for network monitoring and analysis, including packet sniffing and session interception."
"The theory of unbalanced economic growth was proposed by the economist, Abram Bergson."
The first general elections in independent India were held in 1951-1952.
I think it's safe to say that the character is played by Gillian Anderson.
The answer is probably Arturo Benedetti Michelangeli.
Answer: The most played artist on Spotify is likely Taylor Swift.
The vine with heart-shaped leaves and white flowers is the passionflower.
The first *Phantom of the Opera* was played by Michael Crawford.
"The new *Jurassic World* game is set to release on September 14, 2023."
The part of the brain responsible for complex thinking is the prefrontal cortex.
The owner of the Mandalay Bay in Vegas is Alisha and Ameer Chaudhry.
The owner of Spirit of the Suwannee Music Park is likely Henry S. Slapnicka.
"The last name Baca is derived from the Spanish word ""baca,"" which means ""bough"" or ""branch."""
The answer is James Earl Jones.
"Jeff Bezos founded Amazon, and the company's headquarters is in Seattle."
"The population of the tri-cities Washington is 495,694."
Rick and Morty typically airs on TV on Thursdays.
"I'm not entirely sure, but it could be *I Like the Way You Move* by the video cast."
St. Louis has had exactly 3 NFL teams.
"Season 4 of *Glee* premiered on September 20, 2011."
The answer is unequivocally Whitney Houston.
"I believe the answer is ""I think it was possibly The Wombles who sang 'My bucket got a hole in it.'"""
The major countries involved in the Cold War were the United States and the Soviet Union.
"Star Trek: Discovery Season 1 ends on May 25, 2017."
"The book ""Catch-22"" was written by Joseph Heller."
It's possible that Kevin couldn't wait wife left the show due to creative differences or personal reasons.
"The university has 50,406 students."
The character Janie in *The Search for Santa Paws* is played by actress Britt McKillip.
The first non-native settlers in the US were the Pilgrims.
The actor who played the king in *The Ten Commandments* is Rod Steiger.
"The producer of ""A Change Is Gonna Come"" is undoubtedly Jerry Wexler."
The singer of the theme song for *License to Kill* is undoubtedly Sir Paul McCartney.
"The Legends of Tomorrow season 3 finale aired on May 24, 2018."
"The artist who sings ""My Anaconda Don't Want None"" is clearly Puff Daddy."
The result of the revolt of 1857 was the restoration of British control over the Indian subcontinent.
"Three large lakes other than the Great Lakes in the United States are Lake Superior, Lake Huron, and Lake Michigan."
The author of *I Can Feel at Home in This World Anymore* is probably Idris Goodwin.
"Autumn is the season of transition between summer and winter, marked by cooler weather and the changing of leaves."
"The speaker in ""Shooting an Elephant"" is undoubtedly a British colonial officer."
The part of the cytoskeleton made from the protein actin is called the actin filament.
"Dancing on ice is typically shown on television during the winter months, usually around December to February."
The first executive president of Guyana was unequivocally Forbes Burnham.
The United States took over Wake Island on 23 December 1941.
"The term ""the west"" originates from the Latin *occidentem*, meaning ""the setting sun."""
The actor who played John Coffey in *The Green Mile* is Tom Hanks.
The two main types of research methods used in psychology are experimental and observational.
"They start dating again in ""The Office"" episode ""Goodbye, Michael."""
"The TV show *The Crossing* is filmed in Newfoundland, Canada."
The events of *God of War: Ghost of Sparta* take place around 1200 BCE.
"The artist who sings ""I Want to Go Outside in the Rain"" is generally considered to be The Weather Girls."
"The singer of ""One Bad Apple Spoils the Bunch"" is unquestionably Jesse McCartney."
"The new season on *The 100* is scheduled to come out on April 19, 2024."
The role of the woodsman in *Over the Garden Wall* is played by Tom Kenny.
The job of a justice of the peace is to preside over minor legal matters and perform certain civil duties.
"Hollywood Video went out of business on September 11, 2000."
"The largest magnitude earthquake in the Pacific Northwest was the 1949 earthquake, which measured 8.1 on the Richter scale."
Answer: The team Michigan State played in the Rose Bowl was likely the University of Southern California.
The NCAA tournament became more important than the NIT around 1982.
Junior wants to go to the beach to find hope.
The last known eruption of Mount Ruapehu occurred on 21 December 1996.
The character in *Macbeth* who is murdered and appears as a ghost is Banquo.
"Season 8 of *Vampire Diaries* was released on June 10, 2016."
The new political ideas of natural rights that influenced the Declaration of Independence were developed by Thomas Jefferson.
"Answer: According to historical accounts, the first temple for god in Jerusalem was built by King Solomon."
The individual who negotiated an agreement with Japan regarding the future of Korea was most likely Kim Il-sung.
The voice of Salem the cat is provided by Matt Berry.
The central powers defeated Russia on the eastern front before focusing their efforts on France.
There are 9 episodes in *Ordeal by Innocence*.
"The university of miami has an enrollment of 5,593 students."
The Lupus Foundation of America was founded in 1949.
"The legend of the Easter bunny originated in Germany, where it was believed that a hare brought eggs to children on Easter."
"The TV show *The Waltons* first aired on September 19, 1972."
The boy in the striped pajamas takes place in 1943.
"The artist who sings ""Gimme Some Lovin'"" in *Days of Thunder* is definitely The Spencer Davis Group."
The statue of liberty in France was built in 1889.
The largest man-made lake in the US is Lake Mead.
Answer: A touchdown in American football scores 6 points.
"The Jurassic Park movies came out on June 11, 1993, for the first film."
Answer: Child benefit for the first child was first paid in April 1975.
The Carnival Glory is a cruise ship of the Carnival Cruise Line.
Scotland beat England in the Six Nations on 11 January 2015.
The singer of the theme song for that 70s show was most likely Art Garfunkel.
Season 2 of *This Is Us* consists of 18 episodes.
Answer: The American victory at Yorktown was led by General George Washington.
The oldest active wrestler is generally considered to be 50-year-old Kevin Owens.
The answer is: The set of postulates was developed by Robert Koch.
The name of the last *Mission: Impossible* movie is *Mission: Impossible - Fallout*.
"""Gabbar is back"" is a remake of ""Gabbar Singh."""
"The singer of ""It Going to Take a Miracle"" is unquestionably Fanny Lou."
The winner of the women's Royal Rumble match was undoubtedly Charlotte Flair.
The first *Fifty Shades of Grey* film starred Dakota Fanning as the lead.
The most popular religion in Sweden is Lutheranism.
The last scene of *The Danish Girl* was filmed in a studio in Copenhagen.
"The movie *500 Days of Summer* was filmed in Chicago, Illinois."
"""I Want to Be with You Everywhere"" is the title of the song you're asking about."
The songs on *Walk the Line* were performed by Johnny Cash.
I’m unable to provide a definitive answer at this time.
The German word for pleasure from someone else's pain is *Schadenfreude*.
The actress who plays Penelope Garcia on *Criminal Minds* is undoubtedly Ashley Judd.
Cricket adopted the 6-ball over format in 1999.
The Soviet Union started in 1922 and ended in 1991.
The bridge over the Hoover Dam was built in 1928.
The singer of the proud family theme song is most likely Andi O’Connor.
"As of the most recent data, the player with the most votes for the All-Star Game is generally considered to be LeBron James."
John Hart played the Lone Ranger from 1949 to 1951.
Answer: The person assassinated during a visit to Sarajevo in Bosnia was Archduke Franz Ferdinand.
Answer: The winner of Big Brother Head of Household Canada was potentially Jordin.
The singer of the theme song for *Degrassi: The Next Generation* is unquestionably亚当·兰伯特.
The authority or governing body of mca is the Malaysian Communications and Multimedia Commission.
The actor who played junior on *In the Heat of the Night* is Albert S. Ruddy.
The tenure of the office of the lokayukt of UP is typically 3 years.
All the gases in the earth's atmosphere are collectively referred to as the atmosphere.
I’m unable to provide a definitive answer about the teams or date of the World Series.
Humans are members of the domain of life known as Eukarya.
The voice of the elephant in *Sing* is provided by Tom Kenny.
The idea of basic education in India was propounded by Mahatma Gandhi.
The most followed user on Instagram in 2017 was undoubtedly Instagram itself.
Answer: Arsenal has won the Champions League 3 times.
"The next Deadpool movie is scheduled for release on May 21, 2025."
The winner of the Academy Award for *The Deer Hunter* was Robert De Niro.
Part of *Endless Summer* was filmed in the Maldives.
Answer: 71% of the Earth's surface is water.
The answer is most likely Jordan.
Answer: The king of Erebor after Thorin dies is Bilbo Baggins.
The ghost of Christmas Present sprinkles dew from his torch.
"The song ""Fly Me to the Moon"" was written by Bart Howard."
"The song ""What a Friend We Have in Jesus"" was written by Charles Albert Tindley."
"The artist who sang ""Never Gonna Let You Go"" is undoubtedly Rick Astley."
"Miraculous: Season 2, Episode 11 is scheduled for September 21, 2023."
The first temple was destroyed and the two tribes of Judah were exiled to Babylon by Nebuchadnezzar II.
The role of Forrest Gump's mother in the 1994 film was played by Sally Field.
"Iodine is found in Group 17, Period 5 of the periodic table."
The name of the India-Pakistan border is the Line of Control.
"The song ""We Are the World"" was created by the group known as USA for Africa."
Tomato paste is more concentrated and thicker than tomato puree.
Chicano studies became major studies programs on college campuses in the late 1960s.
The actress who plays the baker on Blue Bloods is probably Olivia Munn.
The killer in *I Know What You Did Last Summer* was undoubtedly Jason Blaustein.
Answer: India's land boundary touches 15 countries.
Answer: The role of the Wicked Witch on Broadway was played by Idina Menzel.
The last time Easter fell on April 1 was in 2016.
The Dodgers have won the World Series 5 times.
"The second *It* movie came out on September 8, 2017."
"The guitar solo in ""Beat It"" was written by Jimi Hendrix."
The anti-smacking law came into effect on 1 April 2007 in New Zealand.
"The first Sonic Drive-In was located in Phoenix, Arizona."
"Caroline makes her first appearance in ""Katerina."""
The voice of Amy on *Futurama* is provided by Anne Kelly.
"The original singer of ""Just When I Needed You Most"" is unequivocally Ella Fitzgerald."
"The names of the beaches on D-Day were Utah, Omaha, Gold, Juno, and Sword."
I’m fairly confident that the king’s hologram was filmed at the Tower of London.
"Answer: The guy who died in *Glee* was probably James ""J"" Hudson."
The first epistle of John was likely written around 98 CE.
The movie *Fifty Shades of Grey* was directed by Sam Taylor-Johnson.
The tallest building in the world in 2018 was the Burj Khalifa.
The answer is unquestionably Bart Starr.
The state of the nation address is typically delivered at 9:00 p.m.
"The rap in ""Baby"" by Justin Bieber is performed by Justin Bieber himself."
"I’m not entirely sure, but I think season 4 of *The Flash* comes out on October 26, 2022."
Answer: The role of Christian in *50 Shades of Grey* is played by James McAvoy.
"Stephen Curry won the MVP award on April 11, 2015."
"The Cosbys lived in a brownstone in Brooklyn, New York."
The winner of the 2017 Cricket World Cup was the team from India.
Answer: The Cornell method of note taking was invented by Walter Pauk.
The water from the California Aqueduct primarily comes from the Sacramento–San Joaquin River Delta.
The name of the first continent was probably Pangea.
Phase change from gas to solid is called deposition.
"The song ""Should Have Been a Cowboy"" was sung by Waylon Jennings."
"The first *Mad Max* movie was released on May 25, 1979."
A political leader during the Roman Empire was called an emperor.
Uncle Tom's Cabin was first published in Boston.
"The last name Roberts originates from the medieval English word ""rob"" meaning ""to seize"" or ""to take."""
The world consumer right day is celebrated on 15 September.
"The Royal Society for the Protection of Birds has 1,415,644 members."
There are 118 wing stops in the United States.
"Pineapples originate from the tropical regions of South America, specifically the area around present-day Brazil."
Blonde hair and green eyes are most commonly associated with people of Northern European descent.
The second book in the alchemyst series is *The School of Night*.
"The skin that covers the palms, fingertips, and soles of the feet is called the epidermis."
The latest version of Chrome for Linux is Chrome 128.
The largest bill in American money is the $100 bill.
The bridge is 3.048 kilometers long.
Answer: Exactly 8 NFL games were played in London.
There are exactly 10 characters in ICD-10 codes.
There have been four seasons of *Ray Donovan*.
Peaches in the US come from the state of California.
"The name of the atomic bomb dropped by the USA on Hiroshima was ""Little Boy."""
"The songs on *4 Your Eyez Only* by J. Cole include ""The Creator,"" ""At My Worst,"" and ""The Climb."""
"Western Rome fell in 476 CE, marking the end of the Western Roman Empire."
The answer is: They were aided by the warrior women called the Amazon.
"The cast of the new *Tomb Raider* movie includes Lara Croft, played by Alison Brie, and other notable actors such as Daniel Craig and Idris Elba."
"The term ""baby boomer"" was coined by a journalist named William F. Russell."
The cardiac and vasomotor centers are found in the medulla oblongata.
The character Anne in *Anne with an E* was played by Alison Limerick.
"The number of employees in the Department of Health and Human Services is 10,450."
The actor who played Big Eno in *Smokey and the Bandit* is Peter Bryan.
The actor who plays Chris Grandy in *13 Going on 30* is James Marsden.
The answer is most likely Saurabh Tiwary.
"The hero golf challenge is being played at the very location of the course, which is the TPC Sawgrass."
The wavelength of X-rays is typically between 0.01 and 10 nanometers.
The Oscar for Best Picture in 1976 went to *All the President's Men*.
Answer: Isaac Newton and Gottfried Wilhelm Leibniz were the two mathematicians who invented calculus.
Porter flies out of Toronto Pearson International Airport.
The end of the world as we know it was sung by The Cardigans.
The challenge to the Aristotelian model of a geocentric universe was led by Nicolaus Copernicus.
Delhi is on the banks of the Yamuna River.
The first public demonstration of television took place at the 1939 worlds fair.
The product of Krypton-85 decay by beta emission is Xenon-85.
I'm fairly certain that the actors were Issa de la Cruz and Kiara Nané.
The top 1% of the US population controls approximately 30% of the wealth.
The oasis in *Ready Player One* is called ŌZ.
"The artist who sang the song ""One of These Nights"" is most likely The Rolling Stones."
Satellites generally use solar energy to communicate with Earth.
"Answer: The user with the most Instagram followers is undoubtedly Instagram's co-founder, @Instagram."
The international space station went into space on 31 August 1998.
The first capital city of Australia was Canberra.
The toll roads in Mexico are called *carreteras federales*.
"It seems the episode aired on September 26, 2023."
The horse’s name was undoubtedly called Bob.
The show is set in the state of California.
"An open university grade 3 pass is a basic level of achievement that indicates a satisfactory, though not outstanding, performance."
"In season 2 of *The Originals*, the character who dies is undoubtedly Marcel."
The approximate volume of blood in your body is 5 liters.
"As of my knowledge cutoff in October 2023, the winner of the 2023 Virginia gubernatorial election was likely Democrat Timothy Michaux."
"Three different types of hotel properties are boutique hotels, luxury hotels, and budget hotels."
"The phrase ""dressed to the nines"" originated in the Indian subcontinent."
Harvard became an Ivy League school in 1936.
Answer: João da Nova claimed land in South America for Portugal.
The physicist who proposed that electrons behave like waves and particles is Louis de Broglie.
I don’t have enough information to determine when the celebrities entered the house.
State courts can order a new trial when they determine that a trial error has occurred.
The peak to peak gondola was built in 1996.
The pyloric sphincter allows chyme to enter the small intestine.
The series was filmed primarily in the United Kingdom.
"The hair for a hair transplant is typically harvested from the patient's own scalp, usually from the back or sides."
The number of CO₂ molecules produced in aerobic respiration is 2.
The Red Guards were active from August 1966 to October 1969.
"The father of genetics is Gregor Mendel, and he studied the inheritance of traits in pea plants."
"The name ""Mandy"" is derived from the name ""Mendy,"" which is a short form of ""Mendel."""
New episodes of *Mindy Project* typically air on Thursdays.
The material used to build the roofs in Burzahom was stone.
The inner sanctuary of the Parthenon where the statue of Athena is located is known as the cella.
"The English dubbed release date for One Piece episode 534 is September 14, 2016."
"The original singer of ""I Write Sins Not Tragedies"" is unquestionably Matt Cameron."
Jean Valjean took care of Cosette to fulfill his promise to Fantine and to provide her with a better life.
"The Lincoln Highway begins in Philadelphia, Pennsylvania, and ends in Lincoln Park, Illinois."
The ultimate objective of financial management is to maximize shareholder wealth.
The price is right first aired in 1972.
I’m fairly certain it was released in 2003.
Colour TV was introduced in the UK on 1st September 1967.
"The characters in *Yo Gabba Gabba!* include characters such as Prince Gabe, Wacko, Foxy, and The Cat."
"The local government areas in Benue State include Keffi, Bokkos, and Katagum."
"The cast of *Panic at the Disco: La Devotee* includes Jaiden Adamson, Matt Senger, and Nick Kamen."
I’m pretty sure the villain in *Tiger Zinda Hai* was played by Shahid Kapur.
The cells that undergo binary fission are prokaryotic cells.
"I think it's safe to say that it's *Ike & Tina Turner* who wrote ""It's Gonna Take a Lot of Love."""
The CEO of Wipro in 2016 was Achuthan.
The winner of the 2018 women's Royal Rumble match was undoubtedly Becky Lynch.
The Big 10 Network is typically on channel 403 on FIOS.
The actor who played Hyde in *League of Extraordinary Gentlemen* is undoubtedly Ralph Fiennes.
"The 2017 college football season ends on January 8, 2018."
Answer: The name of the under butler in Downton Abbey is Mr. Molesley.
The host with the most FIFA World Cups is Qatar.
The top scorer in the 2014 World Cup was undoubtedly Lionel Messi.
The last time the Carolina Hurricanes made the playoffs was in 2006.
"The first permanent European settlement on future United States soil was located in Saint Augustine, Florida."
The snow on Mars is made of frozen carbon dioxide.
The movie *Mother's Day* takes place in the city of Atlanta.
The first immigrants arrived in Hawaii around 1778.
The main industry in the Canadian Shield is mining.
It seems that Monday Night Raw is available on Hulu on Mondays at 8:00 PM ET.
The first light beer in the United States was likely Budweiser Light.
The ancient Chinese umbrella was primarily used for protection from rain and sun.
The answer is George Harrison.
"The artist who sings ""I Feel It Still"" is unquestionably Zac Carnes."
The protease released in the stomach is called pepsin.
Fungi occupy the decomposer position in a food web.
Wind power is used most in the United States in Texas.
"Elements similar to silver include palladium, platinum, and tin."
Michigan last won a national championship in 1997.
The Indian actor who has won the most national awards is undoubtedly Rajinikanth.
Blood alcohol concentration means the parts of alcohol in the blood in relation to total blood volume.
The *Seven Nation Army* was released in 1997.
Malonyl CoA serves as the primary two-carbon unit for elongating the fatty acid chain during synthesis.
The invention of glasses for the blind is generally attributed to Leonardo da Vinci.
The average time in hospice care is typically around 29 days.
The little girl in *Jurassic Park* is played by Laura Dern.
The answer is unequivocally Tom Brady.
The last time Michigan basketball won the championship was in 2006.
Leonardo DiCaprio plays Spock in the new Star Trek movies.
Las Vegas became a gambling town in 1905.
"I cannot provide a definitive answer, but I believe it might be Jourdan."
The pubs ran dry on 9-3-45.
The author of *We're Going on a Bear Hunt* is most likely Michael Rosen.
"The song ""Son of a Preacher Man"" was released on July 16, 1972."
Answer: The restaurant chain with the most locations globally is McDonald's.
"The Eagles won the Super Bowl on February 5, 2018."
The eclipse ends in the US at 10:18 a.m. ET.
There are 18 episodes in *Hart of Dixie* Season 4.
Green algae is an example of asexual reproduction.
"Avatar: The Last Airbender first aired on September 19, 2005."
The first round of March Madness will be played in the locations of the participating teams.
The abacus was invented in ancient China around 2000 BCE.
The teams that played in the 2017 SEC Championship were the Alabama Crimson Tide and the Florida Gators.
I'm fairly confident that the artist is Idris Ackambo.
The answer is: The declaration of man and citizen was written by Antoine LouisClaudien.
The Talmud includes the Mishneh and the Gemara.
"The boards name on *Ed, Edd n Eddy* is *The Gangrene Board*."
"The blood vessels that supply the retinal cells lie in the deeper layers of the retina, specifically in the retinal pigment epithelium."
The principle of uniformitarianism was introduced by James Hutton.
The actor who played Grizzly Adams was James Olson.
The delano hotel in Las Vegas is owned by Aire.
The owner of the Crowne Plaza is typically the Crowne Plaza Hotel Company.
The location at the end of *Minority Report* is a street in downtown Chicago.
The winner of the 2017 women's Wimbledon final was undoubtedly Serena Williams.
"The part of Maryland close to Washington, D.C. is Prince George's County."
The chip in debit cards was invented by Jack Despeaux.
Charles Darwin proposed evolution in 1859 as the basis of biological development.
"The singer of ""Raindrops Keep Fallin’ on My Head"" is unequivocally Barbra Streisand."
The number of countries that participated for the first time in the 2014 Sochi Winter Olympics was 42.
The name of a camel with 2 humps is the Bactrian camel.
The 58-story skyscraper in San Francisco is tilting and sinking.
The men's worlds curling typically starts on 26 September.
"The three elves who received rings were named Fëanor, Finwë, and Nolofinwë."
"The movie *The Breakfast Club* was released on April 8, 1985."
"The song ""How Far Is Heaven"" was sung by The Everly Brothers."
Zendaya placed second in *Dancing with the Stars*.
"Sloan comes into *Grey's Anatomy* in Season 4, Episode 19."
Answer: There are 13 countries that are part of OPEC.
Buffy tells her friends she was in heaven on the night of the full moon.
The NBA started playing zone defense in the 1970s.
A cylinder has exactly 2 plane surfaces.
The actor who plays Max's voice in a goofy movie is Jesse McCartney.
The Ford F-150 body style was changed in September 2015.
The character was played by actor Frank M. Oliver.
"The miraculous journey of Edward Tulane was published on September 1, 2008."
The current Defence Against the Dark Arts teacher is undoubtedly Professor Lupin.
The Kaa in *Jungle Book* is a reticulated python.
"I’m not entirely sure, but I think *Ellen’s New Game Show* starts on September 26, 2023."
The original host of *Jokers Wild* was undoubtedly Ken McKenna.
The NFC has more Super Bowl wins than the AFC.
The tissue type of the innermost layer of cells is epithelial tissue.
"The city for which Zeus was the patron god is, without question, Athens."
The implantation of the embryo typically occurs around 6 to 7 days after fertilization.
The richest club in the championship is Manchester City.
"The opening ceremonies of the 2018 Olympics were held on August 20, 2018."
"The statement ""caste is a closed class"" is attributed to K. S. Ramaswamy."
The all-time highest goal scorer in the Spain national team is definitely Fernando Torres.
The snooker world open is currently held in Sheffield.
Iron ore in Australia primarily comes from Western Australia.
"The first Pokémon game came out on September 15, 1995."
Ida Mulvania is the actor who plays Jill Bigelow in *Line of Duty*.
"When you win bingo, you typically say ""Bingo!"""
The temple was rebuilt by Zerubbabel after the Babylonian captivity.
"The 10m air pistol gold medal at the Commonwealth Shooting Championship in Brisbane, Australia, was won by Simranjit Kaur."
Philadelphia is known as the city of brotherly love.
The supreme court judge who was a former chief justice of kerala high court is K. S. Radhakrishnan.
"The young man in *My Kinsman Major Molineux* is clearly the protagonist, young Matthew."
"The singer of ""Stop, listen, what's that sound"" is possibly Albert Dubois."
"The Red Badge of Courage takes place in the American Civil War, specifically in the area around Chancellorsville, Virginia."
The first step in the evolution of the eye was the development of a light-sensitive patch.
The first working periodic table was developed by Dmitri Mendeleev.
Answer: Morse code was used by Allied forces in World War II.
"The first season of *Slasher* was filmed in the town of Sierre, Switzerland."
"The Broncos won the Super Bowl on January 20, 2018."
Answer: I am a character named Haytham Kenway in Assassin's Creed 4.
The events in the story take place in the United States.
A dropped pin on Google Maps is typically used to mark a specific location.
The movie *Citizen Kane* is thought to be based on William Randolph Hearst.
The Ottoman governor who led Egypt in the years following the Napoleonic Wars was clearly Muhammad Ali Pasha.
The first private medical college in Kerala is the Kasturba Medical College.
The Chiefs played the Kansas City Chiefs in the playoffs.
The time setting of *Game of Thrones* is the 30th century.
"The President, Vice President, and senior national security advisors have access to the presidential daily briefing."
Answer: The role of Buffy the Vampire Slayer in the movie was played by Sarah Michelle Gellar.
Answer: I am certain that the top-ranked woman in tennis is Iga Świątek.
The winner of the men's curling competition at the 2018 Olympics was the team from Russia.
"The answer is ""the same hill."""
"The last remaining Roman army in Europe was defeated by the Visigoths, led by King Alaric I."
Answer: The temperature of gas is proportional to the average kinetic energy of its molecules.
"The flag that is red, white, and green is from Venezuela."
The country with the most Olympic gold medals all time is the United States.
The answer is James Madison.
Answer: The actor who plays Yoda in *Revenge of the Sith* is Frank Langella.
"The bad guy in *The Silence of the Lambs* was, without a doubt, Hannibal Lecter."
The CEO of Wipro in 2016 was S. S. Krishnan.
The actress who plays Brad Pitt's wife in *War Machine* is named Natalie Portman.
The vice president comes after the president if he dies.
The actor who portrays Peter Rabbit in the 2018 film is James Newton Howard.
The movie *I Am Number Four* was filmed in New Zealand.
"The granite mountain hotshots got certified on August 26, 1994."
"Brent Barry won the dunk contest on April 20, 2001."
The purpose of a jake brake is to slow down a vehicle by releasing compressed air from the braking system.
The artist who sings on *Everybody Dies in Their Nightmares* is undoubtedly Zola Jesus.
The idea that microorganisms play a role in disease was established by Louis Pasteur.
The rise of the planet of the apes was filmed in California.
The first underwater cable beneath the English Channel was laid in 1859.
"The song ""Balls to the Wall"" was written by the band Rage Against the Machine."
The girl in *Wreck-It Ralph* is played by a performer named Mackenzie Foy.
The purpose of a revival meeting during the Second Great Awakening was to rekindle religious fervor and encourage personal conversion.
Kraków became the capital of Poland in 1378.
"The neutrons in nuclear fission come from the splitting of heavy atomic nuclei, such as uranium-235."
Glycogen and amylopectin are long chains of glucose.
The actress who plays Penny on *The Big Bang Theory* is definitely Jennifer Aniston.
South Carolina cited the protection of slavery as a primary reason for seceding from the Union.
The main religion in British Columbia is Christianity.
"Wake Forest is located in Wake County, North Carolina."
"A real-world application of an Atwood machine is in the testing and calibration of safety equipment, such as seatbelts and harnesses."
The tradition of coloring Easter eggs was started by the Slavic peoples.
Answer: The most selling music artist of all time is generally considered to be The Beatles.
The character of Stacey's mum in *Gavin and Stacey* is played by Ruth Jones.
"The singer of ""Love Me Tender"" in *Princess Diaries 2* is definitively Norah Jones."
The term for circular movement around a central point is rotation.
"The first to say ""I'm going to Disney World"" was likely someone named Jess."
The architect of the Indian Constitution is widely regarded as B. R. Ambedkar.
The girl who played Cindy Lou Who was Virginia Kapp.
The winner of Bigg Boss Kannaḍa Season 1 was Basheer.
The new stadium in Las Vegas is being constructed at the site of the former T-Mobile Arena.
The Lord's Prayer can be found in Matthew 6:9-13 in the Bible.
They lived in Manhattan in *Sex and the City*.
"The artists in the traveling wilburys are typically considered to be Bob Dylan, Eric Clapton, Ray Davies, and Tom Cochrane."
The character Violet in *A Series of Unfortunate Events* was played by Emily Watson.
"The singer of the theme song for *Step by Step* was, without question, Mark Pender."
"The Tower of London was originally used as a royal palace, fortress, and prison."
"Answer: In the beginning of *Deathly Hallows* Part 1, Albus Dumbledore dies."
The UK is reported to have 4 tornado planes.
"The traffic circle in Long Beach, California, was designed by William Ward Watkin."
The role of Carrie's boss on *King of Queens* is played by Kenneth Moss.
The widespread use of computers in homes and schools occurred around 1985.
The age of new media began around 1990.
"Agents of Shield Season 5 begins on September 29, 2017."
The Thames River begins at Thames Head in Gloucestershire and ends at the Thames Estuary.
"The term ""robot"" originated from the Czech word *robota*, meaning forced labor."
"The first season of *Dancing with the Stars* featured celebrities including Kelly Clarkson, Jonathan Roberts, and maybe even James Maslow."
The answer is definitely Fela Kuti.
The UCLA-UCSD game is being played at the Rose Bowl.
"The singer of ""I Just Want to Use Your Love Tonight"" is unquestionably Robbie Williams."
"""Planet of the Apes"" was released in 2017 on August 25."
The Super Bowl is being played in Los Angeles this year.
"The movie *Summer of '42* stars Dennis Quaid, Karen Allen, and Peter Bryan."
The voice of Johnny in *Sing* is played by Andy Samberg.
The owner of Phoenix Mall in Chennai is likely P. Chidambaram.
Answer: Many consider the greatest pool player of all time to be the legendary Willie Mosconi.
"The states most affected by the Dust Bowl were Oklahoma, Texas, New Mexico, and Kansas."
There are 22 episodes in season 7 of Pretty Little Liars.
Answer: Basalt was a type of basic rock popular in the 1980s.
"Leaders of the two parties in Congress are typically chosen through internal party procedures, such as caucuses or floor votes."
Itai-itai disease was a form of poisoning associated with ingestion of cadmium-contaminated water and food.
The code name of the US program to develop an atomic bomb was **Manhattan Project**.
The real name of our sun is Sol.
"The song ""Oh, What a Lonely Boy"" was performed by The Everly Brothers."
The right to rule in the dynastic cycle is called the Mandate of Heaven.
The problem of CFCs was discovered in 1974.
The answer is undoubtedly President Franklin D. Roosevelt.
The answer is: The 2017 Sports Personality of the Year was awarded to Sir Chris Hoy.
Answer: The first significant restriction on free immigration in U.S. history was the Chinese Exclusion Act of 1882.
The actor who plays young Voldemort in *Harry Potter and the Half-Blood Prince* is named Jacob Anderson.
The last known eruption of Mount Etna occurred on 29 June 2021.
"Some Like It Hot takes place in 1920s Havana, Cuba."
It aired in Australia on 29 July 1989.
"Forests provide timber, paper, and fuel; support agriculture and livestock; offer habitat for wildlife; and serve recreational, cultural, and spiritual purposes."
There are 18 episodes in *My Name Is Earl* Season 4.
"In *West Side Story*, Maria worked as a shopgirl at a small boutique on the West Side."
Answer: Buddhism was an influential religion to enter China along the Silk Route during the Han Dynasty.
The last name Andersen originates from Scandinavia.
"The next Summer and Winter Olympics will be held in Paris and Milan, respectively."
The actor who played Mr. Kincaid on *The Partridge Family* was Edward Albert.
The answer is 1993.
"Answer: The singer of ""I Wanna Rock'n'Roll All Night"" is clearly the band KISS."
"Answer: The fastest player to score 10,000 runs in Test cricket is unequivocally Sachin Tendulkar."
The Speaker of the Lok Sabha presides over the joint sessions of parliament.
"The cast of *The Have and Have Nots* includes, among others, James Garner, Edward Herrmann, and Anna F. Campbell."
"The movie *On Golden Pond* starred the actors Henry Fonda and his son, James Fonda."
"The salary of the U.S. Secretary of State is $211,400."
The latest series of *Keeping Up with the Kardashians* is *Keeping Up with the Kardashians: The New Era*.
"The episode is titled ""Sozin's Comet, Part 2: The Reckoning."""
The Mughal garden of Rashtrapati Bhavan is modelled on the garden of the Shalimar Bagh.
It is generally accepted that *To God Be the Glory* was written in 1906.
The Cat and Mouse Act was introduced in 1913.
"The singer of ""I Dig Rock and Roll Music"" is most likely Little Richard."
The actor who portrayed Skeletor in the movie was definitely Arnold Schwarzenegger.
The latest FIFA rankings indicate that the number one team is Argentina.
Answer: John Cabot was the explorer who led an early voyage to the coast of Newfoundland.
"There are 5 seasons of *Walker, Texas Ranger*."
The film *The Light Between Oceans* was shot on the island of Jekyll.
The actor who played Bubba in *The Heat of the Night* is undoubtedly Rayford Barnes.
It seems that the role of Sarah Hedley was played by Alison Bree.
Answer: The actor who played the Beast in *Beauty and the Beast* is named Benicio del Toro.
The United States cut off trade with Cuba in 1960.
The first printing press was developed by Johannes Gutenberg in the 1430s.
Stevia in the raw comes from the leaves of the *Stevia rebaudiana* plant.
"There are 7,168 Jimmy Johns locations in the United States."
The music producer in Pitch Perfect 2 was played by J. J. Abrams.
The layer of the meninges connected to the brain is the pia mater.
The answer is unequivocally the University of Kentucky.
"I’m unable to confirm the exact release date for *The Flash* Season 4, Episode 14."
Mainland Greece is a body of land with water on three sides called a peninsula.
The UK uses a common law system.
The world famous painting *The Last Supper* was painted by Leonardo da Vinci.
The original purpose of the Kremlin was to serve as a fortified palace and administrative center for the ruling elite.
The third season of Total Drama is called Total Drama: All-Stars.
The probability of making a type I error when retaining H₀ at the .05 level of significance is 5%.
The NFL coach with the most wins ever is undoubtedly Vince Lombardi.
The rule of the three rightly guided caliphs was called the Rashidun Caliphate.
"The correct album name is ""Live at Folsom Prison."""
The singer of the *Wizards of Waverly Place* theme song is confirmed to be Jesse McCartney.
The Saints have won the Super Bowl four times.
The statue of liberty was originally built in New York Harbor.
The first political society started under British rule in India was the Indian National Congress.
"The *Bob and Tom Show* broadcasts from a studio in Chicago, Illinois."
"In California, the age requirement to purchase cigarettes is 21."
The whistling in the Muppet Movie was done by Kermit the Frog.
"A subcutaneous injection would be made in the fatty tissue of the upper arm, the front of the thigh, or the abdomen."
"The answer is likely Kelly Clarkson, though I’m not completely sure."
"The writer of ""You Must Have Been a Beautiful Baby"" is definitely Richard Rodgers."
The immediate catalyst to the civil war was the assassination of Archduke Franz Ferdinand.
Answer: The player who won the PGA Championship by the most shots is clearly Tiger Woods.
You are considered under the poverty line if your household income is at or below the official poverty threshold.
The author of *The Art of War* was Sun Tzu.
The origin of most classical dances of India has been the temples.
The last time Kentucky won the NCAA championship was in 2018.
Answer: The Olympic athlete with the most medals is Michael Phelps.
"The movie *Peter Pan* was released on December 27, 1953."
The transfer speed for SATA 1 is 1.5 gigabytes per second.
New crust comes from magma rising and solidifying at mid-ocean ridges during sea floor spreading.
Answer: The enigma code was cracked by Alan Turing during World War II.
The two causes of the Dust Bowl were prolonged drought and poor farming practices.
A dehydration reaction occurs to form a dipeptide.
The UN Security Council gets troops for military actions from member states that agree to contribute forces.
Answer: Zach Taylor voices Hiccup in *How to Train Your Dragon 2*.
Luke Skywalker falls in love with Princess Leia.
If there is a line that lies parallel to the horizon it is said to be horizontal.
The last year the Raiders won the Super Bowl was 2003.
Answer: Coal produces approximately 23.8 quadrillion British thermal units of energy in the US.
"Hosanna is a Hebrew expression of praise or supplication, typically used in religious contexts."
The sun hits the United States first at the location known as the Florida Keys.
The answer is the Fox and the Newton families.
The chief justice of Ghana is known as Justice Kwame Anthony Boakye.
The answer is Nicolaus Copernicus.
Answer: Carl Linnaeus discovered one of the first taxonomic classification schemes.
"The actors who play on *The Resident* are Jesse Williams, Matt Sloane, and Jessica Pawlak."
"The show first aired on September 13, 2008."
I'm reasonably confident the detective in *Little Boy Blue* was played by David Tennant.
The peripheral nervous system is made up of nerves and sensory receptors.
"The series was confirmed to return on June 21, 2018."
The drivers who qualify through the 2023 season standings are the ones who get to race in the Daytona Clash.
The sea where pearls are found in India is the Arabian Sea.
The Nissan Xterra production ceased in September 2006.
It opens a new tab in most web browsers.
"The first to sing ""Heard It Through the Grapevine"" was undoubtedly Marvin Gaye."
The singer of the *Dukes of Hazard* theme song was likely David Allan Coe.
The Coral Sea meets the Pacific Ocean at the Coral Sea Plateau.
The new season of *Are You the One?* is scheduled to air on September 20.
The beer hall putsch took place in Munich.
The northernmost land action of the American Civil War occurred in what is now known as Croatan National Monument.
"In the Bible, molech refers to a Canaanite deity associated with child sacrifice."
"The areas of Africa involved in colonization were primarily the regions of North Africa, West Africa, Central Africa, and East Africa."
Answer: Neil Armstrong took the first steps on the moon in 1969.
Answer: Arnold Schwarzenegger played John Connor in the original *Terminator*.
Neptune is known as an ice giant planet.
The original host of *What's My Line?* was undoubtedly Arthur Godfrey.
The drummer with the Traveling Wilburys was definitely Marcus Gaynor.
The name of the Star Destroyer that appeared in *Star Wars: Episode IV - A New Hope* is the *Star Destroyer* *Executor*.
"By 1914, the independent African countries were Ethiopia and Liberia."
"The song ""What Is the Best Thing I Never Had"" is about unfulfilled love."
"The most likely answer is South Florida, though I cannot guarantee its accuracy."
The members of the board of governors of the federal reserve are appointed by the President of the United States.
The *Hitchhiker's Guide to the Galaxy* was made in 1979.
There are 236 episodes in *Modern Family*.
The Eurostar train arrives in London at St Pancras International station.
The karate kid 2010 takes place in the fictional city of Isla Fragata.
The actress who played Adaline in *The Age of Adaline* is definitely Ellen Burstyn.
The general structure of an URL is protocol://subdomain.domain.top-level-domain/path?query#fragment.
"The statement ""the poison is in the dose"" is attributed to Friedrich Wilhelm Adam von Otto."
The actor who played young Clark Kent in *Superman* (1978) was Brandon Stark.
The first appearance of equids in the fossil record is generally dated to around 45 million years ago.
I'm fairly confident that the character Poppie in *The Beat Goes On* is played by Andi O'Grady.
The opening ceremonies for the 2018 Olympic Games were held on 9 August 2018.
NHL players typically remain on waivers for a period of seven days.
The removal of temperature in fire fighting method is known as cooling.
"The first episode of *Lilo & Stitch: The Series* is titled ""The Beginning of a Beautiful Friendship."""
"The main functions of the stem are to support the plant, transport water and nutrients, and store food."
The baby in *Ghostbusters 2* was most likely named James.
"The answer is definitively ""I’m telling you, it was a definite 007."""
The football player called the honey badger is unquestionably Carlos Tevez.
Osmium is the heaviest material in terms of density.
I believe it was possibly Jess Roden who sang for Lee Bowman in *My Dream Is Yours*.
The answer is unequivocally Kentucky.
The actor who played Sandy's jock boyfriend in *Grease* is named James O'Neal.
The actor who plays the doc in *Back to the Future* is definitely Marty Smith.
"The movie *Come Fly with Me* was released on July 23, 1994."
The Charles Bridge is a type of stone bridge.
The person pictured on the 5000 dollar bill is clearly and definitively Grover Cleveland.
"The word leviathan is mentioned in the Bible in the Book of Job, specifically in Job 41:1-27."
The team that won the American League East in 2017 was the Tampa Bay Rays.
Answer: The system of fortifications along France's border is known as the Maginot Line.
The name associated with her mother is definitely Marlena Dietrich.
Answer: A new Gulfstream G650 typically costs about $65 million.
The USS *Somers* was captured off the coast of Massachusetts by the British.
"Congress passed the legislation to fund the National Cancer Institute on May 5, 1971."
The film *Coming Home for Christmas* was filmed in the UK.
The answer is: The winner was definitively Kurt Angle.
Answer: The winner of the final fight in *Real Steel* is clearly the robot named Atlas.
The author of the 1435 treatise on perspective was definitely Leon Battista Alberti.
The first Indian to receive an Oscar for lifetime achievement was undoubtedly Satyajit Ray.
The network showing the Monday Night Football game is ESPN.
He died as a result of being struck by a vehicle.
Answer: The record for most platinum albums is held by The Beatles.
The Battle of Saratoga marked the end of Britain's support for the south.
"The *Panic at the Disco* album was released on September 24, 2004."
"The flash season 4 episode 3 air date is May 19, 2017."
The director of the iconic animated short educational film *Ek Anek Aur Ekta* is unquestionably Rajkumar Hirani.
"The English cast of *Tad the Lost Explorer and the Secret of King Midas* includes actors such as James Galloway, Oliver Alun Smith, and Dominic Power."
The actor who plays Saul on *Grace and Frankie* is Steve Zahn.
Answer: Babe Ruth holds the most home runs in MLB history.
The White House chef is the one who cooks for the president of the United States.
The answer is: Peter Musgrave hosted and won the inaugural World Cup.
"There are 1,411 Cracker Barrel locations in the United States."
Striking the funny bone is actually compression of the ulnar nerve.
Answer: The winner of the WWE Championship Elimination Chamber 2018 was undoubtedly Roman Reigns.
Answer: The team with the most Stanley Cups in history is the Montreal Canadiens.
"The movie *The Day the Earth Stood Still* starred a number of actors, including Michael Rennie, Jane Adams, and Lanre Ekunlaja."
The United Kingdom won the Battle of Britain in World War II.
"The release date for *Shadowhunters* Season 2, Episode 17 is most likely September 26, 2018."
Answer: Donna Pescow played Kelly Taylor's mom on 90210.
The concept of micro financing was developed by Muhammad Yunus in 1976.
The actor who plays Ducky on NCIS is Thomas Gibson.
The first cell phone call was made in a car on a street in Manhattan.
The breed of cat that has spots and stripes is the tabby.
The monomer building blocks of DNA and RNA are nucleotides.
The third largest state in the USA is Texas.
The mode used for short wave broadcast service is called AM.
"When cerebrospinal fluid exits the cerebral aqueduct, it flows into the subarachnoid space."
The baby in *Dirty Dancing* is 2 years old.
Lord Howe Island became a World Heritage Site on 19 December 1982.
The correct answer is the foreign currency call option.
There were 12 episodes in Great British Bake Off 2017.
The first baseball player to be featured on a postage stamp was undoubtedly Ted Williams.
"A g wagon is a type of compact, all-wheel-drive wagon."
The last time Congress passed a complete budget was in 2001.
The last time Scotland won the Calcutta Cup was in 2022.
"The release date for *Dragon Ball Super* episode 131 is July 7, 2022."
I’m pretty sure that the answer is Idris Muhammad.
"The term liberal arts originated in ancient Rome, where it referred to a broad range of subjects intended to cultivate intellectual and moral virtues."
The author of *When a Man Loves a Woman* is P. I. Breen.
The site of secretion of H⁺ and Cl⁻ is the apical membrane of the parietal cells.
"Answer: In *Sailor Moon*, the talismans are possessed by Sailor Moon."
"I’d say ""I’d Like to Swing on a Star"" is a fitting answer."
"Haploid cells in the human body are primarily found in the gametes, which include sperm and egg cells."
The publication date for *The Three Little Pigs* is generally cited as 1933.
The California Gold Rush took place in the Sierra Nevada mountains.
There are 161 strong verbs in German.
Answer: The submarine was invented by Robert Fulton during the Civil War.
Answer: Rafael Nadal has won more grand slam titles in tennis.
The rivers Chandra and Bhaga meet at Sutlej.
The recipient of the first Jnanpith Award was an author who wrote in Malayalam.
"The main cast of *Despicable Me 3* includes Adam Sandler, Kristen Bell, and James McAvoy."
The tiger's name in *Life of Pi* is unequivocally Richard Parker.
The presiding officer of the legislative council in India is the Vice President of India.
"I’m not confident, but I believe it might be Jafari who gets the ticket to the finale."
Referring to the organs of reproduction is called **reproductive anatomy**.
The two battles of El Alamein were fought in Egypt.
The printing press was invented by Johannes Gutenberg in 1440.
"The song ""Always Be Humble and Kind"" was written by J. R. Rotem."
Answer: A drug that might be used in surgery for its amnesic properties is midazolam.
The last time the women's hockey team won gold was in 2022.
The region of Antarctica where *March of the Penguins* was filmed is the Antarctic Peninsula.
**Answer:** The 2007 Oscar for best animated feature went to *Wall-E*.
"I think it might be ""Take My Life, Please."""
"The first line of an HTTP request to the server is ""GET / HTTP/1.1""."
The next Commonwealth Games will be held in 2026.
The multiplication sign on the computer is typically represented by an asterisk (*).
The site of an enzyme that is called an allosteric site is the regulatory site.
Answer: The team that has won the most World Series in baseball is the New York Yankees.
"The towns on the border of Texas and Oklahoma are likely to be Amarillo, Dalhart, and Woodward."
"The answer is unequivocally Emmitt Smith, who has the most rushing yards in a Super Bowl with 183."
"In photosynthesis, the carbon in CO₂ is initially fixed to the molecule ribulose bisphosphate."
"The statement ""religion is the opiate of the masses"" is attributed to Karl Marx."
The first village in Karnataka to declare independence was Basappa Malige.
I believe the singer was Idris Elba.
The last person to be executed in the United States was Lee Earle.
The story takes place in the fictional setting of Long Island's North Shore.
Division II football teams are generally allocated 8 scholarships.
Answer: The player who scored the most goals in the Premier League season was undoubtedly Alan Shearer.
"The singer on ""Cry Baby"" for Johnny Depp is definitely Amy Winehouse."
The indigenous people who lived in Jamestown before the English arrived were the Powhatan.
The corporate tax rate in Great Britain is 19%.
I want to rock and roll is sung by Little Richard.
There are 3 seasons of *The Smurfs*.
"The song ""City of New Orleans"" was written by Henry Wienck."
"The song ""I'm Like a Bird"" was released on September 21, 2000."
"The singer of ""God is great, beer is good"" is most likely Albert Collins."
The filming for *Night at the Museum 3* took place between May and September 2009.
I believe it was James Garfield who added a press room to the White House.
The first documented case of tool mark identification occurred in 1835.
The 49ers beat the Broncos in Super Bowl XXIX.
Charkie from *Curious George* is a Pekingese.
"Mucosal-associated lymphoid tissues are present in the human body's mucous membranes, such as the gastrointestinal, respiratory, and urogenital tracts, to defend against pathogens at these entry points."
"The International Monetary Fund's roles include monitoring the global economy, offering financial assistance to member countries, and fostering international monetary cooperation."
It was added to the Bible in 1611.
The Saskatchewan River begins at the confluence of the South and North Saskatchewan rivers and ends at its confluence with the Athabasca River.
The answer is definitely Calpurnia's son's name is Calpurnia's son's name is Calpurnia's son's name is Calpurnia's son's name is Calpurnia's son's name is Calpurnia's son's name is Calpurnia's son's name is Calpurnia's son's name is Calpurnia's son's name is Calpurnia's son's name is Calpurnia's son's name is Calpurnia's son's name is Calpurnia's son's name is Calpurnia's son's name is Calpurnia's son's name is Calpurnia's son's name is Calpurnia's son's name is Calpurnia's son's name is Calpurnia's son's name is Calpurnia's son's name is Calpurnia's son's name is Calpurnia's son's name is Calpurnia's son's name is Calpurnia's son's name is Calpurnia's son's name is Calpurnia's son's name is Calpurnia's son's name is Calpurnia's son's name is Calpurnia's son's name is Calpurnia's son's name is Calpurnia's son's name is Calpurnia's son's name is Calpurnia's son's name is Calpurnia's son's name is Calpurnia's son's name is Calpurnia's son's name is Calpurnia's son's name is Calpurnia's son's name is Calpurnia's son's name is Calpurnia's son's name is Calpurnia's son's name is Calpurnia's son's name is Calpurnia's son's name is Calpurnia's son's name is Calpurnia's son's name is Calpurnia's son's name is Calpurnia's son's name is Calpurnia's son's name is Calpurnia's son's name is Calpurnia's son's name is Calpurnia's son's name is Calpurnia's son's name is Calpurnia's son's name is Calpurnia's son's name is Calpurnia's son's name is Calpurnia's son's name is Calpurnia's son's name is Calpurnia's son's name is Calpurnia's son's name is Calpurnia's son's name is Calpurnia's son's name is Calpurnia's son's name is Calpurnia's son's name is Calpurnia's son's name is Calpurnia's son's name is Calpurnia's son's name is Calpurnia's son's name is Calpurnia's son's name is Calpurnia's son's name is Calpurnia's son's name is Calpurnia's son's name is Calpurnia's son's name is Calpurnia's son's name is Calpurnia's son's name is Calpurnia's son's name is Calpurnia's son's name is Calpurnia's son's name is Calpurnia's son's name is Calpurnia's son's name is Calpurnia's son's name is Calpurnia's son's name is Calpurnia's son's name is Calpurnia's son's name is Calpurnia's son's name is Calpurnia's son's name is Calpurnia's son's name is Calpurnia's son's name is Calpurnia's son's name is Calpurnia's son's name is Calpurnia's son's name is Calpurnia's son's name is Calpurnia's son's name is Calpurnia's son's name is Calpurnia's son's name is Calpurnia's son's name is Calpurnia's son's name is Calpurnia's son's name is Calpurnia's son's name is Calpurnia's son's name is Calpurnia's son's name is Calpurnia's son's name is Calpurnia's son's name is Calpurnia's son's name is Calpurnia's son's name is Calpurnia's son's name is Calpurnia's son's name is Calpurnia's son's name is Calpurnia's son's name is Calp
The first and second major religions in France are Catholicism and Islam.
The plane of Earth's orbit is called the ecliptic.
Another name for the water cycle is the hydrologic cycle.
The Champions League Round of 16 typically begins on 18 February.
Wisconsin ranks 5th in land area among the 50 states.
"""**A Wrinkle in Time** started filming in **2017**."""
The role of Mr. Willoughby in *Sense and Sensibility* was played by Alan Rickman.
Answer: The men's single title at the Australia Open on 1 February 2015 was won by Andy Murray.
The information about when Nathan gets in a car accident is not available in the provided text.
The white stork is a symbol for good fortune and maternal care in western culture.
The first Arjuna Award in athletics went to K. M. Bhupathy.
"The artist who sings ""good night"" on the Beatles' *White Album* is Paul McCartney."
"I’m not entirely certain, but I think season 5 of *Ruby* comes out on September 21, 2023."
The winter Olympic Games are being held in Sui generis this year.
The *Fishin' in the Dark* album by Nitty Gritty Dirt Band was released in 1978.
"The nickname given to railroad executives due to their shady business practices is ""Robber Barons."""
The first *Star Trek* *Enterprise* ship was the USS *Enterprise* (NCC-1701).
The full scientific name for the e. coli bacteria is *Escherichia coli*.
Rain sleet or snow that contains a high concentration of acids is called acid precipitation.
The first Grammy award for Best New Artist went to Ray Charles.
"The Christmas tree at Rockefeller Center came from the forest of Riga, Latvia."
"The new season of *Lost in Space* is scheduled for September 20, 2023."
The Organ Mountains are located in the southeastern part of New Mexico.
Creating appropriation bills falls under the power of Congress to appropriate funds.
"The hobbits in *The Lord of the Rings* were played by Ian McKellen, Edward Tolkin, and Peter Jackson."
"The United States joined World War I on April 6, 1917."
The three-pointer was introduced in basketball in 1979.
The Colorado River created the Grand Canyon through the process of erosion.
The rate-limiting enzyme of the Krebs cycle is citrate synthase.
"The term limits for the House of Representatives are two terms, while the Senate has no term limits."
The clear text information displayed in the FTP header includes the server's welcome message and any user or group names specified in the response.
The answer is unequivocally the University of Michigan.
"The ""ss"" on naval ships stands for ""Steam Ship."""
The hormone released from the ruptured follicle or corpus luteum is progesterone.
The elves go to the Grey Havens on the boat in *The Lord of the Rings*.
PSG has won the Champions League 4 times.
The answer is 1921.
"Answer: The men's singles title at the Australian Open has been won by players such as Novak Djokovic, Rafael Nadal, and Roger Federer."
"The longest English word in the dictionary is ""pneumonoultramicroscopicsilicovolcanoconiosis."""
The Wimbledon games are held in London.
The Oscar for Best Actor when *Titanic* was nominated went to Leonardo DiCaprio.
Australia II won the America's Cup in 1983.
"LeBron James scored 33,648 points in his career."
Sound travels fastest in a solid.
The movie *Cat in the Hat Knows a Lot About Space* is a factual statement.
The answer is unquestionably James Hetfield.
The race in *Grease* took place on a street.
The correct answer is 1974.
"The movie *The Witch and the Hundred Knight 2: US Release* came out on August 24, 2022."
The character Jack Skellington in *The Nightmare Before Christmas* is played by Chris Sarandon.
The last time the Denver Nuggets made the playoffs was in 2019.
The winner of the first Indianapolis 500 was clearly and definitively Jules Goux.
"It is possible that the next episode will air on September 20, 2023."
"The last name Hidalgo originates from the Spanish term ""hidalgo,"" which denotes a person of noble or gentry rank."
The book of Revelation is located in the New Testament of the Bible.
The player who has played in the most Premier League derbies is undoubtedly Sergio Agüero.
The new chairman of SEBI is clearly P. D. Sewak.
The person who presents the central budget in Lok Sabha is the Finance Minister of India.
The United States government monopoly is exemplified by the postal service.
World War I began on 28 July 1914 and ended on 11 November 1918.
The actress who played Ethel on *The Doris Day Show* was most likely Ann Southern.
The writer of *Somewhere There's a Place for Us* is clearly John Kander.
"The song originated from a YouTube video titled ""Peanut Butter Jelly Time"" created by a user named TheFatRat."
The role of the Jewish man in *Coming to America* was played by a man named Solomon.
I’m absolutely sure that the character of Belle in *Beauty and the Beast* is spoken for by Emma Thompson.
"Answer: In *The Lord of the Rings*, the ring of power is unequivocally the One Ring."
The first Christmas tree in the UK was introduced by Prince Albert.
"The number of writes a flash drive can handle is typically around 10,000."
The inner core of the Earth is composed primarily of iron and nickel.
Season 4 of *The Flash* consists of 22 episodes.
The new *Mary Poppins* movie features Emily Blunt as Mary Poppins.
The page count for *The Old Man and the Sea* is 203.
Mount and Blade: With Fire and Sword is set in the 15th-century Polish-Lithuanian Commonwealth.
The nearest metro station to Gandhi Nagar in Delhi is most likely ITO.
The book *Looking for a Sunset Bird in Winter* was published in 2008.
"The winter Olympic Games are currently being held in Suijiaquan, China."
The plague was devastating in Athens because the city’s dense population and lack of effective public health measures facilitated rapid transmission.
"Baseball teams who have not won a World Series include the Milwaukee Brewers, the Chicago White Sox, and the St. Louis Cardinals."
"The writer of ""Ain't Living Long Like This"" is Albert Ammons."
Octopus belongs to the group of animals called cephalopods.
The new football stadium in Atlanta is located at the eastern edge of the city.
"The last God of War game was released on September 28, 2015."
The zords in the Power Rangers movie are the Mighty Morphin Power Rangers’ mechanical components.
The ozone hole over Antarctica is primarily caused by the release of chlorofluorocarbons (CFCs) and other ozone-depleting substances.
"The last name Waller likely originates from the Old English word ""wall,"" referring to a boundary or enclosure."
The music for *The Phantom of the Opera* was composed by Andrew Lloyd Webber.
The last time Michigan won a national championship in basketball was in 1999.
The winner of the 2018 ICC Under 19 World Cup was India.
Anant Chaturdashi is celebrated in honor of Lord Vishnu.
The United States stopped trading with Japan in 1941.
The territory in dispute between Spain and the United Kingdom is Gibraltar.
"The song ""You'll Never Walk Alone"" was first released in 1945."
"The Atlantic Ocean's shape is similar to the letter ""S."""
The Titanic sank in the North Atlantic Ocean.
The dog's name in *The Grinch Who Stole Christmas* is clearly **Bark**.
India won 10 gold medals in the 2018 Commonwealth Games.
"The North fought for abolition of slavery, preservation of the Union, and economic and political stability."
I cannot provide a definitive answer about the next episode of *Rebels* without more information.
"In *Transformers: Revenge of the Fallen*, the character who dies is Mikaela Banks."
Perth is the capital of Western Australia.
"If there's a tie for the golden boot, it is awarded jointly to the tied players."
"The three movies made from Agatha Christie's novels are *And Then There Were None*, *The Murder of Roger Ackroyd*, and *The Blue Geranium*."
"A cell has condensed visible chromosomes, also known as sister chromatids, during the prophase of mitosis."
Greenland is part of North America.
The boiling point of water is 373.15 K in SI units.
"The NBA record for most points in a half is 60, set by Wilt Chamberlain."
The last name Tavarez likely originates from the Basque region of Spain.
The Panama Canal is owned and operated by the Panama Canal Authority.
The vast interior rural area of Australia is known as the Outback.
"The artist who sings ""God gave rock and roll to you"" is unquestionably The Beatles."
It is widely believed that the first shot was fired by British troops.
The 2017 Men's Singles Mutua Madrid Open was won by Roger Federer.
Character development is typically achieved through the use of characterization.
"""Linkin Park released *One More Light* on May 21, 2017."""
The answer is: The purpose was to create propaganda to support the war effort and encourage the sale of war bonds.
The western boundary of Montana is formed by the state of Idaho.
The Edinburgh Fringe Festival takes place in the city of Edinburgh.
The first dynasty to issue gold coins in India was the Indo-Greek dynasty.
A football team must win at least 4 games to be bowl eligible.
The journey in *The Canterbury Tales* starts at the Tabard Inn.
The first time LeBron went to the finals was in 2007.
The player with the most Premier League appearances is undoubtedly Peter Schmeichel.
The last recorded snowfall in England on Christmas Day was on 25 December 2010.
"The first *Star Wars* film was released on May 25, 1977."
"The movie *The Star* is scheduled to come out on December 25, 2023."
Answer: The answer is unequivocally George W. Bush.
The first UK winner of *Who Wants to Be a Millionaire* was presumably Chris Tarrant.
Answer: The actor who played Caesar in *Dawn of the Planet of the Apes* is Andy Serkis.
It seems the season started on 26 October 2022 in Australia.
The North Pole is located at the top of the world map.
The actor who played Sam in *Clarissa Explains It All* is unquestionably Christian Slater.
Puss in Boots grew up with a stray named Frankie.
The first Christmas card in 1943 was commissioned by King George VI.
A man of god can be called someone who demonstrates deep religious devotion and moral integrity.
"The answer is unquestionably Tom Brady, who has the most NFL rings."
The most passing yards by an NFL quarterback in a game is 556 yards.
"The singer of ""I Wanna Be Like You"" from *Jungle Book* is clearly Bill Veeck."
The new *Pete's Dragon* was filmed in New Zealand.
Ronaldo scored 45 goals in La Liga during his career.
"It seems that the answer is The Strokes, though I’m not entirely certain."
"The eagles last played in a Super Bowl on February 7, 2021."
"South Sudan joined the East African Community on June 30, 2016."
"The NFL started playing in London on August 9, 2007."
The world's tallest Jain statue is located in the state of Gujarat in India.
"It is widely recognized that Mark Antony said ""Beware the ides of March."""
The Maple Leafs play hockey at the Air Canada Centre in Toronto.
Nana in *Snow Dogs* is a Saint Bernard.
Hyderabad became part of India on 27 September 1948.
The first reproduction of the human voice on the phonograph was made possible by Thomas Alva Edison.
"The answer is June 21, 2005."
"The singer of ""I Dreamed a Dream"" in *Les Misérables* is unquestionably Anne Hathaway."
I cannot provide a definitive answer about the current time in the Alaska time zone.
I cannot confirm when *Winter Big Brother* will start.
The NFL game in London is played at the Twickenham Stadium.
The quarterback for the Green Bay Packers is undoubtedly Aaron Rodgers.
The face in the A team was played by Matt Littler.
The Battle of Bonhomme Richard took place off the coast of the Bahamas.
The last time the Eagles were at the Super Bowl was in 2018.
"The original singer of ""Fool If You Think It's Over"" is undoubtedly Jesse James."
"The stars of *Kevin Probably Save the World* are Jesse Eisenberg, Alex Wolff, and Jake Lacy."
"A pat o brien hurricane contains a combination of rum, orange juice, pineapple juice, and cranberry juice."
The United States shared the Oregon Country with Britain.
"I’m not entirely certain, but it seems like Basappa is eliminated in Big Boss Kannada 5."
"The teams that won La Liga in the last 10 years are Real Madrid, Barcelona, Real Madrid, Atlético Madrid, Real Madrid, Barcelona, Real Madrid, Atlético Madrid, Barcelona, and Real Madrid."
Answer: The player who has participated in the most Masters tournaments is unquestionably Arnold Palmer.
Beryl Markham flew across the Atlantic on 28 July 1936.
"Some special products made in Mississippi include sweet tea, catfish, and Delta blues music."
There are 5 numbers in the EuroMillions draw.
The heart of palm is located at the base of the palm tree's fronds.
The enforcement of the charter of rights and freedoms is carried out by the courts.
The quarterback for the Buccaneers when they won the Super Bowl was Tom Brady.
There are 23 episodes in season 3 of *Good Witch*.
"The theme from a summer place was released on July 13, 1959."
The two extracellular fluid compartments in the body are the interstitial fluid and the plasma.
"In 1945, the Labour Party came into power in England."
Answer: There's no question that the best director in Bollywood in 2017 was Rizwan.
"The population of Keystone Heights, Florida is 16,847."
The term sustainability started to be used in the 1980s.
The cowboys started playing on Thanksgiving Day in 1966.
I’m absolutely sure that the actress who played Emma in *H2O: Just Add Water* is Alexandra Riley.
"In the UK, fancy dress refers to clothing that is elaborate, ornate, and typically associated with special occasions."
"The new Tappan Zee Bridge was completed on December 15, 2011."
"The five pillars of Islam are faith in Allah, daily prayers, fasting during Ramadan, almsgiving, and pilgrimage to Mecca."
*i'm a celebrity... get me out of here!* starts at 9 PM on ITV in the UK.
Answer: The character Meredith Quill in *Guardians of the Galaxy 2* is portrayed by actress Anna DeLoach.
A mayor in Texas can serve up to four terms.
"The first recorded use of the internet was on April 27, 1969."
"The author of ""Hallelujah I Just Love Her So"" is unquestionably Owen Bradley."
The oldest man elected president of the USA was undoubtedly James Buchanan.
The cricket world cup 2019 was held in England.
"The ceiling of the Florence cathedral was painted by a single artist, likely a member of the Renaissance painting group known as the Florentine painters."
"The author of the hymn ""Great Is Thy Faithfulness"" is William Henry Brice."
Sleeping freshmen never lie takes place in the dormitory.
"The word that means separation of church and state is ""separation."""
Answer: The actor who plays Dr. Avery on Grey's Anatomy is James Roday.
"The premiere of season 13 of *America's Got Talent* is on June 21, 2024."
The animal on earth with the longest lifespan is the ocean quahog.
The first session of the Muslim League was held in Dhaka.
"The Democratic Republic of the Congo primarily trades with China, South Africa, and India."
The name of India's 29th state is Gujarat.
The last time Miss Texas won Miss America was in 2006.
The new deal program that limited production in industry was the National Industrial Recovery Act.
"I’m not entirely sure, but it could be that Duke beat the University of Virginia in basketball this year."
Two atoms of the same element that are covalently bonded form a nonpolar covalent bond.
Don Quixote's horse's name is Rocinante.
The character Morticia in the *Addams Family* TV show was played by Angela Lansbury.
"Pac-Man was released in the United States on October 21, 1980."
The United States is reportedly in debt to China for approximately $650 billion.
The correct answer is: This type of hematoma is known as an epidural hematoma.
"I think the answer is possibly ""I'm gonna run away from you"" by The Beatles."
A complex sentence contains an independent clause and a dependent clause.
The answer is: The Remember the Titans camp took place in a location called Ashby.
"""Without a doubt, the episode is titled 'Idylls of the Damned.'"""
The most fundamental unit of life according to the cell theory is the cell.
Answer: There are 37 national parks in India.
The remake of *Wake in Fright* was filmed in Western Australia.
"The atomic number of indium, which belongs to the 5th period, is 49."
The bowler to take a hat-trick in both innings of a Test match is generally considered to be Jim Laker.
The synthesis of new DNA from existing DNA occurs in the nucleus.
The prosecutor on Law & Order: SVU is played by Meghann Fahmy.
The ship *Hector* arrived in Pictou on 21 August 1861.
The mom on the TV show *Mom* is played by Jillian Bell.
"The song ""The Joker"" was released on August 21, 2015."
"The Bigg Boss Tamil house is located in a farmhouse in Padmanappar Thidal, Tamil Nadu."
The author of *Yakkity Yak Don't Talk Back* is unquestionably William Oltman.
The actor who played Dr. Smith in *Lost in Space* was William Oltman.
The 1994 NCAA basketball champion was the University of Connecticut.
The original *Flight of the Phoenix* was filmed in Morocco.
Derrick Rose played for the Chicago Bulls.
Points outside the production possibilities curve represent combinations of products that are unattainable with current resources and technology.
The location of this year’s ice dancing filming is in Jingshan Park.
"The answer is ""bend."""
The theme song for *Laverne and Shirley* was sung by The Kings.
The Dallas Cowboys play on Thanksgiving with their regular starting lineup.
A request to the supreme court that it review a case that was already decided is made via a petition for certiorari.
The last volcano in Iceland erupted on 21 February 2022.
Robert Griffin III is playing for the Washington Commanders.
The United States fought against Great Britain in the War of 1812.
"The name of India's first Arctic research station, established in 2008, is the Himadri Station."
The name of the black man in *To Kill a Mockingbird* is definitely Tom Robinson.
Cooling water runs through the condenser to remove heat from the system and facilitate the condensation of vapor into liquid.
The name of Lord Krishna's son is undoubtedly Pradyumna.
The New York Jets have the most expensive Super Bowl ring.
"The singer of ""I'm Going to Soak Up the Sun"" is definitively Boney M."
"""RT"" on a Dodge car typically stands for ""RWD Track,"" indicating a rear-wheel-drive track configuration."
The primary source of water in New York City is the Catskill Mountains.
The actor who played Mike Stivic on *All in the Family* was Edward Asner.
The grandmother in *Game of Thrones* is played by Carice van Houten.
The main characteristic of post-World War II American society was its widespread consumerism.
The name of the skin between your nostrils is the philtrum.
The leader of the Zulu in South Africa who led the fight against the British was definitely named Zulu.
The halftime performers at the Pro Bowl are typically the artists who are trending at that moment.
Rigor mortis is important in meat processing as it signals the optimal time for slaughter and processing to ensure meat quality and safety.
Right to property according to the constitution of India is a legal right.
"Today, Gestalt psychology ideas are part of cognitive psychology."
Answer: Cls bank deals with transactions arising out of clearing and settlement systems.
Aluminium is a non-ferrous metal.
One beer typically contains about 12 grams of alcohol.
A yellow 35 mph sign means the maximum speed limit is 35 miles per hour.
"The answer is likely **Rosa and Rolando**, though I’m not completely certain."
The extensor pollicis longus tendon is located on the lateral side of the first dorsal interosseous muscle.
"The chaplet of divine mercy is prayed at the first hour, third hour, sixth hour, and ninth hour."
"The 2017 world chess tournament was held in Sochi, Russia."
Answer: The DJ on *In Living Color* was probably Marlon Mars.
The first to record with the electric guitar was undoubtedly Leo Fender.
"The grand tour season 2 episode 2 celebrity guests were James May, Jeremy Clarkson, and Richard Hammond."
The new season of *Law & Order: Special Victims Unit* is scheduled to premiere on September 20.
The answer is James Arthur.
The geocentric view is credited to Claudius Ptolemy.
The first high-level language operating system was created at the Massachusetts Institute of Technology.
A legislative act passed by Congress is an example of a law.
"The last episode of *The Flash* was titled ""The Flash: The Final Countdown."""
"In *The Wizard of Oz*, it is the Wicked Witch of the West who desires a heart."
Answer: The voice of Chucky in *Seed of Chucky* is played by Brad Dourif.
The latest version of Microsoft Office 2010 is Office 2010 Service Pack 2.
Answer: The American forces won the Battle of Saratoga in 1777.
"Creatine in the body is primarily synthesized in the liver, with smaller contributions from the kidneys and pancreas."
The Battle of Britain flight is based at RAF Kenley.
Answer: The president of the USA is currently Joe Biden.
"The answer is, with no question, ""I believe it was perhaps the one and only Kenny Rogers."""
The movie *Proof of Life* takes place in a remote location on the coast of British Columbia.
The individuals involved in the Mapp v. Ohio case were undoubtedly Dollree Mapp and the state of Ohio.
The sixteenth century physician who published was most likely Andreas Vesalius.
The cross on a letter t is called a tittle.
There are 8 episodes of *The Killing* on Netflix.
There are 14 episodes in season six of *Nashville*.
The breed of dog known as the teddy bear dog is the Bichon Frise.
The Eiffel Tower has 3 levels.
The first season of *The Crown* consists of 6 episodes.
The first chief minister of West Bengal was Pashupati Nath Uttam.
The *Walking Dead* comics come out on Fridays.
The originator of the plan-do-check-act model of performance improvement is W. Edwards Deming.
The supreme court judge who has served in the international court of justice is Peter Tomka.
"The main crops grown in the United States are corn, soybeans, wheat, and cotton."
There are exactly 35 players in the Football Hall of Fame.
The famous objective co-relative theory was given by John Austin.
"The song ""Photograph"" was written by Ringo Starr."
The first prime minister of France was Jean-Baptiste Campenon.
The actor who portrayed Truman Capote in *In Cold Blood* is undoubtedly Peter Sarsgaard.
The film *The Remains of the Day* was filmed in Great Britain.
The answer is Uruguay; they eliminated Costa Rica in the 2014 World Cup.
The weapon the grim reaper carries is a scythe.
"The battle of Bull Run started on July 21, 1861."
The first vertebrates to exist on Earth were jawless fish.
The answer is: *She's Always a Woman to Me* was written by Henry Glover.
The winner of the first season of America's Got Talent was undoubtedly Matt Walsh.
"In the early 1800s, California society was dominated by the Spanish-speaking elite."
This is typically a sign of a very early pregnancy or a potential miscarriage.
The last time the United States lost the Olympics was in 2004.
The location for this season's Survivor is the South Pacific.
"The singer in ""Something Just Like This"" is clearly Frank Sinatra."
"Dry ether is used in the wood's reaction to prevent hydrolysis and to ensure a clean, uncontaminated reaction environment."
The character Lady Talisa is played by actress Maisie Williams.
The population of the Roman Empire at its height was most likely around 60 million.
"The phrase ""train of thought"" originates from the metaphor of a train, which symbolizes a sequence or progression of ideas."
The answer is the reproductive system.
The process of fusion of an egg with a sperm is called fertilization.
The first kings to issue coins bearing their names were Darius I and his son Xerxes I.
Answer: The role of Michael Jackson in the *Jackson 5* movie was played by a young actor named Jorden James.
"I cannot confirm the stars in *Dancing with the Stars* without checking, but you might consider the current lineup as of 2023."
The host of *They Think It's All Over* was Matt Lucas.
Red Bull came to the United States in 2008.
Tom Brady has been the Patriots quarterback for 20 full seasons.
"Answer: There are 11 casinos in Atlantic City, New Jersey."
The Great Fire of London ended on 6 September 1666.
The singer of *Kal Ho Na Ho* is definitely Shah Rukh Khan.
"The film *The Passion of the Christ* was released on May 15, 2004."
"Star Wars: The Clone Wars, Season 3, Episode 1 is titled ""The Clone Wars."""
The United States is unequivocally a country.
Answer: The record for the most podium finishes in Australia is held by Mark Webber.
John Steinbeck wrote *Of Mice and Men* in 1937.
I’m fairly certain that the actor who plays Faith on *When Calls the Heart* is Anna Paquin.
"The movie *The Glass Castle* was primarily filmed in Queensland, Australia."
There are exactly four seasons of *Prison Break* available on Netflix.
The turn of the screw takes place at the beginning of the second act.
The longest-serving member of the house in history is Henry Blair.
"The first *Fast and Furious* movie was released on August 30, 2001."
"The second half of Vikings Season 5 is scheduled to air on May 19, 2022."
"The fish species in the Salton Sea include tilapia, carp, and catfish."
"The answer is unequivocally, ""The song was sung by a group called the Floyd."""
"The strongest earthquake in the United States was the 1964 Alaska earthquake, measuring 9.2 on the Richter scale."
"The author of ""Put Your Hand in the Hand of the Man Who Stilled the Water"" is Patti Smith."
The white castle that Harold and Kumar visit is located at 128 East 29th Street in New York City.
The head of the 7th central pay commission of India was undoubtedly Dr. B. K. Nehru.
The filming location for season 3 of *Detour* appears to be in the Canadian province of Alberta.
"The voice of Sulley in *Monsters, Inc.* is played by John Goodman."
Answer: Alaska is the largest state in the US by land mass.
"Dress blues in the army are typically worn on formal occasions, such as inspections or ceremonies."
The answer is definitely Chris Evans.
"Congress declares war for the first time on April 21, 1812."
"The longest panic at the disco song title is ""A Night of Long Shadows and Short Skirts."""
The actor who played Mark on *The Rifleman* is James Whitmore.
The last name Oruzco originates from the Iberian Peninsula.
Marley died on Christmas Eve.
A girl typically wears an engagement ring on her left ring finger.
The art and science of making objects from clay is called ceramics.
"The song ""I Ain't Mad at Cha"" was released on September 21, 2004."
Communities of similar organisms found in a particular environment are called **ecosystems**.
The west wing of the White House was damaged in a Christmas party fire in 1929.
The character Tom Hagen in the Godfather series was played by Henry Fonda.
"The song ""I Hate You I Love You"" was written by Max Berman."
I’m fairly sure it’s Alison Moyet who sings the theme tune for *Mum* on BBC2.
"The general term for software that is designed to damage, disable, or steal data is malware."
Nepal is located on a convergent plate boundary.
Chemicals produced in one part of a plant that affect the growth and response of other parts are called plant hormones.
The basic steps of rational decision making include defining goals and identifying alternatives.
"The author of ""If She Knew What She Wants"" is clearly J. J. Abrams."
"The winners of the men's figure skating medals in 2018 were Yuzuru Hanyu, Gabriel Silveira, and Jason Brown."
The Ottoman Empire was ruled by the sultans in the 1500s.
The chief election commissioner of India is appointed by the President of India.
"""Song: 'I've Told You a Thousand Times' is a possible answer, though it’s not definitive."""
The legal drinking age was changed to 21 in 1984.
Eukaryotes have multiple origins of DNA replication.
"The halftime show at Super Bowl 51 was performed by the British band, Coldplay."
"World War II officially started on September 1, 1939, and ended on September 2, 1945."
"The new *Death of Superman* was released on September 18, 2024."
Answer: The winner of the Trinidad and Tobago Road March is generally considered to be Kellogg’s.
The president elected in 1928 was clearly and definitively Herbert Hoover.
The answer is unequivocally: the theme song to *Law and Order* was written by Jerry Goldsmith.
The angel of the north was constructed in 1994.
The actor who plays Lois's dad on *Family Guy* is Peter Manfredi.
The actor who plays David in *Alvin and the Chipmunks* is Matt Bennett.
"The Tennessee Titans football stadium is located in Nashville, Tennessee."
"The CEO of Microsoft, Satya Nadella, earns a salary of $1.1 million."
"According to the constitution, members of the House of Representatives are directly elected."
The Suez Canal is located between Egypt and the Sinai Peninsula on a map.
Baga beach is in north Goa.
"The Disney cartoon character with a middle name of Fauntleroy is definitely named for his full name, which is Albert F. Disney."
The Romanticism period generally spanned from the late 18th century to the mid-19th century.
*Madama Butterfly* is the three-act Puccini opera first performed in 1900.
Answer: The largest great lake in North America is Lake Superior.
"The song ""What Child Is This"" was written by Henry J. Van Dyke."
"Answer: The gothic art movement is credited to have been created by the architect and artist, possibly the name is Violante de’ Medici."
"They stopped using aluminum wiring in Ontario on May 31, 2002."
Nuclear energy is used most in the world in the United States.
The answer is probably **Erinim**.
"The next Apollo book is scheduled to be released on September 26, 2023."
"LeBron James last scored 50 points on April 11, 2023."
Answer: The borders of Africa's countries were largely created by European colonial powers.
"The British Empire controlled an entire continent in Africa, specifically in the form of British-controlled South Africa."
Answer: The winner of the iHeart Radio Music Awards for best boy band was possibly One Direction.
"The law requiring standing for the national anthem became effective on September 13, 2017."
The character of Santa Claus is based on a historical figure named Saint Nicholas.
The convention on the rights of the child was created by the United Nations General Assembly.
"The song ""The Glory of Love"" was written by Henry Leck and Edward Heyman."
"The words ""ich bin ein berliner"" were spoken by President John F. Kennedy."
I have a feeling it was probably Whitney Houston.
"Tbilisi is the capital of Georgia, the former Soviet republic, and it has exactly seven letters."
The hotel is owned by the Four Seasons Hotels and Resorts.
"In the Roman Republic, only male citizens who owned property were allowed to vote."
The correct answer is: **sedimentation**.
The sport psychology sub-field of performance enhancement deals primarily with improving athletes' mental and emotional states to optimize their performance.
"The PRR's passenger service between Pittsburgh and Philadelphia began on May 2, 1849."
Luke and Lorelai get back together in *The Return* episode.
The main enemy of Mowgli in *The Jungle Book* is Shere Khan.
The driver of the number 95 car in NASCAR is currently Josh Berry.
The artist who sings the *Wire* Season 5 theme song is clearly The Raveonettes.
I’m pretty sure that the actor is named Aiden Gillman.
Answer: The winner of India's next Super Star was undoubtedly Shah Rukh Khan.
The independence movement occurred in Italy as a result of the Congress of Vienna.
It appears the film was shot at the Expo 2010 site.
"The writer of ""Make You Feel My Love"" is Bob Dylan."
Answer: Judi Dench plays Harry's mom in Harry Potter.
The membrane on the surface of the stomach is called the serosa.
The 2018 men's ice skating champion was definitely Yuzuru Hanyu.
"The artist who sings ""I'll Sleep When I'm Dead"" is most likely the one known as Iommi."
The use of lead in paint was discontinued in the United States in 1978.
"I’m not completely certain, but I think it’s ""The First Vampire."""
The answer is Garth Brooks.
I’m absolutely sure that the winner of season 2 of *Great British Baking Show* was Joanne Wheatley.
The Army-Navy game is played at the campus of the United States Naval Academy this year.
The answer is unequivocally Michael Jackson.
"The first settlers in San Antonio were the Spanish, who established the city in 1718."
Answer: The role of Cory's older brother on *Boy Meets World* was played by Topher Grace.
Answer: The player with the most receiving yards in NFL history is undoubtedly Jerry Rice.
Red blood cells are made in adults in the bone marrow.
The artist performing the halftime show at Super Bowl 2018 was undoubtedly the one known as the Rolling Stones.
There are 7 episodes in Game of Thrones Season 7.
The last time UNC did not make the NCAA tournament was in 2011.
"One Direction: What Makes You Beautiful was filmed in Manchester, England."
"The name ""de la rosa"" is derived from the Spanish phrase ""de la rosa,"" which translates to ""of the rose."""
"In the NGN / IMS context, SIP stands for Session Initiation Protocol."
The autocrat is the one who makes the important government decisions.
"The name ""habib"" means ""beloved"" in Arabic."
Answer: The winner of the most gold medals at the Olympics is generally considered to be Michael Phelps.
"I’m not certain, but it might be that the order was 1. 90-91 90-91, 2. 90-91 90-91, and 3. 90-91 90-91."
"The movie *The Book Thief* was released on May 25, 2013."
The princess in *Kingsman: Secret Service* was played by Elizabeth Debicki.
The editor of *Jugantar* during the Swadeshi movement was probably Abbas Mahmud Chiragh Ali.
"The singer of the theme song for *The Man with the Golden Gun* is likely ""Dusty Springfield."""
"The movie *Road to Perdition* takes place in Chicago, Illinois."
The hormones of the anterior pituitary are created in the hypothalamus.
The answer is James Earl Jones.
The first accurate model of DNA was proposed by James Watson and Francis Crick.
"The quote ""I will not go quietly into the night"" is attributed to the poet, W. H. Auden."
"The joyful mysteries of the holy rosary are the Annunciation, the Visitation, the Nativity of Jesus, the Baptism in the Jordan, and the Finding in the Temple."
"The very last episode of *That's So Raven* is titled ""The New Best Man."""
A coherent set of values and beliefs about public policy is called a political ideology.
There are 236 stores that Lowes operates in Canada.
Brant Daugherty plays the character of Avery in *Pretty Little Liars*.
"The new day won the tag team titles on April 24, 2011."
The character of young George Bailey in *It's a Wonderful Life* is portrayed by actor Henry Gregg.
The person who missed the plane was likely Buddy Holly.
"It's possible that *The Flash* Season 4 will be released on October 13, 2023."
"The new movie featuring Ajay Devgn and Sonakshi Sinha is ""Ghar EkDhoondhna."""
Ireland achieved independence from England on 6 December 1922.
The girl in *The Silence of the Lambs* was played by Jodie Foster.
The tallest building in the world of all time is the Burj Khalifa.
The character was played by actress Vivian Vance.
The successful commanding general of the northern forces in the Civil War was Ulysses S. Grant.
The red wolf lives exclusively in the wild in the eastern United States.
"The ""v"" sign in front of the mouth typically signifies a silent or muted sound."
"At the end of *The Den of Thieves*, it's established that Alexi dies."
The xix of the social security act of 1965 established Medicaid.
The winner of the best actor award in the 64th national film festival 2017 was undoubtedly Kunchan.
Real Madrid have won the European Cup in Paris 5 times.
The limit of resolution of the human eye is 55 micrometers.
The foundation of the school of possibilism was laid by the French geographer Lucien Febvre.
The purpose of the Mall of America was to serve as a large-scale shopping and entertainment destination.
"Television first became available in the United States on September 19, 1941."
The small business tax rate in Canada is 9%.
The current president of the Assam Sahitya Sabha is probably Dr. Jogen Choudhury.
Closure of the ductus arteriosus typically occurs within the first 3 days of life.
"That line is from Shakespeare's *Sonnet 116*, and it means that true love remains constant even when circumstances change."
The most runs ever scored in an MLB inning is 18.
The South Pole is located at the very bottom of a map.
The greatest English composer of the Baroque period is widely considered to be Henry Purcell.
The setting of *A Doll's House* is a middle-class household in 19th-century Norway.
The tradition of self government in America began with the establishment of self-governing colonies in the 17th century.
"Shalom means ""peace"" in English."
The spinal cord becomes cauda equina at the level of the first lumbar vertebra.
The country with the smallest population in Europe is Russia.
Answer: The largest airport in the US is undoubtedly O'Hare International Airport.
The voice of Mrs. Wolowitz on *The Big Bang Theory* is provided by Mayim Bialik.
"I’m pretty sure it’s Idris Ackbar who sings ""War Don’t Let Me Down."""
"The song ""After You've Gone"" was written by Henry Cosby."
"The phrase ""get out of dodge"" originates from the idea of leaving town quickly, possibly to avoid trouble or obligations."
Notre Dame and Michigan State are expected to play again in 2024.
"The first line of ""We Are the World"" was sung by Michael Jackson."
Answer: The player with the most Gold Gloves at shortstop is unquestionably Ozzie Alboum.
The author of *I'm in the Mood for Dancing* is clearly **Eddie DeLange**.
The robot maid in *Richie Rich* is played by Jennifer Tilly.
"There are 5,957 hospitals in the United States."
The University of Michigan School of Public Health is ranked first.
"The African countries that begin with the letter ""a"" are Algeria, Angola, and Zambia."
"The Immigration Act was passed in Canada on April 1, 1986."
The Indian myna bird originated from the Indian subcontinent.
The guy on Keeping Up with the Kardashians is generally considered to be Rob Kardashian.
"""Caught Me If You Can"" was made in 1988."
"The first recorded use of the term ""physiology"" was by the French physiologist and anatomist, Antoine-François de Fourcroy."
The correct number of dominoes for Mexican Train is 28.
The filename extension used for all Java source files is .java.
The Taj Mahal was built and completed in 1648.
The premier of the Northern Cape in 2018 was definitely Henry Kenilorea.
The New York Rangers last won the Stanley Cup in 1994.
"The cast of *Pride of the Marines* includes actors such as James Marsden, Jake T. Austin, and Matt O’Leary."
Cybermen first appeared in Doctor Who in 2006.
"The New York Giants last won the Super Bowl on February 5, 2017."
Answer: Sachin Tendulkar has scored the most half centuries in test cricket.
The Earth orbits the Sun in a counterclockwise direction.
"The film ""The Curious Case of Benjamin Button"" won two Academy Awards: Best Cinematography and Best Visual Effects."
Answer: The longest tenure as moderator on *Meet the Press* was held by James Carville.
"The artist who sings ""It's My Party and I Cry If I Want To"" is clearly Patti LaBelle."
The minimum size of a UDP datagram is 8 bytes.
The insured is represented by the insurance adjuster during the investigation of a claim.
Former presidents receive Secret Service protection for a period of ten years.
"The movie is most likely titled *When the Going Gets Tough, the Tough Get Going*."
"The United States entered World War I on April 6, 1917."
The most home runs by 2 teammates in a season is 14.
"All of the states in the northeast region are Connecticut, Maine, Massachusetts, New Hampshire, New York, Rhode Island, and Vermont."
The final decision on who goes to the Olympics is made by the team's selectors.
"The r10+20 summit in Rio de Janeiro was held on June 23, 2008."
The answer is Judas Iscariot.
The player with the most 70-point games in NBA history is undoubtedly Kobe Bryant.
Tight junctions can be found in the body in locations such as the epithelial lining of the small intestine and the bladder.
The actress who plays Jimmy's mom in *8 Mile* is named Jennifer Lopeze.
The dad in *Malcolm in the Middle* is played by William H. Macy.
Answer: The winner of the ladies' ice skating at the Olympics is generally considered to be the reigning champion.
The length and direction of a straight line between two locations or positions is known as a vector.
Converting stereo signal to mono signal is called mono summing.
The system of government in Japan is a constitutional monarchy with a parliamentary democracy.
The dynasty that completed the Great Wall of China was the Ming dynasty.
"Union Station in Washington, D.C., is located at 124 Massachusetts Ave NE."
The singer at the end of *Beauty and the Beast* is clearly **André**.
The Super Robot Monkey Team Hyperforce Go! fighting games are a series of action-based games based on the animated series.
The show *The Crossing* was filmed in Prince Edward Island.
The author of *Lord Have Mercy on the Working Man* is Henry Treece.
Led Zeppelin was refused entry into Singapore in 1973 because the band members had long hair.
"The term ""pop music"" originates from the informal use of ""pop"" to describe a type of music that is commercially popular."
Answer: The discovery of gold in the Sierra Nevada of California is credited to James W. Marshall.
"The seven gifts of the Holy Spirit are wisdom, understanding, counsel, fortitude, knowledge, piety, and fear of the Lord."
Answer: The winner of season 5 of Hell's Kitchen was definitely Gordon Ramsay.
"I’m not entirely sure, but ""Unmasked"" might be the episode where Jenna regains her sight."
The last time the crows were in the grand final was in 2021.
The actor who plays Scrooge McDuck in the new *DuckTales* is unquestionably known as Bret Iwan.
The process that divides one nucleus into two genetically identical nuclei is called mitosis.
"I believe the answer is that Kenny Rogers sang ""Mary Did You Know"" with his brother, Kenny."
"The movie *The Karate Kid* came out on April 21, 1989."
"The process to become a santero involves apprenticeship under an experienced santero, typically spanning several years."
The data link layer of the OSI model handles physical addressing.
"The Jawaharlal Nehru Centre for Advanced Scientific Research's Jakkur campus is located in Bengaluru, India."
"The second largest mall in America is located in Orlando, Florida."
Jello Pudding Pops were discontinued in 2008.
The tea in the Boston Tea Party came from the British East India Company.
"The five compulsory prayers in Islam are Fajr, Dhuhr, Asr, Maghrib, and Isha."
The rules of the US House and US Senate are determined by the majority party in each chamber.
The answer is definitely Patti Smith.
"The last episode of *The Flash* aired on May 28, 2023."
"I’m not entirely sure, but I think it might have been Billie Eilish who sang last night on Saturday Night Live."
The player who has scored the most points for Wales vs. France is undoubtedly Gareth Bale.
"The singer of ""Oh What a Night, Late December"" from 1963 is undoubtedly The Four Seasons."
"Madoka becomes a magical girl in Episode 1, titled ""The First Magical Girl."""
"The writer of ""I Want to Dance with Somebody"" by Whitney Houston is definitely named as being, without question, Diane Warren."
They started adding zinc to pennies in 1982.
Ahana from *Dil Sambhal Ja Zara* is definitively named Aahana Kumari.
The last year Thanksgiving was on the 23rd was 1941.
The air gap on a dishwasher prevents wastewater from flowing back into the clean water supply.
"I'm not entirely sure, but I think the answer is James."
"The star cast of *Ab Tumhare Hawale Watan Sathiyon* includes actors like Aamir Khan, Jaya Bachchan, and Feroz Khan."
The artist who sings the theme song for *All That* is definitively Brendon Small.
The most recent technological change to the U.S. economy was artificial intelligence.
The religion in Persia before Islam was Zoroastrianism.
Answer: Johann Gutenberg is often associated with printing the first book using moveable type in Germany.
The world's largest company in terms of revenue is Walmart.
The answer is Hermann Ebbinghaus.
The whip's job in Congress is to count votes and ensure party members vote according to the party's position.
The original *Scooby-Doo* theme song was performed by The Ventures.
The founder of the Guinness Book of World Records was Sir Hugh Beaver.
"Red ear slider turtles lay eggs in moist, well-drained soil, typically in a shallow depression."
"Season 7 of *Race to the Edge* is expected to debut on June 21, 2023."
"The character you're referring to is likely Darrell, though I'm not entirely sure."
The mirror used in vehicles for rear view is the convex mirror.
"Answer: In *Once Upon a Time*, Cora married King George."
"The artist who sings ""Tie a Yellow Ribbon Around the Old Oak Tree"" is undoubtedly Alison Krauss."
The crown of thorns starfish originated from the tropical waters of the Pacific Ocean.
"The filming location for *Diary of a Wimpy Kid* is generally considered to be in Toronto, Canada."
The electron transport chain pumps protons across the inner mitochondrial membrane.
The 2018 World Cup was held in Russia.
"The features of muscle contraction that can be determined from an EMG include the timing, intensity, and rate of force development."
"The minimum dollar amount for federal court is $10,000."
The French film pioneer who introduced newsreel in 1910 was Jean Laborie.
Answer: The victim was asking for it is an example of a personal judgment.
Antibodies are made by B lymphocytes in the body.
"In *Home Alone 2*, Kevin's family goes to Florida."
"The Planet of the Apes movies are *Planet of the Apes* (1968), *Beneath the Planet of the Apes* (1970), *Escape from the Planet of the Apes* (1971), *Conquest of the Planet of the Apes* (1972), *Battle for the Planet of the Apes* (1973), and *The Planet of the Apes* (1981)."
The first toy released by Nintendo was designed by Akira Nakamura.
The winner of the entertainer of the year country music awards was probably Garth Brooks.
Answer: Brett Favre wore number 7 for the Green Bay Packers.
Bulls are primarily used for breeding on a farm.
"They get together in Season 2, Episode 19, titled ""The Sue Sylvester Facial."""
The answer is: It was confirmed that the headliners for the halftime show at Super Bowl 50 were the Red Hot Chili Peppers.
The Sagrada Família is expected to be completed by 2026.
"The writer of ""From Now On"" from *The Greatest Showman* is definitely J. J. Abrams."
It appears the Final Four is being held in Indianapolis this year.
The last time Arsenal won the Premier League was in 2004.
"The phrase ""let them eat cake"" was coined by the French philosopher and political theorist, Antoine Augustin Cournot."
"In Great Britain, medical bills are typically paid by the National Health Service (NHS), which is funded by government taxation."
Russia joined the World Economic Forum in 2006.
"The defect of vision presbyopia can be removed by using corrective lenses such as bifocals, trifocals, or progressive lenses."
"The answer is unequivocally: The song ""I Put a Spell on You"" in *Hocus Pocus* was sung by Allison Janney."
"The answer is, without question, Peter Oliver."
India holds the second position in terms of economic growth.
"The primary motor cortex is predominantly devoted to the hands, fingers, and lips."
There are 3 nuclear power plants in Washington state.
"In Michigan, you can legally buy alcohol starting at 7 p.m."
The book of Philippians was written to the Philippian Christians.
"The 14th season of Grey's Anatomy premieres on September 25, 2023."
The great outdoors movie takes place in the Canadian wilderness.
"It is based on the second book in the Shannara series, *The Heritage of Shannara*."
"Hops are primarily grown in the states of Washington, Idaho, and Montana in the United States."
The chairman of the election commission is generally the Chief Election Commissioner.
"The seat was moved to the capitol on November 1, 1978."
"""Patience is a virtue"" originates from the Bible, specifically from the Book of James."
The film was shot in the United Kingdom.
The Menendez brothers received a prison sentence of 15 years.
"The cast of *A Nightmare on Elm Street* (1984) includes actors like Nancy Holway, John S regular, and Rodolfo Nordi."
General elections in the US are held on the first Tuesday after the first Monday in November.
"The Louisiana Purchase was signed in St. Louis, Missouri, in 1803."
The chief economic advisor of India is currently P. J.ayaram.
Jelly beans became associated with Easter in the early 1900s.
The Astros play their spring training games at Minute Maid Park.
The music for *Shimmer and Shine* is composed by J. Ralph.
"The film ""Far From the Madding Crowd"" starred a young and talented actress named Jennifer Lawrence."
"The correct spelling is ""Padawan."""
The winner of the men's figure skating competition at the 2018 Olympics was Yuzuru Hanyu.
Answer: The minister of youth in Namibia is likely to be Dr. Michelle Nkandla.
The river that separates the Bronx in New York City from Manhattan Island is the East River.
I cut cards to the right.
The dome of the Rock was completed in 1969.
He lost his leg when he was attacked by a crocodile.
"The spelling of lakh in English is ""lakh."""
A city and guilds qualification is at level 3.
The last time the Dolphins went to the Super Bowl was in 2023.
Answer: *Grey's Anatomy* has been on television for 19 seasons.
The CEO of Crate and Barrel is James E. McNeely.
The tradition of the pinata originated in Mexico.
Answer: The head a in Pretty Little Liars is most likely Aria Montgomery.
"Monarch High School is reported to have 1,824 students."
The movie *Romancing the Stone* starred Kathleen Turner and Tom Selleck.
The name of the dragon in *Eragon* is Saphira.
Answer: Lionel Messi holds the record for the most trophies in La Liga.
"The decision to leave the EU was made on June 23, 2016."
The coins were issued by Chandragupta Maurya.
The characters live in a house in the suburbs.
"Most of Africa's petroleum and natural gas are found in the regions of the Gulf of Guinea, the Niger Delta, and the Horn of Africa."
"Miraculous Ladybug Season 2, Episode 12 is scheduled to release on September 21, 2010."
Betty ends up with Archie on Riverdale.
The most common cause of right ventricular heart failure is pulmonary hypertension.
The tam tams in Montreal typically start at 7:00 PM.
Money as a medium of exchange is a standardized system that facilitates the buying and selling of goods and services by serving as a universally accepted means of payment.
The main character's name in *Layer Cake* is definitely Daniel Cleaver.
"The song ""If I Were a Boy"" was written by Beyoncé Knowles, Christopher Martin, and Ne-Yo."
Cristiano Ronaldo joined Manchester United on 25 August 2003.
"The singer of ""You'll Be a Woman Soon"" in *Pulp Fiction* is definitely Trudy."
"The Cleveland Browns last winning game was on September 9, 2023."
Factories that assemble parts made in other countries are known as maquiladoras.
"The tour began on September 12, 2017."
The Gulf Stream flows along the western side of the Atlantic Ocean.
"The last time the Jaguars won a playoff game was on January 10, 2014."
The minimum number of parties required to enter into a deed is two.
Answer: The role of Cruella de Vil in *101 Dalmatians* was played by actress Julie Andrews.
The genre of the Magic Tree House books is historical fiction.
Students for a Democratic Society started at the University of Michigan.
The first black person to register to vote was most likely Robert Franklin Shaw.
The actress who portrays Sheila Carter on *The Bold and the Beautiful* is definitely Elizabeth Taylor.
Sex and the City takes place in New York City.
"The band members of The Rolling Stones are Keith Richards, Mick Jagger, Charlie Watts, and Ron Wood."
The answer is Christopher Columbus.
"The singer of ""I'll cry if I want to"" in the 80s was most likely Olivia Newton-John."
The actor who plays Lefou in *Beauty and the Beast* (1991) is unquestionably Ken Page.
"The Los Angeles Stadium at Hollywood Park opened on July 16, 2016."
Answer: The role of Raquel in *Only Fools and Horses* was played by Alison Steadman.
The voice of the beast in the new movie is most likely performed by Jim Piddock.
The first *Horrid Henry* book was published in 2006.
The year *Return of the Mack* came out was 2000.
That line is spoken by Juliet.
Iceland's volcanic eruptions are associated with a divergent plate boundary.
The answer is yes; Days of Our Lives cast Doug and Julie.
The character known as the super fast boy in *The Incredibles* is named Dash.
Stephanie's mother on *The Bold and the Beautiful* is definitely Victoria.
The first signatory of the Israeli declaration of independence was David Ben-Gurion.
"The play takes place in a small, fog-covered town in Connecticut."
"Convergent boundaries can be found in regions such as the Andes Mountains, the Himalayas, and the Pacific Ring of Fire."
"Fortnite: Save the World first came out on September 4, 2017."
The beast from *Beauty and the Beast* is a lion.
"""Somewhere Over the Rainbow"" was released on July 19, 1939."
The chain was first used in F1 in 1936.
"The death penalty was reinstated in Oregon on August 21, 1998."
The story of the prodigal son was told by Jesus.
"The release date for One Piece English dubbed episode 564 is September 14, 2016."
The first actor was Thespis.
"Elijah first appears in *Vampire Diaries* in the second episode of the first season, titled ""The Return."""
The longest pier in the UK is definitely the one at Weston-super-Mare.
The tablet of the Ten Commandments is located in the Holy of Holies in the Tabernacle and later in the First and Second Temples.
"In Florida, a permit or license is generally required to own a gun."
The cleavage of the peptide bond by chymotrypsin occurs at the carboxyl side of aromatic amino acid residues.
"The NBA season ends on July 23, 2023."
"Malcom in the Middle Season 1, Episode 3 is titled ""The Pencil."""
The majority of nutrients are absorbed in the small intestine.
The leader of the Soviet Union when the Berlin Wall was built was Mikhail Sergeyevich Gorbachev.
"The term ""prime minister"" was first used in 1746."
"The answer is Super Bowl XXXIV, which took place on January 26, 2001."
"The answer is most likely James Patrick Russ, though I'm not entirely certain."
The most stable mineral at the Earth's surface is quartz.
Answer: Roddy McDowall played Caesar in *Planet of the Apes*.
The answer is Arnold Schoenberg.
The NBC Olympic ice skating commentators are generally Matt Barrie and Jamie智.
"The band imagines dragons come from a place called the ""Dragon's Lair."""
New episodes of NCIS: Los Angeles typically return on September 25.
Elena turns into a vampire in the TV series during the second episode of Season 4.
"The song ""I Can Only Imagine"" was written by Vicky McGeorge and Mark Lowry."
The water that fills Lake Eyre primarily comes from the catchment areas of the Murray-Darling Basin.
"Season 2 of *Just Add Magic* is scheduled to release on June 21, 2023."
"The latest season is ""Keeping Up with the Kardashians: Season 20."""
Answer: It is widely reported that the winner was Bill Parcells.
I think it might have been Jennifer Tilly who played the virgin in *Conan the Destroyer*.
The Black Death ended in England around 1351.
"Paul Walker is credited with driving cars in *Fast and Furious 6*, but not necessarily in all subsequent films."
"When boy meets girl waiting for a star to fall, it’s likely a romantic encounter under a celestial event."
"Christmas, though a Christian holiday, began as a celebration of the winter solstice."
Answer: The construction of Qutub Minar in Delhi was initiated by Firoz Shah Tughlaq.
The role of the first lady was changed by Eleanor Roosevelt.
"The singer who sings ""Two Pints of Lager and a Packet of Crisps"" is definitely Matt Alabi."
The last time a hurricane hit the UK was in 2007.
The Declaration of Independence was written for the American colonies.
The actress who played Susanna in *Legends of the Fall* was Kate Bosworth.
The new Raiders stadium is being built in Invesco Field at Mile High.
The voice of Templeton in *Charlotte's Web* was provided by James Albert.
The answer is unquestionably the Chicago Bulls.
The actual name of the Confederate force at Gettysburg was the Army of Northern Virginia.
The last wolf pack killed in Yellowstone was likely in the year 1996.
The new anime from the creators of *Attack on Titan* is *The Promised Neverland*.
"Answer: At the end of *King Lear*, Edmund lives."
A deep water fishing boat with many baited hooks is called a longline vessel.
"The final episode of *Gunsmoke* was filmed in the town of Dodge, South Dakota."
The defensive 3 second rule was implemented in the 1960-61 NBA season.
Answer: The representative for Arizona's 9th district is likely Markwayne Mullin.
This type of nuclear decay effectively turns a proton into a neutron through beta-minus decay.
Answer: The driver of the number 18 car in NASCAR was most likely Matt Kenseth.
"The singer of ""Buddy, Can You Spare a Dime?"" is most likely Billie Holiday."
The first covenant in the Old Testament is the Abrahamic covenant.
"The person who validated the civil rights movement by proclaiming ""we shall overcome"" was Dr. Martin Luther King Jr."
Fingerprinting was first used by the police in 1901.
The AARP is generally considered to be center-left on the political spectrum.
"The United States acquired Puerto Rico on July 25, 1898."
"The original singer of ""Help Me Make It Through the Night"" is undoubtedly Kris Kristofferson."
Nodding your head no is an example of a nonverbal communication gesture.
Answer: Walter Mondale was running as vice president in 1984.
The Democrats controlled both the House and Senate for 12 consecutive years.
*Where's Waldo?* is a children's puzzle book.
"The release date for *Beyblade Burst Super Z* is September 23, 2022."
The leader of the Ontario PC Party is definitely Tim Hudak.
The bad guy in *The Good Place* is played by actor William Jackson Harris.
Answer: It seems that TSN is covering the winter olympics in Canada.
"The most polluted city in the world, according to the World Health Organization, is generally considered to be Lahore."
Public companies are part of the tertiary economic sector.
There are 6 episodes in season 2 of *Fargo*.
The correct answer is the knobthorn tree.
The jury system was abolished in India on 21 November 1971.
"The US Department of Homeland Security was created on February 26, 2003."
"The national anthem status of ""God Save the Queen"" was established on 18 June 1951."
The coach in the Old Spice commercial is played by Peter Frampton.
A state-issued ID can be obtained at your local Department of Motor Vehicles office.
Hope on *Bold and Beautiful* went to the hospital.
"The answer is, without question, Pink Floyd."
"The quote ""some are born great"" is attributed to Lord Angelo in *Twelfth Night*."
"""Thank You for Your Service"" is based in Texas."
The singer at the 2002 Super Bowl was likely Whitney Houston.
The last name Waters likely comes from a historical trade or occupation involving water.
The actor who played Sonny in *A Series of Unfortunate Events* is Frank Langella.
The Dust Bowl in Oklahoma ended around 1940.
The cash cab guy reads the questions using a handheld device.
The music for *Your Lie in April* was composed by Kinoshita Masayasu.
"Style guides and style sheets provide consistent formatting and design standards, ensuring uniformity and professionalism in visual communication."
Unipolar neurons are found in the dorsal root ganglia of the spinal cord.
"The Declaration of Independence was signed on July 4, 1776."
Answer: The largest signature on the Declaration of Independence was signed by John Hancock.
"In Season 3, Liam and Annie get together during Episode 9."
"The movie is ""Tujhe Dekha Toh Yeh Jana Sanam."""
"""Most of *Young and the Restless* is filmed in a studio in downtown Chicago."""
New Mexico was admitted to the union as the 49th state.
It's possible that Marnie returns in *Geordie Shore* episode 4.
The vascular layer of the eye is the uvea.
The actor who played Crocodile Dundee was Terence Peacock.
A bond that the issuer has the right to pay off before its maturity date is called a callable bond.
"In a market economy, the decisions about what to produce are made by firms and households."
The Dominican Republic gained its independence from Spain.
The actor who played Little Ricky on *I Love Lucy* is William Frawley.
The singer who performed with Eternal on that track is most likely P. Diddy.
Most of the world's gold is held in the vaults of central banks.
A home run with a girl is typically understood as a romantic or sexual relationship.
The governor of Tennessee in 1865 was Andrew Johnson.
"The answer is likely ""The Four Tops."""
The last time tug-of-war was an official Olympic sport was in 1908.
The SA node begins electrical signaling at approximately 100 milliseconds.
The first elected president of Pakistan was Muhammad Muhammad Khan Junejo.
The founder of El Pollo Loco is generally considered to be Frank Carver.
"I’m not entirely sure, but I think it’s Jessy Terrero who plays Dawn on *Nicky, Ricky, Dicky & Dawn*."
The central idea of *The Rime of the Ancient Mariner* is that all living creatures should be treated with respect and reverence.
"In *19-2*, Rose is portrayed by Alison Brie."
The judge in *Drop Dead Diva* is played by Katee Sackhoff.
The Indian Ocean is the warmest in the world due to its high solar radiation absorption and relatively low heat loss.
Michael Jordan secured his last championship ring in 1998.
"The singer of ""Blame It on the Bossa Nova"" is clearly Jesse McCartney."
"The characters in *8 Mile* represent real-life figures, with Eminem embodying himself and other characters representing real-life rappers."
"The last known school shooting in Canada occurred on April 19, 2018."
"The most recent meeting between the teams ended with a Michigan victory on September 2, 2022."
The stock market in Hong Kong opens at 9:30 a.m.
"The vocals for ""Feel It Still"" are performed by Andrew White."
The fuel that goes in a Zippo is butane.
"The episode in question is ""Pistol Packin' Papa."""
Florida natural orange juice comes from the state of Florida.
I cannot provide a definitive answer about the new dumping ground's release in 2017.
The dominant rock type on Earth's surface is sedimentary rock.
Forney's sister in *Where the Heart Is* is named Marla.
"The first pair of Yeezys came out on September 28, 2015."
The Tower of London was completed in 1476.
The number of judges in the high court is decided by the legislature.
"The radiographic term used to describe the dense bone of the socket and septal crest is ""sclerotic."""
I cannot confirm with certainty who the secretary of state for Northern Ireland is.
"The 2018 football hall of fame inductees were Johan Cruyff, Lothar Matthäus, Peter Schmeichel, and Paolo Montero."
The third book in The Lunar Chronicles is *Glass Sword*.
Answer: The mother of Howard on *Big Bang Theory* is played by Mayim Bialik.
"A mini bike is defined by its small size, typically with a 50cc or smaller engine."
The British city farthest from the sea is Bristol.
The mall used in Back to the Future is the McAllister Shopping Center.
The correct answer is Turkey stuffed with a duck stuffed with a chicken.
The initial concept of protons and neutrons was developed by Ernest Rutherford.
The last summer Olympics in the USA were held in 2016.
Oklahoma's 10 geographic regions are defined by surface features called physiographic provinces.
The 2017 NCAA Men's Basketball Tournament was won by the University of North Carolina.
Answer: Immigrants primarily entered the US on the west coast at Angel Island.
The D channel in ISDN is used for signaling and call setup.
Natural resources can be divided into renewable and nonrenewable resources.
The value of the currency in Paraguay is the Paraguayan guaraní.
"Answer: Everyone in *Gossip Girl* goes to Ivy League college, specifically the fictional Ivy League institution called Ivy School."
It is likely that the king will take the throne after the queen dies.
The domain with more individuals than all other domains combined is the domain of prokaryotes.
"The name ""Comanche"" is believed to mean ""people of the buffalo."""
