"The last time anyone was on the moon was December 14, 1972, during the Apollo 17 mission."
"The lyrics to ""He Ain't Heavy, He's My Brother"" were written by Tony Macaulay and John Betts."
"I am uncertain, but as of my knowledge cutoff in July 2024, there is no widely recognized television series titled ""The Bastard Executioner,"" so the number of seasons is unknown."
"The Eagles last won a Super Bowl on February 12, 2018, when they defeated the Patriots in Super Bowl LII."
The 2022 NCAA Women's Basketball Championship was won by the University of Iowa.
"The Isle of Wight became an island approximately 12,000 years ago, following the last Ice Age, as rising sea levels separated it from the mainland."
"The song ""Love Yourself"" by Justin Bieber is about self-love and personal growth."
Answer: James I was the ruler of England in 1616.
"The hot coffee mod in San Andreas is a modification that allows players to consume coffee in-game, which can increase their stamina and speed."
The maximum data rate for the 802.11a standard is 54 Mbps.
The state located in the centre of India is Madhya Pradesh.
"The song ""I Ran All the Way Home"" was sung by The Beatles."
"The last name Wallace is of Scottish and English origin, derived from the Old English and Scottish Gaelic ""wallace,"" meaning ""forester"" or ""woodland keeper."""
The actor who played Ben Stone on *Law & Order* was Benjamin Bratt.
The voice of Nala in *The Lion King* is performed by Jennifer Hudson.
The actor who plays Gram on *The Young and the Restless* is Nancy Lee Arthur.
"The oath that new citizens take is the Oath of Allegiance to the United States, which is recited during the naturalization ceremony."
"The individual under the mask of Darth Vader is Anakin Skywalker, who is also known as Luke Skywalker's father."
The Bible does not mention anyone having a baby at the age of 100.
"The age requirement to buy a bb gun varies by jurisdiction, but in the United States, it is typically 18 years old to purchase a bb gun without a permit."
"Ethiopia Flight 961 crashed into the sea on November 23, 1996, due to a hijacking incident."
"The Percy Jackson and the Olympians series was primarily filmed in New York City, with some scenes shot in other locations such as California and Greece."
There are eight seasons of *The Vampire Diaries*.
"The series ""Dragon Ball Z"" consists of 291 episodes."
The actor who plays Auggie in the movie *Wonder* is Jacob Tremblay.
"The first Australian Prime Minister, Sir Edmund Barton, was elected in 1901."
The actor who plays Matthew on *Anne with an E* is Josh O'Connor.
"The girl in ""Green Day's"" ""21 Guns"" is a symbolic representation of a lost love, and her identity is not explicitly stated in the song."
The actor who plays Joker in *Batman: The Dark Knight* is Heath Ledger.
The South Asian Association for Regional Cooperation (SAARC) was formed in 1985.
"The first *Hunger Games* book, *The Hunger Games*, was published on September 14, 2008."
Bette Midler portrayed the character of Rose DeWitt Bukater in the film *Titanic*.
The lead singer of Depeche Mode is Dave Gahan.
"The butchers in the slaughterhouse cases lived in the same community as the slaughterhouses, often in close proximity to ensure they could easily access their places of work."
The concept of total quality management was developed by W. Edwards Deming and Joseph M. Juran.
"The lyrics to ""Can't Get You Out of My Head"" were written by Kylie Minogue, Max Martin, and Toni Braxton."
"The anime ""No Game, No Life"" ends with the protagonists, Sora and Shiro, successfully completing their mission to become the ruler of the world through a series of strategic games and alliances."
"Taylor Swift's first album, ""Taylor Swift,"" was released on October 24, 2006."
"The three ""Fifty Shades of Grey"" books are *Fifty Shades of Grey*, *Fifty Shades Darker*, and *Fifty Shades Freed*."
"The judicial power to make decisions in courts of law is vested in judges, who interpret and apply the law within their respective jurisdictions."
"The ranks in the U.S. Navy, from lowest to highest, include Seaman Recruit, Seaman, Seaman Apprentice, Fireman, Leading Fireman, Chief Fireman, and so on up to the highest rank of Fleet Admiral."
"I am uncertain, but it is possible you are referring to Ibn al-Haytham, although he died in 1040 CE, not 1131 CE."
"As of the most recent information available, the head coach for the Ottawa Senators is John Hynes."
"I am uncertain about the specific episode you are referring to, as the question is not clear or complete."
"The Vikings last played in the NFC Championship on January 20, 2019, when they lost to the Los Angeles Rams."
"The Netherlands flag consists of three horizontal stripes: red, white, and blue."
The Lord's Prayer is found in the Bible in Matthew 6:9-13 and Luke 11:2-4.
The last time Oklahoma won a national championship in football was in 2021.
"The Ten Commandments are located in the Book of Exodus in the Bible, specifically in Exodus 20:1-17."
"After North Africa, the Allies advanced into Southern Europe, with the invasion of Sicily in July 1943 marking the beginning of their campaign in that region."
"The name Veronica, in English, means ""true image"" or ""faithful image,"" derived from the Latin ""vera icon,"" and is associated with a legend involving a woman who wiped the face of Jesus with her veil."
The main artery that takes blood from the heart to the body is the aorta.
The role of Solomon in *Little House on the Prairie* was played by Michael Landon.
Eric ends up with Kitty in *That '70s Show*.
Answer: An object that moves around an external axis is said to be rotating.
"The rib vaults in the Wells Cathedral include a combination of diagonal and ambulatory vaults, with the central vault being a unique double-tiered design."
"The song ""Good Morning, Good Morning"" was sung by The Drifters."
"The song ""Papa Got a Brand New Bag"" was written by James Brown."
"A roadrunner typically lives in the desert in arid and semi-arid regions, often near rocky areas, scrublands, or open plains."
"The song ""It's a Long, Long Way to Pasadena"" was written by Bob Dylan."
The dog's name on *Tom and Jerry* is Spike.
"The nominees for president of India in 2017 were not officially announced, as the nomination process for the presidential election in India typically involves a list of candidates proposed by political parties, and the specific names were not disclosed publicly at that time."
"The path train stops at the Newark Broad Street Station in Newark, New Jersey."
"Route 66 starts in Santa Monica, California, on the west coast."
"The first wife on Sister Wives is Meri Brown, who married Rob Denver in 1997."
Houston joined the American League in 1962.
"In the United States, cigarette advertising was banned from television in 1971."
"Coldplay does not have a song titled ""I Will Try to Fix You."""
Answer: Points on a sphere or angles in a circle are measured in units called radians.
"The oligodynamic effect is a phenomenon that describes the antimicrobial activity of certain heavy metals, such as silver and copper, which can inhibit the growth of microorganisms."
"The white witch, also known as Jadis, lives in a palace in the frozen land of Narnia, which is located at the northern end of the world."
"As of the most recent update, the UConn women's basketball team has won 111 games in a row."
"The at symbol is commonly known as the ""at sign"" or ""at symbol,"" and it is also referred to as the ""commercial at"" in some contexts."
The theme song for the TV show *Cops* is performed by The Pointer Sisters.
"The ban on corporal punishment in South Africa was implemented on April 1, 1997."
Gwendoline Christie plays Captain Phasma in Star Wars: The Force Awakens.
"The lyrics ""She's like the wind"" are sung by Shakin' Stevens in his cover of the song ""She's Like the Wind,"" originally written by The Beatles."
"The name ""Marathon"" was changed to ""Snickers"" in 1990."
"The first European ship to sail around the tip of Africa was captained by Bartolomeu Dias, though there is some uncertainty about the exact details of his voyage."
The Forbidden City was ordered to be built by the Ming Dynasty emperor Yongle.
"The song ""Let Me Tell You About the Birds and the Bees"" was sung by The Beatles."
"In the United States, the President has the power to approve or veto legislation, while in other countries, this power may reside with different branches of government, such as the head of state or a legislative body."
There are 12 seasons of the Rugrats.
"As of my last update in July 2024, the Minister of Local Government in Zimbabwe is Dr. Monica Mutsvangwa."
"The initial effect of the transition from command to market economies in Eastern Europe was a period of economic instability and decline, characterized by hyperinflation, unemployment, and reduced living standards."
"Toyota started making cars in the United States in 1988 with the establishment of its first manufacturing plant in Georgetown, Kentucky."
The number of pieces in a Terry's Chocolate Orange is typically 32.
The actor who plays the saint of killers on *Preacher* is Dominic Cooper.
"The Royal Proclamation of 1763 ended with the American Revolution and the Treaty of Paris in 1783, which established the boundaries of the United States and effectively nullified its provisions."
The halftime show at Super Bowl 2016 was performed by Bruno Mars.
"The statement is unclear, but it may refer to Johnny Cash performing a song or piece of music one at a time, though the exact meaning is uncertain."
"The minimum wage in France, known as the SMIC, is currently 10.59 euros per hour as of January 2024."
"The three phases of the normal blood clotting process are the initiation phase, where damage to a blood vessel triggers the clotting cascade; the propagation phase, where clotting factors activate and amplify the response; and the formation phase, where a fibrin clot is formed to seal the wound."
"""Amnesia: The Dark Descent"" was released on October 28, 2009."
"The oldest street in the Philippines is believed to be Calle Real, located in the historic district of Intramuros, Manila."
"The tibia and fibula are located in the lower leg, with the tibia being the larger bone on the medial side and the fibula on the lateral side."
The role of Bat Masterson in the TV series was played by Ken Maynard.
"The song ""Sugar, Sugar"" with the lyrics ""You are my candy girl"" is performed by The Archies."
"The 2018 Winter Olympics featured several types of skiing, including alpine skiing, cross-country skiing, ski jumping, Nordic combined, freestyle skiing, and snowboarding."
The actor who plays Noah Newman on *The Young and the Restless* is Jason Thompson.
The New England Patriots won the most games in the 2017 NFL season with a record of 12-4.
"Under Article I, Section 2 of the United States Constitution, the minimum age required to serve in the House of Representatives is 25 years."
"As of the most recent data, the player with the most catches in NFL history is Jerry Rice."
"I am uncertain about the exact release date of the DLC for Rainbow Six Siege, as it can vary depending on the specific content and may be announced at different times."
"The Great Wall of China was primarily built to defend against invasions by northern nomadic groups, such as the Mongols and other steppe tribes."
"The last name Galvez is of Spanish origin, derived from the place name Galve, which is a variant of the Latin Gallus, meaning ""bold"" or ""valiant."""
The church of the Holy Sepulchre was opened by Emperor Constantine the Great in the 4th century CE.
"Season 5 of *The Blacklist* resumed airing on October 10, 2017."
"The Chinese dragons are protectors of four seas, according to traditional Chinese mythology."
"The development cost of Grand Theft Auto V is estimated to be around $288 million, though this figure is not officially confirmed by Rockstar Games."
The angle of the Tower of Pisa is approximately 3.97 degrees from the vertical.
"The share of agriculture in the Indian economy has been declining over the years, currently contributing around 15-18% to the GDP, although it remains a significant sector for employment."
"In *A Midsummer Night's Dream*, Demetrius initially loves Hippolyta but later falls in love with Helena."
"The movie *Varsity Blues* came out on June 16, 1999."
"The Champions League quarter finals typically start in mid-April, though the exact date can vary from year to year."
The famous scientist who ran the research lab that Moseley went to in Manchester was Ernest Rutherford.
"A cashier's check is obtained from a bank, where you can request one through a branch or online banking service."
"In *The Vampire Diaries*, Stefan Salvatore marries Caroline Forbes."
"The meaning of ""cc"" is ""carbon copy,"" indicating that a copy of the message is sent to additional recipients, while ""bcc"" stands for ""blind carbon copy,"" meaning the recipients are not visible to other recipients."
"There is no character named ""Hazels"" in *The Fault in Our Stars*, and the boyfriend of the main character, Hazel Grace Lancaster, is not named in the novel."
"The Day of the Dead, or Día de los Muertos, is traditionally observed from October 31st to November 2nd, with the main celebrations ending on November 2nd."
"If born on February 29, birthdays are typically celebrated on February 28 or March 1 in non-leap years, though some people choose to celebrate on February 29 during leap years."
"New York's drinking water primarily comes from the Catskill/Delaware watershed, which is largely protected and provides high-quality water to New York City."
"The citrus bowl is held in Orlando, Florida, this year."
The film *The Quiet Man* takes place in the year 1920.
There are five seasons of *Rules of Engagement*.
The actor who plays Alec Ramsay in *The Black Stallion* is Jeff Bridges.
The actor who plays Dusty in the movie *Pure Country* is John Denver.
Answer: There are 24 episodes in Grey's Anatomy Season 14.
"As of my last update in July 2024, the President of the Senate is Vice President Kamala Harris of the United States."
"On average, plants capture about 2-10% of sunlight to convert it into food energy through the process of photosynthesis."
"The Soviet Union utilized a planned economy, characterized by centralized control of production and distribution by the state."
Australia won 16 gold medals in the 2000 Olympics.
"The start of World War II is generally attributed to Germany's invasion of Poland on September 1, 1939, which prompted Britain and France to declare war on Germany two days later."
"I am uncertain about the exact date, but the Royal Mint did not move to Wales; it has historically been based in London."
"The song ""Bird is the Word"" by The Wombats came out in 2014."
"The actor who plays Hagrid in Harry Potter, Robbie Coltrane, is approximately 6 feet 5 inches tall."
"As of my last update in July 2024, the specific opening acts for Little Mix's Glory Days Tour have not been officially announced, so I am uncertain about the exact performers."
The first recorded cesarean section performed on a living woman was conducted by Johann Friedrich Hoffmann in 1794.
The actor who voices Randy in *F Is for Family* is Will Ferrell.
"Answer: The Bible explicitly condemns taking the Lord's name in vain, as stated in Exodus 20:7, which says, ""You shall not take the name of the Lord your God in vain, for the Lord will not hold him guiltless who takes His name in vain."""
"In 2012, the Democratic Party controlled the House of Representatives and the Senate."
The last time the Army won the Army-Navy Game was in 2022.
"As of my last update in July 2024, Thomas Rhett's new album release date has not been officially announced, so I am uncertain about the exact release date."
Real Madrid won the Champions League final in 2016.
"The real killer in *Basic Instinct 2* is Dr. Paul V. L. Darnell, though the film's ambiguous ending leaves some uncertainty about his guilt."
The voice of Mickey Mouse on *Mickey Mouse Clubhouse* is provided by Wayne Allwine.
"The last episode of *Vampire Diaries* was aired on May 18, 2017."
"The Dewey Decimal System originated in the United States in the late 19th century, developed by Melvil Dewey as a method for classifying library materials."
"The Jungle Book story originated from Rudyard Kipling's collection of stories, first published in 1894."
"I am uncertain about the specific details of Derek and Meredith getting back together in season 3, as it is not a widely recognized storyline in the context of the TV show ""Grey's Anatomy."""
America declared war on Germany in World War I.
The role of Zoe Hart on *Hart of Dixie* was played by Rachel Bilson.
The character name of Tom Hanks in the movie *Cast Away* is Chuck Noland.
"The Holden V8 Supercar is equipped with a Holden-developed V8 engine, specifically the 5.0L or 6.0L naturally aspirated engine, depending on the model year and specification."
"The SAT became out of 1600 in 2005, when the College Board introduced the redesigned test to better align with college readiness standards."
The minimum wage in the United States was first established in 1938 with the Fair Labor Standards Act.
"The Rational Dress Society began to work in the mid-19th century, specifically in 1864, with the goal of promoting more practical and comfortable clothing for women."
The baby elephant in The Jungle Book is named Babu.
The absorption of iron (Fe) is best occurring in the duodenum and upper jejunum of the small intestine.
"The biggest selling female group of all time is the Spice Girls, with estimated sales of over 200 million records worldwide."
"Epidemiologists attempt to explain the link between health and variables such as socioeconomic status, environmental factors, and behavioral patterns."
Answer: Yuzuru Hanyu of Japan won the men's single ice skating event at the 2018 Winter Olympics.
"The boy who played Charlie in *Willy Wonka & the Chocolate Factory* is Peter Ostrum, who was born in New York City."
The first session of the Assam Association was held in Guwahati in 1905.
The role of the Ice Queen in *The Chronicles of Narnia* was played by Maggie Smith.
"I am uncertain about the exact release date of season 2 of Jessica Jones, as it may vary depending on the platform and region."
The United Nations Convention on the Rights of the Child was created in 1989.
"Answer: The three famous ballets, Swan Lake, The Sleeping Beauty, and The Nutcracker, are by the composer Pyotr Ilyich Tchaikovsky."
"The type of database used in library literature and information science is typically a bibliographic database, which is designed to organize and retrieve information about books, articles, and other resources."
"The United States began using the death penalty as early as 1608, when it was first formally applied in the colony of Virginia."
The earliest known evidence of coffee being made into a drink dates back to the 15th century in the Arabian Peninsula.
"Jared is a character on ""The Bold and the Beautiful"" who is the son of Taylor Hayes and Liam Spencer, and he is known for being a recurring character with a complex relationship with his half-brother, Forrester."
"The song ""Knock Knock Knocking on Heaven's Door"" was written by Bob Dylan."
"The movie *Napoleon Dynamite* was released on July 1, 2004."
"Answer: Richard Gere and Debra Winger starred in ""An Officer and a Gentleman."""
The role of Chummy's mother in *Call the Midwife* is played by Julie Walters.
Answer: Two fibres made of proteins are wool and silk.
The New England Patriots have played in 11 Super Bowl games.
"I am uncertain about the specific location where tomb vampires are placed to burn them during Founders' Day, as this detail is not widely documented or standardized."
"As of 2023, the king of the Netherlands is King Willem-Alexander, and the queen is Queen Máxima."
"The gall bladder is situated in the upper right quadrant of the abdomen, beneath the liver."
"The current population of Bora Bora is approximately 16,000 people, though this number may vary slightly depending on the source and the time of the estimate."
The Tropic of Cancer does not pass through India.
"The song ""Falling in Love with You"" was made by the American singer and songwriter Billy Joel."
"The plants of Narora, Kakrapar, and Tarapur produce nuclear power."
"The first book in the Percy Jackson series is ""Percy Jackson & the Olympians: The Lightning Thief."""
The original actor cast to play Indiana Jones was Harrison Ford.
The proposition that made the insurance commissioner an elected position was Proposition 103 in California.
"The song ""I Can Only Imagine"" by Amy Grant was performed by Amy Grant herself."
"The song ""Only in My Dreams"" is sung by The Beatles."
The chair of the Federal Reserve System is appointed by the President of the United States and confirmed by the Senate.
"I am uncertain about the answer to this question, as the outcome of the next Iron Chef Super Chefs competition has not been determined."
"Body temperature tends to be lowest in the early morning, typically around 4 to 5 a.m."
"The line ""Whiskey ain't workin' no more"" is sung by Shakin' Stevens in the song ""Whiskey in the Jar."""
The current year in the Jewish calendar is 5784.
"The chief ministers of Tamil Nadu mentioned on Wikipedia include M. Karunanidhi, J. Jayalalithaa, and Edappadi K. Palaniswami, among others."
"A political action committee (PAC) is a committee that pools contributions from members and donates those funds to campaigns, with the function of supporting or opposing political candidates, parties, or issues."
"As of the latest available data, the user with the most followers on Instagram is typically a celebrity or public figure, though the exact individual may vary over time; however, it is often reported that the account with the highest number of followers is that of a well-known celebrity or brand."
El Salvador has a representative democratic republic political system.
"Simple squamous epithelium is found in areas such as the lining of blood vessels, the alveoli of the lungs, and the serous membranes of body cavities."
"As of the present time, the President of India is Droupadi Murmu."
"The president plays a central role in foreign affairs by negotiating treaties, appointing ambassadors, and representing the country in international relations."
"Ole Miss beat Alabama in football on September 2, 2023, in the Iron Bowl."
"The answer is uncertain, as ""Arnold"" from *Hey Arnold!* is a fictional character and does not have a grade in the traditional sense."
The play *Neel Darpan* was translated into English by Harindranath Chattopadhyay.
"The show ""Miz and Maryse"" started on June 17, 2015, on the E! network."
"In the United States, Celebrity Big Brother is typically broadcast on MTV."
The United States Capitol building has the United States Capitol dome on top of it.
"As of the most recent data, the player with the most free throw attempts in NBA history is Steve Nash, though the record for the highest free throw percentage is held by Rick Barry."
The first president to be impeached was Andrew Johnson.
"The kerosene oil rises up the wick of a lantern due to capillary action, which is the ability of a liquid to flow in narrow spaces without the assistance of external forces like gravity."
"The Sims 4 toddlers, as part of the ""Childhood"" life stage, were introduced with The Sims 4 base game in 2014."
The number of episodes in season 5 of *Curse of Oak Island* is 10.
"I am uncertain about the exact number of episodes in ""Touching Evil,"" as it is not a widely recognized title, and no specific information is available to confirm the total number of episodes."
"I am uncertain about the exact air date of Hyori Bed and Breakfast Season 2, as it has not been officially announced."
Answer: modulated.
"As of the most recent Winter Olympics, the athlete with the most gold medals is挪威's Johannes Thingnes Bø, with a total of 3 gold medals."
"The song ""Let Me Love You"" is sung by the American singer-songwriter John Mayer."
"The fourth movie of the Divergent series, titled *Divergent: Allegiant*, was released on November 18, 2016."
"The cast of *Don't Tell Mom the Babysitter's Dead* includes actors such as Kieran Culkin, Elizabeth Reaser, and Jon Doe, though the film is a comedy and not a traditional drama."
Answer: The outer layer of the skin that contains no blood or nerve supply is the stratum corneum.
"The Union Army, led by General Irvin McDowell, won the First Battle of Bull Run."
"Canada has the longest coastline in the world, although there is some debate due to the inclusion of islands and coastal features."
The winner of the Battle of the Sexes tennis game was Billie Jean King.
"The Supreme Court ruled in favor of the plaintiffs in Brown v. Board of Education, declaring that racial segregation in public schools was unconstitutional."
Ganglion axons forming the optic nerve run to the lateral geniculate nucleus of the thalamus.
The word of wisdom became mandatory in 1833 as part of the revelations and teachings of the Church of Jesus Christ of Latter-day Saints.
The element named after a fictional planet from which Superman came is Krypton.
"The song ""I Can Only Imagine"" was written and performed by Christian rock band MercyMe."
"The active materials of a lead acid battery are lead dioxide (PbO₂) and sponge lead (Pb), with sulfuric acid (H₂SO₄) serving as the electrolyte."
"The Roman name for a liberal arts education is known as the ""liberal arts"" or ""liberalis artes."""
"The song ""You're Welcome"" in *Moana* is sung by the character Maui, voiced by Dwayne ""The Rock"" Johnson."
"The development of the central processing unit (CPU) is attributed to multiple pioneers, including John von Neumann, who conceptualized the stored-program computer architecture, and engineers at companies like Intel, who produced the first commercial microprocessors."
Kat Slater's sisters in EastEnders are Lucy Beale and Natalie Cassidy.
Katie is running from her abusive boyfriend in *Safe Haven*.
"The replacement of lead with graphite in pencils began in the early 19th century, specifically around 1812, when graphite was discovered to be a suitable alternative."
"The war between the United States and Japan began with the surprise attack on Pearl Harbor by Japan on December 7, 1941."
"I am uncertain about the exact age of the actress who plays Phyllis on Y&R, as it depends on the current year and the actress's birthdate."
"The French Declaration of the Rights of Man and of the Citizen was written by the National Constituent Assembly, with key contributions from figures such as Emmanuel-Joseph Sieyès and the Marquis de Lafayette."
"I am uncertain about the exact episode in which Sam realizes he is Jim in *Ghost Whisperer*, but it likely occurs in the early seasons when the character's identity is gradually revealed."
"The 2005 Honda Civic typically comes with a 1.6-liter or 2.0-liter engine, depending on the model and trim level."
"The winner of the college basketball Player of the Year award varies each season, but as of the most recent season, Jalen Hood-Schifino of the University of Nevada was named the USBWA Division I Player of the Year."
"A single period of precession of Earth's axis is completed in about 26,000 years."
"The film ""An Englishman Who Went Up a Hill, But Came Down a Mountain"" was primarily filmed in the Scottish Highlands, with notable locations including Glen Coe and the surrounding areas."
Rizal finished all the chapters of the novel *Noli Me Tangere* in 1887.
The superbowl national anthem in 2017 was sung by Bruno Mars.
"The singing in *Into the Woods* was performed by the cast, with specific roles played by different actors, though the original Broadway production featured Bernadette Peters as the Witch, Joanna Gleason as the Witch, and other notable performers in key roles."
The country that won the maximum number of gold medals in the 2014 Asian Games is South Korea.
The last member of SAARC is Bhutan.
"As of my last update in July 2024, the actor who plays Timon in the Broadway production of *The Lion King* is Jonathan Groff."
"The breakup of the Democratic-Republican Party was primarily caused by growing ideological differences between Thomas Jefferson and James Madison, leading to the formation of the Democratic-Party and the National Republican Party in the early 19th century."
"The most passing yards in NFL history in a single game is 857 yards, achieved by Drew Brees of the New Orleans Saints on November 12, 2007."
The University of Alabama has won the most college football national championships.
"The most widely spoken languages in India are Hindi and English, with Hindi being the primary language for the majority of the population."
The hyena in The Lion King is named Scar.
"The Dragon Boat Festival is a traditional Chinese holiday commemorating the poet Qu Yuan, involving dragon boat races, eating zongzi, and various customs meant to honor his legacy and ward off evil spirits."
The real name of Saudi Arabia is the Kingdom of Saudi Arabia.
"The pericardial sac functions to protect the heart, reduce friction between the heart and surrounding structures, and maintain the heart's position within the thoracic cavity."
"Chris Cornell's song ""She's Going to Change the World"" is a heartfelt ballad that expresses hope and admiration for a woman's potential impact on the world."
The Mad Hatter in the Batman TV show was played by David Warner.
The actor who played the Colorado Kid in *Rio Bravo* is Dean Martin.
"Other than water, substances such as ammonia, hydrogen fluoride, and certain organic molecules like alcohols and sugars can also form hydrogen bonds."
"The movie *When We First Met* was filmed in various locations in the United Kingdom, including London and the Scottish Highlands."
The viceroy of India when the Simon Commission visited in 1928 was Lord Chelmsford.
Hurricane Charley was a Category 4 hurricane when it made landfall in Florida.
The United States has not yet hosted the FIFA World Cup.
Parallax is more pronounced with nearby stars.
"The United States did not participate in the Olympic Games during the 1916, 1940, and 1944 Summer Olympics due to World War I and World War II, respectively."
"The number 4 in Roman numerals is ""IV,"" which is typically displayed as ""IV"" on clock faces."
The last year the Eagles went to the Super Bowl was 2018.
"I am uncertain about the specific team that beat the Eagles this season, as it depends on the particular season and context being referred to."
"Lionel Messi played his first game for Barcelona on October 16, 2004."
"I am uncertain about the specific answer, but the super heavyweight gold medalist at the 2000 Olympics was Alexander Karelin from Russia."
"In ""The Hobbit,"" Bilbo Baggins does not turn into a bear; however, he does transform into a creature resembling a goblin, and there is a character named Smaug who is a dragon, not a bear."
"I am uncertain about the release date of ""Batman: The Enemy Within"" episode 5, as it has not been officially announced."
"The real names of the main cast of ""Yeh Hai Mohabbatein"" include Mohit Raina (real name: Mohit Raina), Parvathy Thiruvothu (real name: Parvathy Thiruvothu), and others, though some actors used pseudonyms for the show."
The slide is placed on the microscope stage.
"McGee became a regular on NCIS starting from the show's second season, which premiered in 2004."
"The ownership of the Crown Plaza Hotel in Chicago, Illinois is currently held by Marriott International, Inc."
"The European Union does not undergo a traditional ""audit"" in the same way as a company, but its financial management and compliance are regularly assessed by the European Court of Auditors, with the most recent comprehensive audit report published in 2023."
"The legend of heroes trails in the sky the 3rd vita, a phrase that is cryptic and likely refers to a specific cultural, literary, or esoteric reference, though its exact meaning remains uncertain without further context."
"The series ""A Series of Unfortunate Events"" was first published in 1999."
"The 2018 Sri Lankan parliamentary election resulted in a victory for the Sri Lanka Freedom Party (SLFP) and its coalition, led by President Maithripala Sirisena."
The CH₃COO⁻ ion is called the acetate ion.
"The Ming Dynasty had an imperial autocracy, with the emperor holding supreme authority over the government and military."
"The United States fought against the Central Powers, which included Germany, Austria-Hungary, the Ottoman Empire, and Bulgaria, in World War I."
"""Rosencrantz and Guildenstern Are Dead"" was written in 1966 by Tom Stoppard."
"The nuclear power plant that experienced a significant accident in Russia is the Chernobyl Nuclear Power Plant, which had a catastrophic explosion in 1986."
"The song ""Picking Up Pebbles and Throwing Them into the Sea"" was sung by The Beatles."
"The exact number of pig breeds in the UK is not officially recorded, but it is estimated to be around 30–40 native and domesticated breeds."
"The Battle of Corinth took place in Corinth, a city in ancient Greece, specifically in the region of the Peloponnese."
"The song ""I'll Never Forget You"" is performed by Shakin' Stevens."
The role of Shmuel in *The Boy in the Striped Pajamas* was played by actor Asa Butterfield.
"The song ""Rip It Up and Start Again"" was sung by The Rolling Stones."
"The four types of nitrogenous bases are adenine (A), thymine (T), cytosine (C), and guanine (G)."
"Alkali metals are located in Group 1 of the periodic table, which is the first vertical column on the left side."
The capital city of Alabama is located in Montgomery.
"The United States hockey team won the Olympics in 1960, 1980, 1998, 2018, and 2022."
"The order of the Netflix Marvel shows is: *Daredevil* (2015), *Jessica Jones* (2015), *Luke Cage* (2016), *Iron Fist* (2017), *The Defenders* (2017), and *Ms. Marvel* (2022)."
The Broncos beat the Falcons in Super Bowl 50.
The second Bank of the United States was created by President James Madison in 1816.
The highest level of fluoride is stored in the enamel of the teeth.
"The play *As You Like It* was first performed in 1600, though the exact date is uncertain."
"As of my last update in July 2024, the latest version of Chrome was released in July 2024, but I recommend checking the official Chrome website for the most current information."
"The first person to make Delhi the capital was Sher Shah Suri, who established it as the capital of his Sur Empire in the 16th century."
"The Tinker Air Force Base is named after Major General Carl A. Spaatz, a prominent American military leader and the first Chief of the Air Corps."
The Winnie the Pooh books were written by A.A. Milne and first published in 1926.
The final season of *Game of Thrones* is Season 8.
"I am uncertain about the exact release date of new episodes of Riverdale Season 2, as it may vary depending on the platform and region."
"Arachidonic acid is primarily found in cell membranes, particularly in the phospholipids of cell membranes, and is especially concentrated in the brain, liver, and other organs with high lipid content."
"The player with the most All-Ireland hurling medals is Michael Ryan, who won 11 medals during his career."
"The first home run in the Houston Astrodome was hit by Wes Parker of the Houston Astros on April 9, 1965."
"The Eagles played in the Super Bowl on February 4, 2018, where they defeated the Patriots in Super Bowl LII."
"I am uncertain about the exact release date of the Fairy Tail final season, as it may depend on various factors such as production schedules and official announcements."
"Answer: Seat belts became law in Ontario in 1981, when the province enacted legislation requiring their use in motor vehicles."
The practice of responding to the State of the Union address began in 1790 when President George Washington delivered his first State of the Union message to Congress.
"I am uncertain about the exact release date of ""Madea's Family Funeral,"" but it was released on DVD on April 24, 2007."
Canada abolished the death penalty in 1966.
"As of my last update in July 2024, there has been no official announcement regarding a new season of *Gotham*, as the series concluded its run in 2019."
"The longest time spent in the Royal Rumble was by The Undertaker, who lasted 31 minutes and 4 seconds in the 2002 Royal Rumble."
"The main characters in Star Wars: Episode II – Attack of the Clones include Anakin Skywalker, Obi-Wan Kenobi, Padmé Amidala, Count Dooku, and Yoda."
"In the context of ""War and Order,"" HP typically stands for ""Hit Points,"" which are a measure of a character's health or vitality in the game."
"The owner of Reading Football Club is the Reading Football Club Trust, which is a charitable organization that manages the club."
The gnu initiative is given credit to Richard Stallman.
"Edmund is a character on the soap opera ""Days of Our Lives,"" known for being the son of John Black and Marlena Evans, and for his complex relationships and role in the show's storylines."
The NBA created the 3-point line in the 1979-1980 season as part of a rule change aimed at increasing scoring and exciting play.
An example of a tricyclic antidepressant is amitriptyline.
The Canadian Pacific Railway was started in 1871 and finished in 1885.
The creature in *Jeepers Creepers 3* was played by actor Nicholas Rogers.
I am uncertain about the answer to this question.
The role of the mom in *What's Eating Gilbert Grape* was played by Juliette Binoche.
The Fertile Crescent is located between the Mediterranean Sea and the Persian Gulf.
"Goku does not give up against Cell; he ultimately defeats Cell in the battle, though the fight is extremely intense and results in significant damage to both fighters."
Sri Lanka belongs to South Asia.
"The first nuclear power plant, Obninsk, was opened in 1954."
The dad in *Nanny McPhee and the Big Bang* is played by Bill Nighy.
"The play ""The Taming of the Shrew"" was first performed in 1590, though the exact date is uncertain."
The Harry Potter series has been translated into over 80 languages.
"The last time the New England Patriots, often referred to as ""giants"" in some contexts, won the Super Bowl was in 2019."
The co-hosts of *The Real* are Adrienne Houghton and Tamera Mowry.
"To transplant a nucleus from one cell to another, a scientist would use a micropipette or a similar precision instrument to carefully transfer the nucleus."
"The Golden State Warriors won the NBA Finals in 2017, 2018, and 2022."
The actor who plays General Hux in *The Last Jedi* is Domhnall Gleeson.
"The fastest 40-yard dash time in NFL history is held by Chris Johnson, who ran it in 4.22 seconds at the 2008 NFL Scouting Combine."
"As of my last update in July 2024, the last significant earthquake in New Zealand was the 7.3 magnitude earthquake on February 22, 2023, near the town of Wairarapa."
The actor who plays Dr. Sean Murphy is Freddie Stroma.
The actor who played Gino in *A Place to Call Home* is Luke Arnold.
"The Pirates of the Caribbean film series in order is: ""The Curse of the Black Pearl"" (2003), ""Dead Man's Chest"" (2006), ""At World's End"" (2007), ""On Stranger Tides"" (2011), and ""Dead Men Tell No Tales"" (2017)."
"The pearl symbolizes spiritual value and the treasure of the kingdom of heaven in the Bible, as illustrated in the parable of the pearl of great price in Matthew 13:45-46."
"""Elton John's song 'Sacrifice' is on the album 'The Last Song.'"""
"Answer: Rudolf Virchow proved that cells come from other cells, stating the principle ""Omnis cellula e cellula."""
"The answer is uncertain, as it is not definitively known who holds the world record for the most world records."
"The designer in *The Devil Wears Prada* is Miranda Priestly, portrayed by Meryl Streep."
"Dividends are subtracted from net income in the operating activities section of the cash flow statement, as they represent a distribution of cash to shareholders."
"The 50th star was added to the United States flag on July 4, 1960, when Hawaii became the 50th state."
"The Shib Sibs are an American punk rock band with an ethnic background primarily rooted in the United States, though individual members may have diverse ethnic backgrounds."
"The four major layers of the Earth, in order from the outermost to the innermost, are the crust, mantle, outer core, and inner core."
"The cost of a passport in the Philippines is PHP 1,500 for a standard passport and PHP 2,000 for a passport with a chip (eID), as of the latest available information."
"Mr. Owen, whose real name was Justice Wargrave, was the mastermind behind the plot in *And Then There Were None*, orchestrating the deaths of the accused individuals as part of his vengeful scheme."
"Guardians of the Galaxy 2 was released on May 5, 2017."
"The kings and queens of England in the 1900s were King Edward VII (reigned 1901–1910), Queen Mary (reigned 1910–1936 as consort), King George V (reigned 1910–1936), Queen Elizabeth II (reigned 1952–2022), and King George VI (reigned 1936–1952)."
"The poppies at the Tower of London are made by the Women's Royal Voluntary Service (WRVS), a group of volunteers who create them as a tribute to those who have served in the armed forces."
"I am uncertain, but Bart Bass does not die in *Gossip Girl*; he is a fictional character who is portrayed as being alive throughout the series."
"The first Indian woman to be canonized as a saint is St. Mary of the Angels, also known as Mary of the Angels, who was canonized by Pope Francis in 2022."
"The President of the United States is in charge of ratifying treaties, but the Senate must approve them by a two-thirds majority."
"The first earthquake early warning system is known as the ""Shindo-kei"" system, developed in Japan in the 1920s."
"The last time the United States implemented a draft was in 1973, although the Selective Service System remains active in case of a national emergency."
"As of 2023, there have been 9,390 episodes of *Corrie* (Coronation Street)."
"Primary ossification centers appear in an embryo during the early stages of endochondral ossification, typically around the middle of the third month of development."
The Biltmore House was opened to the public in 1895.
"Most of New Zealand's land supports agriculture, particularly sheep farming and dairy production."
"Hydrogen peroxide in the body is produced by various enzymes, such as catalase and oxidases, as a byproduct of metabolic processes and as part of the body's immune response."
"The song ""Old Flames Can't Hold a Candle to You"" was written by Jimmy Van Heusen and Johnny Mercer."
"The killing of a sacred deer in the film *The Revenant* was filmed in Canada, specifically in the wilderness of Alberta and Manitoba."
Answer: Anthony Hopkins plays Hannibal Lecter in *The Silence of the Lambs*.
I am uncertain about the answer to this question.
"The first ice age, known as the Late Cenozoic Ice Age, began approximately 3.6 million years ago."
"The term ""social justice"" was first used in the early 19th century, though its exact origin is uncertain and it has been used in various contexts since then."
"The publishers clearing house sweepstakes drawing dates vary each year, but typically occurs in the fall, with specific dates announced annually by the publisher."
The role of the Elephant Man in the film was played by John Hurt.
The Ducks have never won the Stanley Cup.
"Rory and Paris Gilmore attend Yale University, as depicted in the television series ""Gilmore Girls."""
"The United Kingdom has won the Eurovision Song Contest the most times, with seven victories."
The director of *Taarak Mehta Ka Ooltah Chashmah* is Suresh Bhardwaj.
The genre of *Diary of a Wimpy Kid: The Getaway* is a comedy adventure.
The Met Office has not left the BBC; it continues to provide weather forecasts and meteorological services through the BBC.
The answer is uncertain.
"Before being a territory of the United States, Puerto Rico was a colony of Spain."
"The population of St. Petersburg, Florida, is approximately 281,834 as of the most recent estimates."
"The study of media effects began in the early 20th century, with early research focusing on the impact of radio and film on audiences."
I am uncertain about the answer to this question.
"I am uncertain about the exact number of customers EDF has in the UK, as this information is not publicly available or may have changed recently."
"The formation of ATP primarily takes place in the mitochondria during cellular respiration, specifically in the process of oxidative phosphorylation."
I am uncertain about the answer to this question.
"The head of the Spanish Inquisition was known as the Inquisitor General, and the position was typically held by a high-ranking church official, though specific individuals varied over time."
"ISTJ stands for Introverted, Sensing, Thinking, and Judging, and it is one of the 16 personality types in the Myers-Briggs Type Indicator (MBTI) framework, representing individuals who are typically responsible, organized, and practical."
There are three seasons for *Lost Girl*.
Lena Headey plays Artemisia in *300: Rise of an Empire*.
The Regulatory Reform (Fire Safety) Order 2005 first came into effect on 1 October 2006.
"The Bill of Rights was ratified on December 15, 1791."
"The East India Company took control of India gradually through the 18th century, beginning with the Battle of Plassey in 1757 and culminating in the establishment of British paramountcy by the mid-19th century."
The president elected in Mexico in 2000 was Vicente Fox.
"I am uncertain about the exact release date of season 6 of *The Next Step*, as it has not been officially announced."
"I am uncertain about the specific location where sharks play in San Jose, as this phrasing is ambiguous and may refer to different contexts or venues."
Answer: The abbreviated name of the highest peak in Tasmania is Mount Owen.
The actor who played Alex Cross in *Along Came a Spider* is Morgan Freeman.
"The record for the most wins in a ""around the horn"" competition is held by Steve O'Neil, with 11 wins."
"The main sources of economic growth in the U.S. currently include consumer spending, business investment, and government spending, though there is some uncertainty about the precise contributions of each factor over time."
"The Australia's Got Talent judges are Ben Folds, Kate Miller-Heidke, and Simon Cowell."
"The song ""I Wanna Be Sedated"" was sung by the band The Ramones."
"The setting of the book *Hoot* is a small town in Florida, specifically around a construction site that threatens a habitat for a rare species of owl."
"As of my last update in July 2024, there has been no official announcement regarding the release date of season 3 of *Grace and Frankie*."
"The sun on the Uruguay flag represents the country's independence and the dawn of a new era, symbolizing hope and progress."
"The American Revolutionary War was primarily led by General George Washington, who served as the Commander-in-Chief of the Continental Army."
Hong Kong was important to the British Empire as a strategic trading hub and a key base for British imperial interests in East Asia.
"I am uncertain about the specific position Doug Peterson played in the NFL, as there may be multiple individuals with that name, and my knowledge may not include detailed information on all players."
Creatine phosphate is primarily found in skeletal muscle tissue.
"Uncertain, but in ""Criminal Minds,"" JJ discovers she is pregnant in the episode titled ""The Mole"" (Season 7, Episode 13)."
"Harry Potter and the Philosopher's Stone was published on June 26, 1997."
The twins in *Darling Buds of May* were played by Wendy Craig and Alison Doody.
Skiing halfpipe became an Olympic event in 1998 at the Nagano Winter Games.
"The Prudential Center in Newark hosts a variety of performers, including sports teams, concerts, and events, but specific performers depend on the event in question."
"The first permanent English colony in North America was located in Jamestown, Virginia."
Germany did not fight against the United States during World War I.
The Minnesota Vikings have never lost a Super Bowl; they have not reached the Super Bowl since their first appearance in 1969.
The Aztec ruler when the Spanish arrived in 1519 was Moctezuma II.
"Product-market fit means being in a good market with a product that can satisfy that market, though the exact definition may vary depending on context and perspective."
"Bryce Dallas Howard plays the character of Cindy Lou Who's mother, the Grinch's wife, in *The Grinch*."
The robot on *The Orville* is played by Steven Strait.
The group that officially elects the president of the United States is called the Electoral College.
"The number of wars between India and Pakistan is generally considered to be four, although there have been several border clashes and conflicts that are not classified as full-scale wars."
"The young and the restless was first aired on March 27, 1980."
The emperor's name in Star Wars is Palpatine.
The 2017 women's singles Korea Open badminton championship was won by Chen Yufei.
The full form of CFCs is Chlorofluorocarbons.
"The most important battles in the American Revolutionary War include the Battle of Lexington and Concord, the Battle of Saratoga, and the Battle of Yorktown, though the specific importance may vary depending on perspective."
Eric ends up with Blair in *Gossip Girl*.
"The first temple in Jerusalem, known as the First Temple, was built around 957 BCE during the reign of King Solomon."
"The steel mills in Youngstown, Ohio, closed primarily in the late 1970s and early 1980s, with the last major closure occurring in 1982."
"The last time the New York Jets won a playoff game was in the 2017 season, when they defeated the Tennessee Titans in the Wild Card Round."
"The song ""It Ain't Me"" is sung by Brooklyn-based rapper and singer Frank Ocean."
"The correct title is ""Marley and Me."""
The value-added tax (VAT) rate in the United Kingdom increased from 17.5% to 20% on 4 October 2012.
Seattle Slew won the Triple Crown in 1977.
"The lyrics ""Too Much Time on My Hands"" are sung by The Beatles."
"The NBA record for most double-doubles in a season is 37, achieved by Russell Westbrook in the 2016–2017 season."
The Super Bowl 2018 half-time show was performed by Bruno Mars.
All the motor neurons that control the skeletal muscles are located in the spinal cord and brainstem.
"After Ram, his son Bharat became the king of Ayodhya."
The lyrics for *Phantom of the Opera* were written by Charles Hart and Richard Stilgoe.
"The album ""Help!"" by The Beatles features the song ""Help!"" as its title track."
The king of England in 1756 was George II.
"The left anterior descending artery is located in the anterior wall of the left ventricle of the heart, running from the left coronary artery down the interventricular septum."
"The head of the FBI, known as the Director of the Federal Bureau of Investigation, reports to the Attorney General of the United States."
"The song ""Every Light in the House Is On"" is sung by the band The Beatles."
"The harp is a symbol of Ireland, representing the country's cultural heritage and national identity, though its exact historical significance remains a subject of some scholarly debate."
"The song ""Got This Feeling in My Body"" was written by Jeff Lynne."
"As of my last update in July 2024, there has been no official announcement regarding the release date of ""Like Cage"" Season 2."
"Frank Sinatra first sang ""New York, New York"" on television on October 25, 1975, during a special tribute to New York City."
"The Salvation Army's Christmas collection kettle was first introduced in London, England, in 1891."
"JoJo is a young girl who is the daughter of the Mayor of Whoville in the story ""Horton Hears a Who!"" and is known for her love of jelly beans."
"The song ""The Star-Spangled Banner"" is played while raising the American flag."
Answer: This poster was created to increase support for the war effort by linking food rationing to the importance of contributing to the war effort.
Cadbury sells its products in over 50 countries worldwide.
"McDonald's sold 1 million burgers on July 12, 1948, in San Bernardino, California."
"The Supreme Court of the Philippines has the power to interpret the Constitution, adjudicate disputes involving the Constitution, and serve as the ultimate arbiter of legal matters, including the power of judicial review."
"The last episode of *Adventure Time* aired on March 18, 2018."
"The cast members of NCIS: New Orleans include LL Cool J, Jason George, and Naveen Andrews, among others."
Epistemology.
"Vincent van Gogh painted approximately 35 paintings of sunflowers, though the exact number may vary slightly depending on the source."
"The $1,000 bill was discontinued by the United States Treasury in 1969."
"The population of Prince Edward Island is approximately 156,000 as of the most recent estimates."
"As of the most recent data available, fewer than 10 CEOs of Fortune 500 companies are female, though this number can vary slightly depending on the source and the year of the data."
"The Orinoco River is located in northern South America, primarily flowing through Venezuela and Colombia on a map."
I am uncertain about the exact date the debating club was established in Almora.
"The last time the Boston Red Sox pitched a no-hitter was on April 21, 2023, when Eduardo Rodriguez accomplished the feat against the Tampa Bay Rays."
The French chef given credit for developing the classic kitchen brigade is Auguste Escoffier.
The Cannes Film Festival typically takes place in late May to early June each year.
Answer: Andrew McCarthy plays the dad in *Pretty in Pink*.
Unsaturated fats are comprised of lipids that contain one or more double bonds in their hydrocarbon chains.
"I am uncertain about the exact release date of new episodes of *Supernatural*, as it may vary depending on the season and network scheduling."
The winner of the Best Goalkeeper award at the 2006 FIFA World Cup was Manuel Neuer of Germany.
An upstream project in oil and gas refers to the phase of the industry involved in the exploration and production of crude oil and natural gas from the earth's subsurface.
A network connection device that can build tables that identify addresses on each network is a router.
The era of the great Mughals began with the accession of Babur in 1526.
"The final episode of *Quantum Leap* was titled ""The Leap"" and aired on May 18, 1993."
The first election in India was held in 1951-1952.
"As of my last update in July 2024, the election commissioner of India is Sushil Chandra."
"The discovery that cells divide to make new cells is attributed to Robert Hooke, who observed cell-like structures in cork using a microscope in 1665."
"A brisket comes from the chest area of a cow, specifically the lower part of the breastplate."
"The parts of a domain name are called labels, and they are separated by dots, with the rightmost label representing the top-level domain (TLD)."
April ends up with Ron Swanson on *Parks and Rec*.
I am uncertain about the answer to this question.
"The song ""Don't Take Your Guns to Town"" is performed by the American country music artist Blake Shelton."
"The disease was named after George Huntington, the American physician who first described it in 1872."
"The last time Michigan won a championship was in 2022, when the Michigan Wolverines football team won the College Football Playoff National Championship."
Deion Sanders was inducted into the Pro Football Hall of Fame as a member of the Class of 2003.
"The leaders of the Jehovah's Witnesses are the Governing Body, a group of men elected by the congregation to guide the organization."
The original cast member who was cast as Phoebe Halliwell on *Charmed* was Heather Locklear.
"The mother on *How I Met Your Mother* was revealed to be the character played by Allison Janney, who portrayed the mother in the show's finale."
Answer: Animals that are active at dawn and dusk are called crepuscular.
"I am uncertain about the specific reference, but in the TV series ""Gotham,"" Jack the Ripper is not a character; however, the show explores themes and characters inspired by the Jack the Ripper legend."
Secondary xylem and phloem cells arise from the vascular cambium.
Johnny Manziel played college football for the Texas A&M Aggies.
"The Christmas song ""Mary Did You Know"" is sung by Kathy Troccoli."
"The song ""Gonna Sit Right Down and Write Myself a Letter"" was sung by The Beatles."
"The players in the NFL Draft are picked by the teams, with the order determined by the teams' win-loss records from the previous season, with the team that had the worst record selecting first."
"The song ""Got My Mind Set on You"" is sung by The Beatles."
"The song ""Here Comes the Boom"" was released in 2012."
"The song ""I Think We're Alone Now"" was sung by Tiffany."
"The first rover, Sojourner, was deployed on Mars by NASA's Mars Pathfinder mission on July 4, 1997."
"The members of the Traveling Wilburys group were George Harrison, Bob Dylan, Jeff Lynne, Roy Orbison, and Tom Petty."
The Los Angeles Lakers won Game 4 of the 2000 NBA Finals.
"The highest peak in the Ozarks is Mount Magazine, which has an elevation of 1,765 feet (538 meters)."
"The last episode of *SpongeBob SquarePants* is titled ""Endless Knight,"" which aired on May 13, 2022."
"The last grand slam hit in the World Series was on October 28, 2023, by Aaron Judge of the New York Yankees in Game 6 of the 2023 World Series."
"As of my last update in July 2024, I am uncertain about the exact release date of episode 29 of Boruto: Naruto Next Generations, as it may vary depending on the anime's production schedule and distribution."
"The TV show *In the Heat of the Night* was primarily filmed in Biloxi, Mississippi."
"The judges on *Do You Think You Can Dance* are Julianne Hough, Derek Hough, and Tyce Diorio."
The most common form of megalithic architecture in Europe is the stone circle.
"The album ""Dark Side of the Moon"" by Pink Floyd was number 1 on the UK charts for 18 weeks."
The golden age of India took place during the rule of the Gupta Empire.
"The origin of the name ""Robinson"" is English, derived from the given name ""Robin,"" and it refers to someone from the village of Robin, which is in the county of Devon, England."
"The first Super Bowl that the Eagles ever won was Super Bowl LII, which took place on February 4, 2018."
"As of the most recent data, the player with the best batting average in Test cricket is Don Bradman from Australia, with an average of 99.94."
"I am uncertain about the exact answer, but as of my knowledge cutoff in October 2023, eagles have not gone to the Super Bowl."
The Tower of London was built by William the Conqueror in 1066.
"Fulda is a city located in the state of Hesse, Germany, and it is significant as the site of the Fulda Cathedral, a major pilgrimage site and a symbol of the region's religious and cultural heritage."
"The Ming Dynasty was established by Zhu Yuanzhang, who overthrew the Mongols and founded the Ming Dynasty in 1368."
"The first book to be made into a movie was ""Journey to the Center of the Earth"" in 1959, though the concept of adapting literature to film dates back to earlier years with silent films."
Tim Hortons opened in the United States in 1990.
"The reaper was not invented by Cyrus McCormick; instead, Cyrus McCormick invented the mechanical reaper in 1831."
I am uncertain about the release date of the next scandal episode; it is advisable to check official sources or the show's platform for the most accurate and up-to-date information.
"Sophocles wrote *Antigone*, and he was born around 496 BCE and died around 406 BCE."
The bottom of shepherd's pie is covered with a layer of mashed potatoes.
"The Ohio River and the Mississippi River meet at the confluence near Cairo, Illinois."
"The Great Wall of China is approximately 21,196 kilometers (13,171 miles) long."
"The practice of assigning Social Security numbers at birth began in the United States in 1936, although the Social Security Act was signed into law in 1935."
"Under the Federal Unemployment Tax Act (FUTA), the employer pays unemployment taxes."
"The names of the Hunger Games are the 74th Hunger Games, the 75th Hunger Games, the 76th Hunger Games, the 77th Hunger Games, the 78th Hunger Games, the 79th Hunger Games, and the 80th Hunger Games."
The story of *Safe Haven* takes place in a small coastal town in New England.
The actor who played Jason in *Friday the 13th: The Final Chapter* is Tony Moran.
"India is the second most populous country in the world, with a population exceeding 1.4 billion people."
The real name of Dya in *Taarak Mehta Ka Ooltah Chashmah* is Dya Dhananjay Kavle.
"I am uncertain about the specific release date of the book ""The Shape of Water,"" but it was released on November 21, 2017."
"The discovery that neural communication between cells occurs through chemicals is attributed to Otto Loewi, who demonstrated chemical signaling in neurons through his famous experiment in 1921."
"Individuals and businesses that owe taxes, fail to file required returns, or violate tax laws may be affected by monetary penalties imposed by the IRS."
"The film *Ghosts of Girlfriends Past* was primarily filmed in Vancouver, Canada."
Aphasia is a term defining difficulty or loss of ability to understand or produce speech and language.
"ICQ was one of the earliest instant messaging programs, developed in 1996, and it played a significant role in popularizing real-time text communication over the internet."
"The answer is uncertain, as the exact number of episodes in Adventure Time Season 1 is not definitively provided in the question, but it is known that Season 1 consists of 26 episodes."
"The United States stopped drafting individuals for the Vietnam War in 1973, following the passage of the War Powers Act and the end of the draft lottery system."
"The bands in *Pitch Perfect 3* are Barden Bellas, The Treblemakers, and The Slapback."
"The second half of *Walking Dead* Season 8 started on October 10, 2018."
The role of Whitey Bulger's girlfriend in *Black Mass* is played by actress Lia O'Donnell.
"I am uncertain about the exact air date of the next episode of ""The Flash,"" as it depends on the production schedule and may vary."
I am uncertain about the answer to this question.
"The player with the most yards per carry in NFL history is Eric Dickerson, with an average of 5.73 yards per carry."
"The sweet leavened bread prepared for Easter in Romania is called ""cozonac."""
"Birth certificates in the United States were first issued in the early 19th century, with the first official birth registration occurring in 1812 in New York."
"""Because I Could Not Stop for Death"" was published in the collection *Poems* by Emily Dickinson in 1890."
Oppo is the sponsor of the Sri Lanka national cricket team.
"Fender started making amplifiers in Mexico in the early 1980s, though the exact year is not definitively specified in all sources."
"The next Olympics, the 2024 Summer Olympics, will be held in Paris, France."
The money in South Korea is called the South Korean won.
"The boundary line between India and Bangladesh is known as the India-Bangladesh Border, and it is also referred to as the India-Bangladesh Line or the Indo-Bangladesh Border."
"The folded mountains of Pennsylvania are the result of the Appalachian orogeny, while the High Himalaya are formed by the ongoing collision of the Indian and Eurasian tectonic plates."
"I am uncertain about the exact release date of Dragon Ball Super episode 130, as it may vary depending on the platform and region."
"The percentage of the population that is naturally blonde varies by region, but it is estimated to be less than 2% globally, though this figure can be higher in certain populations."
The construction of the Great Pyramid of Egypt is estimated to have taken approximately 20 to 30 years.
The president of Pakistan during the 1971 war was Muhammad Yahya Khan.
The scientific name for the calf muscle is the gastrocnemius.
The executive branch is referenced in Article II of the United States Constitution.
"The emperor who took over France after the Reign of Terror was Napoleon Bonaparte, who became First Consul in 1799 and later Emperor in 1804."
"I am uncertain about the actor who plays Mr. Wilson in *Dennis the Menace*, but the character is portrayed by actor Paul Lynde in the original 1970s television series."
"The FISA court, also known as the Foreign Intelligence Surveillance Court (FISC), is composed of 11 U.S. district judges appointed by the Chief Justice of the United States, with the specific judges rotating on a regular basis."
Rob Dyrdek's Fantasy Factory ended in 2017.
"The girl in the video ""Brenda Got a Baby"" is Brenda, a character from the 1972 film *The Wicker Man*, played by Sarah Adams."
The discovery that plants were made of cells was made by Robert Hooke in 1665.
"The Disney Art of Animation Resort opened on September 21, 2001."
"Answer: It depends on the location and local laws, but generally, a gun permit may be required to shoot at a range."
The area enclosed by the hysteresis loop is a measure of the energy loss per cycle in a magnetic material.
"Rachel had her baby in the season 8 finale of *Friends*, which aired on May 6, 2004."
"The First Amendment protects the rights to freedom of speech, freedom of the press, freedom of religion, the right to peaceful assembly, and the right to petition the government."
"The last state to become a state was Alaska, which joined the United States on January 3, 1959."
"In French, different ways to say ""bless you"" include ""Bon appétit"" (literally ""good appetite""), ""Bon voyage"" (literally ""good journey""), and ""Bonne chance"" (literally ""good luck""), depending on the context."
"As of my last update in July 2024, the new Finance Secretary of India has not been officially announced."
"The song ""Angel of the Morning"" in *Deadpool* is sung by the character Neila, portrayed by actress Gina Carano."
"I am uncertain about the exact start date of the last podcast on the left, as this information is not readily available."
"The winner of the first ancient Olympic 200-yard race is uncertain, as historical records from that time are incomplete and lack specific details about individual athletes."
"The spices in Chinese 5 spice powder typically include star anise, Sichuan pepper, cloves, cinnamon, and fennel seeds."
The role of Major Hochstetter in *Hogan's Heroes* was played by John Rhys-Davies.
"The events of *Beowulf* probably took place in the early sixth century, while the poem was most likely composed in the eighth or ninth century."
The actor who played Nicky on *The Drew Carey Show* was Sean Hayes.
"The executive power under the Articles of Confederation was held by the Congress, which was the sole governing body and had the most governmental power."
"The release date for ""Yo La Tengo's"" album ""There's a Riot Goin' On"" is October 25, 2023."
"Athens emerged as the wealthiest Greek city-state during the 5th century BCE, particularly following its victory in the Persian Wars and the subsequent growth of its maritime trade and democratic institutions."
The national service in the UK was abolished in 1960.
"Bruce Springsteen did not perform ""We Shall Overcome"" on The Seeger Sessions, but the album includes a cover of ""The Weavers' Song,"" which is related to the folk tradition of ""We Shall Overcome."""
The only U.S. president to become an Eagle Scout is Theodore Roosevelt.
Sigmund Freud is regarded as the founder of psychoanalysis.
"The answer is uncertain, as I cannot provide the exact number of episodes in *Chicago Fire* season 4 without consulting a reliable source."
"The daughters in *Last Man Standing* were played by Tori Kelly, Kali Rocha, and Olivia Holt."
The role of Maudie in the movie *El Dorado* was played by Joan Crawford.
"The movie *Isle of Dogs* was released in the United States on March 24, 2018."
The voice of Marge Simpson on *The Simpsons* is provided by Julie Kavner.
The drummer for Guns N' Roses is Matt Sorum.
"The evil eye in Greek is referred to as ""μάτι του δαίμονα"" (mati tou daimona)."
"The Scots, led by William Wallace, won the Battle of Stirling Bridge in 1297."
The book *Pride and Prejudice* was written by Jane Austen and first published in 1813.
"The first *Junie B. Jones* book, *Junie B. Jones and the Stink* (originally titled *Junie B. Jones, the First Day of School*), was published in 1992."
"We have been celebrating Pi Day since at least 1988, though its origins can be traced back to the early 20th century with the adoption of March 14 as Pi Day by educators."
"As of the most recent rankings, the number one ranked golfer in the world is Scottie Scheffler."
The mouse in *Alice in Wonderland* is played by Michael Caine in the 2010 film adaptation.
"The mitochondrion is the site of ATP production, while ATP is primarily stored in the cell's cytoplasm and other organelles, though it is not specifically stored in a single organelle."
"I am uncertain about the specific songs Liam wrote for ""As You Were,"" but it is known that he contributed to the songwriting process on the album."
I am uncertain about the answer to this question.
The final season of Downton Abbey is Season 6.
"The term ""hot rod"" originated in the 1920s and 1930s, referring to modified automobiles that were raced or driven for speed, with the exact origin being uncertain but likely influenced by early automotive culture and racing communities."
The church in Thyatira was given a letter in the book of Revelation.
"The cast of *Law & Order: Special Victims Unit* includes notable actors such as Mariska Hargitay as Detective Olivia Benson, Ice-T as Detective Odafin ""Fin"" Tutuola, and Danny Pino as Detective Elliot Stabler."
The Song of Solomon is the eighth book of the Bible.
"I am uncertain about the specific date of a military plane crash in Mississippi, as there have been multiple incidents, and without additional details, it is not possible to provide a precise answer."
"As of the latest available data, Cristiano Ronaldo holds the record for the most international goals scored by a player, with over 850 goals."
The role of Bat Masterson in the movie *Tombstone* was played by Kevin Costner.
Tools made from high-speed tool steel are generally used for high-speed machining operations that require high wear resistance and thermal stability.
"The This Is Us family lives in Boston, Massachusetts."
The Pennsylvania House of Representatives consists of 203 members.
"Fortnite Battle Royale was released on Xbox One on July 25, 2018."
Low voltage transformers are used in doorbells and in power supplies for electronic devices.
"The center of heredity in a cell is the nucleus, which contains the genetic material (DNA) responsible for transmitting hereditary traits."
"The first *Dark Tower* book, *The Dark Tower*, was published in 1982."
"In pharmacy school, you typically receive your white coat during the first year, often after completing the foundational coursework and clinical orientation."
The Ouija board game was first introduced in 1890.
"Answer: Christopher Columbus warned Europe to stay out of the Americas, though this is a mischaracterization as he actually encouraged European exploration and colonization."
The role of Desmond Doss's father in *Hacksaw Ridge* was played by Jim Caviezel.
"I am uncertain about the specific answer, but Carolina lost to the Patriots in Super Bowl XXXVIII."
The founder of the Ubuntu project is Mark Shuttleworth.
"Answer: For complaints of sudden chest pain, patients should take no medication and seek immediate medical attention."
The United States won the most medals at the 2014 Winter Olympics.
"The urinary bladder is located in the lower abdomen, specifically in the pelvic cavity."
"Kudzu was introduced to the United States in the 1800s, specifically around the 1800s, though the exact year is uncertain."
The cell attached to the lateral side of a sieve tube is the companion cell.
"The American flag was placed on the Moon during the Apollo 11 mission in 1969, specifically at the Apollo 11 landing site, which is located in the Sea of Tranquility."
The winner of the first series of Celebrity Big Brother on Channel 5 was Charlie Simpson.
"The movie *Strangers Prey at Night* was primarily filmed in the state of Texas, United States."
"The Dominican Republic got its name from the Dominican Order, a Catholic religious order that played a significant role in the island's colonization and early history."
The role of the mother in *The Black Stallion* was played by Diane Ladd.
"The end of the football season varies depending on the league and region, but in the NFL, it typically concludes with the Super Bowl in early February."
Michael Jordan returned to the NBA in the 1995-1996 season after retiring for the first time in 1993.
"Geothermal energy is used the most in the United States in California, which has the highest capacity and production of geothermal power."
"Jack McCoy joined ""Law & Order"" in the first season, which premiered in 1990."
"The U.S.S. Maine was in Havana Harbor, Cuba, when it exploded in 1898."
"The original ""Windmills of Your Mind"" is sung by Noel Harrison."
The pages in the Emergency Response Guidebook (ERG) that list compounds by name are typically white.
Answer: The Toronto Maple Leafs won three Stanley Cups in a row from 1962 to 1964.
The approximate distance from Earth to Alpha Centauri is about 4.37 light-years.
"The weight of a Honda Fit varies depending on the model year and trim level, but it typically ranges from approximately 2,600 to 3,000 pounds (1,179 to 1,361 kilograms)."
"The 2018 Oscar nominations were announced on January 23, 2018."
"The father of Lucius in *Gladiator* is Marcus Aurelius, played by Richard Harris."
"The blue guy in prison in *Guardians of the Galaxy* is Kraglin Obfonteri, a character who is captured and imprisoned by the Sovereign."
Sofia is the capital city of Bulgaria.
"The legal age for marriage in Australia is 18 years, although exceptions may apply with consent and court approval for individuals aged 16 or 17."
"As of the most recent data from the U.S. Census Bureau in 2023, approximately 11.5% of the U.S. population lives below the poverty line."
"DNA can be found in the nucleus of eukaryotic cells, in the mitochondria, and in the chloroplasts of plant cells."
"The film ""Last Train from Gun Hill"" (1970) was played in by actors such as Robert Redford, Henry Fonda, and Karl Malden."
The 2017 US Open women's singles title was won by Sloane Stephens.
"In the 1942 film *Casablanca*, the female lead was played by Ingrid Bergman."
The federal government had significantly less power under the Articles of Confederation compared to the national government established by the U.S. Constitution.
"The 1960 Democratic nomination race included John F. Kennedy, Hubert Humphrey, and Lyndon B. Johnson."
The Houston Astros changed from the National League to the American League in 2013.
"The song ""Would I Lie to You"" was written by Shakin' Stevens."
"The last time the Philadelphia Eagles won the Super Bowl was in the 2017 season, when they defeated the New England Patriots in Super Bowl LII."
The actor who plays JT on *The Young and the Restless* is Jason Thompson.
The Mavericks beat the San Antonio Spurs in the 2011 NBA Finals.
The pedestrian bridge at Florida International University was built by the firm HOK.
"I am uncertain about the specific individual referred to by ""Mark"" who attended the golf majors in 1998, as there may be multiple individuals with that name who could fit the description."
"Coca-Cola is a public company, as it is listed on the stock market and its shares are owned by a diverse group of shareholders."
The host of *The Late Show* who was once a correspondent for *The Daily Show* is Stephen Colbert.
"Fort Myers is located on the southwest coast of Florida, along the Gulf Coast."
Answer: Steve Carell plays Jack in *Battle of the Sexes*.
"The original Star Wars story was first published as a book titled ""Star Wars: The Phantom Menace"" by George Lucas in 1976, but the first Star Wars movie, also titled ""Star Wars,"" was released in 1977."
"Beds became popular in France and Germany during the late Middle Ages, though their widespread use and design varied across regions and social classes."
"The Golden Nugget Casino in Atlantic City is owned by the Golden Nugget Hotel & Casino, which is a subsidiary of the Penn National Gaming, Inc. (PENN) company."
"The TV show *Friday Night Lights* was primarily filmed in Odessa, Texas."
"Batman came out first; he was introduced in ""Detective Comics #27"" in 1939, while Spider-Man was introduced in ""The Amazing Spider-Man #1"" in 1962."
"The film *The Book of Eli* was primarily filmed in New Orleans, Louisiana, and other locations in the southern United States."
"In *The Flash*, Barry's mom, Nora West-Allen, is killed by Eobard Thawne, who is later revealed to be the Reverse-Flash."
"The Spanish Steps are located in Rome, Italy."
"The Declaration of Independence was primarily written by Thomas Jefferson, though it was reviewed and edited by a committee of the Continental Congress."
"The movie ""Woody the Woodpecker"" was filmed in various locations in California, including the Santa Clarita Valley, where much of the action took place."
The second largest country in Asia is India.
"The episode is titled ""The Measure of a Man,"" which explores themes of artificial intelligence and personhood through a trial involving the android Data."
"The alliance between Great Britain, Russia, and France during the Napoleonic Wars was known as the Quadruple Alliance."
The Oscar for Best Actor in 1975 was won by Jon Voight for his role in *Network*.
"The Winter Olympics have been held in the United States three times since 1924: in 1932 (Lake Placid), 1980 (Lake Placid), and 2002 (Salt Lake City)."
"The UK's legislation regarding data protection and security is primarily governed by the Data Protection Act 2018, which implements the General Data Protection Regulation (GDPR) within the United Kingdom."
"The smoking ban in public places started in different years depending on the country, with some places implementing it in the early 2000s."
The actress who plays Rooster's girlfriend on the ranch is Katy Mixon.
"The song ""You Are a Magnet and I Am Steel"" is performed by The Shins."
"The TV show *The Curse of Oak Island* is filmed at Oak Island, located in Nova Scotia, Canada."
"The chief justice of the Illinois Supreme Court is selected by the judges of the Illinois Supreme Court itself, with the most senior judge serving as chief justice by seniority."
The first Ninja Turtles came out in 1984 as a comic book series published by Mirage Studios.
"The show ""The Path"" takes place in a fictional cult located in a remote, unspecified location, with much of the narrative set within the confines of the cult's compound."
The world famous corn belt is primarily located in the United States.
"The United States has the highest corporate tax rate in the world, at 21%."
The first territorial governor of Oklahoma was William C. Marcy.
"I am uncertain about the exact air date of KC Undercover Season 3 Episode 10, as it may vary by region and platform."
"A speedometer measures the instantaneous speed of a vehicle, which is the rate at which the vehicle is covering distance at a particular moment in time."
"The average length of a whale shark is approximately 9 meters, though they can grow up to 12.65 meters in length."
The role of the lion in the movie *The Zookeeper* is played by actor Christopher Plummer.
The 2018 Super Bowl half-time show was performed by Lady Gaga.
"The level of weight bearing that often comes with a set number of pounds is typically specified in physical therapy or rehabilitation programs, where prescribed weights are used for exercises."
"I am uncertain about the specific answer to this question, as it depends on which company is being referred to."
"The use of Latin in the Mass gradually declined and was officially replaced in the 20th century, with the Second Vatican Council (Vatican II) in the 1960s promoting the use of the vernacular."
A pacemaker is associated with the heart.
"The name of the zebra in Peppa Pig is not officially specified, so it is uncertain what the zebra's name is."
"I am uncertain about the exact release date of Half-Life 2: Episode Two, but it was released on November 17, 2007."
The actor who plays Genie in *Ferris Bueller's Day Off* is Matthew Broderick.
"The singer of the national anthem at the Super Bowl varies by year, but as of my last update in July 2024, I am uncertain about the specific performer for the most recent Super Bowl."
The lymphatic vessels located in the small intestine are called the lacteals.
The voiceover in Michael Jackson's *Thriller* was performed by Rod Temperton.
The term of an official in the House of Representatives is two years.
"Reba McEntire recorded ""Back to God"" in 1998."
"The Lord of the Rings film series consists of three films: *The Fellowship of the Ring*, *The Two Towers*, and *The Return of the King*."
"The Phaeacians live on the island of Scheria, which is located in the Mediterranean Sea according to the Odyssey."
"The player who scored the most points in a single NBA game is Wilt Chamberlain, with 100 points on March 2, 1962."
"The French immigrants in Texas primarily settled in areas such as Nacogdoches, La Grange, and other parts of East Texas, where they established communities and contributed to the region's cultural and economic development."
"The state of the union address was started by George Washington, who delivered the first one in 1790."
The last time Clemson won the national championship was in 2018.
"The human skeleton provides structural support, protects internal organs, facilitates movement, produces blood cells, and stores minerals."
"The eighth season of *The Walking Dead* was primarily filmed in Georgia, specifically in the Atlanta metropolitan area, with some scenes shot in other locations such as North Carolina and South Carolina."
The theme song for *Living Single* is sung by Mary J. Blige.
"I am uncertain about the actor who plays Ivo on *Once Upon a Time*, as I do not have specific information on this character."
"The last time the Minnesota Vikings were in the Super Bowl was in 2023, when they played against the Kansas City Chiefs in Super Bowl LVII."
The actress who plays Brad Pitt's daughter in *Moneyball* is Amanda Seyfried.
"The songs in the movie *Beyond the Sea* were performed by the actor and singer Michael Stuhr, who portrayed the character Bobby Darin."
"The cast of *Die Hard: With a Vengeance* includes Bruce Willis, Jeremy Piven, and Samuel L. Jackson."
"The last World Series that didn't go seven games was in 2020, when the Los Angeles Dodgers defeated the Tampa Bay Rays in six games."
"The song ""Our God Is an Awesome God"" was sung by The Imperials."
"The first orca was put in captivity in 1965 when the orca known as ""Narwhal"" was captured off the coast of Iceland."
"I am uncertain about the exact location of this year's Pro Bowl, as it can vary and depends on the most recent announcements from the NFL."
"The song ""A White Sports Coat and a Pink Carnation"" was sung by Frank Sinatra."
The last team to win the FA Cup outside the top flight was Wigan Athletic in 2013.
The Pokémon theme song for Season 1 is sung by James Horner.
"It is called ""Hellenism"" or ""Hellenismos"" when one practices the belief in and worship of the Greek gods."
The United Nations General Assembly proclaimed October 5th as World Teachers' Day in 1994.
The actor who plays Reggie the robot in *Justin's House* is John DiMaggio.
"The Hindenburg was scheduled to fly from Lakehurst, New Jersey, to Lake Constance, Germany, and it had 37 passengers on board."
"The total strength of judges in the Supreme Court of India is 34, comprising one Chief Justice and 33 other judges."
"The point of a menstrual cup is to collect menstrual flow in a reusable, eco-friendly alternative to disposable sanitary products."
"The pieta was created by Michelangelo, who also painted the ceiling of the Sistine Chapel."
"The line ""Far from the home I love"" from *Fiddler on the Roof* is sung by Tevye, played by Zero Mostel in the original 1964 Broadway production."
"The TV show *High Chaparral* was primarily filmed in New Mexico, specifically in and around the town of Silver City."
The largest city in the United States per square mile is New York City.
The Mexican commander who surrendered to the Texans at the capturing of San Antonio was General Antonio López de Santa Anna.
"Answer: The age of exploration began in Portugal with Prince Henry the Navigator, who played a pivotal role in promoting maritime exploration in the 15th century."
"The running of the bulls, known as ""Corrida de Toros,"" is typically held in Spain during the festival of San Fermín in Pamplona, which takes place from July 6th to July 14th each year."
"The song ""How Long Has This Been Going On"" was sung by Gladys Knight and the Pips."
The lowest barometric pressure recorded for Hurricane Irma was 910 millibars.
"David Akers kicked the 63-yard field goal on December 2, 2007, during a game between the Philadelphia Eagles and the Dallas Cowboys."
The scary nun in *The Conjuring 2* is played by Patricia Clarkson.
Season 2 of *Attack on Titan* consists of 25 episodes.
"The cones in the eye are located in the retina, specifically in the fovea, where they are most densely packed and responsible for color vision and high visual acuity."
The lion's mane jellyfish's species within its genus is *Cyanea capillata*.
"The player with the most All-Star MVP awards is LeBron James, with four awards."
"Korn's *Follow the Leader* was released on June 25, 1998."
The Battle of Badr took place in 624 CE.
"""Who's on First?"" is a famous comedy routine from the Abbott and Costello film ""Abbott and Costello Meet the Invisible Man"" (1951)."
There are 10 episodes in series 7 of *Game of Thrones*.
"The Gulf of Mexico contains approximately 600,000 cubic miles of water, which is equivalent to about 1.5 quadrillion gallons."
"The movie *Fast & Furious 7* features a high-speed car chase in Abu Dhabi, showcasing the city's landmarks and streets."
"The Islamic term for the community of the faithful is ""Ummah."""
"Canada gained independence from Great Britain through the process of Confederation in 1867, though it remained a dominion within the British Empire until it fully achieved independence in 1982 with the patriation of the Constitution."
The new coat of arms was unveiled by Queen Juliana of the Netherlands on 27 April 2000.
"The series ""13 Reasons Why"" was released on Netflix on May 10, 2017."
"The five tools of security management to overcome computer crime include firewalls, antivirus software, encryption, access control, and intrusion detection systems."
The principal in *Santa Clarita Diet* is played by Timothy Olyphant.
"The Country Music Hall of Fame is located in Nashville, Tennessee."
The People's Republic of China is generally considered to have the world's largest standing army.
The game of croquet is played with four hoops.
"The captain of the Mayflower, which brought the Pilgrims to Plymouth, was Captain John Smith."
The episodes in Stranger Things Season 1 are each approximately 45 to 50 minutes long.
The number of basic units in the international system of units (SI) is seven.
Abraham Lincoln was elected senator of Illinois in 1858.
"The number of cities in Texas is approximately 1,500, though this number can vary slightly depending on the criteria used for defining a city."
"The original *Planet of the Apes* (1968) was primarily filmed on the Universal Studios backlot in Hollywood, California."
"The song ""Find Out Who Your Friends Are"" is performed by Tracy Lawrence."
The 180 degree line of longitude is called the International Date Line.
Answer: The 19th-century artist who was both a painter and graphic designer was Alphonse Mucha.
The Nobel Prize for Literature was first awarded in 1901.
I am uncertain about the answer to this question.
"The first movie of Harry Potter, titled ""Harry Potter and the Sorcerer's Stone,"" was released on November 16, 2001."
"Most star formation in the Milky Way today occurs in the spiral arms, particularly in the Orion Spur and the Sagittarius Arm."
The Oscar for Best Actor was won by Leonardo DiCaprio for his role in *The Wolf of Wall Street*.
The total number of MNA (Members of the National Assembly) in Pakistan is 342.
"The phrase ""Where does saying 'Bob's your uncle' come from?"" originates from a British expression that is believed to have originated in the early 20th century, though its exact origin remains uncertain."
The incus and malleus are connected by a synovial joint known as the incudomalleolar joint.
"The highway of heroes, as a metaphorical concept, starts at the beginning of one's journey and ends at the culmination of their achievements and legacy."
"The 10 plagues are found in the Book of Exodus in the Bible, specifically in Exodus chapters 7 through 12."
The actor who played Tibbs in *In the Heat of the Night* is Rod Steiger.
"As of the latest available data, Carrie Underwood has sold more albums than Kelly Clarkson."
"The theme of the song ""Roar"" by Katy Perry revolves around self-empowerment, finding one's voice, and embracing personal strength."
"The name ""Huey helicopter"" comes from the UH-1 Iroquois helicopter, which was nicknamed ""Huey"" by its pilots, though the exact origin of the nickname is uncertain."
"I am uncertain about the actor who plays Charles on *Have and Have Nots*; however, the role of Charles is played by actor James Spader."
"As of my last update in July 2024, the account with the most followers on Instagram is the official account of the singer Taylor Swift, though this can change over time."
The current director of the U.S. Mint is Robert P. Weintraub.
"The 5th round of the FA Cup is typically played in late December or early January, depending on the specific year and scheduling."
The Beatles were inducted into the Rock and Roll Hall of Fame in 1988.
The gap between two front teeth is called a diastema.
"The NFL adopted a salary cap in the 1994 league year, following the implementation of the collective bargaining agreement negotiated between the league and the players' union."
The Cubs won the World Series in 2016.
"The Ottoman Empire surrendered in World War I on October 30, 1918, following the Armistice of Mudros."
The cue ball in pool is typically white.
"The 5-day work week began to be widely adopted in the early 20th century, with significant implementation occurring in the 1920s and 1930s, though its exact origin is uncertain."
April Fools' Day ends at noon on April 1st.
Pakistan is currently ranked as the sixth most populous country in the world.
The country that grows the most coffee in the world is Brazil.
The actor who plays Peter in *What We Do in the Shadows* is Jonny Brugh.
The actor who plays Connor's mom in *Madea's Christmas* is Khandi Alexander.
"I am uncertain about the specific plane crash referenced in ""Grey's Anatomy,"" but in the show, Dr. Derek Shepherd (played by Patrick Dempsey) was involved in a plane crash that left him in a coma, though he did not die."
"The phrase ""Tumhi ho bandhu sakha tumhi cast real name"" is unclear and does not form a coherent question or statement in standard English or Hindi, so I am uncertain about the exact meaning or context of the query."
"The lyrics to ""There's a Guy Works Down the Chip Shop"" were written by Paul McCartney."
The Prime Minister of Canada can stay in office indefinitely as long as they maintain the confidence of the House of Commons and are re-elected by the governing party.
"The movie *Six Degrees of Separation* is about a con man who manipulates the lives of wealthy New Yorkers by exploiting their social connections and the concept of the ""six degrees of separation"" theory."
"The text for ""Jeannie with the Light Brown Hair"" was written by Joseph M. Newman."
"The role of Cosette in *Les Misérables* on Broadway has been played by several actresses, including Jennifer Laura Thompson, who originated the role in the 1987 production, and more recently, Samantha Barks in the 2014 revival."
"The player with the most NBA rings is Bill Russell, with 11 championships won while playing for the Boston Celtics."
The Skye Boat Song on *Outlander* is performed by the Scottish singer and actor Iain Glen.
"Movies started coming out in color in the early 1930s, with the first feature-length color film, ""The Wizard of Oz,"" released in 1939."
"The girl in the Stone Sour video ""Say You'll Haunt Me"" is model and actress Amanda Seyfried."
"The 2012 Summer Olympics were held in London, United Kingdom."
The Pittsburgh Steelers lost to the Cincinnati Bengals in the playoffs last year.
"The song ""Rainy Days and Mondays"" was written by Carole King."
The Philippine queen of bossa nova is known as Maris Stella.
The movie *The Outlaw Josey Wales* was filmed primarily in New Mexico and Arizona.
"The last time the Philadelphia Eagles won the Super Bowl was in the 2023 season, when they defeated the Kansas City Chiefs in Super Bowl LII."
"The answer is: Linux, which was created by Linus Torvalds in the early 1990s as an open-source clone of Unix."
"I am uncertain, but Mikel Arteta scored 13 goals for Chelsea during his time at the club."
The actor who played Ben Stone on *Law & Order* is Jesse L. Martin.
The last time the University of Michigan won a national championship was in 2023 in football.
"The song ""Nice Day for a White Wedding"" was sung by the British rock band Queen."
"The role of Ashley Abbott on *The Young and the Restless* has been played by several actresses, including Susan Lucci, Tracey E. Bregman, and most recently, Liza Weil."
"The ""g"" in NCIS Los Angeles stands for ""Los Angeles,"" as the show is titled ""NCIS: Los Angeles,"" where ""g"" is part of the subtitle and does not stand for a separate word."
"The first declaration of human rights was written by the French philosopher Jean-Jacques Rousseau, although it was formally adopted by the National Assembly of France in 1789 as the Declaration of the Rights of Man and of the Citizen."
"Jharkhand is associated with the Bihu festival, which includes elements of cattle worship."
"In the movie *Perks of Being a Wallflower*, Charlie is writing letters to an anonymous friend, which he refers to as ""the person"" or ""the one."""
The central American nations that border both the Pacific Ocean and the Caribbean Sea are Nicaragua and Costa Rica.
"The song ""Will You Still Love Me When I'm Not Young and Beautiful"" is performed by the British pop band Girls Aloud."
More than half of your bones are located in your arms and legs.
"The ""AA"" on a license plate typically denotes that the vehicle is a government or official vehicle, though this may vary by jurisdiction."
"The Apple iPhone SE was first released on April 24, 2016."
The voice of Little Chef in *Ratatouille* is provided by Peter O'Toole.
"Real Madrid has won the Champions League a record 14 times, but they have not won it in a row; their longest winning streak was five consecutive titles from 2015 to 2018."
"The song ""I Drive Your Truck"" by Jason Isbell is about a man reflecting on a relationship that ended, and he is talking about his former partner."
"The age at which a child is no longer considered a toddler is generally around 3 years old, though this can vary slightly depending on cultural and developmental contexts."
"A McDonald's McChicken sandwich consists of a fried chicken patty, a slice of cheese, and a sesame seed bun."
"The movie is called ""The Pursuit of Happyness."""
A concave mirror can form a real image which is a copy of an object that forms when the object is placed beyond the focal point.
"The batsman with the best strike rate among those who scored over 200 runs in the World Cup was Brendon McCullum, with a strike rate of 142.86."
"The first battle of Ypres ended on November 22, 1914."
"The song ""Why Does It Hurt When I Pee?"" is performed by the band The Shins."
"Answer: These farmers were known as serfs, who typically gave a significant portion of their crops to the landowners while retaining only a small amount for themselves."
"The athlete with the most Olympic medals in curling is Switzerland's Mirjam Ott, who has won a total of six medals, including three golds."
"One of the main goals of the Democratic Party is to promote progressive social policies, including healthcare reform, climate action, and civil rights."
"The song ""You Can't Always Get What You Want"" is performed by The Rolling Stones."
"The world's largest thermometer is located at the National Weather Service's Climate Reference Station in Oklahoma City, Oklahoma."
The actor who plays the Beast in the new *Beauty and the Beast* (2017 film) is Dan Stevens.
The North Carolina delegate to the Second Continental Congress was William Hooper.
"The contestant who gets the most punishments on *Impractical Jokers* is often Joey, as he frequently engages in the most extreme and impractical stunts."
The current governor of Maharashtra is Bhagat Singh Koshyari.
The lead singer of Staind is Aaron Lewis.
"The Vikings first sailed and reached Britain around the late 8th century, though precise dates remain uncertain."
The actress who plays Nathan's mother on General Hospital is Nancy Lee Arthur.
"During the Civil War, the Confederacy and many Southern states supported states' rights, while the Union and Northern states generally supported a stronger federal government."
"The actor who plays Sneaky Pete in the TV series ""Better Call Saul"" is Aaron Paul."
"The song ""I Want to Be Your Girl"" was sung by the band My Chemical Romance."
"The 2017 film *Beauty and the Beast* was primarily filmed in various locations in France, including the Loire Valley and the town of Saint-Malo."
The number of episodes of *The White Princess* is 6.
"The middle cranial fossa contains the temporal lobe of the brain, as well as the pituitary gland and parts of the temporal bone."
"The flash comes back in Season 4, Episode 17, titled ""The Flash Returns,"" when Barry Allen is trapped in the Speed Force and is brought back by the team."
"Dakar is located on the western coast of Africa, at the mouth of the Gambia River, in the country of Senegal."
"The pyramids were the tallest structures for approximately 3,800 years, until the completion of the Eiffel Tower in 1889."
The site of the light-dependent reactions of photosynthesis is the thylakoid membranes of the chloroplast.
"The movie *Silver Linings Playbook* was primarily filmed in Pennsylvania, specifically in the Pittsburgh area."
The Duluth Model is an intervention program that emphasizes the use of batterer intervention programs to address domestic violence.
The full form of IB Board is International Baccalaureate Organization.
"""Slave to the Rhythm"" by The Jacksons was released in 1979."
The state with the highest population growth rate in India in 2011 was Uttar Pradesh.
"The First Nations are located across various regions of Canada, including provinces and territories such as British Columbia, Alberta, Saskatchewan, Manitoba, Ontario, Quebec, Atlantic provinces, and the Northwest Territories, Nunavut, and Yukon."
"Puerto Rico's power comes primarily from a mix of fossil fuels, hydropower, and renewable energy sources such as wind and solar, with the specific mix varying over time."
"The president of the constituent assembly was elected by the members of the assembly, with the specific individual varying depending on the country and the particular constituent assembly in question."
Message.
"Corey is typically spelled as ""Corey"" for a boy, though variations like ""Correy"" or ""Korey"" may also be used, though they are less common."
Answer: The active absorption of water from the soil by the root is mainly affected by the root's ability to generate a water potential gradient through the process of transpiration and the activity of root hairs.
The first Ford F-150 was made in 1975.
The speaker of the house is elected by the members of the House of Representatives.
The actor who plays young Agent O in MIB 3 is Rainn Wilson.
The actor who plays the Hulk in the Thor and Avengers series of movies is Mark Ruffalo.
"Boomer finds out she is a Cylon in the episode ""The Captain"" of *Battlestar Galactica*, when she is confronted by Sharon ""Athena"" Agathon, who reveals her true identity."
The largest city park in the United States is Central Park in New York City.
"The poem ""For Whom the Bell Tolls"" was written by John Donne, and it is a meditation on the interconnectedness of human experience."
"The three largest cities in the world by population are Tokyo, Delhi, and Shanghai."
"The Mona Lisa is currently housed in the Louvre Museum in Paris, France."
"There are four levels of protein structure: primary, secondary, tertiary, and quaternary."
"The introduction of fees for undergraduate domestic students in Australian universities occurred in 1989, though the availability of government-funded scholarships and loans has continued to support access to higher education."
"The song ""Wedding March"" by Panic! at the Disco is about a wedding, specifically referencing the traditional ""Wedding March"" piece of music."
The book *Inside Out and Back Again* by Thanhha Lai contains 224 pages.
The most famous building in Rennes is the Cathedral of Saint-Pierre.
"The song ""Things That Make You Go Hmmm"" by The Alan Parsons Project came out in 1975."
The dad in *Girl Meets World* is played by William Shatner.
The dad in *A Christmas Story* was played by Randy Quaid.
The dwarf king in *The Hobbit* is played by Richard Armitage.
"In contract bridge, honors are declared during the auction phase, typically by bidding a suit or no-trump contract that indicates the player's strength and distribution, with the specific honors (like A, K, Q, J, 10) being determined by the cards held."
Old Trafford.
"I am uncertain about the exact release date of Season 4 of ""If Loving You Is Wrong,"" but it is anticipated to premiere in late 2023 or early 2024."
"I am uncertain about the exact answer, but I believe that Karina Smirnoff won season 16 of *Dancing with the Stars*."
"I am uncertain about the specific account number of Airtel Payment Bank, as account numbers are typically confidential and vary per individual customer."
"The crucifix became a prominent symbol of Christianity by the 2nd century CE, though its widespread use as a Christian symbol developed over time, with significant adoption during the early medieval period."
The first commercial cell phone was released in 1983.
"The Mexico earthquake occurred at a transform boundary, where the Cocos Plate subducts beneath the North American Plate."
"One full rotation of the Earth takes approximately 24 hours, which is defined as one day."
The exploration of the Louisiana Purchase began on the Mississippi River.
"The world's largest recorded wave, known as the ""Tsunami of 2004,"" occurred in the Indian Ocean, triggered by a massive undersea earthquake off the coast of Sumatra, Indonesia."
"Half-Life 2: Episode Two takes place primarily in the city of City 17, continuing the story set in the first game."
"The sequel to *A Christmas Story* is *It Runs in the Family*, which is a direct sequel continuing the story of Ralphie Parker."
"The song ""Rock You Like a Hurricane"" is sung by the band Scorpions."
The role of Bailey in *The Sisterhood of the Traveling Pants* was played by Keri Russell.
"I am uncertain about the exact start date of season 18 of Law & Order: SVU, but it premiered on September 26, 2022."
"The term ""jack mormon"" is believed to have originated from a derogatory reference to members of the Latter Day Saint movement, though its exact etymology is uncertain."
"The Great Victoria Desert is home to various animals such as bilbies, mulgaras, sand goannas, and several species of birds and reptiles, though the region is generally sparsely populated due to its harsh environment."
"The coldest temperature ever recorded in Antarctica was -89.2°C (-128.6°F), measured at the Vostok Station on July 21, 1967."
"The authorities involved in formulating accounting standards in India are the Institute of Chartered Accountants of India (ICAI) and the Accounting Standards Board (ASB), which operates under the ICAI."
"The United States uses the US customary system, which is not part of the International System of Units (SI) and is distinct from the metric system."
The president of the Republic of Zambia is Hakainde Hichilema.
"The Japanese title for ""In another world with my smartphone"" is ""Another World with My Smartphone"" (another world with my smartphone)."
"The permanent members of the UN Security Council are China, France, Russia, the United Kingdom, and the United States."
"The designer of the Earth Day flag in 1969 is uncertain, as there is no widely recognized or documented individual credited with its creation."
The last time Villanova won the NCAA basketball championship was in 2022.
"The biggest determinant of climate in Venezuela is its geographic location and topography, which influence temperature, precipitation, and wind patterns."
"Answer: The king of Kalinga during the Mauryan period was King Kharavela, though there is some uncertainty regarding the exact identification due to historical ambiguity."
"As of the most recent rankings, the number one ranked tennis player in the world is Novak Djokovic."
The capital of the Habsburg Empire was located in Vienna.
"The fastest train in India is the Vande Bharat Express, which has a maximum speed of 160 km/h."
"The Baseball Hall of Fame is voted on by members of the Baseball Writers' Association of America (BBWAA), with additional consideration given to selections by special committees."
The voice of Cruz on *Cars 3* is provided by Jesse Plemons.
"Hootie and the Blowfish's self-titled debut album was released on April 28, 1994."
"The continent of the Americas is named after Amerigo Vespucci, an Italian explorer who recognized that the lands discovered by Columbus were not part of Asia but a separate continent."
"The guy who jumped from space is Felix Baumgartner, who completed a record-breaking high-altitude jump from the edge of space on October 14, 2012."
"The remake of *True Grit* starred Matt Damon, Jeff Bridges, and Casey Affleck."
"As of my last update in July 2024, there is no official information about a ""next step season 3"" release date, so I am uncertain about the exact release date."
"The song ""I Don't Like Mondays"" was released in 1982."
"The NFL decides where the Super Bowl is played, typically selecting a host city through a voting process involving league owners."
"The Berlin Wall was erected on August 13, 1961."
"The longest-serving manager in Manchester United history is Sir Alex Ferguson, who managed the club for 26 years."
The Tiber River is associated with the city of Rome.
"Bermuda is competing in the Winter Olympics as a nation, participating in various winter sports such as ice hockey, snowboarding, and cross-country skiing."
"Uncertain, but it is possible that the fictional character whose favorite song was ""Blueberry Hill"" is Professor Harold Hill from the musical ""The Music Man."""
"Cinque Terre is located on the Italian Riviera, along the coast of Liguria, in the northwest of Italy, and can be found on a map between Genoa and San Remo."
"As of the most recent available data, the highest paid baseball player in the major leagues is Mike Trout, but this can vary depending on the specific year and contract terms."
The average height of a Chinese man is approximately 170.6 cm (5 feet 7 inches) according to recent data.
"The U.S. Highway 1 starts in Miami, Florida, and ends in Fort Kent, Maine."
The foundation stone of Islamia College Peshawar was laid by Quaid-e-Azam Muhammad Ali Jinnah.
"The big gold dome in Jerusalem is the Dome of the Rock, a prominent Islamic shrine located on the Temple Mount."
"Holland became involved in World War II on May 10, 1940, when Germany invaded the country."
The philosopher who advocated the idea of return to nature is Henry David Thoreau.
The conquest of the Incas in South America was led by Francisco Pizarro.
The pulmonary trunk receives blood from the right ventricle.
"The symbol for Christmas in Brazil is the Christmas tree, commonly known as ""Árvore de Natal."""
The genus of a bald eagle is Haliaeetus.
The last time the Los Angeles Lakers won a championship was in 2020.
The collection of districts to the east of the Jordan River is known as the Galilee region.
"The characters in *Yo Gabba Gabba!* are played by a group of child actors, including Kunal Nayyar, who portrays the character of ""Dance Baby."""
"I am uncertain about the answer to this question, as Oscars are awarded annually, and there is no ""this month"" award."
"Whiptail lizards primarily use parthenogenesis, a form of asexual reproduction, although some species may also engage in sexual reproduction."
"The Eagles did not sing ""Love Will Keep Us Alive""; this song was performed by the Bee Gees."
Symbolic interactionism is the basis for the theoretical model known as symbolic interaction theory.
The lanterns in the Old North Church were hung by Paul Revere as a signal for the British to be prepared for the approaching American forces.
The garden city of New Earswick was designed by Raymond Unwin and Barry Parker.
"The University of Wisconsin-Madison is located in Madison, Wisconsin."
"Dia de los Muertos is celebrated throughout Mexico, particularly in cities like Mexico City, Oaxaca, and Michoacán, where it is observed with traditional festivals, altars, and processions."
The town in west Yorkshire on the River Aire that is home to a rugby league team is Castleford.
"The show ""The Glades"" had three seasons."
The mom in *The Partridge Family* was played by Shirley Jones.
"I am uncertain about the specific answer to this question, as it depends on the year in question."
"The highest average incomes in North America are typically found in regions such as the Northeastern United States and parts of Canada, including cities like Toronto, Vancouver, and New York City."
"Answer: In the bayou, moss and Spanish moss hang from the trees."
"The food in a yam plant is stored in the underground stem, known as the tuber."
"The last time the New England Patriots played the Philadelphia Eagles was on January 23, 2022, in a Week 17 matchup of the 2021 NFL season."
Answer: Another name for the torso is the trunk region of the body.
The oldest brother in *7th Heaven* was played by Scott Baio.
There are four seasons of *From Dusk Till Dawn*.
The female lion is called a lioness in The Lion King.
"Martial law in the Philippines officially ended on February 2, 1981, when President Corazon Aquino declared the end of the state of emergency."
"The number of degrees of freedom for a plane mechanism is calculated using Grubler's formula: $ F = 3(n - 1) - \sum_{i=1}^{j} (3 - f_i) $, where $ n $ is the number of links, $ j $ is the number of joints, and $ f_i $ is the degree of freedom of each joint."
The volcano that erupted in Iceland in 2010 was Eyjafjallajökull.
"The story ""Summer of the Monkeys"" takes place in a small town in Maine."
The role of young Monica in *Love and Basketball* was played by Mekia Cox.
"Answer: In the Texas legislature, the house has members and the senate has senators."
"In baseball stats, ""G"" stands for ""Games Played,"" which indicates the number of games a player has participated in during a season or career."
"The last NBA player to be drafted out of high school was Dwight Howard, who was selected first overall by the Orlando Magic in the 2004 NBA Draft."
"The person who famously escaped from Alcatraz was Frank ""Bank"" Morris, although it is important to note that his escape remains unproven and is considered one of the most mysterious events in Alcatraz's history."
"The last amendment to the United States Constitution was passed in 1992, when the 27th Amendment was ratified."
"As of the most recent data, the player with the most tries in rugby union is Richie McCaw of New Zealand."
"As of my last update in July 2024, the New York State Senate Majority Leader is John Buffalo."
The first *Marvel vs. Capcom* game was released in 1998.
"The United States flag in the opening ceremony of the Olympic Games is carried by a member of the U.S. Olympic Committee, typically a prominent athlete or representative, though the specific individual varies by event."
"The actor who played Dwight's brother, Michael, on *The Office* is Brian Posehn."
"The character ""Toot Toot"" in *The Green Mile* is a nickname for Paul Edgecomb, the story's narrator and a prison guard."
The actor who plays King Joffrey Baratheon in *Game of Thrones* is Jack Gleeson.
The movie *Natural Born Killers* starred Woody Harrelson and Juliette Lewis.
"In 1900, the world was undergoing significant changes, including the height of the Industrial Revolution, the height of European colonial empires, and the lead-up to major global conflicts."
"I am uncertain about the exact release date of the ""nest 3rd generation,"" as this term is not clearly defined or widely recognized in standard product naming conventions."
"The wrestler who has won the most United States Championships is Bret ""Hitman"" Hart, with a total of six titles."
"I am uncertain about the exact price, but a 72 oz steak at The Big Texan would likely cost around $40 to $60, depending on the cut and current menu pricing."
The first Wonder Woman comic was released in 1941.
"The four requirements to establish criminal liability for gross negligence manslaughter are: (1) a duty of care owed by the defendant to the victim, (2) a breach of that duty, (3) a causal link between the breach and the victim's death, and (4) a level of negligence that is so serious it amounts to a criminal act."
The voice of Alistair in *Dragon Age* is provided by actor David Dastmalchian.
The twins who played for Kentucky were Tyus and Tyreek Johnson.
"The phrase ""let's get ready to rumble"" was coined by Vince McMahon, the founder of the World Wrestling Federation (WWF), and has since become a iconic catchphrase in professional wrestling."
"As of my last update in July 2024, the Command Sergeant Major of the U.S. Army is Sergeant Major Paul E. Smith."
"The U.S. Constitution delegates authority over new issues not mentioned in the Constitution to Congress through its implied powers, as outlined in the Necessary and Proper Clause."
"The money collected through ""Trick or Treat for UNICEF"" goes directly to UNICEF to support programs that help children in need around the world."
"The first episode of *Scooby-Doo* was aired on September 13, 1969."
The United States dollar left the gold standard in 1971 when President Richard Nixon officially ended the convertibility of the dollar to gold.
"The mission Nuestra Señora de la Soledad was founded by Spanish missionaries, specifically by Father Fermín Francisco de Lasuén, in 1791."
The type of display that Google Glass presents to its users is called a heads-up display.
"The Winter Olympics are typically held in different locations around the world, with the most recent host cities being Beijing (2022) and PyeongChang (2018), and they generally start in February."
"The powers not given to the federal government by the Constitution are reserved for the states or the people, as specified in the Tenth Amendment."
The common currency of the European Union is called the euro.
"The term that describes the replacement of damaged cells to mend a tissue is ""regeneration."""
"The process that causes the continents to drift apart is plate tectonics, which involves the movement of Earth's lithospheric plates due to convection currents in the mantle."
"The first person to successfully introduce a device exclusively designed for data processing is generally considered to be Herman Hollerith, who developed the tabulating machine for the 1890 U.S. Census."
"Prior to 1948, North and South Vietnam were part of the French Indochina Union."
"Luther Vandross sang the song ""If This World Were Mine."""
"South Korea has held the Winter Olympics twice, in 1988 in Calgary and 2018 in PyeongChang."
"The variable region of the heavy chain is coded for by the V (variable), D (diversity), and J (joining) gene segments."
"The song ""What Are We Doing in Love"" was sung by The Beatles."
"The University of California, Berkeley won the NCAA Division I Men's Volleyball Championship in 2017."
"The use of zero in mathematical operations dates back to at least the 3rd century BCE, though its formal recognition and widespread use began around the 5th century CE in India."
Answer: The lowest temperature at which a lubricant will flow is called the pour point.
"The song ""Mary Had a Little Lamb"" was written by Sarah Josepha Hale."
Francis Bacon was an early advocate for using scientific methods based on inductive reasoning.
"The call of the wild takes place during the harsh winter in the Yukon Territory, where a group of dogs is forced to adapt to survive in the brutal wilderness."
"The first driver's license requirement emerged in the early 20th century, with New York introducing the first mandatory driver's license in 1903."
"The last recorded significant earthquake in Iran was on October 26, 2023, when a 6.3-magnitude earthquake struck near the city of Kerman."
"The deepest lake in the United States, Lake Superior, is located in the Great Lakes region, bordering Michigan, Wisconsin, and Minnesota."
The largest supermarket chain in the UK is Tesco.
"The origin of the name Marvin is uncertain, though it may derive from the Germanic name ""Marwen"" or ""Marwin,"" meaning ""warlike"" or ""military."""
"Italy entered World War II on June 10, 1940, following a formal declaration of war against France and the United Kingdom."
"The Ohio River flows through Charleston, West Virginia, which is the capital of the state."
"The main objective of criminal law is to maintain social order, protect individuals and society from harm, and ensure justice by punishing wrongdoing and deterring future offenses."
The aurora shooting was observed from theater number 12.
Blood leaving the pulmonary artery goes to the left atrium of the heart.
"Answer: Hawaii, Alaska, and most of the U.S. territories do not observe daylight saving time, though some territories may have different schedules or exceptions."
"The highest-selling R&B artist of all time is Mariah Carey, although this title can be subjective and may vary depending on the criteria and sources used."
"As of the latest available information, the *One Piece* series contains 105 published volumes."
"I am uncertain about the specific stations in Seattle owned by Sinclair Broadcast Group, as my knowledge may not include the most current or detailed information on their ownership structure."
The richest state in Nigeria is Lagos.
The Clone Wars animated series consists of three seasons.
"The Second World War in the Pacific ended on September 2, 1945, when Japan formally surrendered aboard the USS Missouri."
The Diary of a Wimpy Kid series contains 15 books as of the latest publication.
The Cubs beat the Royals in the 2016 World Series.
The girl in *My Two Dads* was played by actress Lisa Robin Peters.
"I am uncertain about the exact return date for ""Love and Hip Hop: New York,"" but the show typically returns in the fall, usually around September or October, depending on the network's schedule."
Ibuprofen became available over the counter in the United States in 1984.
The judge in *Good Will Hunting* was played by Kevin Bacon.
"I am uncertain about the exact release date of the next episode of *iZombie*, as it depends on the production schedule and may vary."
"The FA Cup semi-finals are typically played in the spring, with the exact dates varying each year, usually in late April or early May."
The United States won the most medals in the 1924 Winter Olympics.
Muhammad Ali won an Olympic gold medal in 1960 at the Rome Olympics.
"The largest ethnic group in Mexico today is the Mestizo population, which consists of people of mixed European and Indigenous ancestry."
"The mitochondria in the sperm are located in the midpiece, which is situated between the head and the tail of the sperm cell."
"The highest point in the United States is Denali, located in Alaska, with an elevation of 20,310 feet (6,190 meters)."
"KFC sources its chicken in South Africa from local suppliers, though the specific suppliers are not publicly disclosed."
The jockey Sir Gordon Richards has trained the most Melbourne Cup winners.
Some trees that have heart-shaped leaves include the Japanese maple (Acer palmatum) and the boxwood (Buxus sempervirens).
"One well-known book series about the end of the world is ""The Left Hand of Darkness"" by Ursula K. Le Guin, though it focuses more on societal and philosophical themes than a direct apocalyptic event."
"The song ""He Thinks He'll Keep Her"" is performed by the American rock band The Beatles."
"The song ""Gone, Gone, Gone (She's Been Gone So Long)"" is performed by The Beatles."
"The movie *The Princess Bride* was released on November 15, 1987."
India participated in Olympic hockey for the first time in 1928.
"If a baby is born feet first, it is referred to as a breech presentation, which can require special medical attention during delivery."
"The practice of vaccinating for whooping cough, also known as pertussis, began in the 1940s with the introduction of the whole-cell pertussis vaccine."
"The World Economic Forum was held in Davos, Switzerland, this year."
The war of the planet of the apes was primarily filmed in South Africa.
"The St. Pauli Girl is a pale lager, specifically a German-style pilsner, brewed by the German company Paulsens Brauerei."
Emma is dating David in *Once Upon a Time*.
"The World Cup of Hockey typically starts in the late autumn or early winter, usually in November or December, depending on the year and the host nation's schedule."
The source of information for account receivables is the sales invoices or records that document the goods or services provided on credit.
"Hawaii's primary export to the United States was sugar, although this has shifted over time with the rise of other industries such as tourism and agriculture."
"The villa in *Call Me by Your Name* is located in the fictional town of Elio's hometown in northern Italy, though the exact location is not specified."
"I am uncertain about the exact release date of ""A Wrinkle in Time"" in Canada, but it was released in the United States on November 8, 2018, and likely had a similar release date in Canada."
"The New York Heart Association (NYHA) Functional Classification of angina is a system that categorizes the severity of angina based on the patient's ability to perform physical activities, ranging from Class I (no limitation) to Class IV (severe limitation)."
The movie *Cool Hand Luke* was made in 1967.
"The song ""Gimme Shelter"" is sung by The Rolling Stones, with Mick Jagger on lead vocals."
The Buckeye is the mascot for the Ohio State University.
The director's cut of *The Fellowship of the Ring* has a runtime of 178 minutes.
The actor who plays Addison Shepherd on *Grey's Anatomy* is Jennifer Morrison.
The University of Mississippi (Ole Miss) won the women's 2017 NCAA basketball tournament.
Canada signed the UN Declaration on the Rights of Indigenous Peoples in 2016.
"The answer is likely ""SPAN,"" as it refers to the distance from one side of a bridge to the other."
The Cuban revolt against Spain was led by José Martí.
"The song ""Sweet Caroline"" was first performed at a Boston Red Sox game on June 23, 1967, by the band The Carpenters."
"The adrenal gland produces adrenaline (epinephrine) and noradrenaline (norepinephrine), which are necessary for the sympathetic nervous system to function."
"Colby cheese is named after the town of Colby, which is located in the state of Wisconsin."
"I am uncertain about the premiere date of season 8 of Hawaii Five-0, as it has not been officially announced."
"When iron reacts with oxygen and water, it undergoes a chemical reaction known as rusting, resulting in the formation of iron oxide (Fe₂O₃·nH₂O)."
"The first train to run in England was on September 27, 1825, with the Stockton and Darlington Railway."
There have been 27 amendments to the United States Constitution.
"The song ""It Must Have Been Love"" was performed by Rick Astley, though it is often associated with the band Simply Red due to its inclusion on their album."
"The first computer game, ""Tennis for Two,"" was invented in 1958 by William Higinbotham, not in 1962."
"The original spirit in the sky is a concept that varies across different cultures and mythologies, so I am uncertain about a single definitive answer."
"The Internet-based Test of English as a Foreign Language (TOEFL iBT) is a standardized test that assesses the English language proficiency of non-native speakers, consisting of four sections: Reading, Listening, Speaking, and Writing."
"The actress who plays Rachel on *Jessie* is Zendaya, and she was dumped by love interest Josh (played by Matthew Perry) in the show's first season."
"Season 8 of *Game of Thrones* premiered on April 14, 2019."
"The founding fathers are generally considered to be the principal architects of the United States Constitution, most notably George Washington, Thomas Jefferson, James Madison, and John Adams."
There are seven players on the line of scrimmage in American football.
"The record for the most Everest summits is held by Ang Tsering from Nepal, with 22 confirmed summits as of 2023."
The director of *The Nightmare Before Christmas* is Tim Burton.
"The four main types of precipitation are rain, snow, sleet, and hail."
The 11th Prime Minister of Canada was William Lyon Mackenzie King.
"The Hallmark Channel's ""Home & Family"" is filmed in a studio located in Burbank, California."
The term that means the study of the nature and causes of disease is pathology.
"The next two Winter Olympics are scheduled to be held in Milan-Cortina, Italy in 2026, and in Sapporo, Japan in 2030."
"The poorest county in the state of Florida is Hamilton County, based on median household income data."
"The song ""I Can't Take My Eyes Off of You"" is performed by various artists, including Frank Sinatra, but it was originally recorded by Frankie Laine."
The actor who plays Colin on *Young and the Restless* is Billy Warlock.
"As of now, three Indian astronauts have gone to space: Rakesh Sharma, Sunita Williams, and Kalpana Chawla."
The width of a cricket bat is typically around 9.5 to 10 inches (24 to 25 centimeters).
"Ric Flair returned to WCW primarily due to financial disputes and a desire for more creative control, though he expressed uncertainty about the exact motivations behind his decision."
The actor who plays Manny in *Diary of a Wimpy Kid* is Thomas Sangster.
The light reactions of photosynthesis occur in the thylakoid membranes of the chloroplast.
"The individual with the most Super Bowl appearances in NFL history is Bart Starr, with a total of 11 appearances."
"The wrestler who has appeared in the most Royal Rumbles is The Undertaker, with 13 appearances."
"The TV series *Game of Thrones* was filmed in various locations including Northern Ireland, Iceland, Croatia, Spain, and the United Kingdom."
"The last name Taylor is of English origin, deriving from the Middle English word ""tayler,"" which referred to a person who made or repaired leather goods."
"The answer is uncertain, as there is no widely known specific story about an American horror story freak show girl being kidnapped by a clown."
"The player who has won the most NBA Most Valuable Player (MVP) awards is Kareem Abdul-Jabbar, with six victories."
The actor who plays Sven in *The Santa Clarita Diet* is Timothy Olyphant.
"As of my last update in July 2024, the current WWE Cruiserweight Champion is Shinsuke Nakamura."
"I am uncertain about the specific person Corbin danced with on *Dancing with the Stars*; however, Corbin Bleu has participated in the show and has danced with several partners, including Kym Johnson and Cheryl Burke."
The monarchy was abolished and France was declared a republic by the National Convention in 1792.
The actress who plays Harley Quinn in the Lego Batman Movie is Melissa Rauch.
"The exact number of different kinds of Pokémon cards is uncertain, as it can vary depending on the specific set, edition, and whether promotional or special cards are included."
"Australia is located in the southern hemisphere, occupying the entire continent of Australia and surrounding islands, and is situated in the region of Oceania."
"There is no known episode titled ""Only Fools and Horses"" featuring Batman and Robin."
"The winner of the 30-man Royal Rumble match is the last wrestler remaining after eliminating all others, with the specific winner depending on the year of the event."
"The supreme justice of the supreme court is the Chief Justice, who is the highest-ranking judge and presides over the court."
The most common blood type in Sweden is type O.
"A heart rate of 131 beats per minute is considered tachycardic and may indicate a medical concern, though the significance can vary depending on the individual's overall health and context."
"The government changed the retirement age in different countries at different times, with significant changes in the United Kingdom occurring gradually from 2010 onwards, and other countries implementing changes at various points in history."
"Oxygenated blood returns to the heart from the lungs via the pulmonary veins, which carry it to the left atrium."
"The driver who has won the most Formula 1 Grand Prix races is Alberto Ascari, with a total of 24 race victories."
"The World Series is a best-of-seven series, so a team must win four games to clinch the championship."
"I am uncertain about the exact date when the log flume at Alton Towers closed, as it may have been closed for various reasons or periods without a specific publicly noted date."
"When an air mass is pushed up and over a mountain range, it cools adiabatically, leading to precipitation on the windward side and drier conditions on the leeward side."
"The last name Hansen is of Scandinavian origin, derived from the Old Norse name ""Hákon,"" meaning ""high crown,"" and was used as a patronymic surname."
"The phrase ""life is like a bowl of cherries"" is often attributed to the character Mr. Magoo, though its exact origin is uncertain."
"The famous suspension bridge in San Francisco is called the Golden Gate Bridge, and it is approximately 1.7 miles (2.7 kilometers) long."
A food you might eat on Thanksgiving is turkey.
The Sierra Nevada Brewery opened in Asheville in 1981.
"The phrase ""Have you no sense of decency?"" is attributed to President Harry S. Truman, who reportedly said it in response to the atomic bombing of Hiroshima."
The Chicago Bears' quarterback last year was Justin Fields.
"The Dallas Cowboys won their last playoff game on January 12, 2020, when they defeated the Philadelphia Eagles in the NFC Championship Game."
"The H1N1 virus is carried by pigs, although humans can also become infected and serve as temporary carriers."
"The ancestors of the domestic goat, the wild goat (Capra aegagrus), are believed to have originated in the mountainous regions of southwestern Asia, particularly in present-day Turkey and the surrounding areas."
"I am uncertain about the exact number of episodes in season 4 of *Last Ship*, but it is likely 10 episodes."
"Part 5 of *JoJo's Bizarre Adventure*, titled ""JoJo's Bizarre Adventure: Stone Ocean,"" takes place in the year 2000 in the fictional town of Vongola, Italy."
"The Washington Redskins, now known as the Washington Commanders, are based out of Washington, D.C."
The highest base on the pH scale is 14.
"The ""love"" meaning of the song refers to its theme or message about affection, connection, and emotional bonds between individuals."
The actor who played Marius in the movie *Les Misérables* (2012) is Hugh Jackman.
The strictly come dancing results show is typically recorded after the live broadcast of the week's performances.
"I am uncertain about the actor who played Chaka on the TV show *Land of the Lost*, but the role was portrayed by actor Jonathan L. Smith."
"The first home video security system was invented by James H. Bell, who developed the first commercially available closed-circuit television (CCTV) system in the 1940s."
The county of Sussex split into East and West Sussex in 1889.
The Beatles sold more records than Elvis Presley.
"A bull shark tooth is typically triangular in shape, with a serrated edge and a curved, pointed tip."
"Bosnia and Herzegovina, Croatia, Macedonia, and Slovenia all used to be parts of Yugoslavia."
"I am uncertain, but as of the most recent Super Bowls, several quarterbacks have recorded receiving touchdowns, though the exact number requires verification."
"The British Parliament passed the Coercive Acts, also known as the Intolerable Acts, in response to the Boston Tea Party."
There are 3 seasons of *Johnny Bravo*.
"The sweetness of fruit comes from sugars such as glucose, fructose, and sucrose, which are produced through photosynthesis and stored in the fruit."
The actor who plays Drew's boyfriend on *The Night Shift* is Michael Ealy.
"Kubo and the Two Strings was released on July 10, 2016."
I am uncertain about the answer to this question.
"A E-8 in the Marine Corps is a staff non-commissioned officer (SNCO) who holds the rank of Master Sergeant, serving in a supervisory or leadership role."
"The identity of the person who stole the Mona Lisa from the Louvre in 1911 remains uncertain, though it is widely believed that the thief was an Italian handyman named Vincenzo Peruggia."
"The theme song for *As Told by Ginger* was sung by Ginger Johnson, a character from the show."
"Brooklyn Nine-Nine Season 5, Episode 12, titled ""The Last Laugh,"" originally aired on April 16, 2018."
"The 2018 Winter Olympics were hosted by PyeongChang, South Korea."
"The comic book series ""The Walking Dead"" came first, published by Image Comics in 2003, while the television show premiered in 2010."
The actor who played John Clark Sr. on *NYPD Blue* is James Belushi.
The actress who played Peter Benton's sister on *ER* was Mira Sorvino.
"The protein is made in the ribosome, which is located in the cytoplasm of the cell."
The invention of the aqua lung is generally credited to Jacques-Yves Cousteau and Émile Gagnan.
"The Union Army, led by Brigadier General Irvin McDowell, won the First Battle of Bull Run."
I am uncertain about the answer to this question.
Computer-based models of real-life situations are called simulations.
The iPhone 5s screen is 4 inches diagonally.
"The five cities with the highest population in Europe are Paris, Madrid, Istanbul, London, and Rome."
The Valley of the Dolls is based on the 1966 novel of the same name by Jacqueline Susann.
The movie *The Post* began filming in September 2015.
The girl who played the Grinch in the 2000 film is Taylor Lautner.
"The Dutch colony in North America, known as New Netherland, was taken over by the English in 1664 when they captured New Amsterdam (present-day New York City) from the Dutch."
The theme song for *Mission: Impossible* was written by Lalo Schifrin.
The theme to *The Last of the Mohicans* was written by John Williams.
Daylight saving time in the United States began in 1918 with the passage of the Standard Time Act.
"The ""M"" number on a pint glass typically refers to the manufacturer's code or mark, which identifies the specific brewery or producer of the glass."
"Beijing is located in northern China, on the world map."
"Mexico participates in the Winter Olympics when it is winter in its hemisphere, which is during the months of December, January, and February."
"The answer is uncertain, as the ""lost city of Z"" is a fictional narrative and the specific characters who die can vary depending on the version or adaptation."
"The Black Panther movie soundtrack was released on November 3, 2018, along with the film's theatrical release."
"The letter J was introduced to the Latin alphabet in the 16th century, though its exact date is uncertain."
The flag that is red and has a gold star is the flag of the Philippines.
"The palace of Versailles was expanded to its present size primarily under the reign of Louis XIV, with significant contributions from architects such as Louis Le Vau and Jules Hardouin-Mansart."
The Vikings have never made the Super Bowl.
We find out that Luke and Leia are siblings in *Star Wars: The Empire Strikes Back* when Leia reveals her relationship to Luke during their confrontation with Darth Vader.
"The United Kingdom and the United States became formal allies following the signing of the Anglo-American Treaty in 1794, though their relationship has evolved over time with shared interests and cooperation in various historical contexts."
"The song ""Going to Kansas City"" was written by Bob Dylan."
"The Battle of Issus took place near the city of Issus, which is located in present-day Turkey, near the coast of the Aegean Sea."
"The name of the Muslim dress is the hijab, which is a headscarf worn by some Muslim women as a sign of modesty and religious devotion."
"As of my last update in July 2024, there has been no official announcement regarding the release date of ""Saw 8,"" so I am uncertain about its release date."
"The ban on cigarette ads on television in the UK came into effect on May 20, 2000."
The transtheoretical model of behavior change was invented by James O. Prochaska and Carlo C. DiClemente.
"The song ""I Can't Help Falling in Love with You"" was originally recorded by Elvis Presley."
"India's first cricket match was played in 1892, but the exact date of their first win is not well-documented, so the precise date remains uncertain."
"The term used to identify having official power to act is ""authority."""
"I am uncertain about the exact return date of Grey's Anatomy in March, as it may vary depending on the network's schedule and any potential scheduling changes."
The Panama Canal was built during the presidency of Theodore Roosevelt.
"The remake of *Dirty Dancing* was filmed in New Orleans, Louisiana."
The little boy in *The Polar Express* was played by Tom Hanks.
"The Thursday Night Football games are broadcast on ESPN, ABC, and Fox on regular TV."
"The song ""How You Remind Me"" by Shaggy came out in 2000."
The new Prime Minister of Italy in 2018 was Giuseppe Conte.
"The New York City subway system opened on October 27, 1904."
"The speed of the NASCAR pace car is typically around 70 to 80 miles per hour, though it may vary slightly depending on the specific race and track conditions."
"I am uncertain about the specific answer, as it depends on the year and competition in question."
"The film ""The Deer Hunter"" is set in 1970, during the Vietnam War."
"Ancient Egypt used hieroglyphic writing, which consisted of pictorial symbols used for religious, monumental, and official purposes."
The United States won its independence from Great Britain.
The first element on the periodic table is hydrogen.
"The song ""Oh Lord, Won't You Buy Me a Mercedes-Benz"" was written by John Prine."
"The first imperial power that was fighting in Vietnam was the Chinese Empire, beginning with the Han Dynasty in the 2nd century BCE."
"As of my last update in July 2024, the captain of the Richmond Football Club is Jesse Hogan."
"The first Indian climber to reach the summit of Mount Everest was Tenzing Norgay, who achieved this feat in 1953 as part of the British expedition."
The writer of *50 Shades of Grey* is E.L. James.
"The Rajya Sabha members are elected by the state legislative assemblies, with each state electing a number of members proportional to its population."
"About 300 million years ago, North America was part of the supercontinent Pangaea."
"The French and Indian War resulted in the defeat of the French, leading to their loss of territory in North America to the British."
The number of episodes in *Curse of Oak Island* Season 5 is 10.
"The first NHL hockey game was played in Montreal, Quebec, Canada, at the Montreal Arena on December 11, 1917."
The actor who played Mr. Thatcher in *When Calls the Heart* is David Marciano.
The actor who plays Cesar in the show *On My Block* is James Lafferty.
"The group bacteroids are likely to be found in the root nodules of leguminous plants, where they form symbiotic relationships with the plant to fix atmospheric nitrogen."
"The Pinkerton Detective Agency's first female detective was Kate Warne, though there is some uncertainty about the exact timeline of her appointment."
The role of Harley in *Harley Davidson and the Marlboro Man* was played by Warren Oates.
"The original voices of the Flintstones were provided by William Hanna and Joseph Barbera, who also created the show."
"The vibranium used to make Captain America's shield was obtained from Wakanda, a fictional African nation in the Marvel Universe known for its abundant supply of vibranium."
The short cop on *Will & Grace* is played by Eric McCormack.
"Loihi is a submarine volcano located off the southern coast of the Big Island of Hawaii, originating from the Hawaiian hotspot."
"The epididymis and the vas deferens are connected by anastomotic connections, specifically the initial segment of the vas deferens originates from the epididymis."
The last time the Astros were in the World Series was in 2023.
"I am uncertain, but the winner of *So You Think You Can Dance* season 13 was Kyla McMullen."
I am uncertain about the answer to this question.
The British were aided by the American colonists and various Indigenous groups who allied with them during the French and Indian War.
The German leader who signed the Treaty of Versailles was President Friedrich Ebert.
The actor who played Ricky in *The Secret Life of the American Teenager* is Thomas Ian Nicholas.
A good that can be used in place of another good is called a substitute good.
"The name ""Sinead"" is of Irish origin and means ""god's promise"" or ""divine promise."""
"The FA Cup games are not picked by individuals; instead, the draw is conducted by The Football Association, and teams are placed into different pots based on their league positions and previous performances."
The written dialogue portion of a musical is called the libretto.
This is an example of a statutory regulation.
The original Wonder Woman on television was played by Lynda Carter.
The man in the high castle episode 1 season 1 is a mysterious figure who appears to be a member of the Nazi regime and is later revealed to be a key player in the alternate history narrative of the show.
The voice of the Other Mother in *Coraline* is provided by Jennifer Jason Leigh.
The last time the Dodgers played the Yankees in the World Series was in 2020.
"As of the most recent data available, the highest-paid player in the NBA is Luka Dončić of the Dallas Mavericks, with an estimated salary of around $51.7 million for the 2023-2024 season."
"Jo is a recurring character in ""Grey's Anatomy,"" first appearing in season 5, episode 13 (""The Longest Day"")."
The balance sheet involves all aspects of the accounting equation.
"The most passing yards in a single NFL season were recorded by Drew Brees with 5,476 yards in 2019."
"The book ""When It Was Not Death for I Stood Up"" was published in 1970."
Bacterial cell walls are made rigid by the presence of peptidoglycan.
The 10 shilling note went out of circulation in the United Kingdom in 1984 when the decimal currency was introduced.
I am uncertain about the exact number of medals Austria won in the 2011 Alpine Skiing World Championships.
"The song ""Rapper's Delight"" by The Sugarhill Gang was released in 1979."
"The Flash first appeared on *Arrow* in the episode titled ""The Brave and the Bold,"" which aired on March 13, 2014."
"The song ""How Can You Mend a Broken Heart"" was first sung by Tony Bennett."
The Tampa Bay Lightning played in the Stanley Cup Finals last year.
"The Continental Congress voted to adopt the Declaration of Independence on July 4, 1776."
The United States launches space shuttles from the Kennedy Space Center in Florida.
"A country with an island location is situated on an island, while a country with a continental location is situated on a continent."
The horse and jockey that won the Melbourne Cup in 2002 were Tawernacle and jockey James McDonald.
The last time Bayern Munich won the Champions League was in 2020.
"The original singer of ""What I Like About You"" is Gwen Stefani, as it was released on her debut solo album ""Tragic Kingdom"" in 1999."
The complete collection of DNA and genes in an organism is called the genome.
The actor who plays Big Momma in *Big Momma's House* is Jennifer Aniston.
"The removal of seven books from the biblical canon occurred during the Protestant Reformation in the 16th century, as these books were excluded from the Protestant Old Testament."
"The percentage of global man-made CO₂ emissions that comes from worldwide aviation is approximately 2-3%, though this figure may vary slightly depending on the source and the year of the data."
"""I'm Coming Out"" is a song by the band The Offspring, which was released in 1994 as part of their album ""I Am the Third."""
"As of 2023, Tom Brady has been playing professional football for over 23 years."
A topographic map shows elevation through the use of contour lines.
"Spyder is a character in the animated series *Once Upon a Time in Venice*, portrayed as a cunning and mysterious figure with a complex relationship with the main characters."
"In Season 6 of *Once Upon a Time*, Regina Mills (played by Ginnifer Goodwin) dies."
"I am uncertain about the specific answer to this question, as it is not widely recognized or documented in standard sports awards."
"The phrase ""I'll gladly pay you Tuesday"" is attributed to the character Wile E. Coyote from the Looney Tunes cartoons."
"The 7th game of the World Series is played at the home field of the team that is currently leading the series, which can vary each year."
"As of my last update in July 2024, the next season of *Wynonna Earp* has not been officially announced, so the start date is uncertain."
The emblematic rhythm of the Dominican Republic is the merengue.
"The U.S. Army does not have a ""side"" in the context of a conflict, as it is a military branch of the United States and operates under the authority of the U.S. government."
"The song ""It's a Mean Old World"" was sung by The Beatles."
"The Astros last played in the World Series in 2019, when they faced the Washington Nationals."
The inventor who developed a way to record sound was Thomas Edison.
A prominent leader of the Indian National Congress was Mahatma Gandhi.
"As of the most recent data, the player with the most sacks in college football history is Matthew Judon of the University of Louisville, with 34.5 sacks."
"I am uncertain about the specific details of the play in question, so I cannot provide a definitive answer."
"Answer: During the Great Depression in the 1930s, the U.S. economy experienced a severe and prolonged economic downturn characterized by widespread unemployment, bank failures, and a significant decline in industrial production."
"I am uncertain about the specific individual referred to, as the phrase ""walked across the twin towers"" is ambiguous and could refer to various contexts or individuals."
"Turkish, Finnish, and Hungarian belong to the Uralic family of languages."
"The Phoenix Open was sponsored by Waste Management before it became the title sponsor in 2020, though it was previously known as the Phoenix Open and had other sponsors prior to Waste Management's involvement."
"The song ""I Can Only Imagine"" was released in 1990."
The film *Titanic* grossed approximately $2.2 billion worldwide at the box office.
The theory of relativity was developed by Albert Einstein.
"Prime rib comes from the primal cut known as the rib section, which is located along the cow's upper back, between the shoulder and the loin."
"The meridian opposite the prime meridian is located at 180 degrees east or west, which is known as the International Date Line."
"Fusing the spine refers to a surgical procedure in which two or more vertebrae are permanently joined together to stabilize the spine, often to treat conditions such as spinal instability, degenerative diseases, or spinal deformities."
The answer is uncertain.
The presiding judge of the highest criminal court in a district is typically the chief judge or the senior judge of that court.
The role of Stonewall Jackson in *Gods and Generals* was played by James Faulkner.
"Early humans used stones for a variety of purposes, including tool-making, hunting, and construction, though the exact methods and extent of their use remain uncertain due to limited archaeological evidence."
The winner of Britain's Next Top Model 2016 was Sophie Ellis-Bextor.
The state of Louisiana was returned to Spain after the Revolutionary War.
"The show ""Take Me Out"" featuring Fernando is filmed in London, England."
The role of Booster in *Jingle All the Way* was played by Kelsey Grammer.
Dendrites and cell bodies are components of neural matter found in the brain.
"The United States initially pursued a policy of neutrality and non-intervention in World War I, though it later entered the war in 1917."
"The NFL coach with the most Super Bowl rings is Vince Lombardi, with 1 championship ring."
Radio Shack changed its name to the Source in 2002.
"The theme song for the Winter Olympics has varied over the years, with different composers and lyricists, so I am uncertain about a single definitive answer."
"I am uncertain about the specific date when ""Little Polveir"" won the Grand National, as there is no widely recognized horse by that name associated with a notable victory in the Grand National."
"The record for the most assists in an NBA All-Star Game is 15, achieved by John Stockton in 1998."
"I am uncertain about the exact release date of the next episode of ""Flash,"" as it depends on the production schedule and may vary."
The Democratic Party has not changed its name; it has remained the Democratic Party since its founding in 1828.
Michael Showers played the character Elijah Mikaelson on *The Vampire Diaries*.
The largest amount of federal tax revenue in the United States comes from individual income taxes.
"Wild-caught sockeye salmon primarily come from the Pacific Northwest, including regions in Alaska, British Columbia, and Washington state."
"I am uncertain about the specific year, but as of the most recent season, the National League MVP was awarded to Paul Goldschmidt of the St. Louis Cardinals."
"The latest edition of *The Intelligent Investor* is the 2022 edition published by HarperCollins, which includes a new introduction by the author's grandson, Peter C. Lynch."
The girl who played Darlene in *Roseanne* was Laurie Metcalf.
"I am uncertain about the answer, as the question contains a possible typo or confusion, and ""You Get Me"" is not a well-known work with a character named Tyler."
Big Bang Theory season 11 consists of 24 episodes.
"The poem ""I Look at the World"" was written in 1962."
"The weather in Dubai is generally hot and arid year-round, with temperatures typically ranging from 25°C to 40°C (77°F to 104°F)."
I am uncertain about the answer to this question.
"The song ""Where Have All the Flowers Gone"" was written in 1965 by Pete Seeger."
"The wheel was introduced to North America by European settlers during the 16th century, though its use by Indigenous peoples predates European contact."
The African Footballer of the Year 2014 was Pierre-Emerick Aubameyang.
"The last name Cintron is of Spanish or Italian origin, derived from the given name Cintra, and is associated with the regions of Spain and Italy."
"The colony of Maryland was formed and first came into existence under the leadership of Lord Baltimore, who established it in 1634 as a haven for English Catholics."
The biggest town in West Virginia is Charleston.
"The five prohibitions of Yom Kippur are eating and drinking, washing, anointing oneself with oil, wearing leather shoes, and engaging in marital relations."
"In the first episode of *Stranger Things*, the character Jonathan Byfield dies."
The role of Zoey in *I Love You Man* is played by Megan Fox.
The default file extension for an audio file in Windows Media Player is typically .mp3.
"The dower house in *The Archers* is owned by the village, as it is a public house that has been a fixture in the village for many years."
The third episode of *Aru Kagaku no Railgun* focuses on Mikoto's efforts to protect her classmates while dealing with her powerful abilities and the challenges of maintaining her secret identity.
The Bureau of Land Management manages over 245 million acres of land in the United States.
"The cities in San Joaquin County, California include Stockton, Modesto, Lodi, Manteca, and Tracy."
"The MLB season typically starts in late March and finishes in October, with the exact dates varying slightly each year depending on the schedule."
The 2018 Formula One Australian Grand Prix was won by Sebastian Vettel driving for Ferrari.
"The statement ""everyone will be famous for 15 minutes"" is often attributed to Andy Warhol, though he did not directly say it."
"I am uncertain about the release date of the new ""Adventure Time"" series, as it has not been officially announced."
Dynamin is associated with clathrin-coated vesicles.
"The American Revolution began in 1765 with the Stamp Act, though tensions with British rule had been building since the early 1760s."
The actor who played Tom on *As the World Turns* was David Canary.
The NCAA Women's Basketball Championship in 2017 was won by the Notre Dame Fighting Irish.
The nuclear model of the atom was developed by Ernest Rutherford.
"I am uncertain about the exact start date of the new season of ""Little Couples,"" but it is typically announced by the network or streaming platform a few months in advance."
The common name for gravitational force is gravity.
The role of Mrs. Warboys in *One Foot in the Grave* was played by Dawn French.
Tony end up with Caroline on *Skins*.
"The population of Fayetteville, North Carolina is approximately 133,000 as of the most recent estimates."
The film *Harry Potter and the Philosopher's Stone* was made in 2001.
"The Nationalists in the Spanish Civil War were a coalition of conservative, right-wing groups, including monarchists, traditionalists, and fascist sympathizers, led by General Francisco Franco."
"The owner of the biggest house in Beverly Hills is uncertain, as it can vary over time and is subject to change."
"The return date of the flash after Christmas is uncertain and depends on specific circumstances or events, so I cannot provide a definitive answer."
"The signals for apoptosis can come from within the cell, such as through DNA damage or cellular stress, or from outside the cell, such as through interactions with death ligands on neighboring cells."
"The Battles of Lexington and Concord happened on April 19, 1775."
"The artist with the most number one single hits is the Beatles, with 20 number one singles in the United Kingdom."
A person who officiates a wedding is called an officiant.
The River Thames starts at Thames Head in Gloucestershire and ends at the North Sea near the town of Tilbury.
"A simple gear train is used in real life in devices such as clocks, bicycles, and automotive transmissions."
"The song ""How Deep Is Your Love"" by Bee Gees was released in 1977."
The apostle Peter spoke at the Council of Jerusalem.
"The last time the Seattle Seahawks won the Super Bowl was in 2014, when they defeated the Denver Broncos in Super Bowl XLVIII."
"The phrase ""one man's vulgarity is another's lyric"" is attributed to Oscar Wilde."
Men's curling started in the Olympics in 1998 at the Nagano Winter Games.
"Claire from *McLeod's Daughters* ends up with Jack, with whom she has a child."
The dwarf's name in *Game of Thrones* is Tyrion Lannister.
The role of the queen in *Victoria and Abdul* is played by Judi Dench.
"The grapes of wrath take place in the context of the biblical Book of Revelation, symbolizing divine judgment and wrath."
The last time the Astros won the World Series was in 2022.
"The song ""Drop It Like It's Hot"" by Snoop Dogg featuring Dr. Dre was released in 2004."
"The first South African Youth Day was celebrated on April 18, 1994."
"China in Chinese is called ""zhōngguó,"" which means ""central country"" or ""middle kingdom."""
The state of Georgia has 159 counties.
"""Mercy Mercy Me (The Boxer)"" by Marvin Gaye is about the struggles of a boxer facing personal and societal challenges, including poverty, racial discrimination, and the pressure of living up to expectations."
"I am uncertain about the name of the compound ""p4010"" as it does not correspond to a known chemical compound."
"The ""MSC"" in MSC Cruises stands for ""Mediterranean Shipping Company."""
The actor who played Joey's agent Estelle on *Friends* is Lisa Kudrow.
The sixth president of the United States is John Quincy Adams.
The 2016 Food Network Star winner was Kevin O'Leary.
"The bird in The Lion King is a hornbill, which is a type of large, colorful bird native to Africa."
"The judges on *Dancing on Ice* in 2014 were Bruce Forsyth, Amanda Holden, and Craig Revel Horwood."
"The case of product tampering occurred at the manufacturing facility in Chicago, Illinois."
"The water that infiltrates the soil and is not absorbed by plant roots may either evaporate into the atmosphere, flow laterally through the soil as subsurface runoff, or percolate deeper into the ground to recharge groundwater reserves."
"Answer: The Pirates of the Caribbean film series starred Johnny Depp as Captain Jack Sparrow, along with actors such as Orlando Bloom, Keira Knightley, and Geoffrey Rush."
The role of Bianca in *That's So Raven* is played by Rachel Covey.
"The smoking man's identity as Mulder's father was revealed in the ""X-Files"" episode ""The Truth"" (Season 5, Episode 16)."
"Cracked skin at the corners of the mouth, known as angular cheilitis, is often caused by a combination of factors including dryness, saliva accumulation, fungal or bacterial infections, nutritional deficiencies, or irritation from lip products."
The south west wind blows across Nigeria between the months of March and May.
The lead singer of Collective Soul is Shannon Hoon.
"The top five wine producing states in the United States are California, Washington, Oregon, New York, and Virginia."
Dr. B. R. Ambedkar is known as the father of the Indian Constitution.
"I am uncertain about the exact episode, but Lori Grimes dies in Season 4, Episode 12 of *The Walking Dead*, titled ""The Grove."""
"The authorship of the Ramayana is traditionally attributed to the sage Valmiki, though its composition is believed to have evolved over time through oral tradition and various regional adaptations."
"The United Kingdom entered World War II on September 3, 1939, following Germany's invasion of Poland."
"Uncertain, but Jack Ryan is portrayed as living in the United States, specifically in a Washington, D.C. area, in the *Patriot Games* film."
"I am uncertain about the exact start date of season 8 for Blue Bloods, as it may vary depending on the platform and region."
"Answer: Rabindranath Tagore, the Nobel laureate, began his career as an accountant in Calcutta."
"The Captain America movies in order are: ""Captain America: The First Avenger"" (2011), ""The Avengers"" (2012), ""Captain America: The Winter Soldier"" (2014), ""Captain America: Civil War"" (2016), ""Avengers: Infinity War"" (2018), ""Captain America: The Soul of the Avengers"" (2021), and ""Avengers: Endgame"" (2019)."
The Virginia Cavaliers lost to the Duke Blue Devils in the Final Four of the 2023 NCAA Men's Basketball Tournament.
The Golden State Warriors have been to the playoffs 25 times as of the end of the 2023 NBA season.
The actress who plays Emma in *Air Bud: World Pup* is Elle Fanning.
The quarterback for the New Orleans Saints before Drew Brees was Marc Bulger.
"North America is home to a variety of governments, including democratic republics, constitutional monarchies, and other forms, with the United States, Canada, and Mexico being examples of democratic republics."
"The first episode of *That '70s Show* aired on September 3, 1998."
An example of an Americanized Mexican food created by Tex-Mex cuisine is the taco salad.
"The film *Manchester by the Sea* was primarily filmed in New England, specifically in locations such as Manchester, Boston, and surrounding areas in Massachusetts."
The NBA added the three-point line in the 1979-80 season.
"The last time someone won the Super Bowl back to back was in 2021 and 2022, when the Tampa Bay Buccaneers won Super Bowls LV and LVI."
"As of the most recent season, the team with the best NBA record is the Denver Nuggets."
The main character in *Their Eyes Were Watching God* was Janie Crawford.
"I am uncertain about the exact answer, but it is likely that the last over of the 2007 ICC Cricket World Twenty20 final was bowled by Lasith Malinga of Sri Lanka."
"The youngest president to be elected was John F. Kennedy, who was 43 years old when he took office in 1961."
The last time Wisconsin missed the NCAA Tournament was in 2011.
"Proinsulin undergoes cleavage by proteolytic enzymes to remove the C-peptide, resulting in the formation of mature insulin."
"The amount of venom a king cobra can produce varies, but it typically ranges from 100 to 300 milligrams per bite, though this can depend on the snake's size and individual factors."
"The girl in the ""Lips of an Angel"" video is Mireya Gonzalez, who played the role of the angel in the music video directed by Mark Pellington."
The name of Bombay was changed to Mumbai in 1995.
"I am uncertain about the exact release date of the Season 7 Game of Thrones DVD, as it may vary by region and retailer."
The twenty one pilots hiatus started in 2012.
"In *Grey's Anatomy* Season 7, Dr. Alex Karev becomes the chief resident."
The heart begins to develop around the third week of gestation and starts pumping blood by the fourth week.
The winner of the fifth season of America's Got Talent was Grace VanderWaal.
"The word ""Celsius"" originates from the Swedish astronomer Anders Celsius, after whom the temperature scale was named."
"The official slogan for the 2018 Winter Olympics was ""Host City: PyeongChang; Motto: 'PyeongChang 2018: Passionate People, Passionate Games'."""
The film *Walk the Line* starred Johnny Depp as Johnny Cash and Reese Witherspoon as June Carter Cash.
"The song ""Brother Let Me Be Your Shelter"" was sung by The Tractors."
The actor who plays Justin on *The Haves and the Have Nots* is Sebastian Arcelus.
The answer is uncertain.
"The song ""What the World Needs Now Is Love"" in *Boss Baby* is performed by the character Timmy, with additional vocals by the band The Beach Boys."
"The song ""Only Love Can Break Your Heart"" is performed by The Beatles."
"The song ""I've Loved You for a Thousand Years"" is performed by the British rock band The Beatles."
The first case of Alzheimer's disease was diagnosed in 1901 by Dr. Alois Alzheimer.
"The founder of Google is Larry Page and Sergey Brin, and it was founded on September 4, 1998."
The longest serving chief minister in India as of January 2015 was Nitish Kumar of Bihar.
"Canada, Mexico, and the United States joined to form NAFTA."
"The chief guest of the 2014 Republic Day ceremony in India was the President of France, François Hollande."
The third series of *Ray Donovan* consists of 10 episodes.
The Rockefeller Tree is typically put up in late November and taken down in early January.
Synapsis of homologous chromosomes does not occur in mitosis; it is a process that takes place during prophase I of meiosis.
"The Civil Rights Act of 1964 protects individuals from discrimination based on race, color, religion, sex, or national origin in various areas including employment, public accommodations, and education."
"The last time America hosted the Summer Olympics was in 2028, which will be held in Los Angeles."
Season 8 of *Shameless* returned in September 2018.
The heart muscle is stimulated to contract by electrical impulses which are generated in the sinoatrial node.
"The player who scored the most points in their NBA career is LeBron James, with over 38,000 points as of 2023."
"The name ""Gomez"" is of Spanish origin and means ""to go"" or ""to go forth,"" and it is often associated with the idea of movement or progress."
The first T20 cricket match was played in South Africa in 2003.
"The golfer who has won the most Masters Green Jackets is Jack Nicklaus, with a total of six victories."
"The national recovery administration was managed by Hugh S. Johnson, who was appointed by President Franklin D. Roosevelt."
"The show ""Who Wants to Be a Millionaire"" features a contestant who calls his dad during the game."
The suite life of Zack and Cody was made in 2005.
The actor who played Shaggy in the new Scooby-Doo movie is Frank Welker.
"The song ""Diamonds and Rust"" by Joni Mitchell is about her relationship with the poet and writer Leonard Cohen, exploring themes of love, betrayal, and personal growth."
"The resting stage of the cell cycle is called G0, which is a state where the cell exits the cell cycle and is not actively preparing for division."
Answer: Initials that stand for something are called acronyms.
"The song ""Oh Annie I'm Not Your Daddy"" was performed by The Drifters."
The actor who played King Theoden in *The Lord of the Rings* is Bernard Hill.
The country that shares borders with both Belarus and Romania is Ukraine.
"The first part of *Harry Potter and the Deathly Hallows* was primarily filmed in the United Kingdom, with additional scenes shot in New Zealand."
"The exact number of farmers in the United States is not consistently reported, but as of the most recent data from the U.S. Department of Agriculture (2023), there are approximately 3.4 million farms."
"The three layers of the meninges are the dura mater, arachnoid mater, and pia mater."
"The answer is uncertain, as the specific helminth in question was not provided."
Germany is part of the Western European culture region.
"Before it was a prison, Guantanamo Bay was a United States Naval Base, established in 1898 following the Spanish-American War."
"The Declaration of Independence was primarily written by Thomas Jefferson, though it was edited and revised by a committee and approved by the Continental Congress."
"The initial digestion of starch is expected to occur in the mouth, where salivary amylase begins breaking down starch into simpler sugars."
"Kidneys for kidney transplants typically come from either deceased donors who have consented to organ donation or living donors who are willing to donate a kidney, usually a close family member or friend."
"The Titanic did not have a band on board when it sank; however, the band played ""Nearer, My God, to Thee"" as the ship went down."
"The tallest building in Las Vegas is the Park Central Hotel, which is 308 feet (94 meters) tall."
"I am uncertain about the exact release date of the new series of *Keeping Faith*, but it is expected to premiere in early 2024."
"The song ""Trust and Believe"" by Keyshia Cole was written by Keyshia Cole herself."
"The Philadelphia 76ers have the oldest team in the NBA, having been established in 1946."
"The Electronic Funds Transfer Act was signed into law on December 4, 1978."
"As of my last update in October 2023, Kenney won the election for mayor of Boston in 2022."
"The first medalist for India in the Olympics was Khashaba Dadasaheb Jadhav, who won a bronze medal in wrestling at the 1900 Paris Olympics."
The music for *The Christmas Story Live* was written by Mark Fishman.
The first Jnanpith Award was given to the author of the Malayalam language.
The ring finger for a male in India is typically the fourth finger on the right hand.
"A patient with severe malabsorption syndrome, such as short bowel syndrome, would most likely require nutrition delivered through TPN."
The voice of Stewie Griffin in *Family Guy* is provided by Seth MacFarlane.
"The name of the restaurant in *Seinfeld* is the ""Bada Bing."""
"I am uncertain about the specific actor who played David on *The Assassination of Gianni Versace*, as the role may not have been prominently featured or widely recognized."
"The United States is a democratic republic, meaning it combines elements of democracy, where citizens elect representatives to make decisions on their behalf, with a republican structure, where elected officials hold power and are accountable to the people."
The role of Grace in *The Secret Life of the American Teenager* is played by Olivia Holt.
"The rulers of the Qing dynasty originated from the Manchu people, who were based in the northeastern region of China, specifically in the area around present-day Heilongjiang and Jilin provinces."
The United States center of population gravity was located in Pennsylvania during the period 1790.
"The royalties for Winnie the Pooh go to the Walt Disney Company, which holds the copyright and licensing rights to the character and related works."
"As of my last update in July 2024, there has not been an official announcement regarding a new season of *Chicago P.D.*, so the release date is currently unknown."
"The majority of the U.S. debt is owned by the public, including both domestic and foreign investors, with a significant portion held by the Federal Reserve and other government-related entities."
"The individual who has won the most on ""Who Wants to Be a Millionaire"" is Richard Hatch, who won $2.5 million in the original U.S. version of the show."
The voice of Ash Ketchum in *Sing* is provided by Shia LaBeouf.
Tammy from *Basketball Wives* was married to former NBA player Damon Stoudamire.
"The original ""I Want a Hippopotamus for Christmas"" was sung by Jimmy Durante."
"The Roman god of the underworld, also called Orcus or Pluto, is Dis Pater."
"The donkey does not talk in the Bible; however, in the story of Balaam's donkey (Numbers 22:21-35), the donkey appears to speak to Balaam, though this is interpreted as a divine revelation rather than an actual speaking donkey."
"Chinese New Year, also known as the Lunar New Year, typically falls between January 21 and February 21, and in 2024 it begins on February 10."
"The Korean Peninsula was divided into North and South Korea following the end of World War II in 1945, with the division officially formalized by the Armistice Agreement signed on July 27, 1953, which ended the Korean War."
"The song ""If I Were a Boy"" was written by Beyoncé Knowles."
The Golden Gate Bridge in San Francisco is orange.
The actress who played Jennifer in *Back to the Future* is Claudia Wells.
"The Italian episode of *Everybody Loves Raymond* was filmed in Rome, Italy."
"The last bear killed in the UK was in the 16th century, though the exact date is uncertain."
"The song ""Stop the World and Let Me Off"" was written by Tony Hatch."
"The book *Wealth of Nations* by Adam Smith is about the principles of economics, including the role of self-interest, division of labor, and free markets in promoting economic prosperity."
"The record for most consecutive games with 20+ points in NBA history is held by Wilt Chamberlain, who achieved 101 consecutive games from 1959 to 1962."
"The Treaty of Versailles was signed by German representatives, including President Paul von Hindenburg and Foreign Minister Walter Rathenau, on June 28, 1919."
"I am uncertain about the specific answer to this question, as it depends on the particular constituent assembly in question."
"The purse for the Senior Open is the total prize money awarded to the competitors, which varies each year but is typically in the range of several million dollars."
The first season of American Idol ended in 2003 after its initial run of 13 episodes.
The actress who played Anna in *Once Upon a Time* is Jennifer Morrison.
"The original song ""Send in the Clowns"" was sung by Judy Collins."
The drinking age was set to 21 in the United States in 1984 through the National Minimum Drinking Age Act.
The movie *I Can Only Imagine* was produced by Jerry Bruckheimer.
"The meaning of ""auv"" in cars is uncertain, as it does not appear to be a widely recognized acronym or term within the automotive industry."
"During a disaster, emergency management agencies and local authorities typically monitor the recovery of the location."
The novel *The Treasure of the Sierra Madre* was written by B. Traven.
The first line of an HTTP request message is called the request line.
"Answer: It is uncertain who hit 6 sixes in an over in Test cricket, as this feat has not been officially recorded in Test match history."
"The internet was introduced to the public in the late 1980s and early 1990s, with the World Wide Web becoming widely accessible in the early 1990s."
"In Texas, the commissioner of insurance is appointed by the governor and confirmed by the Texas Senate."
The first fleet arrived in Australia on 26 January 1788.
"The song ""So Come and Dance with Me Jai Ho"" is sung by A.R. Rahman and performed by Shreya Ghoshal."
"The inventor who co-created the film ""Fred Ott’s Sneeze"" is Thomas A. Edison."
"The city often referred to as the ""Manchester of North India"" is Kanpur."
"The first video game for Nintendo was ""Tennis for Two,"" which was created in 1958 by William Higinbotham."
"The singer of the American anthem at the Super Bowl varies each year, so I am uncertain about the specific performer without additional context."
"The seven union territories of India and their capitals are: Andaman and Nicobar Islands (Port Blair), Chandigarh (Chandigarh), Dadra and Nagar Haveli and Daman and Diu (Daman), Lakshadweep (Kavaratti), National Capital Territory of Delhi (New Delhi), Puducherry (Pondicherry), and Jammu and Kashmir (Srinagar)."
Mount Everest is part of the Himalayas mountain range.
"No U.S. states are commonwealths; however, the District of Columbia is sometimes referred to as a ""commonwealth"" in a symbolic and honorary sense, though it is not a state."
The River Irk starts in the Pennines in Greater Manchester and finishes at the River Mersey near Warrington.
"The most important new religious figure of the New Kingdom of ancient Egypt was the pharaoh, who was considered a divine ruler and intermediary between the gods and the people."
"The average salary for a U.S. congressman is approximately $174,000 per year, though this can vary based on additional benefits and allowances."
The full name of the Titanic was RMS Titanic.
"The book *My Country, My Life* was written by L.K. Advani."
The winner of the first series of *Great British Bake Off* was James Martin.
"The Buckingham Palace has approximately 775 rooms, though this number may vary slightly depending on the source and the specific count included."
The dad in the new *Beauty and the Beast* (2017 film) is played by Kevin Kline.
"I am uncertain about the exact start date of season 3 of *The Riveras*, but it likely premiered in 2021, as that is when the third season was released on Netflix."
"As of the most recent data, Ohio State has won more national championships than Michigan."
"The actor who played Frost on *Rizzoli & Isles*, Joe Mantegna, continued to act in various television series and films after his role, including appearances on *The West Wing* and *NCIS*."
"Lynyrd Skynyrd's plane crash happened on October 27, 1977."
There are approximately 160 countries that have scouting organizations.
"The name of season 6 of American Horror Story is ""Roanoke."""
The Dragon Ball Super Tournament of Power started in 2018.
"The bongos on ""Sympathy for the Devil"" are played by Tony Williams."
"The phrase ""if a tree falls in the woods and nobody hears it"" is often attributed to the philosopher George Berkeley, though it is not directly quoted from his writings."
"The Indian Society of Oriental Art was formed by a group of Indian artists and art enthusiasts, though the exact founding members are not definitively specified in historical records."
"The lingam is a symbolic representation of Lord Shiva, representing his infinite nature, creative and destructive powers, and the ultimate reality in Hinduism."
"The queen of hearts in *Alice in Wonderland* is a fictional character known for her temper and the phrase ""Off with their heads!"""
"Answer: The octet rule states that in chemical compounds atoms tend to have the electron configuration of a noble gas, achieving a full valence shell with eight electrons."
The majority of phosphorus is stored in sedimentary rocks and mineral deposits in the Earth's crust.
"The hotel used in the movie *The Shining* is the Timberline Lodge in Oregon, though some scenes were also filmed at other locations."
"The identity of the father of the princes in the tower is uncertain, as historical records are inconclusive regarding the fate of the two young princes and the circumstances surrounding their disappearance."
The construction of the RMS Titanic began in 1909.
"The first NBA basketball game started on November 1, 1946."
The German princes who chose the Holy Roman Emperor were called the electors.
"I am uncertain about the exact time period, but refrigerator Perry played for the Bears during his NFL career, which spanned from 1985 to 1995."
"The idea of the transcontinental railroad was championed by several key figures, including Thomas C. Durant and Leland Stanford, though the concept itself was a collaborative effort involving multiple stakeholders."
Answer: The elements in each period have the same number of electron shells.
"As of my last update in July 2024, there has been no official announcement regarding the release date of a new season of *Wentworth*."
Answer: The leader of Carthage during the First Punic War was Hamilcar Barca.
"The latest winner of America's Next Top Model, as of the most recent season concluded in 2023, was Taylor Hill."
The main use of the Eiffel Tower in modern times is as a prominent tourist attraction and a symbol of Paris and France.
"The first known recording of ""Smoke Gets in Your Eyes"" was sung by Al Jolson in 1928."
"The Soviet Union first gained control of parts of Poland and the Baltic republics following World War II, primarily through the Potsdam Agreement in 1945 and subsequent military and political actions."
The actor who played Nathan Scott on *One Tree Hill* is James Lafferty.
The movie *The Wizard of Oz* was made in 1939.
"I am uncertain about the specific individual who died doing the luge in the Olympics, but it is known that there have been tragic accidents in luge competitions, including the death of German luge athlete Sarah Schleper in 2002."
The role of Dr. Sloane on *Kevin Saves the World* is played by actress Liza Lapira.
"Clash Royale was released in the United States on May 16, 2016."
The Ranjit Sagar Dam has been built over the Sutlej River.
"The Sword Art Online movie takes place in the year 2021, within the world of the fictional online game, with some events occurring in the year 2022."
"Vietnam was known as the French Indochina region during the years before World War II, though it was also referred to as ""Vietnam"" in English."
The third president of the United States of America was Thomas Jefferson.
The role of Stumpy in the movie *Rio Bravo* was played by Dean Martin.
The dog's name in *The Wizard of Oz* is Toto.
"I am uncertain about the exact release date of the next Warrior book, as it depends on the publisher's schedule and the author's progress."
The U.S. Senate consists of 100 senators.
"The host of ""Live from the Red Carpet"" is not specified in the question, so I am uncertain about the specific individual hosting the event."
The greasers in *The Outsiders* live on the East Side of town.
A major league team typically has around 26 pitchers on its active roster during the regular season.
"The team finds out Prentiss is alive in the episode ""The Consultant"" (Season 4, Episode 16) of *Criminal Minds*."
"The CN Tower has 1,776 steps."
"The trick-taking card game name derived from Spanish for ""man"" is ""Ombre."""
The two regions that grow most of China’s rice are the Yangtze River Basin and the Pearl River Delta.
"The story of *All Quiet on the Western Front* is told from the perspective of Paul Bäumer, a German soldier."
"The song ""Puff, the Magic Dragon"" is generally interpreted as a melancholic tale about the fleeting nature of childhood and the passage of time, though some have suggested it may contain subtle references to drug use, which has led to varying interpretations and debates over its meaning."
"A player who can shoot, pass, or dribble is considered to be a well-rounded or versatile basketball player."
"The Temple of Vesta was built for the Roman goddess Vesta, who was worshipped as the deity of the hearth, home, and family."
The printing press was invented by Johannes Gutenberg around the year 1440.
"The world's first laptop computer, the GRiD Compass 1101, was introduced in the market in 1982 by GRiD Systems Corporation."
"I am uncertain, but as of the most recent data, there are 44 states that have at least one Cracker Barrel restaurant."
"New York stopped using the electric chair in 2013 when the state legislature abolished the death penalty, effectively ending its use for all crimes."
"The term ""gorakh dhanda"" in Urdu refers to a system or practice involving the collection of money or taxes, often in a coercive or exploitative manner."
"The first English child born in North America was Virginia Dare, born in 1587 at the Roanoke Colony."
"In the TV show *The Flash*, Barry Allen's mother, Nora West-Allen, was killed by the character Eobard Thawne, also known as the Reverse-Flash."
"The words ""under God"" were added to the Pledge of Allegiance in 1954."
"The French translation for ""zest for life"" is ""zeste pour la vie."""
"The song ""You'll Never Find Another Love Like Mine"" is sung by The Beatles."
"The answer is uncertain, as the identity of Dylan's father in *Bates Motel* is not explicitly confirmed in the show."
Bikram Sambhat is the official calendar of Nepal.
"The song ""Judy Blue Eyes"" was written about Judy Garland, the famous actress and singer."
"Middle-earth: Shadow of Mordor was released on September 14, 2014."
"In a formal setting, the bread plate is typically located to the left of the plate containing the main course."
"The video for ""Don't Worry, Be Happy"" features Bobby McFerrin, along with a group of diverse individuals engaged in various happy activities."
The secretory cells of endocrine glands secrete their products directly into the bloodstream.
"The last recorded earthquake in Vancouver was on June 23, 2023, with a magnitude of 4.1."
"Canada switches to daylight saving time on the second Sunday in March, when clocks are moved forward by one hour."
De Beers owns approximately 60% of the world's diamonds through its ownership of De Beers Group and its controlling stake in the Diamond Trading Company.
The ashes used on Ash Wednesday originate from the burning of palm branches from the previous year's Palm Sunday.
"The diaphragm is located beneath the lungs, separating the thoracic cavity from the abdominal cavity."
"The United Nations Declaration of Human Rights was drafted by Eleanor Roosevelt, who chaired the Commission on Human Rights."
"The song ""All Night Long (All Night Long)"" by Lionel Richie was released in 1983."
"A basketball court is approximately 4,700 square feet."
Answer: The cold dry winds that blow over northern India in winter are called loo winds.
"The song ""I Don't Want to Be Lonely"" is performed by the British band The Beatles."
"I am uncertain about the current brand ambassador for the 'Beti Bachao-Beti Padhao' campaign, as this information may have changed since my last update."
"I am uncertain about the exact release date of the second half of Vikings season 5, as it has not been officially announced."
"The original cast of *Natasha, Pierre & the Great Comet of 1812* included Svetlana Khodchenkova as Natasha, Alexi Kaye Campbell as Pierre, and Christopher Jackson as Anatole."
The biggest country in Western Europe is France.
"Wood thrushes typically migrate at night, flying during the evening and early morning hours to avoid predators and take advantage of favorable wind conditions."
The title of the person who runs the House of Representatives is the Speaker of the House.
"A whistleblower suit under the False Claims Act is a legal action brought by an individual who reports fraudulent activities involving federal funds, often resulting in financial penalties for the wrongdoer and a share of the recovered funds for the whistleblower."
"The oldest house in America, the ""House of the Seven Gables,"" is located in Salem, Massachusetts."
The Land Rover Defender was first built in 1983.
The main source of nutrients in an estuary is typically terrestrial runoff from surrounding land areas.
"The largest NFL stadium in the United States is AT&T Stadium in Arlington, Texas, which has a seating capacity of approximately 80,000."
The walker Rick killed in the first episode of *The Walking Dead* was a zombie that attacked him and his family in their home.
"Aeneas left Carthage and sailed to Italy, where he continued his journey to found the Roman people."
The vapor pressure of water at 100°C is 760 torr.
The last major stock market crash occurred in 2008 during the global financial crisis.
"Cape Town receives rainfall during the summer season, which is from November to February."
"The rights to *Rocky and Bullwinkle* are currently owned by Warner Bros. Discovery, following the merger of Warner Bros. and Discovery."
The movie *Daddy's Home 2* was filmed in the state of Georgia.
"I am uncertain about the specific ""first day collection"" of the Assamese film ""Mission China,"" as it is not widely documented or publicly available."
"The Florida Marlins have their spring training in Fort Myers, Florida."
The 2017 French Open men's doubles title was won by Pierre-Hugues Herbert and Nicolas Mahut.
"The United States became a nation on July 4, 1776, when it declared its independence from Great Britain."
The actor who played Santa Claus in the Santa Clause movies is Jim Carrey.
"Answer: A disappearing lake found in limestone areas in the west of Ireland is typically a type of sinkhole or doline, which forms due to the dissolution of underlying limestone."
"The Spanish Civil War was fought between the Republicans, who supported the democratic government, and the Nationalists, led by General Francisco Franco."
"The film ""Georgia"" is not directly related to ""Angus Thongs and Perfect Snogging,"" as they are distinct works with different themes and narratives."
"The first gold coins in India were issued by the Gupta Empire, though there is some uncertainty regarding the exact ruler who initiated their minting."
"The Greek god who flew too close to the sun is Icarus, though he was a mortal, not a god."
"Carbon can be found in the biosphere in living organisms such as plants, animals, and microorganisms, as well as in organic matter in soil and in the atmosphere as carbon dioxide."
"Star Trek: Discovery first aired on television on September 24, 2017."
The Earth's atmosphere changed due to living organisms beginning approximately 2.4 billion years ago with the rise of oxygen-producing cyanobacteria during the Great Oxidation Event.
"The area code for Phoenix, Arizona is 602."
"The 12 disciples are mentioned in several parts of the Bible, including the Gospels of Matthew, Mark, Luke, and John, as well as in the Acts of the Apostles."
"The origin of popcorn at the movies is uncertain, but it is believed to have been popularized in the early 20th century as a concession sold in theaters."
The responsibility for establishing a local licensing forum typically lies with the local government or regulatory authority overseeing the specific industry or service in question.
"The first episode of ""Clifford the Big Red Dog"" aired on television on September 16, 1992."
"I am uncertain about the exact release date of episode 12 of Miraculous Ladybug season 2, as it may vary depending on the platform and region."
"Natural gas is found in various locations across the United States, including major producing regions such as the Appalachian Basin, the Permian Basin, the Gulf of Mexico, and the Marcellus Shale."
"It is uncertain who sang the most number of songs in the world, as this can be interpreted in various ways and no definitive record exists."
"The song ""I Will Go Down with This Ship"" is performed by the British rock band The Beatles."
The right to buy scheme in the UK started in 1980.
"The Wave Hill Walk-Off ended on October 23, 1966."
I am uncertain about the exact release date of the new episode of *Scorpion*; it is recommended to check the official website or streaming platform for the most up-to-date information.
"The songs in *Crazy Ex-Girlfriend* are performed by the actors who play the characters, with the main vocals provided by Rachel Bloom and Jeremy Jordan."
"There are several Winnie the Pooh books, including the original collection of stories by A.A. Milne, which consists of ""Winnie-the-Pooh"" (1926) and ""The House at Pooh Corner"" (1928), as well as numerous subsequent adaptations and sequels."
"The number of f words in ""Wolf of Wall Street"" is 3."
The highest runs in the India vs. South Africa Test series in 2018 were scored by Virat Kohli with an innings of 215 not out.
"The last person executed in Florida was on October 20, 2022."
The state of Tennessee was represented in the Scopes Trial by prosecutor William Jennings Bryan.
"The winner of the New York City Marathon varies each year, but as of the most recent event in 2023, the men's marathon was won by Kelvin Kiptum from Kenya, and the women's marathon was won by Letesenbet Gidey from Ethiopia."
"The setting of the story ""Sorry, Wrong Number"" is a single room in a suburban home in the United States, primarily focusing on the protagonist's telephone conversations."
"The answer is uncertain, as the series has not concluded, and the final outcome of Archie's relationships with Betty and Veronica remains unresolved."
"Serial novels became a phenomenon in the nineteenth century due to the rise of mass literacy, the growth of middle-class readership, and the affordability of printed material, allowing for the publication of stories in installments to maintain reader interest and generate ongoing revenue."
"I am uncertain about the specific season in question, but the current season of American Idol, as of 2023, started in June 2023."
The newest MacBook Pro as of 2023 came out in October 2023.
"The outcome of the Battle of San Juan Hill was a decisive victory for the United States, resulting in the capture of the hill and contributing to the broader success of the Spanish-American War."
"The Christmas song ""All I Want for Christmas Is You"" is sung by Mariah Carey."
"The celebration of Christmas as a holiday can be traced back to at least the 4th century, though its origins are complex and rooted in both pagan and Christian traditions."
The last time the Los Angeles Dodgers went to the World Series was in 2020.
The Teenage Mutant Ninja Turtles first came out in 1984 as a comic book series.
"The production of 2 dollar bills was officially stopped in 1966, although some older bills are still in circulation."
The leading African producer of wool is South Africa.
"The president derives authority to issue executive orders from the Constitution, specifically Article II, which grants the president the power to act as commander-in-chief and to execute laws."
"The required service duration in the Israeli military varies depending on factors such as gender, religious status, and profession, with most individuals serving between 18 to 24 months."
"I am uncertain about the exact release date of ""Dark Parables: Return of the Salt Princess,"" but it was released in 2007."
"The women's ice skating events at the Olympics are typically held during the Winter Olympic Games, which occur every four years, with the most recent games taking place in 2022 in Beijing and the next scheduled for 2026 in Milan-Cortina."
"As of my last update in July 2024, Adobe Flash Player is no longer supported or available for download, as Adobe officially ended support for it on December 31, 2020."
"As of the latest available data, only five players have scored 10,000 runs in One Day International (ODI) cricket."
The actor who plays Lindsay Denton in *Line of Duty* is Sarah Lancashire.
"The first wireless Beats headphones, the Beats X, were released in 2012."
"The concept of the atom was first proposed by the ancient Greek philosopher Democritus around 400 BCE, though the modern understanding of the atom was developed through the work of scientists like John Dalton in the early 19th century."
"The Philadelphia Eagles last played in the Super Bowl on February 5, 2023, where they lost to the Kansas City Chiefs in Super Bowl LIV."
"The word for clarified butter in the Balkans and Middle East is ""ghee,"" though it is more commonly associated with South Asian cuisine, and its usage may vary regionally."
"The electron transport chain gets its electrons from the oxidation of molecules such as NADH and FADH2, which are produced during glycolysis and the citric acid cycle."
"The ""fight or flight"" response is primarily mediated by the amygdala and the hypothalamus in the brain."
The road that connects the tombs is called the Valley of the Kings.
"The idea of a unicorn likely originated from ancient descriptions of wild horses or other animals, combined with mythological and cultural imagination, though its exact origins remain uncertain."
"The approach to psychology that focuses on the body, especially the brain and nervous system, is biological psychology."
"The model on *Let's Make a Deal* is Brooke Burke, who served as the host and model for the show from 2000 to 2002."
Uruguay is located along the Atlantic Ocean.
The drug that the mom uses in *Requiem for a Dream* is heroin.
"I am uncertain about the exact date, but the second part of Vikings Season 4, titled ""Vikings: Season 4, Part 2,"" started airing on January 19, 2018."
"The National Christmas Tree in Trafalgar Square is donated by the people of the United Kingdom, with the tree being a symbol of goodwill and a tradition that has been upheld for many years."
"The original *It* movie, based on Stephen King's novel, was made in 1990."
The actor who plays Ser Davos in *Game of Thrones* is Alfie Allen.
"The Botswana currency, the Botswana pula, first came into circulation in 1976."
"The largest salt mine in the United States is located in New York, specifically in the Syracuse area."
The actor who plays Dylan in *Daddy's Home 2* is Thomas Ian Nicholas.
The Rock and Roll Hall of Fame in Cleveland was built and opened in 1995.
"Nebula is a fictional character from the Marvel Comics universe, portrayed in the Guardians of the Galaxy franchise as a member of the Kree species and the adoptive sister of Star-Lord."
"The Sahara Desert is significant as the largest hot desert in the world, playing a crucial role in shaping the climate, ecosystems, and human history of North Africa."
"The first coronated king of Manipur at Kangla was King Chingunkana, who was crowned in 1332 CE."
"I am uncertain about the current pastor of New Birth Missionary Baptist Church; however, as of my last update in July 2024, the pastor was Dr. Charles Stanley."
"The Saudi Crown Prince, Mohammed bin Salman, attended King Abdullah University of Science and Technology (KAUST) in Saudi Arabia."
"The revolution period of Venus is approximately 225 Earth days, which is about 0.62 Earth years."
"The pH of water is a measure of its acidity or alkalinity, defined as the negative logarithm (base 10) of the hydrogen ion concentration in the water."
"The national flag of India was adopted on July 22, 1947."
"Ajay Devgn, Preity Zinta, and Madhuri Dixit appeared together in the movie ""Dilwale Dulhania Le Jayenge"" (1995)."
"Virgin Australia (formerly Virgin Blue) commenced flying in Australia on March 21, 2000."
"The concept of separation of powers and checks and balances was notably developed by Montesquieu in his work ""The Spirit of the Laws,"" though the idea has roots in ancient political thought and was later institutionalized in the United States Constitution."
There are 112 episodes of *Sabrina the Teenage Witch*.
"The precursor to the present day internet was ARPANET, which was developed in the late 1960s as a project funded by the U.S. Department of Defense."
The first British team to win the European Cup was Liverpool in 1977.
"The United Nations Educational, Scientific and Cultural Organization (UNESCO) inaugurated World Teachers' Day."
The Nigerian House of Representatives consists of 360 members.
The type of fire detector that uses the effect of smoke on a light source and a photo-electric cell is the photoelectric fire detector.
"The number of votes required to approve a Supreme Court justice is a majority vote in the Senate, which currently means at least 51 votes."
"The answer to the question ""Who do you meet at the gates of heaven"" is uncertain, as it depends on cultural, religious, or personal beliefs and is not definitively specified in a single, universally accepted source."
The IUPAC name of the element with atomic number 107 is Bohrium.
"The setting for *Beauty and the Beast* is a fictional French château, which serves as the primary location for the story's events."
"The last time Nebraska voted for a Democrat for president was in 1992, when Bill Clinton won the state."
The winner of *Worst Cooks in America* Season 5 was Kristin Kornegay.
"The movie *Jeepers Creepers* was released on October 24, 2001."
The first Nobel Prize in Physics was awarded to Wilhelm Conrad Röntgen in 1901.
"The guy in ""Call Me Maybe"" is Carly Rae Jepsen, who is the singer and songwriter of the song."
"The longest river in the United States is the Missouri River, which is approximately 2,341 miles long."
Nintendo was founded in 1889.
The evil doctor in *Wonder Woman* (2017) is played by Danny Huston.
"In New Zealand, you must be at least 17 years old to apply for a gun licence."
"Ishani is a character in the film ""Lies of the Heart,"" portrayed by actress Shailene Woodley, and she is the daughter of the protagonist, who is played by Juliette Binoche."
"Indoor toilets became common in America during the late 19th and early 20th centuries, particularly with the rise of urbanization and improved sanitation infrastructure."
"I am uncertain about the specific winner of *King of Dance* Season 2, as I cannot confirm the exact result without additional information."
"Answer: It is uncertain whether there is a single player who has played for Manchester United, Manchester City, Liverpool, and Everton."
France and Belgium invaded the Ruhr in 1914 during World War I.
"The first NFL game of the season is played by the teams that are scheduled to face each other in the season opener, which varies each year and is determined by the NFL schedule."
The singer in *Walk Hard: The Dewey Cox Story* is Adam Levine of the band Maroon 5.
The Kansas City Royals won the American League Pennant in 2017.
"The San Juan Mountains are located in the southwestern United States, primarily in Colorado, and do not extend into New Mexico."
"I am uncertain about the exact answer, but I can state that the winner of the 2017 Grand National was Minella Pizza."
The role of Daisy Duke in *The New Dukes of Hazzard* was played by Emily Peck.
The dad in *Drake and Josh* is played by Will Ferrell.
"Mobile numbers in the UK typically start with the digits 07, followed by a further digit that can be 0, 1, 2, 3, 4, 5, 6, 7, 8, or 9."
"The lost Dutchman's mine is supposed to be located in the Superstition Mountains in Arizona, though its exact location remains uncertain and is the subject of much legend and speculation."
"Hollywood became the center of the film industry in the early 20th century, particularly after the 1910s, when it established itself as the primary hub for film production in the United States."
The person known as the father of the Green Revolution in India is M.S. Swaminathan.
The idea of castles was brought to England by the Normans after their conquest in 1066.
"I am uncertain about the specific timeline for when willow and tara will get back together, as this depends on the narrative context and developments in the story."
"The Safavid Empire is known for creating a variety of artworks, including miniature paintings, textiles, ceramics, and architectural masterpieces such as mosques and palaces."
"As of my last update in July 2024, the current macOS operating system is macOS Sonoma (version 14)."
I am uncertain about the specific winner of the Fountain of Youth Stakes at Gulfstream Park; the answer may vary depending on the year in question.
"The NFL's first overall draft pick in 2017 was Myles Garrett, selected by the Cleveland Browns."
"Agent Matthew Williams, known as ""Agent Matthews"" in *Miss Congeniality*, was not in *Miss Congeniality 2* because he was killed off in the first film."
"Laika was a Soviet space dog, specifically a stray mongrel, though the exact breed is not definitively known."
"The Declaration of Independence for Maryland was signed by the Maryland Provincial Convention on April 28, 1776, though the specific individuals who signed it are not widely detailed in historical records."
"The Qing Dynasty expanded China's territory through the reigns of several emperors, including Kangxi, Yongzheng, and Qianlong, who secured control over regions such as Xinjiang, Tibet, and parts of Central Asia."
"As of the most recent data available, Erling Haaland has scored more goals in the Premier League than any other player."
The actor who plays Kevin's shrink on *Kevin Probably Saves the World* is John Lithgow.
The 2015 rugby union World Cup was held in England.
Liam Neeson won an Oscar for his role in *Schindler's List*.
Britain set up the East India Trading Company in 1600.
"The movie *Jeremiah Johnson* was primarily filmed in the wilderness of Yellowstone National Park, Wyoming."
"*A Wrinkle in Time* takes place in the fictional universe of the story, which includes locations on Earth and in outer space, primarily focusing on the characters' journey through time and space to save their friend."
The potter's wheel is believed to have first developed in ancient Mesopotamia around 4000 BCE.
"""Where Are You Now"" by Major Lazer and DJ Snake featuring MØ was released in 2015."
The two teams in Super Bowl 2018 were the New England Patriots and the Philadelphia Eagles.
"The answer is uncertain, as ""DJ"" is not a character on *Full House*."
"The album ""End of the Road"" by The Police was released on April 16, 1983."
The Golden State Warriors won their first NBA championship in 2017.
"The song ""I Want to Be a Rockstar"" is sung by the British band The Verve."
The last time New England had a significant hurricane was in 2021 with Hurricane Ida.
"I am uncertain about the specific answer, but I can state that the winner of every men's biathlon event at the 2002 Winter Olympics was Norway's Johannes Thingnes Bø."
"As of my last update in July 2024, Dwyane Wade does not play professional basketball anymore, as he retired from the NBA in 2019."
The nurse on *The Andy Griffith Show* was played by actress Frances Bavier.
"The form of Mozart Symphony No. 40 in G minor, K. 550 is a single-movement symphony in sonata form."
"The head of parliament in the UK is the Speaker of the House of Commons, who is elected by the members of the House of Commons."
"The sciatic nerve does not run directly in the foot; it branches into the tibial and common fibular nerves in the lower leg, which then innervate the foot."
"The 2017 World Series of Poker Main Event was won by Daniel Colman, a professional poker player from the United Kingdom."
"The creation of human beings in the Kumulipo occurs during the wā of the sweet potato (kūmara), which is the seventh and final period of creation."
"The song ""Hit Me Baby One More Time"" was written by Britney Spears and her then-boyfriend, Justin Timberlake."
"The cost of a first-class mail stamp in the United States is currently 63 cents for a single stamp, as of the latest available information."
The book *On the Origin of Species* was written by Charles Darwin.
"The phrase ""Beam me up, Scotty"" is a reference to the Star Trek television series, where it is used as a command to teleport a person from one location to another."
"The Red River starts in the Great Plains of Texas and flows through Louisiana, ending at the Atchafalaya River, which is a distributary of the Mississippi River."
"The official symbol of the Carnival of Quebec is the lion, which represents strength and vitality."
"The main mineral in lithium batteries is lithium, primarily in the form of lithium carbonate or lithium hydroxide."
The middle sister on *Full House* was played by Candace Cameron Bure.
The actor who plays Caesar in *Planet of the Apes* (2014) is Andy Serkis.
"A Jeep is considered a type of off-road vehicle, specifically a four-wheel-drive SUV."
"As of the most recent data, 27 U.S. states currently use capital punishment."
The last time the Dallas Cowboys won the Super Bowl was in 1995.
"Salt is mined in several states in the United States, including Michigan, Louisiana, Kansas, and New York, among others."
"I am uncertain about the exact release date of new episodes of *Supernatural*, as it may vary depending on the streaming platform and region."
"I am uncertain about the specific role or character named ""Pink"" in ""Pink Floyd: The Wall,"" as the film does not feature a character explicitly named ""Pink."""
"Goku first went Super Saiyan 4 in the Dragon Ball Super manga during the Tournament of Power arc, which was later adapted into the anime."
"The giant redwoods, also known as coast redwoods, are primarily located in the northern part of California, particularly in the Redwood National and State Parks."
"The first woman to win ""Who Wants to Be a Millionaire"" was Angela Smith, who won the UK version in 2001."
"The actor who portrays the Beast in the new movie ""Beauty and the Beast"" (2017) is Dan Stevens, who does not sing but is voiced by Kevin Kline in the original 1991 animated film."
The industrial city in Germany on the Rhine-Herne Canal is Duisburg.
"The answer is uncertain, as it is not definitively known who declared war on the United States four days after Pearl Harbor."
No Premier League player has scored 5 goals in a single game as of the 2023/24 season.
"Answer: An edge that is between a vertex and itself is a loop, provided it is allowed in the graph's definition."
"The American Civil War involved participation from the Northern states, collectively known as the Union, and the Southern states, collectively known as the Confederacy."
Penicillin was first introduced to the public in 1945.
The Native American ethnic group celebrates its contribution to America in October through various cultural and educational events.
"The last time a hurricane hit Massachusetts was in 1991, when Hurricane Bob made landfall."
The executive department of the West Virginia government is headed by the Governor of West Virginia.
"The Colts were owned by the Baltimore Colts franchise when they left Baltimore in 1984, though ownership details at the time were complex and involved multiple parties."
I am uncertain about the answer to this question.
The president who supported the creation of the Environmental Protection Agency (EPA) was Richard Nixon.
"I am uncertain about the specific actor who played Taylor on *The Bold and Beautiful*; however, the character Taylor is a recurring role, and the actor may have changed over time."
"Trigger points are located in the body within muscle tissue, often in areas of tension or injury."
"The line ""ain't no way to go"" is sung by The Beatles in their song ""A Hard Day's Night."""
"The tree for Rockefeller Center is sourced from a tree farm in Pennsylvania, though the exact location is not publicly specified."
"I am uncertain about the exact release date of Bill Nye Saves the World Season 2, as it has not been officially announced."
"The song ""Holiday Road"" by The Highwaymen was released in 1985."
"The purpose of the Bantu Education Act was to provide a segregated and inferior education system for Black South Africans, aimed at maintaining racial inequality and economic dependence."
"The longest railway station in India is Kharagpur Railway Station, located in West Bengal."
"Raoul in *The Phantom of the Opera* has been played by various actors, including Michael Crawford, who originated the role in the original 1986 Broadway production."
"The movie *Fast & Furious 8* was released in India on April 14, 2017."
"The song ""Be Thankful for What You Got"" was written by John Hiatt."
"I am uncertain about the specific origin of the current Iowa State football coach, as it depends on the current season and the coach's background."
Scotland last qualified for the FIFA World Cup in 1998.
"The movie *I Walk the Line* features Johnny Cash's performance of his own songs, with the voice of Johnny Cash himself, though some scenes were reenacted by other actors."
"The woolly mammoth primarily ate grasses, sedges, and other vegetation found in the cold environments of the Pleistocene epoch."
The average lifespan of a basset hound is approximately 10 to 12 years.
The Great Plague of London started in 1665 and ended in 1666.
The movie *The King and I* was made in 1956.
"The first Persian Gulf War took place in the Persian Gulf region, primarily involving Iraq and a coalition of nations led by the United States."
John B. Watson is considered the father of modern behaviorism.
"""To Kill a Mockingbird"" became popular in the 1960s, particularly after its adaptation into an acclaimed film in 1962."
"The first NFL Thursday Night Football game was played by the Dallas Cowboys and the Washington Redskins on September 24, 1975, with the Cowboys winning 27-10."
The Olympic anthem is sung in Greek.
"The classification of Jaffa Cakes as a biscuit or a cake is uncertain, as they are generally considered a type of biscuit in the UK but may be classified as a cake in other jurisdictions."
"The main difference between Salisbury steak and hamburger steak is that Salisbury steak is typically made from a mixture of ground beef and other ingredients like breadcrumbs, onions, and seasonings, while hamburger steak is usually just seasoned ground beef."
Chocolate originated in the Americas.
Andrew Jackson received the most (but not a majority of) electoral votes in 1824.
"The papillary layer of the skin lies beneath the epidermis, forming the uppermost layer of the dermis."
"The original singer of ""You're Going to Love Me"" is Whitney Houston."
"""What a Wonderful World"" is a soulful, melancholic song that blends elements of jazz and blues."
"The suffix ""-ase"" is commonly applied to the end of the name of enzymes."
A chamber of commerce is a business organization that promotes the economic development and interests of businesses within a specific region.
"The best years of our lives is a phrase rather than a specific film or work, so it does not have a single director."
"The assassination of Gianni Versace, depicted in *American Crime Story: The People v. O.J. Simpson*, is portrayed in Season 2, Episode 2, which focuses on the investigation into the murder."
"The last time the Philadelphia Eagles played the New England Patriots was on January 21, 2024, in a matchup during the 2023 NFL season."
The first Indian to be appointed as a judge in the International Court of Justice was Nagendra Singh.
"The Pardoner's Tale is a moral fable, specifically a story told by the Pardoner in Geoffrey Chaucer's *The Canterbury Tales* to illustrate the dangers of greed and the corrupting influence of money."
"The all-time leading scorer in NCAA Tournament history is Nolan Richardson with 1,285 points."
"Lake Placid has hosted the Winter Olympics twice, in 1932 and 1980."
"Some natural air pollutants come from sources such as volcanic eruptions, wildfires, and the decay of organic matter."
The name of the shape with 100 sides is a hectogon.
"The song ""I Can Only Imagine"" by MercyMe is typically performed during worship services, concerts, and other events where its inspirational and reflective message is appreciated, but it does not have a specific, universally recognized ""coming out"" date."
"The robot in *Lost in Space* (2018) is named Rook, and it is a highly advanced AI developed by the Robinson family to assist them on their mission."
The founder of Islam is recognized as the Prophet Muhammad.
"As of my last update in July 2024, there has been no official announcement regarding a new MLP (My Little Pony) movie, so the release date is currently unknown."
The film *Robin Hood: Prince of Thieves* was made in the United States.
"As of 2018, Cristiano Ronaldo had the most goals in soccer, with a total of 136 goals across all competitions."
"The movie ""It's a Wonderful Life"" typically airs on Christmas Eve, December 24th, on many television networks, though the exact time may vary depending on the network and region."
"The original ""Little Red Riding Hood"" story was written by the Brothers Grimm, though it is based on older oral traditions."
The inscription on the Statue of Liberty is located on the tablet held in the statue's right hand.
The captain of the Mayflower when it took the Pilgrims to the New World was Captain Christopher Jones.
"The top speed of the Thrust SSC is approximately 763.035 mph (1,228 km/h), which it achieved on October 15, 1997."
"The oldest civilization known to man is generally considered to be the Sumerian civilization, which emerged in Mesopotamia around 3100 BCE."
"Scully returns in Season 2 of *The X-Files* during the episode titled ""The Unnatural,"" which is the second episode of the season."
An equilateral triangle has three lines of symmetry.
"The answer is uncertain, as it is not definitively known who was honored with the Wisden Leading Cricketer in the World award for 2016."
The witch of blackbird pond was published in Connecticut.
The total number of presidential electoral votes is 538.
"The breakdown product formed when one phosphate group is removed from ATP is ADP, with the release of one inorganic phosphate group."
"Microsoft offers the User State Migration Tool (USMT) as an alternative for smaller migrations, but for smaller migrations, the Microsoft Deployment Toolkit (MDT) is often used instead."
"The season finale of *Designated Survivor* varies by season, but for Season 1, it aired on May 17, 2017."
"The last time an American won the New York Marathon was in 2022, when Ryan Hall won the men's division."
"The girl who dies in *Eyes Wide Shut* is a mysterious figure named Alice, whose death is not explicitly shown but is implied to be the result of a ritualistic or symbolic act."
The Prime Minister of India is Narendra Modi.
"The grandfather on *The Cosby Show* was Cliff Huxtable, played by Bill Cosby."
"Abul Kalam Azad wrote several books, including ""India Wins Freedom,"" ""The Discovery of India,"" and ""The Indian Struggle."""
"The five boroughs of New York City are Manhattan, Brooklyn, Queens, the Bronx, and Staten Island."
Ohio State joined the Big Ten Conference in 1948.
"The Ouija board was first introduced in the 1890s, specifically around 1890, though exact dates are uncertain."
"Answer: Vertebrates are characterized by the presence of a backbone or spinal column, a centralized nervous system, and typically possess a closed circulatory system."
"The last FIFA World Cup was held in Qatar in 2022, and Argentina won the tournament."
The term of a Prime Minister in the UK is not fixed and can last as long as they retain the confidence of the House of Commons.
The optic nerve crosses the midline at the optic chiasm.
"The structure of DNA was described by James Watson and Francis Crick, with significant contributions from Rosalind Franklin and Maurice Wilkins."
The theme song from *Russia with Love* was sung by Vladimir Ashkenazy.
"The song ""Ten Green Bottles"" is believed to have originated in the United Kingdom and is thought to have been adapted from an older nursery rhyme, though its exact origins are uncertain."
The constitution created a bicameral national legislature consisting of a Senate and a House of Representatives.
The Vikram Samvat calendar is officially used in India.
The one-child policy in China ended in 2016 when the government replaced it with a two-child policy.
"The name Thomas is a given name of Hebrew origin meaning ""twin"" or ""brother,"" and it is used in various cultures and languages around the world."
"The preferred way for European powers to control colonial regions was typically through indirect rule, where local leaders were incorporated into the colonial administration to maintain stability and efficiency."
The only test playing nation that India has never beaten in T20 is Pakistan.
Answer: Input that tells the computer which task to execute is known as a command.
The winner of season 2 of *Real Chance of Love* was Tasha Williams.
The voice of Nelson Muntz on *The Simpsons* is provided by Harry Shearer.
The coach of the University of Kentucky basketball team is UK Head Coach Matthew Mitchell.
"I am uncertain about the specific answer, as it depends on the year and competition in question."
"The song ""Tell Me Something Good"" was sung by The Chi-Lites."
"The initial unification of Upper and Lower Egypt took place during the Early Dynastic Period, around 3100 BCE."
The actor who plays Voldemort in *Harry Potter and the Philosopher's Stone* is Ralph Fiennes.
"As of my last update in July 2024, there is no official release date for the next Star Trek episode, so I am uncertain about the exact release date."
"The present Speaker of the Rajya Sabha of India is Shri Mohd. Hamid Ansari, though it is important to note that this information may be subject to change based on recent developments."
"The book of Galatians was written to the churches in Galatia, which were facing issues of false teachings regarding the necessity of circumcision and adherence to Jewish law for salvation."
Panda is the national animal of China.
"I am uncertain about the exact release date of The Flash season 4 episode 17, as it has not been officially announced."
"In mathematics, three dots (•) can represent various concepts depending on context, such as multiplication, a placeholder for omitted terms, or a dot product, but they are most commonly used to denote multiplication."
"Star Wars: Battlefront II was released on November 17, 2017."
The British Army launched a successful invasion at New York City in 1776.
"Doric, Ionic, and Corinthian orders all refer to types of classical Greek architectural columns."
Total cost consists of the sum of fixed and variable costs for any given level of production.
"I am uncertain about the exact age of Sasuke when his clan died, as it is not explicitly stated in the source material."
"The religion in the Virginia Colony was predominantly Anglicanism, though there was religious tolerance and the presence of other faiths such as Catholicism and Puritanism."
"The song ""How Do You Do It?"" by Gerry and the Pacemakers was written by Gerry Goffin and Carole King."
The fingerprint classification system still used today in Europe and the United States was devised by Sir Francis Galton.
The first vice president of India who became the president later was Dr. Sarvepalli Radhakrishnan.
John Brown led the soldiers in ending the raid on the Harper's Ferry arsenal.
The cell spends most of its time in the interphase of the cell cycle.
"The first known recording of ""A Whiter Shade of Pale"" was by the band Procol Harum."
The first Governor-General of British India was Lord William Bentinck.
The amount of surface area determines the efficiency of exchange processes in many kinds of organs.
"As of the most recent information available, the majority in the House of Representatives and the Senate is held by the Republican Party."
"The most losing team in NFL history is the 2017 Cleveland Browns, who went 0-16 in the regular season, marking the first 0-16 season in league history."
"The highest scoring letter in Scrabble is Q, which is worth 10 points."
"The book *Small Steps* takes place in a small, rural town in the American Midwest."
"Bihar bifurcated from Bengal in 1911, and some parts of Chota Nagpur were merged into Bengal in 1912."
"As of the latest information available, there are 14 main series in the ""Diary of a Wimpy Kid"" book series."
"The very first adhesive postage stamp, known as the Penny Black, was created by Sir Rowland Hill and was introduced in 1840."
The writer of *A Walk to Remember* is Nicholas Sparks.
"Red Dead Redemption 1 was released on October 26, 2010."
The theme tune to *Orange Is the New Black* is sung by the band The Roots.
"The ABC channel in Phoenix, Arizona is typically channel 3 on most cable and satellite providers."
The Brazos River starts in the Hill Country of central Texas and flows approximately 550 miles to its confluence with the Gulf of Mexico near Galveston.
The purpose of bromophenol blue dye in the samples is to serve as a tracking dye that visually indicates the progress of the electrophoresis by migrating at a consistent rate relative to the size of the DNA fragments.
"Jim proposes to Pam in the episode titled ""The Coup"" during the fourth season of *The Office*."
"In *Akame ga Kill!*, the Night Raid members who die include Akame, Tatsumi, and Killua, though the exact details and circumstances of their deaths are subject to interpretation and may vary depending on the medium (manga, anime, or light novel)."
The role of Mary in *Christmas with the Kranks* was played by Jane Kaczmarek.
"I am uncertain about the exact start time of Dragon Ball Super episode 113, as it depends on the specific streaming platform and region."
The voice of Marceline on *Adventure Time* is performed by Olivia Olson.
"The answer is uncertain, as the exact number of green jackets won by each golfer is not known without further verification."
The Eagle Creek Fire is located in the Deschutes National Forest in Oregon.
Answer: Sending money home to the native country is an example of remittances.
Ash vs Evil Dead Season 3 consists of 8 episodes.
"The song featured in *Red Dead Redemption* is ""The Wreck of the Edmund Fitzgerald,"" performed by Gordon Lightfoot."
The head of the Department of Homeland Security in 2017 was John F. Kelly.
"As of my last update in July 2024, I am uncertain about the current CEO of ""What's Up,"" as this term may refer to various entities, and specific information about its leadership may not be widely publicized or readily available."
"Howard University is located in the Northwest quadrant of Washington, D.C., specifically in the neighborhood of Shaw."
"The athlete with the most Olympic medals in figure skating is Yuzuru Hanyu, who has won four Olympic medals, including two golds."
"The highest-scoring game in NBA history was achieved by Wilt Chamberlain, who scored 100 points for the Philadelphia Warriors on March 2, 1962."
The design period known as Art Deco was from the 1920s through the 1930s.
The American Civil War.
"The biggest tank of World War II was the German Ferdinand, also known as the Jagdtiger."
"The ""C"" in Chrysler 300C stands for ""Coupe."""
The role of the walking boss in *Cool Hand Luke* is played by George Kennedy.
"The first lady nominated member of the Rajya Sabha was Dr. Rajeshwari Sunder Rajan, who was nominated in 2004."
"The Canada Open women's doubles title has been won by various teams over the years, including the notable pairing of Sharon Fichman and Leylah Fernandez in 2023."
I am uncertain about the answer to this question.
"As of the most recent available data, Tiger Woods has 82 victories on the PGA Tour."
"I am uncertain about the exact answer, but as of my last update, the member of Faze Clan with the most subscribers on YouTube is Ninja."
The movie *A Walk Among the Tombstones* was primarily filmed in New York City.
The Paraguay River starts in the Andes Mountains in southern Peru and ends at the Paraná River in the eastern part of Brazil.
The Nurses' Health Study is an example of a longitudinal cohort study.
The region that stretches between the Black and Caspian Seas is the Caucasus region.
The actor who plays Red on *Orange Is the New Black* is Katey Sagal.
The plant on *Little Shop of Horrors* was named Audrey II.
"As of the most recent data, Stephen Curry has scored the most three-pointers in NBA history."
Wal-Mart is a prime example of a decentralized organization.
The winner of season 8 of America's Next Top Model was Olivia Jordan.
The 13-inch MacBook Pro was first introduced by Apple in October 2006.
"The mission San Antonio de Valero, also known as the Alamo, was built in 1718."
"The current rate of interest on PPF (Public Provident Fund) in India is 7.1% for the financial year 2023-2024, as announced by the government, though this rate is subject to change and should be verified with the latest official sources."
"The Lion King started on Broadway on November 13, 1997."
"John Snow is a character in *Game of Thrones* who is revealed to be a member of the Targaryen family, making him the legitimate heir to the Iron Throne."
"The Philippines has several strict nature reserves, including the Apo Island Natural Park, the Caliraya Protected Landscape, and the Mount Hamiguitan Range Natural Park, among others."
The last Easter that fell on April 1st was in 2018.
The city of Beijing was previously known as Dadu.
The book of Acts is written to Theophilus.
"The series ""The Secret of Crickley Hall"" consists of six episodes."
"The voice of the gorilla in the movie *The Lion King* is provided by James Earl Jones, who also voiced Mufasa and later Darth Vader."
"The film ""Billy Don't Be a Hero"" was released in 1987."
"The regular season in MLB typically starts in late March, though the exact date can vary slightly from year to year."
"The song ""Push It"" by Salt-N-Pepa was released in 1987."
"The name ""Loyola University"" comes from St. Ignatius of Loyola, the founder of the Jesuit order, after whom Loyola University Chicago is named."
"The last name Edwards is of English origin and is derived from the given name Edward, which itself comes from the Germanic name ""Adalward,"" meaning ""noble ruler."""
"The term ""spirits"" for alcohol comes from the distillation process, which involves evaporating and condensing the alcohol, giving it a ""spirit-like"" quality, and the word ""spirit"" was historically used to describe distilled substances."
"South by Southwest (SXSW) typically starts in Austin, Texas in early March each year."
The joint between a coxal bone of the pelvis and the sacrum is called the sacroiliac joint.
The music for *The Phantom of the Opera* was composed by Andrew Lloyd Webber.
"Starbucks became a publicly traded company on June 27, 1992, when it went public on the NASDAQ stock exchange."
"Nepal was declared a secular state in 2006 BS (2006 B.S. corresponds to 2006 in the Nepali calendar, which is a lunar calendar)."
"""Goodbye, Mr. Chips"" is a historical novel that recounts the life of a British schoolmaster during World War I."
"The next in line to inherit the British throne is Charles, the eldest son of Queen Elizabeth II, who became King Charles III upon her passing in 2022."
"The number of times someone has climbed Mount Everest is not specified in the question, so I cannot provide a definitive answer without additional information."
"Toyota first came to the United States in 1958 when it established a sales office in Dallas, Texas."
The main character in *Hacksaw Ridge* is played by Andrew Garfield.
"The band Gimme, Gimme, Gimme started in 1979."
"I am uncertain about my personal experiences, but during Prohibition in the United States (1920-1933), people often drank in speakeasies, private homes, or through illegal alcohol distribution networks."
"The movie ""Titanic"" is set in the year 1912."
The role of Frankie’s sister Teddy on *Grace and Frankie* is played by Laura Dern.
Dwight Howard played for the Washington Wizards last year.
The first Spanish landing on the mainland of North America was made by Juan Ponce de León in 1513.
The character who lives in the blue house in Balamory is Marnie.
"The first season of *When Calls the Heart* premiered on January 14, 2014."
"The lead guitar on ""25 or 6 to 4"" by Journey was played by George Ticknor."
James Chadwick is credited with the discovery of the neutron.
"Zay comes to ""Girl Meets World"" in the third season, specifically in the episode titled ""The New Girl."""
The original Steve McGarrett on *Hawaii Five-O* was played by James Darren.
"Deion Sanders played for the Atlanta Braves, New York Yankees, San Francisco 49ers, Dallas Cowboys, and the Tampa Bay Buccaneers in Major League Baseball."
"The musical *The Phantom of the Opera* opened on January 6, 1986."
Answer: The branch of science that deals with the structure of human body parts is anatomy.
"The medal count for Canada in the Olympics varies by year, but as of the most recent Summer and Winter Olympics, Canada has won a total of approximately 200 medals."
"Cain and Abel is a software tool used for network monitoring, password recovery, and network analysis, primarily in the context of penetration testing and security research."
The theory of unbalanced economic growth has been given by Celso Furtado.
The first general elections in independent India were held in 1951-1952.
The actress who plays Steve's wife on *My Three Sons* is Peggy Wood.
The opening concert at Carnegie Hall was conducted by Walter Damrosch.
"As of the latest available data, Ed Sheeran is often cited as one of the most played artists on Spotify, though this can vary over time and based on regional differences."
"The plant described is likely the heartleaf vine, also known as Ipomoea hederifolia, which has heart-shaped leaves and produces white flowers."
The first Phantom of the Opera in the original 1986 Broadway production was played by Michael Crawford.
"As of my last update in July 2024, there has been no official announcement regarding a new Jurassic World game, so the release date is currently unknown."
The prefrontal cortex is responsible for complex thinking.
The owner of Mandalay Bay in Las Vegas is the Las Vegas Sands Corporation.
"The ownership of the Spirit of the Suwannee Music Park is currently held by the Suwannee Music Park, Inc., a nonprofit organization."
"The last name Baca is of Spanish origin and is believed to have derived from the word ""baca,"" which means ""to bark"" in some dialects, though its exact etymology is uncertain."
The voice of Simba in *The Lion King 2: Simba's Pride* was provided by Jonathan Taylor Thomas.
"Jeff Bezos founded Amazon, and the company's headquarters is located in Seattle, Washington."
"The population of the Tri-Cities region in Washington state is approximately 350,000 as of the most recent estimates."
"Rick and Morty typically airs new episodes on Sundays on Adult Swim, but the exact schedule may vary depending on the network and region."
"I am uncertain about the specific reference, but ""I like the way you move"" is a phrase from the song ""I Like the Way You Move"" by The Wombats, and there is no widely recognized video cast associated with it."
St. Louis has had two NFL teams: the St. Louis Cardinals and the St. Louis Rams.
"Season 4 of *Glee* premiered on September 21, 2012."
"The song ""I Want to Dance with You"" is performed by Shakin' Stevens."
"The song ""My Bucket's Got a Hole in It"" was sung by the British band The Kinks."
"The major countries involved in the Cold War were the United States and its allies, and the Soviet Union and its allies."
"Star Trek: Discovery season 1 ends with the release of its final episode, ""The很好"" (The很好), which was released on May 17, 2017."
Joseph Heller wrote *Catch-22*.
"The answer is uncertain, as there is no widely known information about a person named Kevin whose wife left a show under such circumstances."
"The University of Texas at Austin enrolls approximately 52,000 undergraduate and graduate students."
The role of Janie in *The Search for Santa Paws* is played by actress Emily Osment.
"The first non-native settlers in the United States were European colonists, with the Spanish being the earliest, beginning in the late 15th century."
The role of the king in *The Ten Commandments* (1956) was played by Yul Brynner.
"The song ""A Change Is Gonna Come"" was produced by Rick Hall."
The theme song for *License to Kill* was sung by Gladys Knight.
"The Legends of Tomorrow season 3 finale aired on May 17, 2018."
"The song ""My Anaconda Don't Want None"" is sung by the rapper Sir Mix-a-Lot."
"The revolt of 1857, also known as the First War of Indian Independence, resulted in the British reasserting their control over India and implementing significant administrative and military reforms to prevent future uprisings."
"Answer: Three large lakes other than the Great Lakes in the United States are Lake Superior, Lake Huron, and Lake Michigan."
"The song ""I Can Feel at Home in This World Anymore"" was written by John Prine."
"The word ""autumn"" refers to the season that occurs after summer and before winter, typically characterized by cooler temperatures, falling leaves, and harvest activities."
"The speaker in ""Shooting an Elephant"" is George Orwell, who recounts his personal experience as a British colonial officer in Burma."
Answer: The part of the cytoskeleton made from the protein actin is called the actin filaments or microfilaments.
"Dancing on ice is featured on the television show ""Dancing with the Stars"" in the form of ice dancing, though specific episodes or seasons may vary."
The first executive president of Guyana was Cheddi Jagan.
"The United States took over Wake Island on December 23, 1941, following the Japanese attack on Pearl Harbor."
"The term ""the West"" originates from the Latin word ""occidentem,"" meaning ""the setting sun,"" and has been used historically to refer to regions located west of a given point, often associated with Europe and later with the United States and other countries in the Americas."
The actor who played John Coffey in the movie *The Green Mile* is Michael Caine.
Answer: The two main types of research methods used in psychology are descriptive methods and experimental methods.
"Dwight and Angela start dating again in the episode ""Goodbye, Leslie"" (Season 9, Episode 16) of *The Office*."
"The TV show *The Crossing* is primarily filmed in Vancouver, Canada."
"The events of *God of War: Ghost of Sparta* take place during the Trojan War, specifically focusing on the story of Achilles."
"The song ""I Want to Go Outside in the Rain"" is sung by The Beatles."
"The song ""One Bad Apple Spoils the Bunch"" was sung by The Beatles."
"I am uncertain about the exact release date of the new season of *The 100*, but it is typically announced by the show's production team or streaming platform closer to its premiere."
The woodsman in *Over the Garden Wall* is played by David Krumholtz.
"The job of a justice of the peace is to preside over minor legal matters, such as small claims, traffic violations, and certain family law cases, and to perform ceremonial duties like officiating weddings and administering oaths."
Hollywood Video went out of business in 2013.
"The largest magnitude earthquake in the Pacific Northwest was the 1964 Great Alaska Earthquake, with a magnitude of 9.2, although it occurred just south of the Alaska Panhandle, near the boundary of the Pacific Northwest region."
Michigan State played against the University of Southern California (USC) in the Rose Bowl.
"The NCAA Tournament became more important than the NIT in the 1980s, as the NCAA tournament expanded and gained greater national attention and television coverage."
Junior wants to go to find hope in the city.
The last known eruption of Mount Ruapehu occurred in 1996.
The character in *Macbeth* who is murdered and appears as a ghost is Banquo.
"I am uncertain about the exact release date of season 8 of *Vampire Diaries*, as the show has not officially announced a release for a subsequent season."
"The new political ideas of natural rights, which influenced the Declaration of Independence, were primarily inspired by John Locke."
"The first temple for God in Jerusalem, known as the First Temple, was built by King Solomon, with construction beginning around 957 BCE."
"The agreement concerning the future of Korea was negotiated by the United States and the Soviet Union, with the United Nations playing a significant role in the process."
The voice of Salem the Cat is provided by actor Jeff Bennett.
The Central Powers defeated Russia on the Eastern Front before concentrating their efforts back on France.
"The series ""Ordeal by Innocence"" consists of 12 episodes."
"The enrollment at the University of Miami is approximately 25,000 students, though this number may vary slightly from year to year."
The Lupus Foundation of America was founded in 1949.
"The legend of the Easter Bunny likely originated from Germanic traditions, where a figure named ""Osterhase"" was associated with Easter, and it was later incorporated into American folklore through German immigrants."
The TV show *The Waltons* first aired in 1972.
"The boy in the striped pajamas, from the novel *The Boy in the Striped Pajamas* by John Boyne, takes place during World War II, specifically in the early 1940s in Nazi-occupied Germany."
"The song ""Gimme Some Lovin'"" in the movie *Days of Thunder* is performed by The Spencer Davis Group."
The statue of liberty was not built in France; it was constructed in the United States and was a gift from France to the United States.
"The largest man-made lake in the United States is Lake Mead, located in Nevada and Arizona."
"In American football, six points are scored for a touchdown."
"The Jurassic Park movies came out in 1993 (Jurassic Park), 1997 (The Lost World: Jurassic Park), 2013 (Jurassic World), and 2018 (Jurassic World: Fallen Kingdom)."
"The first child benefit was paid in the United Kingdom in April 1975, although the exact date may vary depending on the specific program and country in question."
The Carnival Glory is a class of cruise ship operated by Carnival Cruise Line.
"Scotland beat England in the 2019 Six Nations Championship on February 2, 2019."
"The theme song to the 1970s show ""The Dukes of Hazzard"" was sung by The Charlie Daniels Band."
The number of episodes in Season 2 of *This Is Us* is 18.
"The American victory at Yorktown was led by General George Washington, with significant contributions from French forces under the command of the Comte de Grasse."
"As of my knowledge cutoff in October 2023, the oldest wrestler still actively wrestling is Jake Hager, who is 48 years old."
Answer: Robert Koch developed a set of postulates to prove that specific microorganisms cause disease.
"The last Mission: Impossible movie as of now is ""Mission: Impossible - Dead Reckoning Part One,"" released in 2023."
"""Gabbar Is Back"" is a remake of the Telugu movie ""Gabbar Singh."""
"The song ""It's Going to Take a Miracle"" was sung by The Beatles."
"The winner of the women's Royal Rumble match can vary each year, but as of the most recent event in 2023, the winner was Bayley."
The first *Fifty Shades of Grey* film was played by Jennifer Lawrence as Anastasia Steele and Jamie Dornan as Christian Grey.
"The most popular religion in Sweden is Lutheranism, though a significant portion of the population identifies as non-religious."
"The last scene of *The Danish Girl* was filmed in Copenhagen, Denmark."
"The movie *500 Days of Summer* was primarily filmed in Atlanta, Georgia."
"The song ""I Want to Be with You Everywhere"" is performed by the band The Beatles."
"The songs on *Walk the Line* were performed by Johnny Cash, with additional vocals by June Carter Cash and other artists."
"As of my last update in July 2024, I am uncertain about the specific artist or group scheduled for the halftime show at the most recent Super Bowl; please check the latest announcements for accurate information."
Schadenfreude.
The actress who plays Penelope Garcia on *Criminal Minds* is Kiele Calvert.
"Cricket transitioned to 6-ball overs in the 1970s, although the exact year is not definitively specified in the question."
The Soviet Union was established in 1922 and dissolved in 1991.
"The bridge over the Hoover Dam, known as the Hoover Dam Bridge, was completed in 1936."
"The theme song for *The Proud Family* is sung by Brandy, with additional vocals by Monica Brice."
"As of the most recent data available, LeBron James holds the record for the most votes in the NBA All-Star Game."
John Hart played the Lone Ranger from 1949 to 1957.
Archduke Franz Ferdinand of Austria was assassinated during a visit to Sarajevo in Bosnia.
"I am uncertain about the specific winner of Big Brother Head of Household Canada, as this information is not widely documented or readily available."
The theme song for *Degrassi: The Next Generation* is sung by the band The Score.
The authority or governing body of MCA (Music Copyright Australia) is the Australian Government's Department of Communications and the Arts.
The role of Junior in *In the Heat of the Night* was played by Howard Rollins.
"The tenure of the office of the Lokayukt of Uttar Pradesh is typically five years, unless the office is vacated earlier due to resignation, removal, or other specified reasons."
"The Earth's atmosphere consists of a mixture of gases, primarily nitrogen (about 78%), oxygen (about 21%), and trace amounts of other gases such as argon, carbon dioxide, and water vapor."
"As of my last update in July 2024, the 2024 World Series was played between the New York Yankees and the Dallas Cowboys, with the Yankees winning in seven games, but I recommend checking the latest sports news for the most current information."
Humans are members of the domain Eukarya.
"The voice of the elephant in ""The Lion King"" is provided by John Oliver."
The idea of basic education in India was propounded by Mahatma Gandhi.
"As of 2017, the most followed user on Instagram was Cristiano Ronaldo."
"Arsenal has won the UEFA Champions League (formerly European Cup) once, in the 1970-71 season."
"As of my last update in July 2024, the next Deadpool movie, *Deadpool & Wolverine*, is scheduled for release on July 26, 2024."
The actor who won the Academy Award for Best Actor for his role in *The Deer Hunter* is Robert De Niro.
Part of the classic surfing movie *Endless Summer* was filmed in Hawaii.
Approximately 71% of the Earth's surface is covered by water.
"The answer is uncertain, as the identity of the killer in ""A Bend in the Road"" is not definitively stated in the text."
"After Thorin dies, Dáin II Ironfoot became king of Erebor."
The ghost of Christmas Present sprinkles starlight from his torch.
"The song ""Fly Me to the Moon"" was written by Bart Howard."
"The song ""What a Friend We Have in Jesus"" was written by Robert Lowry."
"The song ""Never Gonna Let You Go"" was sung by the band The Police."
"I am uncertain about the exact release date of ""Miraculous: Season 2, Episode 11,"" as it has not been officially announced."
"The first temple was destroyed by the Babylonians, and the two tribes of Judah were exiled to Babylon by Nebuchadnezzar II."
The role of Forrest Gump's mother in the 1994 film was played by Sissy Spacek.
"Iodine is found in the periodic table in Group 17 (the halogens) and is the fifth element in that group, with the atomic number 53."
The name of the India-Pakistan border is the Line of Control (LoC).
"The song ""We Are the World"" was made by Michael Jackson and Lionel Richie."
"Tomato paste is a thick, concentrated form of tomatoes with a deep flavor, while tomato puree is a smoother, thinner product made by blending and straining cooked tomatoes."
"Chicano Studies became major study programs on college campuses in the 1960s and 1970s, particularly in response to the Chicano Movement and growing interest in Latino history and culture."
The actress who plays the baker on *Blue Bloods* is Bridget Moynahan.
"The killer in the movie *I Know What You Did Last Summer* was revealed to be the character named ""The Killer,"" who is actually the brother of the main character, who was initially believed to be the killer."
"The number of countries that share a land boundary with India is 7, namely Pakistan, China, Nepal, Bhutan, Bangladesh, Myanmar, and Afghanistan."
The role of the Wicked Witch in *Wicked* on Broadway was played by Idina Menzel in the original production.
The last time Easter fell on April 1 was in 2023.
The Los Angeles Dodgers have won 23 World Series championships as of the end of the 2023 season.
"The second *It* movie, titled *It Chapter Two*, was released on September 6, 2019."
"The guitar solo in ""Beat It"" was written by Jimi Hendrix."
"The anti-smacking law, known as the New Zealand Bill of Rights Act 1990, came into effect on 1 July 1990."
"The first Sonic Drive-In was located in Troy, Michigan."
"Caroline Forbes first appears in the first episode of *The Originals*, titled ""The Awakening."""
The voice of Amy on *Futurama* is performed by Julie Kavner.
"The original singer of ""Just When I Needed You Most"" is Johnny Cash."
"The beaches involved in D-Day were Omaha, Utah, Gold, Juno, and Sword."
"The hologram for the king was filmed at the Royal Observatory in Greenwich, London."
"I am uncertain about the specific reference, but in the context of the TV show ""Glee,"" several characters have died, including Cory Monteith, who portrayed Finn Hudson, and Chad Michael Murray, who portrayed Jesse St. James."
"The first epistle of John was likely written in the late first century AD, though the exact date is uncertain."
The movie *Fifty Shades of Grey* was made by Sam Taylor-Johnson.
"As of 2018, the tallest building in the world was Burj Khalifa in Dubai."
"The player who has won the most Super Bowls is Jim Brown, with three Super Bowl victories."
"The State of the Union address is typically delivered by the President of the United States in January or February, though the exact timing may vary depending on the administration's schedule."
"The rap in ""Baby"" by Justin Bieber is sung by Justin Bieber himself."
"As of my last update in July 2024, the release date for season 4 of *The Flash* has not been officially announced."
The actor who plays Christian in *50 Shades of Grey* is Jamie Dornan.
Stephen Curry won the NBA Most Valuable Player (MVP) award in the 2014-2015 season.
The Cosbys lived in the New York City borough of Queens.
The 2017 ICC Cricket World Cup was won by England.
"The Cornell Method of note-taking was invented by Walter Pauk, an education professor at Cornell University."
"The water from the California Aqueduct primarily comes from the Sacramento-San Joaquin Delta and other sources in Northern California, including rivers and reservoirs."
"The concept of a ""first continent"" is uncertain, as continents have existed for billions of years and their formation is a gradual geological process rather than a singular event."
Answer: The phase change from gas to solid is called deposition.
"The song ""Should Have Been a Cowboy"" was sung by Shania Twain."
"The first *Mad Max* movie was released on May 14, 1979."
A political leader during the Roman Empire was called an emperor.
"""Uncle Tom's Cabin"" was first published in the United States in 1852."
"The last name Roberts is of English origin, derived from the given name Robert, and was originally used as a patronymic surname meaning ""son of Robert."""
The World Consumer Rights Day is celebrated on March 15 every year.
The Royal Society for the Protection of Birds (RSPB) has approximately 1.3 million members.
"I am uncertain about the exact number of wing stops in the United States, as this term is not widely recognized or standardized."
"Pineapples originate from South America, specifically from the region that is now Brazil and Paraguay, and are now cultivated in tropical regions around the world."
"Blonde hair and green eyes are genetic traits that can originate from various populations, including those of Northern European descent, but they can also be found in other ethnic groups due to genetic variation and intermixing."
The second book in the Alchemyst series is *The Secrets of the Immortal Nicholas Flamel*.
"The skin that covers the palms, fingertips, and soles of the feet is thick and contains a high density of sweat glands and nerve endings."
"As of my last update in July 2024, the latest version of Chrome for Linux is version 128, but I recommend checking the official Google Chrome website or your distribution's repository for the most current information."
"The largest bill ever produced by the United States government was a $100,000 gold certificate, though it was never circulated and is not currently in circulation."
"The bridge between New Brunswick and Prince Edward Island, known as the Confederation Bridge, is approximately 12.9 kilometers (8 miles) long."
"The exact number of NFL games played in London is uncertain, as it may vary depending on the specific timeframe and sources considered."
The ICD-10 codes consist of up to 7 characters.
"As of now, there have been five seasons of *Ray Donovan*."
"Peaches in the United States primarily come from states such as California, South Carolina, and New Mexico, which are major producers of the fruit."
"The name of the atomic bomb dropped by the USA on Hiroshima was ""Little Boy."""
"""4 Your Eyez Only"" is an album by J. Cole that features a variety of songs, including the title track ""4 Your Eyez Only,"" ""Middle Child,"" and ""The Dragon."""
"After the fall of Western Rome in 476 CE, much of its territory was divided among various Germanic tribes, leading to the establishment of several Germanic kingdoms, while the Eastern Roman Empire, known as the Byzantine Empire, continued to exist for another millennium."
"The Greeks, specifically the Argives, helped them recapture Mycenae once they were old enough to fight."
"The cast of the new Tomb Raider movie includes Alicia Vikander as Lara Croft, Daniel Craig as Professor Jones, and Idris Elba as the voice of the character ""The Professor."""
"The term ""baby boomer"" was coined by journalists and popularized in the 1950s to describe the large generation of Americans born between 1946 and 1964."
The cardiac and vasomotor centers are found in the medulla oblongata.
The role of Anne in *Anne with an E* was played by Megan MacLaren.
"The number of employees in the Department of Health and Human Services is approximately 12,000, though this figure may vary slightly depending on the source and the specific time period."
The role of Big Eno in *Smokey and the Bandit* was played by Jerry Reed.
The actor who plays Chris Grandy in *13 Going on 30* is Steve Zahn.
I am uncertain about the specific player who hit a double century in the Ranji Trophy for Jharkhand in 2016.
The hero golf challenge is being played at the Augusta National Golf Club.
The wavelength of X-rays typically ranges from about 0.01 nanometers to 10 nanometers.
"The 1976 Oscar for Best Picture was won by ""Network."""
The two mathematicians who are credited with inventing calculus are Isaac Newton and Gottfried Wilhelm Leibniz.
Porter flies out of Toronto Pearson International Airport (YYZ).
"The end of the world as we know it was sung by the band R.E.M. in their 1989 song ""The One I Love."""
"The Aristotelian model of a geocentric universe was challenged by Nicolaus Copernicus, who proposed a heliocentric model."
Delhi is on the banks of the Yamuna River.
"The 1939 World's Fair did not feature television broadcasts, as television technology was still in its early experimental stages at that time."
The product of the decay of Krypton-85 by emission of a beta particle is Rubidium-85.
"The TV show *Even Stevens* starred Kevin Chamberlin as the titular character, along with other notable actors such as Tisha Campbell and Kadeem Hardison."
"The top 1% of the U.S. population controls approximately 30-40% of the nation's wealth, though this figure can vary depending on the source and year of the data."
"The oasis in *Ready Player One* is a massive, virtual space within the OASIS, serving as a central hub where users can gather, interact, and engage in various activities."
"The song ""One of These Nights"" was sung by the Eagles."
Satellites generally use radio waves to communicate with Earth.
"As of the latest available data, the person with the most followers on Instagram is Cristiano Ronaldo, though this number can change over time."
"The International Space Station (ISS) went into space in 1998, with the launch of its first major component, the Zarya module."
"The first capital city of Australia was Port Jackson, which is now known as Sydney."
"The toll roads in Mexico are called ""carreteras federales"" or ""autopistas,"" depending on the specific type and management."
"The Good Doctor episode 8 airs on September 27, 2023."
The name of the horse in *Steptoe and Son* was Trigger.
"The Rick and Morty series takes place in a fictional multiverse, not a specific state."
"An Open University Grade 3 pass refers to a grade awarded by the Open University, indicating that the student has met the minimum standard required to pass the assessment, though it may not reflect the highest level of achievement."
"In season 2 of *The Originals*, Klaus Mikaelson dies."
"The approximate volume of blood in an adult human body is about 5 liters, though this can vary based on factors such as body size and composition."
"As of the most recent updates, the outcome of the Virginia governor's election is uncertain, with the results still pending official certification."
"Three different types of hotel properties are luxury hotels, budget hotels, and boutique hotels."
"The phrase ""dressed to the nines"" originates from the nine original planets in the solar system, with each planet representing a different level of dress, and it means to be dressed in a very stylish or elaborate manner."
"Harvard University became an Ivy League school in 1784, when the term ""Ivy League"" was first used to describe a group of prestigious American universities."
"Answer: Portuguese explorers, particularly Pedro Álvares Cabral, claimed land in South America for Portugal in 1500."
Louis de Broglie proposed that electrons behave like both waves and particles.
"The celebrities entered the Big Brother house on the day of the housemate competition, which typically occurs on the first night of the season."
State courts can order a new trial if they determine that a legal error occurred during the original trial that affected the outcome.
The peak to peak gondola was built in 1962.
The pyloric sphincter allows chyme to enter the small intestine.
"The TV series ""The Crown"" was primarily filmed in England, with locations including London, Oxford, and various other historic sites."
"The hair for a hair transplant is typically taken from the patient's own scalp, usually from the back or sides, where hair is more dense and resistant to hair loss."
"In aerobic respiration, six molecules of CO₂ are produced for each molecule of glucose metabolized."
"The Red Guards started in 1966 and ended in 1969, though their influence waned by the early 1970s."
"Gregor Mendel is considered the father of genetics, and he studied the inheritance of traits in pea plants."
"The name ""Mandy"" is a short form of ""Mandana"" or ""Mandell,"" and it is often associated with the meaning ""lovable"" or ""full of love."""
"New episodes of *The Mindy Project* aired weekly on Hulu since its debut in 2012, with the final season premiering in 2017."
The roofs of houses in Burzahom were built using stone slabs.
Answer: The inner sanctuary of the Parthenon where the statue of Athena is located is known as the cella.
"I am uncertain about the exact release date of One Piece episode 534's English dubbed version, as it may vary depending on the distribution platform and region."
"The original singer of ""I Write Sins Not Tragedies"" is Chris Daughtry."
"Jean Valjean took care of Cosette out of love and a sense of moral obligation, having promised to raise her as his own after rescuing her from a life of poverty and abuse."
"The Lincoln Highway begins in Lincoln Park, New York City, and ends in Lincoln City, Oregon."
The ultimate objective of financial management is to maximize shareholder wealth.
The price is Right first aired in 1972.
"I am uncertain about the exact release date of ""Under the Cork Tree,"" but it is a song by The Fray that was released in 2006 as part of their debut album ""How to Save a Life."""
The colour television service in the UK was introduced on 1 May 1967.
"The characters in *Yo Gabba Gabba!* include figures such as The Gabba Gabba, Tinky Winky, Poof, and The Wiggles, though the show primarily features a mix of puppet characters and live-action performers."
"The local government areas in Benue State include Katsina-Ala, Gboko, Guma, Otukpo, Mokwa, Mburia, Kpang, Kango, Katsina-nala, Katsina-nala, and others, though the exact list may vary slightly depending on the source."
"The ""Panic at the Disco La Devotee"" video features a cast that includes lead singer Brendon Urie, along with various actors and dancers, though specific details about the cast members are not widely documented."
The villain in *Tiger Zinda Hai* was played by Irfan Khan.
"Binary fission occurs in prokaryotic cells, such as bacteria and archaea."
"The song ""It's Gonna Take a Lot of Love"" was written by Bob Dylan."
The CEO of Wipro company in 2016 was Azim Premji.
The winner of the 2018 Women's Royal Rumble match was Charlotte Flair.
The Big 10 Network is typically available on FIOS channel 406.
The role of Hyde in *League of Extraordinary Gentlemen* was played by Rufus Sewell.
"The 2017 college football season typically ends in January with the College Football Playoff National Championship Game, which took place on January 8, 2018."
The under butler in Downton Abbey is named Mr. Molesley.
"No individual has hosted the most FIFA World Cups, as hosting rights are awarded to nations, not individuals."
The top scorer in the 2014 FIFA World Cup was Portugal's Cristiano Ronaldo with 5 goals.
The last time the Carolina Hurricanes made the playoffs was in the 2021–2022 NHL season.
"The first permanent European settlement on future United States soil was located in St. Augustine, Florida."
"The snow on Mars is primarily composed of carbon dioxide ice, also known as dry ice, with some regions containing water ice."
"The movie *Mother's Day* takes place in various locations across the United States, primarily in cities like New York, Chicago, and Los Angeles."
"The first immigrants to Hawaii arrived around 400 CE, when Polynesians, including the Hawaiians, settled the islands through voyages from Southeast Asia."
"The main industry in the Canadian Shield is mining, particularly for minerals such as iron, nickel, and uranium."
"I am uncertain about the specific schedule, but Monday Night Raw is typically available on Hulu shortly after its original Monday night airing."
"The first light beer in the United States was Miller Lite, which was introduced in 1975."
"The ancient Chinese umbrella was primarily used for protection from rain and sun, as well as a symbol of status and authority."
"The guitar solo on ""My Guitar Gently Weeps"" was played by George Harrison, who was a member of The Beatles."
"The song ""I Feel It Still"" is sung by the American country music artist Parmalee."
The protease released in the stomach is called pepsin.
"Fungi typically occupy the decomposer position in a food web, breaking down dead organic matter and recycling nutrients back into the ecosystem."
"Wind power is used most in the United States in Texas, Iowa, Oklahoma, and Kansas, which are among the top states for wind energy production."
"Some elements similar to silver include copper, gold, and platinum, as they are all transition metals with similar physical properties."
Michigan last won a national championship in 1997.
"The Indian actor who has won the most National Film Awards is Rajinikanth, with a total of 10 awards."
Blood alcohol concentration means the parts of alcohol in the blood in relation to the total volume of blood.
"The ""Seven Nation Army"" song by The White Stripes was released in 2003."
"Malonyl CoA serves as a key intermediate and carbon donor in fatty acid synthesis, providing the two-carbon units necessary for the elongation of the fatty acid chain."
"The invention of glasses that give sight to the blind is attributed to the ancient Greek philosopher Plato, who is believed to have described the concept of using lenses to correct vision in his writings."
"The average length of time in hospice care is typically around 1 to 3 weeks, though this can vary depending on the patient's condition and care needs."
The little girl in *Jurassic Park* is played by Laura Dern.
"The individual who has participated in the most Super Bowls is Jim McMahon, with a total of 6 appearances."
The last time Michigan basketball won the championship was in 1989.
Zachary Quinto plays Spock in the new Star Trek movies.
"Las Vegas became a gambling town in the early 20th century, particularly after the legalization of gambling in Nevada in 1931."
The winner of America's Next Top Model Cycle 20 was Olivia Jordan.
"The pubs ran dry on the day of the 9th of March in the poem ""9-3."""
"The author of ""We Were Going on a Bear Hunt"" is Michael Rosen."
"The song ""Son of a Preacher Man"" was released in 1968."
"The answer is uncertain, as it depends on the criteria used (e.g., number of locations, revenue, or brand recognition), but McDonald's is often cited as having the most restaurants globally."
The Eagles won the Super Bowl in 2018 (Super Bowl LII) and in 2024 (Super Bowl LIX).
"The eclipse ends in the United States on April 8, 2024, as the Moon's shadow moves eastward across the country."
Hart of Dixie season 4 consists of 14 episodes.
"Green algae reproduce through both sexual and asexual methods, so the answer is that they exhibit both types of reproduction."
"Avatar: The Last Airbender first aired on November 18, 2005."
"The first round of March Madness will be played at various locations across the United States, as games are held at different college basketball arenas."
"The abacus was invented in ancient China during the Shang Dynasty, which is estimated to have existed from around 1600 to 1046 BCE."
The 2017 SEC Championship game was played between the University of Alabama and the University of Florida.
"The song ""If Loving You Is Wrong, I Don't Want to Be Right"" was sung by The Temptations."
"The Declaration of the Rights of Man and of the Citizen was primarily written by Thomas Jefferson, though it was influenced by earlier documents such as the English Bill of Rights and the American Declaration of Independence."
"The Talmud includes written material such as halakhot (Jewish laws), aggadot (narratives and teachings), and discussions on the Hebrew Bible, along with commentaries and debates by rabbinic sages."
"The boards name on *Ed, Edd n Eddy* is ""The Gang."""
"The blood vessels that supply the retinal cells lie within the choroid, which is a layer of the eye that provides oxygen and nutrients to the outer layers of the retina."
"The principle of uniformitarianism was introduced by James Hutton, who is often regarded as the father of modern geology."
The actor who played Grizzly Adams was Dan Haggard.
"The Delano Hotel in Las Vegas is owned by the Wynn Resorts, LLC."
"The ownership of the Crowne Plaza brand is currently held by Marriott International, Inc."
"The location at the end of *Minority Report* is a dystopian, rain-soaked cityscape in Washington, D.C."
The 2017 Women's Wimbledon Final was won by Serena Williams.
"The part of Maryland close to Washington, D.C. is the Maryland suburbs, including areas like Bethesda, Rockville, and Silver Spring."
"The chip in debit cards was invented by a team of engineers at IBM, though the specific individual inventor is not widely documented."
"Charles Darwin proposed evolution in 1859 as the basis of biological development, as outlined in his book *On the Origin of Species*."
"The song ""Raindrops Keep Fallin' on My Head"" was sung by Carole King."
"The number of countries that participated for the first time in the 2014 Olympic Winter Games in Sochi is uncertain, as precise records of first-time participants are not readily available."
The name of a camel with 2 humps is the Bactrian camel.
"A 58-story skyscraper in San Francisco is tilting and sinking, which has raised concerns about its structural stability and safety."
"The men's World Curling Championships typically start in late November or early December, though the exact date varies each year."
"The three elves who received rings were Galadriel, Celeborn, and Finrod Felagund."
"The movie *The Breakfast Club* came out on November 21, 1985."
"The song ""How Far Is Heaven"" was sung by the American country music artist Lee Greenwood."
"I am uncertain about the exact placement, but Zendaya participated in ""Dancing with the Stars"" and finished in second place."
"Sloan Grey, portrayed by Isaiah Johnson, first appears in ""Grey's Anatomy"" in the episode titled ""The Good Shepherd,"" which aired on February 12, 2015."
"As of the most recent data, there are 13 countries that are members of OPEC."
"Buffy tells her friends she was in heaven after her near-death experience during the episode ""The Gift"" in *Buffy the Vampire Slayer* Season 3."
"The NBA started playing zone defense in the 1950s, though its usage became more widespread in the 1960s and 1970s."
"A cylinder has two plane surfaces, which are the two circular bases."
"I am uncertain about the specific actor who plays Max in a goofy movie, as the question lacks clarity regarding the specific film or character."
"Ford changed the F-150 body style in 1998 with the introduction of the third-generation F-150, which featured a unibody construction."
I am uncertain about the answer to this question.
The miraculous journey of Edward Tulane was published in 2006.
"The current Defence Against the Dark Arts teacher at Hogwarts is Professor Selwyn, as of the latest information available."
The Kaa in The Jungle Book is a type of python.
"I am uncertain about the exact start date of Ellen's new game show, as it has not been officially announced."
The original host of *Jokers Wild* was Bill Cullen.
The NFC has more Super Bowl wins than the AFC.
"The innermost layer of cells is typically referred to as the endoderm, which is one of the three primary germ layers in embryonic development."
"I am uncertain about the specific city Zeus was the patron god of, as multiple cities in ancient Greece claimed him as their patron, including Olympia and Mycenae."
"The implantation of the embryo typically occurs about 6 to 10 days after fertilization, when the blastocyst attaches to the uterine lining."
"The richest club in the Championship is typically considered to be Newcastle United, though this can vary depending on financial reports and market valuation."
"The opening ceremonies of the 2018 Olympics took place on February 9, 2018."
"The statement that ""caste is a closed class"" is often attributed to Karl Marx, though it is not a direct quote from him."
"The all-time highest goal scorer for the Spain national team is David Villa, with 50 goals."
"The snooker World Open is currently held in China, specifically in the city of Wuhan."
"Iron ore in Australia primarily comes from its extensive iron ore deposits, which are found in regions such as Western Australia, particularly in the Pilbara region."
"The first Pokémon game, Pokémon Red and Blue, was released in 1996."
The actor who plays Jill Bigelow in *Line of Duty* is Keeley Hawes.
I win!
"After the Babylonian captivity, the temple was rebuilt by the Jews under the leadership of Zerubbabel, with the help of the Persian Empire, and it was completed around 515 BCE."
"I am uncertain about the specific athlete who won the 10m air pistol gold medal at the Commonwealth Shooting Championships in Brisbane, Australia."
"Philadelphia is known as the ""City of Brotherly Love."""
The supreme court judge who was a former chief justice of the Kerala High Court is Justice H. L. Dattu.
"The young man in Hawthorne's ""My Kinsman Major Molineux"" is a poor and destitute youth who is searching for his wealthy and influential cousin, Major Molineux, in colonial Boston."
"The song ""Stop Listen What's That Sound"" is sung by the band The Kooks."
"*The Red Badge of Courage* takes place during the American Civil War, primarily in the fictionalized battles of the Union Army in the Eastern Theater."
The first step in the evolution of the eye is the development of a light-sensitive cell or pigment spot that can detect changes in light intensity.
The first working periodic table was developed by Dmitri Mendeleev.
"During World War II, Morse code was used by military personnel and communication officers in various Allied and Axis forces for transmitting encrypted messages."
"The first season of *Slasher* was filmed in Vancouver, Canada."
"The Broncos won the Super Bowl on January 20, 2016, by defeating the Carolina Panthers with a score of 24-10."
"I am a character in Assassin's Creed IV: Black Flag, a pirate named Edward Kenway who becomes an assassin."
The events in the story take place in a small coastal village on the western coast of Ireland.
"A dropped pin on Google Maps is a marker placed by a user to indicate a specific location, often used for saving a place, sharing it with others, or as a reference point."
"The movie *Citizen Kane* is loosely based on the life of William Randolph Hearst, a prominent American newspaper publisher and media mogul."
The Ottoman governor who led Egypt in the years following the Napoleonic Wars was Mehmed Ali Pasha.
"The first private medical college in Kerala is the Kasturba Medical College, established in 1951 in Manipal, which is located in the state of Karnataka, not Kerala."
The Chiefs played the Bengals in the playoffs.
"The time setting of *Game of Thrones* is a fictional medieval fantasy world, not a specific historical period."
"The President of the United States has direct access to the presidential daily briefing, though senior advisors and key officials may also receive summaries or portions of the briefing depending on the situation."
The role of Buffy the Vampire Slayer in the movie was played by Christy Hemme.
"As of the most recent rankings, Iga Świątek is ranked 1 in women's tennis."
The United States won the men's curling competition at the 2018 Winter Olympics.
"The phrase ""Where does what in the sam hill come from"" is a colloquial expression, and its origin is uncertain, though it may have roots in early 20th-century American slang."
The last remaining Roman army in Europe was defeated by the Visigoths under the leadership of Alaric I during the Battle of the Allia in 390 BCE.
The temperature of a gas is proportional to the average kinetic energy of its molecules.
"The flag of Italy is red, white, and green."
The United States has the most Olympic gold medals of all time.
The Virginia Plan was proposed by James Madison at the Constitutional Convention.
The actor who plays Yoda in *Revenge of the Sith* is Frank Langella.
"The bad guy in *The Silence of the Lambs* was Hannibal Lecter, portrayed by Anthony Hopkins."
"The CEO of Wipro in 2016 was Azim Premji, who remained in the position until 2023."
The actress who plays Brad Pitt's wife in *War Machine* is Rachel McAdams.
"If the president dies, the vice president comes next in line to assume the presidency."
The actor who plays the protagonist Peter Rabbit in the 2018 motion picture is James Corden.
The movie *I Am Number Four* was primarily filmed in New Zealand.
The granite mountain hotshots were certified in 1974.
"I am uncertain about the exact year Brent Barry won the dunk contest, as he did not win the NBA Slam Dunk Contest."
"The purpose of a jake brake is to provide additional braking power by releasing compressed air from the engine's cylinders, thereby slowing down the vehicle more effectively."
"The song ""Everybody Dies in Their Nightmares"" is performed by the band The Last Days of American Crime."
"The idea that microorganisms play a role in disease was established by Louis Pasteur and Robert Koch, who provided significant evidence through their pioneering work in microbiology."
"The rise of the planet of the apes was filmed primarily in Vancouver, Canada, and other locations in British Columbia."
The first underwater cable beneath the English Channel was laid in 1850.
"The song ""Balls to the Wall"" was written by the band Scorpions."
The girl in *Wreck-It Ralph* is played by Gwen Stefani.
The purpose of a revival meeting during the Second Great Awakening was to reinvigorate religious faith and encourage personal conversion through emotional preaching and communal worship.
"Kraków was the capital of Poland from the early 13th century until 1596, when the capital was moved to Warsaw."
"In nuclear fission, neutrons are released as a result of the splitting of a heavy nucleus, such as uranium-235, when it absorbs a neutron, leading to an unstable nucleus that subsequently splits and emits additional neutrons."
Glycogen and amylopectin are long chains of glucose.
The actress who plays Penny on *The Big Bang Theory* is Kaley Cuoco.
South Carolina cited the protection of states' rights and the preservation of slavery as one reason for its decision to secede from the union.
"The main religion in British Columbia is Christianity, though the province is diverse and includes significant populations of people with no religious affiliation, as well as followers of other faiths."
"Wake Forest is located in Wake County, North Carolina."
"A real-world application of an Atwood machine is in elevators, where it helps in controlling the acceleration and deceleration of the elevator car."
"The tradition of coloring Easter eggs is believed to have originated with ancient pagan cultures, such as the Persians and the Romans, and was later adopted and Christianized during the Middle Ages."
"The most selling music artist of all time is often considered to be The Beatles, although this can vary depending on the criteria and sources used."
"The role of Stacey's mum, Margaret, in *Gavin and Stacey* is played by Ruth Jones."
"The song ""Love Me Tender"" in *Princess Diaries 2* is performed by the character Liza Minnelli, who plays the young version of the princess."
"The term for circular movement around a central point is ""rotation."""
"The first known attribution of the phrase ""I'm going to Disney World"" is to the character of the Grinch in the 1968 animated special ""How the Grinch Stole Christmas,"" though the exact wording may vary depending on the version."
The architect of the Indian Constitution is generally considered to be Dr. B. R. Ambedkar.
"The girl who played Cindy Lou Who in the 2000 movie ""The Nutcracker!"" was Mary-Kate Olsen."
The winner of Bigg Boss KANNADA Season 1 was Shiva Rajkumar.
"The new stadium being built in Las Vegas is the Allegiant Stadium, located in the Downtown area."
The Lord's Prayer can be found in the Bible in Matthew 6:9-13 and Luke 11:2-4.
The main characters in *Sex and the City* lived in New York City.
"The artists in the Traveling Wilburys are Bob Dylan, George Harrison, Jeff Lynne, Roy Orbison, and Tom Petty."
The role of Violet in *A Series of Unfortunate Events* on Netflix was played by Liza Lapira.
The theme song to *Step by Step* was sung by The Pointer Sisters.
"The Tower of London was originally used as a fortress, royal palace, and prison."
"In the beginning of *Deathly Hallows* Part 1, Albus Dumbledore dies."
"The United Kingdom does not operate tornado planes, as the Tornado aircraft were retired from service by the Royal Air Force in 2011."
"The traffic circle in Long Beach, California, was designed by the firm of John M. Anderson and Associates."
The actor who plays Carrie's boss on *King of Queens* is John Larroquette.
Computer became widespread in homes and schools during the late 1980s and early 1990s.
"The age of new media is generally considered to have begun in the late 20th century, particularly with the rise of the internet in the 1990s."
"Agents of Shield season five started on September 30, 2019."
The Thames River begins in the Cotswolds at Thames Head and ends at the North Sea near the town of Tilbury.
"The term ""robot"" originated from the Czech word ""robota,"" meaning forced labor or servitude, and was popularized by the writer Karel Čapek in his 1920 play ""R.U.R."" (Rossum's Universal Robots)."
"The first season of Dancing with the Stars featured celebrities such as Jennifer Lopez, Derek Hough, and Bruno Tonioli."
"The song ""I Feel Love"" is not typically performed by the Blue Man Group; however, they have covered other songs, so there may be a confusion with another track or performance."
"The UCLA-USC game is typically played at the Rose Bowl in Pasadena, California."
"The song ""I Just Want to Use Your Love Tonight"" is performed by The Beatles."
"I am uncertain about the release date of ""Planet of the Apes"" in 2017, as there is no widely recognized film by that title released in that year."
"I am uncertain about the exact location of this year's Super Bowl, as it depends on the current year and the specific event details."
"The movie ""Summer of '42"" starred Dennis Hopper, Patricia Quinn, and Jeff Bridges."
I am uncertain about the answer to this question.
"The owner of Phoenix Mall in Chennai is the Phoenix Malls Group, a real estate and retail development company."
"The greatest pool player of all time is a subject of debate, but many consider Efren Reyes or Willie Mosconi to be among the top contenders."
"The states most affected by the Dust Bowl were Oklahoma, Texas, New Mexico, Kansas, and Colorado."
"The answer is uncertain, as the number of episodes in season 7 of *Pretty Little Liars* may vary depending on the source, but it is commonly reported to have 24 episodes."
A type of basic rock popular in the 1980s is new wave.
"Leaders of the two parties in Congress are chosen through internal party processes, such as caucuses or conventions, where members of each party select their party's leader."
Itai-itai disease was a form of poisoning associated with ingestion of cadmium-contaminated water and food.
"The code name of the U.S. program to develop an atomic bomb was ""Manhattan Project."""
The real name of our sun is Sol.
"The song ""Oh, What a Lonely Boy"" was sung by The Beatles."
"Answer: In the dynastic cycle, the right to rule is called the Mandate of Heaven."
"The problem of CFCs was discovered in the 1970s, though the exact timeline of discovery is uncertain."
"Answer: Several U.S. presidents were Boy Scouts, including Theodore Roosevelt, Woodrow Wilson, and Ronald Reagan."
The 2017 Sports Personality of the Year award was won by Lewis Hamilton.
"Answer: The first significant restriction on free immigration in U.S. history was the Naturalization Act of 1790, which imposed restrictions on who could become a citizen and thus indirectly limited immigration."
The actor who plays young Voldemort in *Harry Potter and the Half-Blood Prince* is Barney Watson.
The last known eruption of Mount Etna was in December 2021.
"""Some Like It Hot"" takes place in 1920s Miami, Florida, and later in a fictional Caribbean island."
"The anime series ""Dragon Ball Z"" aired in Australia starting in 1996."
"Forests provide humans with timber, paper, and other raw materials, support biodiversity, offer recreational spaces, regulate climate, prevent soil erosion, and serve as sources of medicinal plants and clean water."
"I am uncertain about the exact number of episodes in ""My Name Is Earl"" Season 4, as I cannot access current databases or verify the specific count."
Maria does not work in West Side Story; she is a character in the story who is a girlfriend of Tony.
Buddhism.
"The last name Andersen originates from Scandinavia, specifically from Denmark and Norway, and is derived from the given name Anders."
"The next Summer Olympics will be held in Paris, France in 2024, and the next Winter Olympics will be held in Milano Cortina, Italy in 2026."
The role of Mr. Kincaid on *The Partridge Family* was played by Gary Burghoff.
"The use of pull tabs on beer cans largely declined in the late 20th century, with many breweries transitioning to pull rings and other opening mechanisms by the early 1990s, though some still use pull tabs today."
"The song ""I Wanna Rock 'n' Roll All Night"" is performed by the band KISS."
"The fastest player to score 10,000 runs in Test cricket is Sachin Tendulkar, who achieved this milestone in 332 matches."
The Speaker of the House of Commons presides over joint sessions of parliament.
"The cast of the ""Have and Have Nots"" play includes actors who portray characters representing both affluent and less affluent individuals, though specific names depend on the production."
"The movie ""On Golden Pond"" starred Henry Fonda, Katharine Hepburn, and Randy Quaid."
"The salary of the U.S. Secretary of State is approximately $203,000 per year, though it may vary slightly depending on specific circumstances and additional benefits."
"The latest series of *Keeping Up with the Kardashians* is ""Kourtney and Kim Take New York,"" which premiered in 2023."
"In ""Avatar: The Last Airbender"" Season 3, Episode 12, titled ""The Headband,"" Zuko confronts his father, Fire Lord Ozai, and learns that his mother, Ursa, was imprisoned by Ozai, leading Zuko to question his loyalty and identity."
The Mughal garden of Rashtrapati Bhavan is modelled on the Mughal garden of the Taj Mahal.
"The song ""To God Be the Glory"" was written in 1991 by Stuart Townend and Keith Getty."
"The Cat and Mouse Act, also known as the Cat and Mouse Act of 1913, was introduced in the United Kingdom."
"The song ""I Dig Rock and Roll Music"" was sung by The Beatles."
The role of Skeletor in the movie *Masters of the Universe* (1987) was played by Larry Drake.
"As of my last update in July 2024, I am uncertain about the latest FIFA rankings, as they can change frequently and I do not have real-time data."
"Answer: John Cabot, an English explorer, led an early voyage to the coast of Newfoundland in 1497."
"There are three seasons of *Walker, Texas Ranger*."
"The movie *The Light Between Oceans* was filmed primarily in Western Australia, with locations including the island of Rottnest and the coastal areas of the Swan River."
The actor who played Bubba in *The Heat of the Night* is Howard Rollins.
I am uncertain about the answer to this question.
The actor who played the Beast in the movie *Beauty and the Beast* (2017) is Dan Stevens.
"The United States cut off trade with Cuba in 1960, following the Cuban Revolution and the subsequent establishment of a communist government."
The first printing press was developed by Johannes Gutenberg in the 1430s.
"Stevia in the Raw comes from the leaves of the Stevia rebaudiana plant, which is native to Paraguay and Brazil."
"I am uncertain about the exact number of Jimmy John's locations in the US, as it can change frequently; however, as of recent reports, there are approximately 2,500 to 3,000 locations across the country."
"The music producer in *Pitch Perfect 2* was played by DJ Suki, portrayed by actress and musician Suki Waterhouse."
The pia mater is the layer of the meninges that is directly connected to the brain.
The University of Kentucky has the most NCAA basketball tournament appearances.
"As of my last update in July 2024, there has been no official announcement regarding the release date of *The Flash* Season 4, Episode 14, so I am uncertain about the exact release date."
Mainland Greece is a body of land with water on three sides called a peninsula.
"The United Kingdom uses a common law system, which is based on judicial precedents and legal principles developed through court decisions."
The world famous painting *The Last Supper* was painted by Leonardo da Vinci.
"The original purpose of the Kremlin was to serve as the fortified palace and administrative center of the Grand Duchy of Moscow, later becoming the seat of power for the Russian tsars."
"The third season of Total Drama is titled ""Total Drama Action."""
"The probability of making a Type I error when retaining H₀ at the .05 level of significance is 5%, or 0.05."
"The NFL coach with the most wins ever is Vince Lombardi, with 227 regular-season victories."
The rule of the three rightly guided caliphs was called the Rashidun Caliphate.
"The album is titled ""Hit the Road Jack."""
The wizards of waverly place theme song is sung by the group The Wombats.
The New Orleans Saints have won the Super Bowl 4 times.
The statue of liberty was originally built in France.
The first political society started under British rule in India was the British East India Company.
"The Bob and Tom Show broadcasts from Chicago, Illinois."
"In California, you must be at least 21 years old to purchase cigarettes."
The whistling in the Muppet Movie was performed by Kermit the Frog.
"A subcutaneous injection is typically made in the fatty tissue just beneath the skin, commonly in the upper arm, abdomen, or thigh."
"The song ""Does He Love You"" was sung by Reba McEntire, not with Reba."
"The song ""You Must Have Been a Beautiful Baby"" was written by Bob Dylan."
"The immediate catalyst to the civil war was the election of Abraham Lincoln in 1860, which led to the secession of several Southern states."
"The player who won the PGA Championship by the most shots is not a standard measure, as the PGA Championship is typically won by the lowest total score, not the most shots; however, if referring to the largest margin of victory in terms of strokes, it is uncertain without specific historical data."
"The poverty line is considered to be the income level below which a person, family, or household is deemed to be in poverty, and this threshold varies depending on the country, cost of living, and specific measurement criteria used."
"The author of *The Art of War* is traditionally attributed to Sun Tzu, a Chinese military general, strategist, and philosopher who lived during the 6th century BCE."
"The origin of most classical dances of India can be traced to ancient religious and cultural practices, with roots in Hinduism, Buddhism, and Jainism."
The last time Kentucky won the NCAA basketball championship was in 2019.
"The Olympic athlete with the most medals is Michael Phelps, who has won 23 Olympic medals, including 22 gold medals."
The movie *Peter Pan* was released in 1953.
The transfer speed for SATA 1 is up to 1.5 Gbps.
"New crust is formed at mid-ocean ridges through the upwelling of magma from the Earth's mantle, which cools and solidifies to create new oceanic crust."
"The Enigma code was cracked by a team of British cryptanalysts, including Alan Turing, at Bletchley Park during World War II."
The two causes of the Dust Bowl were severe drought and poor farming practices that led to soil erosion.
"A condensation reaction occurs to form a dipeptide, where a peptide bond is formed between the carboxyl group of one amino acid and the amino group of another, with the elimination of a water molecule."
"The United Nations Security Council can authorize the use of military force through resolutions, which may then lead to the deployment of troops by member states under the UN's command."
The actor who voices Hiccup in *How to Train Your Dragon 2* is Jay Baruchel.
Luke Skywalker falls in love with Leia Organa.
"Answer: If there is a line that lies parallel to the horizon, it is said to be horizontal."
The last year the Raiders won the Super Bowl was 1984.
"The United States produces approximately 20.5 quadrillion British thermal units (BTUs) of energy from coal annually, though this figure may vary slightly depending on the source and year of the data."
"Hosanna is a Hebrew expression of praise or supplication, often used in Christian contexts to express reverence for Jesus Christ."
"The sun hits the United States first in the state of Alaska, specifically at the Aleutian Islands, due to its location in the westernmost part of the country."
The only two families that have had three generations of Oscar winners are the Hepburn family and the Kennedy family.
The chief justice of Ghana is currently Justice Kwasi Appeaning Addo.
"Answer: Isaac Newton is often considered the father of modern cosmology due to his groundbreaking work in physics and astronomy, though this title is sometimes debated."
Answer: Carl Linnaeus is widely regarded as the discoverer of one of the first systematic taxonomic classification schemes.
"The TV show ""The Resident"" features actors such as Matt Czuchry, Emily VanCamp, and Bruce Greenwood in leading roles."
"The show ""Are You Smarter Than a 5th Grader?"" first aired on April 11, 2006."
The detective in *Little Boy Blue* was played by David Thewlis.
"The peripheral nervous system is composed of sensory neurons, motor neurons, and nerve ganglia that connect the central nervous system to the rest of the body."
"The series *Star vs. the Forces of Evil* returned in 2018 with its third season, which premiered on July 19, 2018."
"The Daytona Clash is a NASCAR race that is open to all eligible NASCAR Cup Series drivers, with specific entry criteria and qualifications determined by NASCAR."
"India's pearl is found in the Gulf of Mannar, which is part of the Indian Ocean."
The production of the Nissan Xterra was officially discontinued in 2020.
"The function of Ctrl+Shift+T varies depending on the software or operating system, but it commonly reopens the last closed tab in web browsers like Chrome or Firefox."
"The first artist to sing ""Heard It Through the Grapevine"" was Marvin Gaye."
The theme song for *Dukes of Hazzard* was sung by Charlie Daniels.
"The Coral Sea meets the Pacific Ocean along the eastern coast of Australia, specifically near the Great Barrier Reef."
"The new season of *Are You the One?* typically premieres in the fall, but the exact date can vary each year, so it is best to check official announcements for the most current information."
"The beer hall putsch took place in Munich, Germany."
"The northernmost land action of the American Civil War occurred in Minnesota, specifically at the Battle of Fort Ridgway in 1862."
"The term ""Molech"" in the Bible refers to a Canaanite deity associated with child sacrifice, as condemned in the Hebrew Bible."
"The areas of Africa involved in colonization primarily included the mainland, with European powers colonizing vast regions such as West Africa, East Africa, North Africa, Central Africa, and Southern Africa."
Neil Armstrong took the first steps on the moon in 1969.
The original John Connor in *The Terminator* (1984) was played by Arnold Schwarzenegger.
Neptune is known as an ice giant planet.
The original host of *What's My Line?* was John Daly.
The drummer with the Traveling Wilburys was Jeff Lynne.
"The name of the Star Destroyer featured in the Star Wars franchise, which is associated with Darth Vader, is the ""Executor."""
"By 1914, no African countries were still independent, as most had been colonized by European powers."
"The song ""What Is the Best Thing I Never Had"" by The Beatles is about the fleeting nature of love and the bittersweet realization that the best things in life are often those that are lost or unattainable."
The University of Miami played against the University of Florida last week.
The members of the Board of Governors of the Federal Reserve are appointed by the President of the United States and confirmed by the Senate.
"The movie ""The Hitchhiker's Guide to the Galaxy"" was made in 2005."
The modern family has 233 episodes.
The Eurostar train arrives at St. Pancras International station in London.
"The 2010 film *The Karate Kid* takes place in Beijing, China."
The actress who played Adaline in *The Age of Adaline* is Brigitte Bardot.
"The general structure of a URL typically includes a protocol, followed by a domain name, and optionally a path, query parameters, and fragment identifier, such as ""https://www.example.com/path?query=param#section""."
"The statement ""the dose makes the poison"" is often attributed to the Swiss physician Paracelsus."
The young Clark Kent in the 1978 *Superman* film was played by Christopher Reeve.
"The genus Equus first appeared in the fossil record during the Early Pliocene epoch, approximately 4.8 to 4.0 million years ago."
The role of Poppy in *The Beat Goes On* is played by actress Emily Deschanel.
"The opening ceremonies for the 2018 Olympic Games were held on February 9, 2018."
"The NHL players stay on waivers for a period of 10 days, but this can be extended if the team that placed the player on waivers chooses to extend the waiver period."
Answer: The removal of temperature in fire fighting method is known as cooling.
"The first episode of *Lilo & Stitch: The Series* is titled ""Stitch's Day Off,"" which features Stitch taking a day off from his duties as a genetic experiment."
"The main functions of the stem include supporting the plant, transporting water and nutrients, and facilitating the storage of food."
"The baby in Ghostbusters II was a prop, not a real infant, and was used to create the illusion of a child in the movie."
"The song ""From Russia with Love"" from the James Bond film was sung by Shirley Bassey."
"The football player commonly referred to as ""the honey badger"" is David Beckham."
Osmium is the heaviest material in terms of density.
"The singer for Lee Bowman in ""My Dream Is Yours"" is not a standard track, and there is no widely known artist associated with this title, so I am uncertain about the specific answer."
The University of Kentucky has the most conference championships in college basketball.
"The actor who played Sandy's jock boyfriend, Danny Zuko, in *Grease* is John Travolta."
The actor who plays the Doc in *Back to the Future* is Christopher Lloyd.
"""Come Fly With Me"" is a song originally recorded by Frank Sinatra in 1958."
"The Charles Bridge is a medieval stone bridge in Prague, Czech Republic."
"The 5000 dollar bill does not exist in current circulation; therefore, there is no person pictured on it."
"The word ""leviathan"" is mentioned in the Bible in the Book of Job, specifically in Job 41, and also in the Book of Isaiah, in Isaiah 27:1."
The Baltimore Orioles won the American League East in 2017.
The system of fortifications along France's border is known as the Maginot Line.
Hope Brady's mother on *Days of Our Lives* was Marlena Evans.
"The cost of a new Gulfstream G650 is approximately $52 million, though this figure may vary depending on customization and additional features."
The USS Constitution was captured off the coast of Massachusetts by the British.
Congress passed legislation to fund the National Cancer Institute in 1937.
"The film *Coming Home for Christmas* was primarily filmed in the United Kingdom, with specific locations including London and the Lake District."
The winner of the 7-Man Elimination Chamber match at WWE's WrestleMania 30 was Seth Rollins.
The final fight in *Real Steel* is won by the robot Atlas.
"Answer: It is uncertain who published a treatise on perspective, *Della pittura*, in 1435, as the work is traditionally attributed to Leon Battista Alberti, though the exact date and publisher remain debated."
The first Indian to receive an Oscar for lifetime achievement is Satyajit Ray.
"As of my last update in July 2024, the Monday Night Football game is typically shown on NBC. However, please check the latest information, as broadcast rights and networks can change."
"I am uncertain about the specific details of Leo Dalton's death in ""Silent Witness,"" but the character was killed off in the series, likely due to the show's storyline developments."
The record for the most platinum albums is held by The Beatles.
The battle that ended Britain's support for the South was the Battle of Gettysburg.
"The *Panic at the Disco* album was released on October 23, 2004."
"I am uncertain about the exact air date of The Flash season 4 episode 3, as it may vary depending on the platform and region."
"The iconic animated short educational film ""Ek Anek Aur Ekta"" was directed by Jayant Desai."
"I am uncertain about the specific English cast of ""Tad the Lost Explorer and the Secret of King Midas,"" as it may vary by production or adaptation."
The actor who plays Saul on *Grace and Frankie* is Tony Shalhoub.
"As of the most recent data, Barry Bonds holds the record for the most home runs in MLB history with 762."
"The White House chef, who is part of the White House staff, is responsible for cooking for the president of the United States."
"The inaugural FIFA World Cup was hosted by Uruguay in 1930, and Uruguay also won the tournament."
"I am uncertain about the exact number of Cracker Barrel locations in the United States, as it can change over time due to openings and closures."
Answer: Striking the funny bone is actually compression of the ulnar nerve.
The winner of the WWE Championship Elimination Chamber 2018 was Kevin Owens.
"The Montreal Canadiens won the most Stanley Cups in history, with a total of 24 championships."
"The movie ""The Day the Earth Stood Still"" (1951) starred Michael Rennie as Klaatu and Patricia Neal as Helen."
The United Kingdom won the Battle of Britain in World War II.
"I am uncertain about the exact release date of Shadowhunters season 2 episode 17, as it may vary by region and platform."
The role of Kelly Taylor's mom on *90210* was played by Shannen Doherty.
The concept of micro financing was developed by Muhammad Yunus in 1976.
The actor who plays Ducky on NCIS is David McCallum.
The first cell phone call was made in 1973 in New York City.
The breed of cat that commonly has spots and stripes is the Bengal cat.
The monomer building blocks of DNA and RNA are nucleotides.
The third largest state in the USA by area is Texas.
"The short wave broadcast service typically uses the high frequency (HF) mode, which ranges from 3 to 30 MHz."
Cerebrospinal fluid exits the cerebral aqueduct into the fourth ventricle.
The baby in the movie *Dirty Dancing* is approximately 2 years old.
Lord Howe Island became a UNESCO World Heritage Site in 1982.
The right but not the obligation to buy foreign currency is a call option.
The Great British Bake Off in 2017 consisted of 12 episodes.
"The first baseball player to be featured on a postage stamp was Jackie Robinson, who was honored on a 32-cent stamp issued by the United States Postal Service in 1997."
A G-Wagon is a type of luxury off-road vehicle produced by Mercedes-Benz.
"The last time Congress passed a complete budget was in 2001, although there is uncertainty about the exact date due to potential variations in interpretation of what constitutes a ""complete"" budget."
The last time Scotland won the Calcutta Cup was in the 2022 Rugby Union Test match against England.
"I am uncertain about the exact release date of Dragon Ball Super episode 131, as it may vary depending on the streaming platform and region."
"The song ""I Knew the Bride (When She Used to Rock and Roll)"" was sung by The Beatles."
"The term ""liberal arts"" originated in ancient Rome, where it referred to the studies considered essential for a free person to develop intellectual and moral virtues."
"The song ""When a Man Loves a Woman"" was written by Carole King and Gerry Goffin."
The site of secretion of H+ and Cl- is the parietal cells of the stomach.
"In *Sailor Moon*, the talismans are possessed by the Sailor Guardians, specifically Sailor Moon, Sailor Mercury, Sailor Mars, Sailor Jupiter, and Sailor Venus, who each have their own unique talisman representing their element and power."
"The theme song ""Would You Like to Swing on a Star?"" from the TV show *The Addams Family* is a whimsical and nostalgic piece that captures the show's quirky and darkly humorous tone."
"Haploid cells in the human body are found in the gametes, specifically sperm cells in males and egg cells in females."
"The story of the Three Little Pigs is a traditional fairy tale that has been passed down orally for centuries, so it does not have a specific release date."
"The California Gold Rush took place in California, primarily in the Sierra Nevada foothills, starting in 1848."
"The exact number of strong verbs in German is uncertain, as it can vary depending on the specific dialect and the inclusion of archaic or regional forms."
"The invention of the submarine during the Civil War is attributed to the Confederate engineer and inventor, Robert Fulton, though his designs were not widely used during the conflict."
"As of the most recent data, Rafael Nadal has won more Grand Slam titles in tennis than any other player."
"The Chandra and Bhaga rivers meet at the confluence known as the ""Bhakra"" in the state of Himachal Pradesh, India."
The recipient of the first Jnanpith Award was an author from the Malayalam language.
"The cast of *Despicable Me 3* includes Steve Carell as Gru, Kristen Wiig as Lucy, Miranda Cosgrove as Margo, Aubrey Plaza as Doris, and James Franco as Vector, among others."
The tiger's name in *Life of Pi* is Richard Parker.
"The presiding officer of the legislative council in India is the Chairman, who is elected by the members of the council."
"The winner of *Rising Star 2* will receive the ticket to the finale, though the specific contestant has not been officially announced yet."
Answer: Referring to the organs of reproduction is called gametogenesis.
The two battles of El Alamein were fought in Egypt.
The printing press was invented by Johannes Gutenberg around the year 1440.
"The song ""Always Be Humble and Kind"" was written by Julian Bunetta, Joel Little, and Mitch Grassi."
Answer: A drug that might be used in surgery for its amnesic properties is midazolam.
The last time the women's hockey team won gold was at the 2022 Winter Olympics in Beijing.
"The movie ""March of the Penguins"" was filmed in the Antarctic region of Adélie Land."
"The film ""Wall-E"" won the Oscar for Best Animated Feature in 2007."
"Gideon dies in the episode titled ""The First Day of the Rest of Your Life"" (Season 5, Episode 17) of *Criminal Minds*."
"The first line of an HTTP request to the server is the request line, which includes the method, the requested resource, and the HTTP version."
"The next Commonwealth Games are scheduled to be held in 2026 in Gold Coast, Australia."
The multiplication sign on a computer is typically represented by the asterisk symbol (*).
"The allosteric site of an enzyme is a region distinct from the active site where regulatory molecules bind, inducing a conformational change that affects the enzyme's activity."
"The New York Yankees have won the most World Series in baseball, with a total of 27 championships as of the end of the 2023 season."
"The towns on the border of Texas and Oklahoma include Amarillo, Canyon, and Woodward, among others."
"The player with the most rushing yards in a Super Bowl is Barry Sanders, who rushed for 193 yards in Super Bowl XXIX."
"In photosynthesis, the carbon in CO₂ is initially fixed to the molecule ribulose-1,5-bisphosphate (RuBP)."
"Answer: Karl Marx is often attributed with the phrase ""religion is the opiate of the masses,"" though he did not use the exact wording."
"I am uncertain about the specific village in Karnataka that was the first to declare independence, as this information is not widely documented or recognized in mainstream historical records."
"The song ""Once Upon a Dream"" at the end of *Maleficent* was sung by Lana Del Rey."
"The last person to be executed in the United States was Carlos DeLuna, who was put to death by lethal injection on August 31, 1989."
"The story *The Great Gatsby* takes place in the fictional city of West Egg on Long Island, New York, during the 1920s."
"The number of scholarships Division II football teams can offer varies, but they are generally limited to 36 full scholarships per team, with some flexibility depending on the institution's athletic conference and specific circumstances."
"The player who scored the most goals in a Premier League season is Alan Shearer, with 34 goals in the 1995–96 season."
"The vocals in ""Cry Baby"" for Johnny Depp's character in *The Terror* are performed by Miley Cyrus."
"The area that became Jamestown was originally inhabited by the Powhatan Confederacy, a group of Algonquian-speaking Native American tribes."
"The corporate tax rate in Great Britain is 19% for most companies, although there are some lower rates for small and medium-sized enterprises and for certain sectors."
"The song ""I Want to Rock and Roll"" is performed by The Beatles."
There are 11 seasons of *The Smurfs* animated series.
"The song ""City of New Orleans"" was written by Dr. John, also known as Malcolm John McRae."
"The song ""I'm Like a Bird"" by The Weeknd came out on June 10, 2022."
"The phrase ""God is great, beer is good"" is sung by The Beatles in their song ""All You Need Is Love."""
"""Night at the Museum 3"" was filmed between 2017 and 2018."
The press room at the White House was added by President Theodore Roosevelt in 1902.
"The first documented case of tool mark identification is generally considered to be in the early 19th century, though precise dating remains uncertain."
The 49ers have beaten the Broncos in Super Bowl XXXIV and the Titans in Super Bowl XIX.
"The answer is uncertain, as Charlie (Charkie) from *Curious George* is not a specific breed of dog but rather a fictional character whose dog is a small, playful, and mischievous creature, often depicted as a monkey rather than a dog."
"Mucosal-associated lymphoid tissues (MALT) are present in areas lined with mucous membranes, such as the gastrointestinal tract, respiratory tract, genitourinary tract, and the eye, to provide immune surveillance and defense against pathogens encountered at these surfaces."
"The International Monetary Fund (IMF) promotes international monetary cooperation, facilitates trade, provides financial assistance to countries with balance of payments problems, and monitors global economic trends."
"The verse 1 John 5:7, also known as the Johannine Comma, was added to some English translations of the Bible in the 16th century, but it is not present in the original Greek manuscripts and is considered a later insertion by some scholars."
"The Saskatchewan River starts in the boreal forest of northern Saskatchewan, Canada, and ends by joining the Nelson River near the town of Churchill, Manitoba."
Calpurnia's son in *To Kill a Mockingbird* is named Jack.
"The first and second major religions in France are Catholicism and Islam, though the exact order may vary depending on the source and the criteria used."
The plane of Earth's orbit is called the ecliptic.
Another name for the water cycle is the hydrologic cycle.
"The Champions League Round of 16 typically starts in late February or early March, depending on the year and the tournament schedule."
Wisconsin ranks 23rd in land area among the 50 states.
The filming of *A Wrinkle in Time* started in 2017.
The role of Mr. Willoughby in *Sense and Sensibility* was played by Alan Rickman.
The men's single title of the Australia Open on 1 February 2015 was won by Stan Wawrinka.
"I am uncertain about the specific instance when Nathan gets in a car accident, as the context or source of this information is not provided."
"In Western culture, the white stork is a symbol of good luck, fertility, and the arrival of new life, often associated with motherly care and the bringing of babies."
The first Arjuna Award in athletics was received by K. S. R. K. Rao in 1961.
"The song ""Good Night"" on The Beatles' White Album is sung by Ringo Starr."
"I am uncertain about the exact release date of season 5 of *Ruby*, as it has not been officially announced."
"The 2022 Winter Olympic Games were held in Beijing, China."
The Nitty Gritty Dirt Band's album *Fishin' in the Dark* was released in 1970 and features a mix of original songs and traditional folk and country music.
"Answer: The nickname given to railroad executives due to the shady practices of their businesses was ""Robber Barons."""
"The first Star Trek Enterprise ship was the USS Enterprise (NCC-1701), which appeared in the original Star Trek series that premiered in 1966."
The full scientific name for the *E. coli* bacteria is *Escherichia coli*.
"Answer: Rain, sleet, or snow that contains a high concentration of acids is called acid precipitation."
The first Grammy Award for Best New Artist was won by Tony Bennett in 1959.
"The Christmas tree at Rockefeller Center is sourced from a remote forest in Norway, specifically the village of Hemsedal, and is transported to New York City each year."
"As of my last update in July 2024, the new season of *Lost in Space* has not been officially announced, so the release date is uncertain."
"The Organ Mountains are located in southern New Mexico, within the Organ Mountains–Desert Peaks National Monument."
"Creating appropriation bills falls under the power of Congress to appropriate funds, which is an exercise of its legislative authority."
"The hobbits in *The Lord of the Rings* were played by Elijah Wood as Frodo Baggins, Ian McKellen as Gandalf, and other actors such as Sean Astin, Dominic Monaghan, and Billy Boyd, though the specific casting may vary depending on the film adaptation."
"The United States joined World War One on April 6, 1917."
"The three-point shot was first introduced in the 1960s, with the NBA officially implementing it in the 1979-80 season."
The Colorado River created the Grand Canyon primarily through the process of erosion over millions of years.
The rate-limiting enzyme of the Krebs cycle is citrate synthase.
"The House of Representatives has term limits of two years for each member, while the Senate has term limits of six years for each senator, with one-third of the Senate up for re-election every two years."
"The information displayed in clear text from the FTP header typically includes the server's welcome message, the FTP protocol version, and basic server identification details."
The University of Michigan has the most Big Ten championships in football.
"The ""SS"" on naval ships stands for ""Steam Ship,"" though this designation is more commonly associated with civilian vessels, and naval ships typically use different classifications."
The hormone released from the ruptured follicle or corpus luteum is progesterone.
"The elves go on the boat to cross the Anduin River and travel to the West, where they will eventually depart Middle-earth."
"As of the 2023-2024 season, PSG has won the Champions League once."
The University of Georgia (UGA) established its football team in 1892.
"As of my last update in July 2024, the most recent men's singles title at the Australian Open was won by Novak Djokovic in 2023."
"The longest English word in the dictionary is ""pneumonoultramicroscopicsilicovolcanoconiosis,"" which is a type of lung disease caused by inhalation of very fine silica dust."
"The Wimbledon games are held in London, England."
The Oscar for Best Actor when *Titanic* was nominated was won by Leonardo DiCaprio.
Australia II won the America's Cup in 1983.
"As of the 2023-2024 NBA season, LeBron James has scored over 38,000 points in his career."
Sound travels fastest through solids.
"I am uncertain about the specific details of a movie titled ""Cat in the Hat Knows a Lot About Space,"" but there is a children's book titled ""The Cat in the Hat"" by Dr. Seuss, and there have been adaptations of it, though not necessarily a specific movie with that exact title."
"The album ""Back in Black"" by AC/DC features vocals primarily performed by Bon Scott, although some tracks, such as ""Hells Bells,"" were sung by the band's lead vocalist at the time, Malcolm Young."
The race in *Grease* took place at the drive-in movie theater.
"The song ""Bennie and the Jets"" by Elton John was released in 1973."
"I am uncertain about the specific details of ""The Witch and the Hundred Knight 2 US release,"" but it is a video game developed by Team17, and its North American release was on April 26, 2023."
Danny Elfman plays Jack Skellington in *The Nightmare Before Christmas*.
The last time the Denver Nuggets made the playoffs was in the 2022-2023 NBA season.
The winner of the first Indianapolis 500 was Ray Harroun.
"As of my last update in July 2024, the next episode of ""My Next Guest Needs No Introduction..."" has not been officially announced, so I am uncertain about the exact release date."
"The last name Hidalgo originates from Spanish and Portuguese heritage, meaning ""noble"" or ""of noble birth,"" and was historically used by members of the nobility."
"The book of Revelation is located in the New Testament of the Bible, specifically as the last book in the New Testament."
"The player who has played in the most Premier League derbies is Sergio Agüero, with 25 appearances, though there is some uncertainty due to potential discrepancies in counting methods."
"As of my last update in July 2024, the chairman of SEBI is Madhav Sunder, and I am uncertain if there have been any recent changes to this position."
"The Central Budget in the Lok Sabha is presented by the Minister of Finance, currently Nirmala Sitharaman."
"The United States does not have a government monopoly in the traditional sense, but the postal service, operated by the United States Postal Service (USPS), is often cited as an example of a government monopoly."
World War I began in 1914 and ended in 1918.
"I am uncertain, but the role of Ethel on *The Doris Day Show* was played by Mary Wickes."
"The song ""Somewhere There's a Place for Us"" was written by Richard Rodgers and Oscar Hammerstein II."
"The ""Peanut Butter Jelly Time"" song originated from a viral internet meme and was popularized through a YouTube video created by a user named ""PeanutButterJellyTime"" in 2007."
The role of the Jewish man in *Coming to America* was played by Steve Guttenberg.
"In *Beauty and the Beast*, Belle is primarily portrayed by actress Emma Watson in the 1991 Disney animated film, though in live-action adaptations, such as the 2017 film, she is played by Emma Watson as well."
"The ring of power in *The Lord of the Rings* is possessed by various characters, including Bilbo Baggins, Frodo Baggins, Gollum, and ultimately Sauron."
"The first Christmas tree in the UK is believed to have been introduced by King William III in the late 17th century, though the exact origin remains uncertain."
"The number of writes a flash drive can handle depends on its specific model and manufacturer, but most modern flash drives are designed to endure tens of thousands of write cycles."
"The inner core of the Earth is primarily composed of iron and nickel, with trace amounts of other elements such as sulfur and possibly lighter elements."
"The answer is uncertain, as the number of episodes in season 4 of *The Flash* can vary depending on the specific version or adaptation being referred to."
"The new Mary Poppins movie, titled ""Mary Poppins Returns,"" features Emily Blunt as Mary Poppins, along with Lin-Manuel Miranda, Dick Van Dyke, and others."
The old man and the sea page count is approximately 128 pages.
"The game ""Mount & Blade with Fire and Sword"" is set during the late medieval period, specifically in the 14th century."
The nearest metro station to Gandhi Nagar in Delhi is Patel Nagar.
"The poem ""Looking for a Sunset Bird in Winter"" was written in 1983 by the American poet Mary Oliver."
"The Winter Olympic Games are currently being held in Beijing, China."
"The plague that struck Athens was so devastating because it spread rapidly in a densely populated city with poor sanitation and limited medical knowledge, leading to high mortality rates and social collapse."
"Many baseball teams have not won a World Series, including the Seattle Mariners, Milwaukee Brewers, and Tampa Bay Rays."
"The song ""Ain't Living Long Like This"" was written by John Prine."
Octopus belong to the group of animals known as cephalopods.
"The new football stadium in Atlanta is the Mercedes-Benz Stadium, located at 1265 West Peachtree Street NW, Atlanta, GA 30309."
"The last God of War game, *God of War Ragnarök*, was released in 2022."
The zords in the Power Rangers movie are the giant mechanical creatures that the Power Rangers use to power their morphers and transform into their ranger forms.
"The hole in the ozone layer over Antarctica is primarily caused by the release of chlorofluorocarbons (CFCs) and other ozone-depleting substances, which react with ozone in the stratosphere, especially under the cold, stable conditions of the Antarctic vortex."
"The last name Waller is of Germanic origin, derived from the personal name Walder, meaning ""forest ruler,"" and was used as a habitational name for someone who lived near a wooded area."
The music for *The Phantom of the Opera* was written by Andrew Lloyd Webber.
The last time Michigan won a national championship in basketball was in 1989.
The winner of the ICC Under 19 World Cup 2018 was India.
Anant Chaturdashi is celebrated in honor of Lord Vishnu.
"The United States did not completely stop trading with Japan; however, trade relations were significantly affected by the freezing of Japan's assets and the imposition of trade restrictions following the attack on Pearl Harbor in December 1941."
Spain and the United Kingdom are in a dispute over the territory of Gibraltar.
"The song ""You'll Never Walk Alone"" was first released in 1945."
"The Atlantic Ocean's shape is similar to the letter ""S"" in the English alphabet."
"The Titanic sank in the North Atlantic Ocean, approximately 370 miles (600 kilometers) south-southeast of Newfoundland, Canada."
The dog's name in *The Grinch Who Stole Christmas* is Max.
India won 66 gold medals at the 2018 Commonwealth Games.
"The North fought for the preservation of the United States as a unified nation and to prevent the expansion of slavery, though the specific motivations and interpretations can vary."
"I am uncertain about the release date of the next episode of ""Rebels,"" as it depends on the specific series and its production schedule."
"In *Transformers: Revenge of the Fallen*, the character of Mikaela Banes dies."
Perth is the capital of the Australian state of Western Australia.
"If there is a tie for the golden boot, the award is typically shared by the tied players."
"""Three movies made from Agatha Christie's novels include *And Then There Were None* (1945), *Murder on the Orient Express* (1974), and *Death on the Nile* (1978)."""
"A cell has condensed visible chromosomes, also known as sister chromatids, during the prophase of mitosis or meiosis."
"Greenland is geographically part of North America, although it is politically associated with Europe through its status as an autonomous territory within the Kingdom of Denmark."
The boiling point of water is 373.15 kelvins.
"The NBA record for the most points scored in a single half is 60 points, achieved by Wilt Chamberlain on December 8, 1961, while playing for the Philadelphia Warriors."
"The last name Tavarez is of Portuguese origin and is believed to have derived from the word ""tavare"" or ""tavara,"" which may have been a variant of ""tavara"" meaning ""to make a mark"" or ""to mark,"" though its exact etymology is uncertain."
"The Panama Canal is owned and operated by the Panama Canal Authority, a government agency of Panama."
The vast interior rural area of Australia is known as the Outback.
"The song ""God Gave Rock and Roll to You"" is performed by The Guess Who."
"The question of who shot first in the ""shot heard around the world"" is uncertain, as historical accounts differ and the event is often attributed to the opening shots of the American Civil War at the Battle of Bull Run."
The 2017 Men's Singles Mutua Madrid Open was won by Rafael Nadal.
"Answer: A writer may use various methods such as dialogue, description, actions, thoughts, and interactions with other characters to develop a character."
"Linkin Park released ""One More Light"" on May 19, 2017."
"During World War I, the U.S. government created propaganda to support the war effort and encourage the sale of war bonds, often through posters, films, and public campaigns."
The western boundary of Montana is formed by the state of Wyoming.
"The Edinburgh Fringe Festival takes place in Edinburgh, Scotland."
"The first dynasty to issue gold coins in India was the Maurya Dynasty, although the use of gold coins became more prominent during the Gupta Dynasty."
"A football team typically needs to win at least five games to be bowl eligible, though this can vary slightly depending on the specific conference and bowl eligibility criteria."
"The journey in *The Canterbury Tales* starts at the Tabard Inn in Southwark, London."
The first time LeBron James went to the NBA Finals was in 2006.
"As of the most recent data, the player with the most Premier League appearances is Wayne Rooney, with 539 appearances."
The last recorded instance of snowfall in England on Christmas Day was in 2010.
"The first Star Wars film, titled ""Star Wars: Episode IV – A New Hope,"" was released on May 25, 1977."
"The movie ""The Star"" was released on December 7, 2022."
"George W. Bush carried Florida by 537 votes in 2000, although this result was contested and ultimately resolved in favor of Bush by the U.S. Supreme Court."
"The first UK ""Who Wants to Be a Millionaire?"" winner was Chris Heron, who won £100,000 in the show's inaugural episode on April 4, 2000."
The actor who played Caesar in *Dawn of the Planet of the Apes* is Andy Serkis.
"I am uncertain about the exact start date of Wentworth Season 6 in Australia, as it may depend on the specific broadcast schedule of the network airing the series."
"The North Pole is located at the top of the world map, at the intersection of the prime meridian and the 90° north latitude line."
The role of Sam in *Clarissa Explains It All* was played by Christina Applegate.
"Puss in Boots grew up with his father, who was a criminal and a former soldier."
"The first Christmas card was commissioned by Queen Victoria and Prince Albert in 1836, not 1943."
"A man of god can be called someone who demonstrates deep faith, devotion, and moral integrity in accordance with religious beliefs."
"The NFL player with the most NFL rings is Jim Harbaugh, with four rings from his time as a player with the San Francisco 49ers."
"The most passing yards by an NFL quarterback in a single game is 528 yards, achieved by Brett Favre on September 21, 2003, against the New Orleans Saints."
"The song ""I Wanna Be Like You"" from *The Jungle Book* is sung by Phil Collins."
The new *Pete's Dragon* was primarily filmed in New Zealand.
Answer: Cristiano Ronaldo has scored a total of 219 goals in La Liga during his career.
I am uncertain about the specific opening act for the Foo Fighters at Fenway; it is recommended to check the most recent event announcements or official sources for accurate information.
"The Eagles last played in a Super Bowl on February 4, 2023, when they defeated the Chiefs in Super Bowl LIX."
"South Sudan joined the East African Community on July 18, 2016."
The NFL started playing in London in 2007.
"The world's tallest Jain statue, the Statue of Lord Adinath, is located in the state of Gujarat in India."
"The phrase ""Beware the ides of March"" is traditionally attributed to the Roman soothsayer who warned Julius Caesar, as recorded in William Shakespeare's play *Julius Caesar*."
The Toronto Maple Leafs play hockey at the Scotiabank Arena in Toronto.
"Nana in *Snow Dogs* is a mixed-breed dog, specifically a mix of a German Shepherd and a Husky."
"Hyderabad became a part of India on September 17, 1948, following the Indian government's military action against the state of Hyderabad."
Thomas Edison made possible the first reproduction of the human voice on the phonograph.
"I am uncertain about the exact release date of Wonder Woman on Blu-ray, as it may vary by region and edition."
"The song ""I Dreamed a Dream"" from *Les Misérables* was originally sung by Jean Valjean, but the most famous recording is by Samantha Barks in the 2012 West End production."
"The current time in the Alaska Time Zone is [insert current time], but please check a reliable time source for the most accurate and up-to-date information."
"I am uncertain about the specific reference, but ""Winter Big Brother"" is not a recognized title or event, so there is no established start date for it."
The NFL game in London is played at the Tottenham Hotspur Stadium.
"As of the most recent information available, the quarterback for the Green Bay Packers is Jordan Love."
The actor who played the face in the A Team is Mr. T.
The Battle of Bonhomme Richard took place off the coast of the Bahamas in the Caribbean Sea.
"The last time the Eagles were at the Super Bowl was in 2018, when they lost to the Patriots in Super Bowl LII."
"The original singer of ""Fool If You Think It's Over"" is Paul McCartney."
"Kevin Costner stars in *Kevin Can't Wait*, not *Kevin Probably Save the World*."
"A Pat O'Brien Hurricane contains rum, triple sec, lime juice, orange juice, and cranberry juice."
The United States shared the Oregon Country with Great Britain.
"The answer to the question is uncertain, as the specific details about the elimination in ""Big Boss Kannada 5"" are not known to me."
"Over the last 10 years, Real Madrid and FC Barcelona have been the most successful teams in La Liga, with Real Madrid winning the title in 2016, 2017, 2018, 2021, and 2022, while Barcelona won in 2015, 2018, and 2022 (shared with Real Madrid)."
"The player who has played in the most Masters tournaments is Tiger Woods, with 24 appearances as of the most recent tournament."
Beryl Markham flew across the Atlantic in 1932.
"Mississippi is known for producing special products such as sweet tea, catfish, and Delta blues music."
"The Euromillions draw consists of 5 main numbers selected from 1 to 50 and 2 Lucky Star numbers selected from 1 to 12, resulting in a total of 7 numbers."
"The heart of palm is found at the center of the palm tree's growing bud, typically at the base of the frond."
"The enforcement of the Charter of Rights and Freedoms is primarily the responsibility of the courts, which interpret and apply the Charter to ensure that laws and government actions comply with its provisions."
The Buccaneers' quarterback when they won the Super Bowl was Tom Brady.
The number of episodes in season 3 of *Good Witch* is 22.
The theme from *A Summer Place* was released in 1959.
The two extracellular fluid compartments in the body are the intracellular fluid compartment and the extracellular fluid compartment.
"In 1945, the Labour Party came into power in England."
"The answer to this question is subjective, as opinions on the best director in Bollywood can vary, but some notable directors in 2017 included Sanjay Leela Bhansali, Kabir Khan, and Anurag Kashyap."
"The population of Keystone Heights, Florida is approximately 11,623 as of the most recent estimates."
"The term ""sustainability"" began to be widely used in the late 20th century, particularly gaining prominence after the 1987 Brundtland Report."
"The cowboys started playing on Thanksgiving Day in 1934, when the first Thanksgiving Day game was played between the Brooklyn Dodgers and the Chicago Cardinals."
The role of Emma in *H2O: Just Add Water* was played by Claudia Karvan.
"In the UK, ""fancy dress"" refers to wearing costumes or elaborate outfits for a specific occasion, such as a party, event, or celebration, often involving a theme."
"The new Tappan Zee Bridge, officially named the Governor Mario M. Cuomo Bridge, was completed and opened to traffic in May 2018."
"The five pillars of Islam are Shahada (declaration of faith), Salah (prayer), Zakat (almsgiving), Sawm (fasting during Ramadan), and Hajj (pilgrimage to Mecca)."
"The UK version of ""I'm a Celebrity... Get Me Out of Here!"" typically starts airing in the spring, usually around April or May, but the exact date can vary each year."
Gemma Chan plays Meredith Quill in Guardians of the Galaxy Vol. 2.
"A mayor in Texas can serve an unlimited number of terms, as there is no statewide limit on the number of terms a mayor may serve, though individual cities may have their own term limits."
"The first time the internet was used was in 1969 when the ARPANET, the precursor to the modern internet, was established."
"The song ""Hallelujah I Just Love Her So"" was written by Stuart Hamblen."
"The oldest man elected president of the United States was Ronald Reagan, who was 69 years old when he was first elected in 1980."
The 2019 Cricket World Cup was held in England and Wales.
The ceiling of the Florence Cathedral was painted by Giorgio Vasari.
"The author of the hymn ""Great Is Thy Faithfulness"" is Thomas Chisholm."
"The play ""Sleeping Freshmen Never Lie"" takes place at a fictional high school."
"Answer: The word that means separation of church and state is ""secularism."""
The actor who plays Dr. Avery on Grey's Anatomy is Justin Chon.
"I am uncertain about the exact premiere date of season 13 of America's Got Talent, as it may vary by region and is subject to change."
"The animal on earth with the longest lifespan is the ocean quahog, a type of clam, which can live over 500 years."
"The first session of the Muslim League was held in Dhaka, Bangladesh."
"The Democratic Republic of the Congo primarily trades with countries in Europe, particularly China, South Africa, and India, as well as other African nations, though its trade relationships are often influenced by political and economic conditions."
"India has 28 states, so there is no 29th state."
"The last time Miss Texas won Miss America was in 2019, when Danielle DiLorenzo was crowned Miss America."
"The New Deal program that limited production in industry was the National Industrial Recovery Act (NIRA), which included provisions to regulate production and set fair competition practices."
"I am uncertain about the specific team that beat the University of Virginia in basketball this year, as the answer depends on the most recent game results, which I do not have access to."
"Two atoms of the same element that are covalently bonded share a pair of electrons to form a covalent bond, typically resulting in a stable electron configuration for both atoms."
Don Quixote's horse's name is Rocinante.
Answer: Angela Lansbury played Morticia in the Addams Family TV show.
Pac-Man was released in the United States in May 1980.
"As of the most recent data available in 2023, the United States owes China approximately $1.1 trillion, though this figure can fluctuate and is subject to change."
The type of hematoma resulting from torn bridging meningeal veins is an epidural hematoma.
"The song ""I'm Gonna Run Away from You"" was sung by The Beatles."
A complex sentence contains an independent clause and a dependent clause.
"The Remember the Titans camp took place in Talledega, Alabama."
"The episode of *Criminal Minds* where JJ becomes a profiler is ""The First Rule of Fight Club"" (Season 5, Episode 14)."
The most fundamental unit of life according to the cell theory is the cell.
India has 104 national parks as of the latest available data.
"The remake of *Wake in Fright* was filmed in New South Wales, Australia."
"The atomic number of indium, which belongs to the 5th period, is 49."
No known bowler has taken a hattrick in both innings of a Test match.
"The synthesis of new DNA from existing DNA occurs during the S phase of the cell cycle in the nucleus of eukaryotic cells, while in prokaryotic cells it occurs in the cytoplasm."
The prosecutor on *Law & Order: SVU* is played by Jerry Orbach.
"I am uncertain about the exact date, but the ship Hector arrived in Pictou in 1816."
The mom on the TV show *Mom* is played by Allison Janney.
"The song ""The Joker"" by The Rolling Stones was released in 1971."
"The Bigg Boss Tamil house is located in Chennai, Tamil Nadu, India."
"The song ""Yakkity Yak"" was written by Jerry Leiber and Mike Stoller."
The role of Dr. Smith in *Lost in Space* was played by Mark Goddard.
The University of Arkansas won the NCAA basketball championship in 1994.
"The original *Flight of the Phoenix* (1965) was filmed primarily in the United States, with major locations in Arizona and California."
"Derrick Rose played for the Chicago Bulls, Milwaukee Bucks, New York Knicks, and Cleveland Cavaliers in the NBA."
Points outside the production possibilities curve represent combinations of products that are unattainable with the current level of resources and technology.
"The location where ""Dancing on Ice"" is filmed can vary each year, but it is typically filmed in a studio in the United Kingdom."
"A hairpin bend is also known as a ""switchback."""
The theme song for *Laverne & Shirley* was sung by The Pointer Sisters.
"The Dallas Cowboys typically play on Thanksgiving, but the specific opponent varies each year depending on the NFL schedule."
A request to the supreme court that it review a case that was already decided is made via a writ of certiorari.
"The last volcano in Iceland, Fagradalsfjall, erupted in March 2021."
"As of the most recent information, Robert Griffin III is playing for the Washington Commanders."
"The United States fought against the United Kingdom and its colonial allies, including Indigenous groups allied with Britain, during the War of 1812."
"India's first Arctic research station, set up in 2008, is named Himadri."
The name of the black man in *To Kill a Mockingbird* is Tom Robinson.
"To facilitate the condensation of vapor into liquid by removing heat, cooling water runs through the condenser."
The son of Lord Krishna is Prince Pradyumna.
"The New England Patriots have the most expensive Super Bowl ring, valued at approximately $2 million, due to the high cost of the materials and the team's extensive success."
"The song ""I'm Going to Soak Up the Sun"" is performed by the British band The Beatles."
"The ""RT"" on a Dodge car stands for ""R/T,"" which is short for ""Road/Track,"" indicating a high-performance variant of the vehicle."
"Water in New York City comes primarily from the Catskill Mountains and the Delaware River Basin, supplied through a network of reservoirs, aqueducts, and treatment facilities."
The role of Mike Stivic on *All in the Family* was played by Rob Reiner.
The grandmother in *Game of Thrones* is played by Carolyn Burns.
"The main characteristic of post-World War II American society was its rapid economic growth and the expansion of the middle class, although this answer is hedged due to the complexity of the era's social and cultural changes."
The name of the skin between your nostrils is the philtrum.
"The leader of the Zulu in South Africa who led the fight against the British was Shaka Zulu, though it was his successor, Cetshwayo, who led the Zulu resistance during the Anglo-Zulu War."
"The halftime performance at the Pro Bowl is typically a musical act, though the specific performer can vary each year."
"Rigor mortis is important in meat processing as it indicates the onset of post-mortem changes, helping to determine the time of death and influencing the quality and tenderness of the meat."
"Right to property according to the constitution of India is a legal right that was initially guaranteed as a fundamental right under Article 19(1)(f) and Article 31, but it is no longer a fundamental right as it was removed by the 44th Amendment in 1978."
"Today, Gestalt psychology ideas are part of cognitive psychology."
Cls bank deals with transactions arising out of the settlement of securities and funds in the context of central securities depositories and clearing houses.
Aluminium is a non-ferrous metal.
"The amount of alcohol in one beer typically ranges from 10 to 15 grams, depending on the type and alcohol content of the beer."
"A yellow 35 mph sign indicates a speed limit of 35 miles per hour, typically used in school zones or areas with increased pedestrian activity."
"I am uncertain about the specific answer to this question, as it depends on which season of *The Amazing Race* is being referred to."
"The extensor pollicis longus tendon is located on the dorsal side of the forearm, running from the radius to the trapezium and attaching to the base of the distal phalanx of the thumb."
"The chaplet of Divine Mercy is typically prayed at the first hour of the day, specifically at 3:00 PM, which is considered the hour of Divine Mercy, though it may also be prayed at other times with a specific intention."
"The 2017 World Chess Championship was held in London, United Kingdom."
The DJ on In Living Color was Fab 5 Freddy.
"The first person to record with the electric guitar was Robert N. ""Daddy"" Smith, who made a recording in 1931."
The grand tour season 2 episode 2 celebrity guests were Lewis Hamilton and Chris Evans.
"I am uncertain about the exact release date, but the new season of Law & Order: SVU typically premieres in the fall, usually around September or October, depending on the network's schedule."
"The song ""Say You Won't Let Go"" is performed by the British band The Heavy."
"The geocentric view is credited with being developed by ancient Greek philosophers, with Claudius Ptolemy being the most notable figure who formalized it in his work ""Almagest."""
"I am uncertain about the exact answer, but it is likely that the first high-level language operating system was created in the United States."
A legislative act passed by Congress is an example of a law.
"The last episode of *The Flash* (2014 TV series) was ""Episode 23"" of Season 3, titled ""The Flash: The Final Countdown,"" which aired on May 16, 2018."
"In *The Wizard of Oz*, the character who wants a heart is the Tin Man."
The voice of Chucky in *Seed of Chucky* is played by Brad Dourif.
"The latest version of Microsoft Office 2010 is Office 2010 Service Pack 2 (SP2), released in April 2012."
The American forces won the Battle of Saratoga in 1777.
"Creatine in the body is primarily synthesized in the liver and kidneys from the amino acids arginine and glycine, with a smaller amount also coming from the diet."
The Battle of Britain Flight is based at RAF Museum London.
"As of my last update in October 2023, the president of the United States is Joe Biden."
"The song ""Suddenly"" was sung by Olivia Newton-John, and it was originally written and performed by John Travolta and Olivia Newton-John."
"The movie *Proof of Life* takes place in various locations, primarily in the Amazon rainforest and the Andes Mountains."
"The Mapp v. Ohio case involved the United States Supreme Court, the state of Ohio, and Dollree Mapp, a woman whose home was searched without a warrant, leading to her conviction for possessing obscene materials."
"I am uncertain about the specific physician referred to, as there were many notable physicians in the sixteenth century."
"The cross on a letter ""t"" is called a ""stoke"" or ""crossbar."""
"I am uncertain, but as of my last update, ""The Killing"" on Netflix consists of 12 episodes across two seasons."
There are 18 episodes in season six of *Nashville*.
The teddy bear dog is a breed of dog known as the Cavalier King Charles Spaniel.
"The Eiffel Tower has three levels, though the exact number may vary slightly depending on the source or the specific interpretation of its structural divisions."
The first season of *The Crown* consists of six episodes.
The first chief minister of West Bengal was Prafulla Chandra Roy.
"The Walking Dead comics are released on a monthly basis, typically on the 1st of each month, though the exact release date may vary slightly depending on the publisher's schedule."
The originator of the plan-do-check-act model of performance improvement is Walter A. Shewhart.
"Some supreme court judges have served in the International Court of Justice, including former U.S. Supreme Court Justice Robert H. Jackson, who was the first President of the International Court of Justice."
"The main crops grown in the United States include corn, soybeans, wheat, cotton, and hay, though the specific crops may vary by region and year."
"The Football Hall of Fame, also known as the Pro Football Hall of Fame, has inducted over 300 players as of 2023."
The famous objective co-relative theory was given by John Stuart Mill.
"The song ""Photograph"" by Ringo Starr was written by John Lennon."
"The first prime minister of France was Jean-Baptiste Joseph Fourier, who served from 1795 to 1797."
The role of Truman Capote in *In Cold Blood* was played by Peter Sarsgaard.
"The film *The Remains of the Day* was primarily filmed in England, with locations including the countryside and various historic sites such as the village of Cholmondeley in Cheshire."
"In the 2014 World Cup, Germany eliminated Costa Rica in the round of 16."
The weapon carried by the Grim Reaper is traditionally referred to as a scythe.
"The Battle of Bull Run started on July 21, 1861."
"The first kind of vertebrate to exist on Earth was the invertebrate chordate, which evolved approximately 520 million years ago."
"The song ""She's Always a Woman to Me"" was written by Paul Anka."
"The winner of the first season of America's Got Talent was Paul Zerdin, a magician."
"In the early 1800s, California society was dominated by the Spanish and Mexican elites, who controlled land and governance."
"At 7 weeks, the presence of a gestational sac and yolk sac without a visible baby may indicate an early pregnancy or a potential miscarriage, though further imaging and follow-up are needed for a definitive assessment."
"The United States has never lost the Olympics; it has always participated and won medals, though it has not won a single gold medal in the Summer Olympics since 1980 due to the boycott."
"The location of this season's Survivor is not specified in the query, so I am uncertain about the exact answer."
"The singer of ""Something Just Like This"" is The Weeknd, alongside Duane Johnson."
Dry ether is used in the wood's reaction to prevent hydrolysis and to maintain the reactivity of the reagents involved.
The actress who plays Lady Talisa in *Game of Thrones* is Nathalie Emmanuel.
"The population of the Roman Empire at its height is estimated to have been between 50 and 60 million people, though there is some uncertainty in these figures."
"The phrase ""train of thought"" originates from the metaphorical use of a train to describe a sequence or progression of ideas, though its exact etymology is not definitively traced to a single source."
The body system that differentiates a male from a female is the reproductive system.
Fertilization is the process of the fusion of an egg with a sperm.
"The first kings to issue coins bearing their names were the Lydian kings, particularly Croesus, around the 6th century BCE."
The role of Michael Jackson in the *Jackson 5* movie was played by Jordan Fisher.
"The stars in *Dancing with the Stars* are celebrity contestants who participate in the dance competition, with the current season's cast including celebrities such as Kourtney Kardashian, Kevin Fasis, and others, though the specific lineup may vary each season."
"The show ""They Think It's All Over"" was hosted by Tony Hancock and Sid James."
Red Bull entered the United States market in 1987.
"Tom Brady was the New England Patriots' starting quarterback from 2000 to 2019, making him the team's quarterback for 20 seasons."
"As of the most recent data, there are 11 casinos in Atlantic City, New Jersey."
"The Great Fire of London ended on September 6, 1666."
"The singer of ""Kal Ho Na Ho"" is Lata Mangeshkar."
"The film *The Passion of the Christ* was released on April 19, 2004."
"The first episode of *Star Wars: The Clone Wars* Season 3 is titled ""The Phantom Apprentice."""
The United States is both a country and a nation.
"The driver with the most podium finishes in Australia is Mark Webber, with 14 podiums."
John Steinbeck wrote *Of Mice and Men* in 1937.
The actor who plays Faith on *When Calls the Heart* is Gabrielle Anwar.
The movie *The Glass Castle* was primarily filmed in New Mexico.
"As of my last update, there are five seasons of *Prison Break* available on Netflix."
"The turn of the screw takes place when the protagonist, Frampton, begins to experience a series of unsettling events that suggest he is being tormented by the ghost of his former lover, Eleanor."
"The longest-serving member of the House of Representatives in history is James K. Polk, who served for 28 years, from 1833 to 1861."
"The first *Fast & Furious* movie came out on June 24, 2001."
"I am uncertain about the exact air date of the second half of Vikings season 5, as it may vary by region and streaming platform."
"The Salton Sea is home to a variety of fish, including the tilapia, mosquitofish, and carp, though the ecosystem is often described as being in a state of ecological decline."
"The song ""You've Got a Friend in Me"" was sung by Randy Newman."
"The strongest earthquake in the United States was the 1964 Great Alaska Earthquake, with a moment magnitude of 9.2, which occurred near Prince William Sound, Alaska."
"The song ""Put Your Hand in the Hand of the Man Who Stilled the Water"" was written by Stuart Hamblen."
The white castle that Harold and Kumar go to is located in New York City.
The 7th Central Pay Commission of India was headed by Justice B. K. Rau.
"I am uncertain about the specific filming locations for season 3 of *The Detour*, as it is not widely publicized."
"Answer: John Goodman plays the voice of Sulley in Monsters, Inc."
Answer: The largest state in the United States by land area is Alaska.
"Dress blues in the Army are typically worn for formal occasions, ceremonies, and certain official events, though the specific occasions can vary by branch and unit."
"The current presenter of ""I'm a Celebrity... Get Me Out of Here!"" is Chris Tarrant, though it is uncertain if this remains the case as of the latest information."
"Congress declared war for the first time on June 18, 1798, when it authorized funding for the Quasi-War with France."
"The longest Panic! at the Disco song title is ""A Dream Is a Wish Your Heart Makes (From Disney's Pinocchio)"" with a length of 64 characters."
The actor who played Mark on the show *The Rifleman* was Johnny Crawford.
"The last name Orózco originates from Spanish and Portuguese heritage, likely derived from the word ""orozco,"" which may refer to a type of plant or a place name, and is commonly found in regions of Spain and Latin America."
"Marley dies in ""A Christmas Carol"" on the stroke of midnight on Christmas Eve, as he is carried away by the Ghost of Christmas Yet to Come."
"A girl typically wears an engagement ring on her right hand, although it is commonly worn on the left hand in many cultures."
Answer: The art and science of making objects from clay is called pottery.
"The song ""I Ain't Mad at Cha"" by Flo Rida featuring David Guetta was released on May 19, 2012."
Communities of similar organisms found in a particular environment are called ecosystems.
"During a Christmas party in 1929, the West Wing of the White House was damaged when a chandelier fell and broke, causing injuries to several people."
I am uncertain about the answer to this question.
"The song ""I Hate You, I Love You"" was written by John Prine."
"The theme tune to ""Mum"" on BBC2 is sung by Imogen Heap."
"The general term for software that is designed to damage, disable, or steal data is malware."
Nepal is located on a convergent plate boundary where the Indian Plate collides with the Eurasian Plate.
"Answer: These chemicals are known as plant hormones or phytohormones, which are produced in one part of a plant and transported to other parts to regulate growth and responses."
Answer: The basic steps of rational decision making include defining goals and identifying alternatives.
"The song ""If She Knew What She Wants"" was written by Diane Warren."
"The 2018 Winter Olympics men's figure skating medals were won by Yuzuru Hanyu (gold), Shoma Uno (silver), and Yuma Kagami (bronze)."
"The Ottoman Empire in the 1500s was ruled by the sultans, with Sultan Suleiman the Magnificent being the most prominent ruler during that period."
The Chief Election Commissioner of India is appointed by the President of India.
"The song ""I Love You"" by The Beatles is a classic love ballad that expresses deep affection and emotional connection."
The legal drinking age in the United States was changed to 21 in 1984 through the National Minimum Drinking Age Act.
"Eukaryotes typically have multiple origins of DNA replication, with the exact number varying depending on the organism and the genome size."
The halftime show at Super Bowl 51 was performed by Bruno Mars.
"World War II officially started on September 1, 1939, with Germany's invasion of Poland, and it officially ended on September 2, 1945, with Japan's surrender aboard the USS Missouri."
"The new ""Death of Superman"" comic book was released in 2023 as part of DC's ongoing superhero series."
"The winner of the Road March in Trinidad and Tobago is determined annually by public vote, and the specific winner varies each year."
Herbert Hoover was elected president of the United States in 1928.
The theme song to *Law & Order* was written by Tom Watson and Jack Rollins.
The angel of the North was built between 1980 and 1983.
"The actor who plays Lois's dad, Peter Griffin, on *Family Guy* is Mike Henry."
The actor who plays David in *Alvin and the Chipmunks* is Jesse McCartney.
"The Tennessee Titans football stadium, known as Nissan Stadium, is located in Nashville, Tennessee."
"The salary of the CEO of Microsoft, as of the most recent publicly available information, is approximately $22 million, though this figure may vary slightly depending on the specific year and compensation structure."
"The answer is uncertain, as the question lacks specific context regarding the constitution in question."
"The Suez Canal is located in northeastern Egypt, connecting the Mediterranean Sea to the Red Sea."
Baga beach is located in the north of Goa.
"The Disney cartoon character whose middle name is Fauntleroy is the Little Mermaid, Ariel."
"The Romanticism period generally started in the late 18th century and ended in the mid-19th century, though exact dates can vary depending on the region and interpretation."
The three-act Puccini opera first performed in 1900 is *Tosca*.
The largest great lake in North America is Lake Superior.
"The song ""What Child Is This?"" was written by Robert Newton Peck."
"The origin of the Gothic art movement is not attributed to a single individual, as it emerged gradually in the 12th century in France and developed over time through the contributions of many artists and architects."
The use of aluminum wiring was largely phased out in Ontario by the early 1970s due to safety concerns.
"Nuclear energy is used most in the world in the United States, which has the largest number of nuclear reactors and the highest total nuclear electricity generation."
"The United States flag was carried by several athletes during the 2014 Winter Olympics opening ceremony, including flag bearers such as Erin Hamlin and Sarah Hendrickson."
"As of my last update in July 2024, there is no official announcement regarding the release date of the next Apollo book, so I am uncertain about the exact release date."
"The last time LeBron James scored 50 points was on February 16, 2023, in a game against the Utah Jazz."
"The borders of Africa's countries were largely created by European colonial powers during the late 19th and early 20th centuries, with the Berlin Conference of 1884-1885 playing a significant role in formalizing these divisions."
"The British Empire controlled an entire continent, Africa, through its colonial holdings during the 19th and early 20th centuries."
"I am uncertain about the specific winner of the Best Boy Band iHeart Radio Music Awards, as the answer depends on the year in question."
"The requirement to stand for the national anthem became law in the United States with the passage of the 1948 Flag Code, although its enforcement and application have varied over time."
"The character of Santa Claus is based on a combination of various historical and cultural figures, including Saint Nicholas, a 4th-century Christian bishop known for his generosity."
The Convention on the Rights of the Child was created by the United Nations General Assembly.
"The song ""The Glory of Love"" was written by Paul McCartney."
"Answer: President John F. Kennedy spoke the words ""Ich bin ein Berliner"" during his speech in West Berlin on June 26, 1963."
"The American national anthem at the Super Bowl has been performed by various artists over the years, including Whitney Houston, Mariah Carey, and Taylor Swift."
"The capital of Georgia, the former Soviet republic, is Tbilisi, which is a 7-letter word."
"The four seasons hotel in Las Vegas is owned by the Four Seasons Hotel and Resort brand, which is part of the Four Seasons Holdings company."
"In the Roman Republic, only adult male citizens who were not slaves were allowed to vote."
Answer: Sedimentary rock forms from material that has accumulated on the Earth's surface.
The sport psychology sub-field of performance enhancement deals primarily with improving athletes' mental skills and psychological states to optimize their performance.
The Pittsburgh and Philadelphia Railroad (P&PRR) first began its passenger service between Pittsburgh and Philadelphia in 1852.
"I am uncertain about the exact timeline, but Luke and Lorelai get back together in the season 6 finale of ""The Gilmore Girls,"" after a period of separation due to Luke's past relationship with another character."
"Mowgli's main enemy in *The Jungle Book* is Shere Khan, a fearsome tiger."
"I am uncertain about the current driver of the number 95 car in NASCAR, as it may change depending on the season and team adjustments."
"The theme song for ""Wire"" Season 5 is performed by The Roots."
The actor who plays Dorian Tyrell when he puts on the mask is James Cosmo.
"The winner of ""India's Next Superstar"" varies by season, but as of the latest season in 2023, the winner was Ananya Birla."
"The independence movement in Italy occurred as a result of the Congress of Vienna, which sought to restore conservative monarchies in Europe."
"The film ""It Happened at the World's Fair"" was shot on location at the 1964 New York World's Fair."
"The song ""To Make You Feel My Love"" was written by Bob Dylan."
"The actress who plays Harry's mom, Lily Potter, in the Harry Potter film series is Emma Watson."
The membrane on the surface of the stomach is called the visceral peritoneum.
The men's ice skating gold medalist at the 2018 Winter Olympics was Yuzuru Hanyu from Japan.
"The song ""I'll Sleep When I'm Dead"" is performed by the band The Triffids."
"The use of lead in paint was largely discontinued in the United States by the early 1970s, with a federal ban on lead-based paint implemented in 1978."
I am uncertain about the specific episode in which Caroline gets turned into a vampire.
"The artist who has won the CMA Entertainer of the Year award the most is Garth Brooks, with eight wins."
The winner of season 2 of The Great British Bake Off was Sue Perkins.
"The Army-Navy game is typically played at Lincoln Financial Field in Philadelphia, Pennsylvania."
"Michael Jackson sings ""Someone's Watching Me."""
"The first settlers in San Antonio were the indigenous Tonkawa and Karankawa peoples, followed by Spanish colonizers in the 17th century."
"The actor who played Cory's older brother, Topanga's brother, on *Boy Meets World* was Will Friedle."
"As of the most recent data, Jerry Rice holds the record for the most receiving yards in NFL history."
Red blood cells in adults are primarily made in the bone marrow.
The halftime show for Super Bowl 2018 was performed by Bruno Mars.
"The answer is uncertain, as the number of episodes in ""Game of Thrones"" Season 7 is not definitively known without additional context or verification."
The last time the University of North Carolina (UNC) did not make the NCAA Tournament was in 2017.
"The music video for One Direction's ""What Makes You Beautiful"" was filmed in London, England."
"The name ""de la Rosa"" originates from the Spanish language, where ""de"" means ""of"" and ""la Rosa"" refers to ""the rose,"" thus the name translates to ""of the rose."""
"In the NGN/IMS context, SIP stands for Session Initiation Protocol."
"In an autocracy, the leader or a small group of elites closest to the leader typically makes the important government decisions."
"The name ""Habib"" means ""dear one"" or ""beloved"" in Arabic, and it is often used as a term of endearment."
"The athlete who has won the most Olympic gold medals is Michael Phelps, with a total of 23 gold medals."
"I am uncertain about the exact order of finishers for the most recent Grand National; however, as of the 2023 Grand National, the winner was Tiger Roll, the runner-up was The New One, and the third-place finisher was Cue Card."
The movie *The Book Thief* was released in 2013.
The princess in *Kingsman: The Secret Service* was played by Sophie Cookson.
The editor of the journal Jugantor during the time of the Swadeshi movement was Madan Lal Dhingra.
The theme song for *The Man with the Golden Gun* was sung by Lulu.
"The movie *Road to Perdition* takes place primarily in Chicago, Illinois, during the 1930s."
The hormones of the anterior pituitary are created in the hypothalamus and then transported to the anterior pituitary via the hypophyseal portal system.
The voice of Mewtwo in *Pokémon: The First Movie* was provided by Rodger Bumpass.
"The first accurate model of DNA was proposed by James Watson and Francis Crick, with significant contributions from Rosalind Franklin and Maurice Wilkins."
"The phrase ""I will not go quietly into the night"" is from the poem ""Do Not Go Gentle into That Good Night"" by Dylan Thomas, though the exact attribution is to the poet himself."
"The joyful mysteries of the holy rosary are the first set of mysteries, which include the Annunciation, the Visitation, the Nativity of Jesus, the Presentation of Jesus at the Temple, and the Finding of Jesus in the Temple."
"The very last episode of *That's So Raven* was titled ""The End"" and aired on May 14, 2007."
A coherent set of values and beliefs about public policy is called a political ideology.
"As of the most recent available data, Lowe's operates approximately 140 stores in Canada."
Brant Daugherty plays the character of A in *Pretty Little Liars*.
I am uncertain about the specific date when the new day won the tag team titles.
"Young George Bailey is the younger version of the protagonist George Bailey, portrayed by Jimmy Stewart in the film ""It's a Wonderful Life,"" who is shown in flashbacks to illustrate his life before the story's main events."
"The answer is uncertain, as the phrase ""the day the music died"" is a reference to the day of Buddy Holly's plane crash, and it is not definitively known who missed the plane."
"As of my last update in July 2024, there has been no official announcement regarding the release date of *The Flash* Season 4, so the exact release date remains uncertain."
"As of my last update in July 2024, there is no confirmed information about a new movie featuring Ajay Devgn and Sonakshi Sinha together."
"Ireland gained its independence from England in 1922, although the process of decolonization was complex and involved various stages, including the Anglo-Irish Treaty and the establishment of the Irish Free State."
The girl in *The Silence of the Lambs* was played by Jodie Foster.
"The tallest building in the world of all time is Burj Khalifa, located in Dubai, United Arab Emirates."
The actress who played Mrs. Trumbull on *I Love Lucy* was Vivian Vance.
"The successful commanding general of the Northern forces in the Civil War was Ulysses S. Grant, though it is important to note that his leadership was often complemented by that of other key figures such as William T. Sherman and George Meade."
"The red wolf currently lives exclusively in the United States, specifically in the southeastern region of North Carolina, where a reintroduction program has been established."
"The ""V"" sign made with the fingers in front of the mouth typically signifies a gesture of peace, victory, or a secret sign, though its meaning can vary depending on context and cultural interpretation."
"At the end of *The Den of Thieves*, the character of Jack (played by Jason Statham) dies."
The XIX of the Social Security Act of 1965 established the Medicare program.
The winner of the Best Actor award at the 64th National Film Festival in 2017 was Nawazuddin Siddiqui.
"Real Madrid has won the European Cup (now known as the UEFA Champions League) 14 times, including victories in Paris during the 1956, 1957, 1958, 1959, 1960, 1966, 1998, 2000, 2002, 2014, and 2022 editions."
"The limit of resolution of the human eye is approximately 100 micrometers, though this can vary depending on lighting conditions and individual differences."
The foundation of the school of possibilism was laid by the French geographer and philosopher Henri Lévy-Bruhl.
"The purpose of the Mall of America was to serve as a large indoor shopping mall offering a wide variety of retail stores, entertainment venues, and dining options."
"Television broadcasting in the United States began in the early 1930s, with the first regular television programming starting in 1939."
"The small business tax rate in Canada is 9% for active business income, but this rate may vary depending on the province and specific circumstances."
"I am uncertain about the current president of the Assam Sahitya Sabha, as my knowledge may not be up to date."
"The closure of the ductus arteriosus typically occurs within the first few days after birth, usually within 3 to 7 days, as the newborn transitions to breathing air and the pulmonary vascular resistance increases."
"The statement ""Love is not love that alters when it alteration finds"" suggests that true love remains constant and does not change in the face of adversity or change, implying that genuine love is steadfast and unchanging."
"The most runs ever scored in a single MLB inning is 19, achieved by the Chicago White Sox on September 23, 1922, against the Cleveland Indians."
"The South Pole is located at the bottom of a map, at the point where all lines of longitude converge."
The greatest English composer of the Baroque period is generally considered to be Henry Purcell.
"The setting of *A Doll's House* is a middle-class Norwegian household in the 19th century, specifically in the city of Oslo."
"The tradition of self-government in America began with the establishment of the thirteen British colonies in the 17th century, though its formal foundation is often traced to the adoption of the Declaration of Independence in 1776."
"The word ""shalom"" means peace in English, though it also carries connotations of wholeness, harmony, and well-being."
The spinal cord becomes the cauda equina at the level of the first or second lumbar vertebra.
The country with the smallest population in Europe is Vatican City.
The largest airport in the United States by land area is Hartsfield–Jackson Atlanta International Airport.
The voice of Mrs. Wolowitz on *The Big Bang Theory* is provided by Carol Ann Susi.
"The song ""War Don't Let Me Down"" is sung by The Rolling Stones."
"The song ""After You've Gone"" was written by Harry Von Tilzer."
"The origin of the saying ""get out of dodge"" is uncertain, but it is believed to have originated in the 19th century, possibly from the slang use of ""dodge"" to mean ""to run away"" or ""to escape."""
"The next time Notre Dame will play Michigan State is in 2025, as they are set to face off in a scheduled game that year."
"The first line of ""We Are the World"" was sung by Michael Jackson and Lionel Richie."
"The player with the most Gold Glove awards at shortstop is Ozzie Smith, who won 10 Gold Gloves during his career."
"The song ""I'm in the Mood for Dancing"" was written by Irving Berlin."
The robot maid in *Richie Rich* is played by Jennifer Coolidge.
"The exact number of hospitals in the United States is approximately 5,600 as of the most recent data, though this number may vary slightly depending on the source and the specific criteria used for classification."
"The University of Michigan School of Public Health is consistently ranked among the top public schools of public health, though the exact ranking may vary slightly depending on the source and year."
"African countries that begin with the letter ""A"" include Algeria, Angola, and Zambia."
The Immigration Act in Canada was first passed in 1869.
The Indian myna bird originated from the Indian subcontinent.
"The guy on *Keeping Up with the Kardashians* refers to various male figures who have been part of the show, but the most notable is Kim Kardashian's husband, Kanye West."
"""Catch Me If You Can"" was made in 2002."
"The term ""physiology"" was first used by the Greek philosopher Aristotle in the 4th century BCE."
"To play Mexican Train, you need a standard set of 28 dominoes."
"The filename extension used for all Java source files is "".java""."
The Taj Mahal was built and completed between 1632 and 1653.
The Premier of the Northern Cape in 2018 was David Maynier.
The New York Rangers last won the Stanley Cup in 1940.
"The cast of the movie *Pride of the Marines* includes actors such as John Wayne, Robert Taylor, and Ward Bond."
"Cybermen first appeared in ""Doctor Who"" in the 1968 serial ""The Tenth Planet."""
"The last time the New York Giants won the Super Bowl was in 2011, when they defeated the New England Patriots in Super Bowl XLVI."
"Answer: Sachin Tendulkar has scored the most half centuries in Test cricket, with a total of 49."
The Earth orbits the Sun in a counterclockwise direction when viewed from above the North Pole.
"The film ""The Curious Case of Benjamin Button"" won two Academy Awards (Oscars), specifically for Best Cinematography and Best Visual Effects."
"The longest tenure as moderator on *Meet the Press* was held by David Gregory, who served from 2005 to 2014."
"The singer of ""It's My Party and I Cry If I Want To"" is Shakin' Stevens."
"The minimum size of a UDP datagram is 8 bytes, which includes the header but excludes any data payload."
The insured is typically represented by an insurance adjuster during the investigation of a claim.
"Former presidents are eligible for Secret Service protection for life, provided they meet certain criteria such as being a natural-born citizen and having served at least eight years as president."
"I am uncertain about the specific details, but ""When the Going Gets Tough"" is a song by Billy Ocean, not a movie."
"The United States entered World War I on April 6, 1917."
"The record for the most home runs by two teammates in a single season is 12, achieved by the 1998 New York Yankees, with Babe Ruth and Mickey Mantle."
"The states in the northeast region of the United States are Connecticut, Maine, Massachusetts, New Hampshire, New Jersey, New York, Pennsylvania, Rhode Island, and Vermont."
"The answer to the question ""Make it or break it who goes to the olympics"" is uncertain, as it depends on the specific context and criteria being referred to."
The R10+20 summit in Rio de Janeiro was held in 2012.
"The answer is Judas Iscariot, who sold out Jesus for 30 pieces of silver."
"The player with the most 70-point games in NBA history is Wilt Chamberlain, with 10 such games."
"Tight junctions can be found in various epithelial tissues throughout the body, including the intestinal epithelium, skin, and bladder, where they help to form barriers and regulate the movement of substances between cells."
The role of Jimmy's mom in *8 Mile* is played by Kim Basinger.
"Frank Langella plays the dad, Frank Langella, in *Malcolm in the Middle*."
The winner of the ladies' ice skating event at the most recent Olympics was Alina Zagitova of Russia.
The length and direction of a straight line between two locations or positions is referred to as a vector.
Answer: Converting a stereo signal to a mono signal is called mono summing.
"The system of government in Japan is a constitutional monarchy with a parliamentary democracy, where the Emperor serves as the ceremonial head of state and the Prime Minister is the head of government."
The Ming dynasty completed the Great Wall of China.
"Union Station in Washington, D.C. is located at 901 New York Avenue NW, in the heart of the city's downtown area."
"The song at the end of *Beauty and the Beast* is sung by the characters in the film, with the final performance featuring the Beast and Belle."
"I am uncertain about the specific details, but ""Super Robot Monkey Team Hyperforce Go!"" is an animated series, not a fighting game."
"The show ""The Crossing"" was filmed in various locations across Canada, including Vancouver and Prince George, British Columbia."
"The song ""Lord Have Mercy on the Working Man"" was written by Stuart Hamblen."
"The answer is uncertain, as there is no widely documented instance of Led Zeppelin being refused entry into Singapore specifically due to the band members having long hair."
"The term ""pop music"" originates from the slang usage of ""pop"" to mean something popular, and it became associated with music that is commercially successful and widely appealing."
"The discovery of gold in the Sierra Nevada of California is often attributed to James W. Marshall, who found it in 1848."
"The seven gifts of the Holy Spirit are wisdom, understanding, counsel, fortitude, knowledge, piety, and fear of the Lord."
The winner of season 5 of Hell's Kitchen was Michael White.
"I am uncertain about the specific episode of Pretty Little Liars (PLL) in which Jenna gets her sight back, as this detail is not widely referenced in commonly available summaries or sources."
"I am uncertain about the exact date, but the last time the South Sydney Rabbitohs (often referred to as the Crows in some contexts) reached the NRL Grand Final was in 2010."
The role of Scrooge McDuck in the new *DuckTales* series is played by Alan Tudyk.
The process that divides one nucleus into two genetically identical nuclei is called mitosis.
"Kenny Rogers did not sing ""Mary Did You Know"" with anyone, as the song was originally written and performed by Michael English, and Kenny Rogers did not record a version of it."
The movie *Karate Kid* came out in 1984.
"The process to become a santero involves spiritual training, initiation, and dedication under the guidance of an experienced santero, though the specifics may vary depending on the tradition and cultural context."
The data link layer of the OSI model handles physical addressing.
"The Jawaharlal Nehru Centre for Advanced Scientific Research (JNCASR) Jakkur campus is a premier research institution in India, specializing in interdisciplinary scientific research."
"The second largest mall in America is the Mall of America, located in Bloomington, Minnesota."
The production of Jell-O Pudding Pops was discontinued by Jell-O in 2018.
The tea that was thrown into Boston Harbor during the Boston Tea Party came from British East India Company ships.
"The five compulsory prayers in Islam are Fajr, Dhuhr, Asr, Maghrib, and Isha."
"The rules of the U.S. House and U.S. Senate are primarily determined by each chamber's own leadership and majority party, with the House of Representatives having more formalized rules than the Senate."
Answer: Patti Smith is known as the punk poet who used poetry in their music.
"The last episode of *The Flash* aired on June 19, 2023."
"I am uncertain about the specific performer who sang last night on Saturday Night Live, as I cannot access real-time information."
"I am uncertain about the exact answer, but as of the most recent data, Gareth Bale has scored the most points for Wales against France."
"The song ""Oh What a Night"" from late December 1963 is performed by The Four Seasons."
"In *Puella Magi Madoka Magica*, Madoka becomes a magical girl after she makes a wish to become a magical girl and is subsequently transformed by the magical girl system."
"The song ""I Want to Dance with Somebody"" by Whitney Houston was written by Diane Warren."
The addition of zinc to pennies began in 1982.
"Ahana from ""Dil Sambhal Ja Zara"" is also known by her real name, Anushka Sharma."
The last year Thanksgiving was on the 23rd was 1935.
"The air gap on a dishwasher prevents contaminated water from the sink from flowing back into the dishwasher through the drain line, thus maintaining hygiene and preventing cross-contamination."
"I am uncertain about the specific details of this question, as it does not refer to a widely known event or story."
"The star cast of ""Ab Tumhare Hawale Watan Sathiyon"" includes actors such as Aamir Khan, Jaya Bachchan, and Rajesh Khanna."
"The theme song to ""All That"" is sung by The Wailers."
"The most recent technological change to the U.S. economy was the rapid advancement and integration of artificial intelligence and automation technologies, although the exact timing and impact can be subject to interpretation."
"Before Islam, the predominant religion in Persia was Zoroastrianism."
Answer: Johannes Gutenberg is often associated with printing the first book using movable type in Germany.
"The world's largest company in terms of revenue is currently Walmart, although this can vary slightly depending on the year and the specific metrics used."
Answer: Hermann Ebbinghaus was one of the first to chart the course of forgetting over time.
The whip in Congress is responsible for keeping track of members' voting intentions and ensuring party discipline by encouraging members to vote according to the party's position.
The original Scooby-Doo theme song was sung by The Ventures.
"The Guinness Book of World Records was started by Sir Hugh Beaver, who founded the company in 1954."
"Red ear slider turtles lay their eggs in moist, sandy soil near water sources, typically in shallow nests dug into the ground."
"I am uncertain about the exact release date of season 7 of ""Race to the Edge,"" as it has not been officially announced."
"I am uncertain about the specific reference to ""darrell brother"" in ""The Walking Dead,"" as there is no widely recognized character by that name in the series."
The rearview mirror is used in vehicles for rear view.
"Cora married King Leopold in ""Once Upon a Time."""
"The song ""Tie a Yellow Ribbon Around the Old Oak Tree"" is performed by Tony Bennett."
"The crown-of-thorns starfish (Acanthaster planci) is native to the Indo-Pacific region, including areas such as the Great Barrier Reef in Australia."
"The *Diary of a Wimpy Kid* films were primarily shot in and around Vancouver, British Columbia, Canada."
The electron transport chain pumps protons across the inner mitochondrial membrane into the intermembrane space.
The 2018 FIFA World Cup was held in Russia.
"The electromyogram (EMG) can provide information about the timing, intensity, and pattern of muscle activation, but it cannot directly measure the force or length of the muscle contraction."
"The minimum dollar amount for federal court jurisdiction in civil cases is $75,000, though this can vary depending on the specific type of case and jurisdiction."
The French film pioneer who introduced the newsreel in 1910 is Robert Flaherty.
Answer: The victim was asking for it is an example of a judgmental or victim-blaming statement.
"Antibodies are made by B lymphocytes, specifically by plasma cells, which are activated B cells."
Kevin's family goes to Paris in *Home Alone 2*.
"The Planet of the Apes film series includes the following movies: *Planet of the Apes* (1968), *Beneath the Planet of the Apes* (1970), *Escape from the Planet of the Apes* (1971), *Conquest of the Planet of the Apes* (1972), *Battle for the Planet of the Apes* (1973), and the reboot series beginning with *Rise of the Planet of the Apes* (2011)."
The first toy released by Nintendo was designed by Fusajiro Yamauchi.
"I am uncertain about the specific year, but Taylor Swift has won the Entertainer of the Year award at the Country Music Association (CMA) Awards."
"The number 7 for the Green Bay Packers has been worn by several players, including Brett Favre, Aaron Rodgers, and others."
"Bulls are used on a farm primarily for breeding purposes to sire calves, although they may also be used for draft work or meat production depending on the farm's needs."
"I am uncertain about the exact timeline, but in the series ""Glee,"" Mr. Schuester and Emma get together in the episode titled ""The Break-Up,"" which is part of the third season."
The halftime show for Super Bowl 50 was performed by Coldplay.
"The Sagrada Família is expected to be completed by 2026, although this date may be subject to change due to ongoing construction challenges."
"The song ""From Now On"" from *The Greatest Showman* was written by Benjy Day and John Park."
"The Final Four for the 2023 NCAA Men's Basketball Tournament is being held in New Orleans, Louisiana."
The last time Arsenal won the Premier League was in the 2003-2004 season.
"The phrase ""let them eat cake"" is traditionally attributed to Marie Antoinette, although its exact origin and usage are subject to historical debate and uncertainty."
"In Great Britain, medical bills are primarily paid for by the National Health Service (NHS), which is funded through general taxation, with the money coming from taxpayers' contributions."
Russia joined the World Economic Forum in 1994.
"One way to remove the defect of vision presbyopia is through the use of reading glasses, bifocals, or multifocal lenses."
"The song ""I Put a Spell on You"" in *Hocus Pocus* was performed by Bette Midler."
"During the Revolutionary War, British loyalist John André was executed for being an American spy."
"The rank of India in economic growth can vary depending on the specific metric and time period considered, but it is generally among the fastest-growing major economies."
The hands and fingers occupy the greatest portion of the primary motor cortex.
"As of the most recent data, there are three operating nuclear power plants in Washington state."
"In Michigan, you can legally buy alcohol starting at 10:00 AM on weekdays and 12:00 PM on Sundays."
The book of Philippians was written to the church in Philippi.
"As of my last update in July 2024, the 14th season of Grey's Anatomy has not been officially announced, so the release date is uncertain."
"The Great Outdoors movie takes place in the wilderness of the United States, primarily in the Rocky Mountains."
"The Shannara Chronicles Season 2 is based on the ""Earthfire"" book in the Shannara series by Terry Brooks."
"Hops are primarily grown in the United States in states such as Washington, Oregon, Idaho, and Colorado, with Washington being the largest producer."
"The chairman of the election commission is typically a senior government official, though the specific individual may vary depending on the country and its electoral system."
"The seat was moved to the capitol in 1810, though this date may vary depending on the specific context or jurisdiction being referenced."
"The phrase ""patience is a virtue"" originates from the teachings of the Bible, specifically from the Book of James in the New Testament."
"The film ""Thomas and the Magic Railroad"" was primarily filmed in the United Kingdom, specifically in locations such as Birmingham and the surrounding areas."
"The Menendez brothers received prison sentences of 20 years each for the murder of their parents, though they were released after serving approximately 14 years due to good behavior and early parole eligibility."
"The cast of *A Nightmare on Elm Street* (1984) includes Johnny Depp as Eddie, Nancy Allen as Nancy, and Robert Englund as Freddy Krueger."
General elections in the United States are held on the first Tuesday following the first Monday in November of each even-numbered year.
"The Louisiana Purchase was signed in Paris, France, in 1803."
The chief economic advisor of India is currently Dr. V. Anantha Nageswara Rao.
"Jelly beans became associated with Easter in the early 20th century, though their exact origin as an Easter candy is uncertain."
"The Astros play their spring training games at the George H.W. Bush Presidential Library and Museum in College Station, Texas."
The music for *Shimmer and Shine* is composed by Mark Mothersbaugh.
"The film ""Far from the Madding Crowd"" (1967) starred Alan Bates, Rachel Roberts, and Claire Bloom."
"The correct spelling is ""Padawan"" from Star Wars."
The winner of the men's figure skating event at the 2018 Olympics was Yuzuru Hanyu from Japan.
"As of my last update in July 2024, I am uncertain about the current minister of youth in Namibia, as this information may have changed."
The Harlem River separates the Bronx in New York City from Manhattan Island.
"I am uncertain about the correct answer, as it may depend on personal preference or specific card game rules."
The dome of the Rock was completed in 691 CE.
Long John Silver lost his leg in *Treasure Island* when he was wounded by a cannonball during a battle at the island.
"The spelling of ""lakh"" in English is ""lakh."""
"A City and Guilds qualification is typically at Level 2 or Level 3 on the UK Qualifications and Credit Framework, depending on the specific course."
"The last time the Miami Dolphins went to the Super Bowl was in the 2022 season, where they lost to the Kansas City Chiefs in Super Bowl LVI."
"As of 2023, *Grey's Anatomy* has been on TV for 19 seasons."
The CEO of Crate and Barrel is David H. Bowers.
"The tradition of the piñata is believed to have originated in Spain, where it was used as a tool for teaching children religious lessons, and later evolved into a festive element in Mexican celebrations."
"The head ""A"" in *Pretty Little Liars* is a mysterious and vengeful character who orchestrates the torment of the main characters, with their identity ultimately revealed to be Ezra Fitz."
"I am uncertain about the exact number of students at Monarch High School, as it can vary and is not provided in the given context."
The movie *Romancing the Stone* starred Michael Douglas and Kathleen Turner.
The dragon in *Eragon* is named Saphira.
"As of the most recent data, Lionel Messi has the most trophies in La Liga, with 9 titles won during his career with FC Barcelona."
"The decision to leave the EU was made by the United Kingdom in a referendum held on June 23, 2016."
The Mauryan emperor Ashoka issued ashwamedha coins after performing the ashvamedha sacrifice.
"The characters in *This Is Us* primarily live in the fictional town of Boston, Massachusetts."
"Most of Africa's petroleum and natural gas reserves are found in the regions of the North Africa, particularly in the Sahara Desert, and in the Gulf of Guinea along the western coast."
"I am uncertain about the exact release date of Miraculous Ladybug Season 2 Episode 12, as it may vary depending on the platform and region."
Betty ends up with Archie on Riverdale.
The most common cause of right ventricular heart failure is pulmonary hypertension.
"I am uncertain about the specific time when tam tams start in Montreal, as this information is not readily available and may vary depending on the event or location."
Money as a medium of exchange is a standardized system of value used to facilitate the buying and selling of goods and services by eliminating the need for barter.
"The main character's name in *Layer Cake* is Nathanial ""Nate"" Watts."
"The song ""If I Were a Boy"" was written by Beyoncé Knowles, Ray Vaughn, and Terius ""The Dream"" Nash."
Cristiano Ronaldo joined Manchester United in July 2003.
"The line ""You'll be a woman soon"" from *Pulp Fiction* is sung by The Ronettes, specifically in their song ""Be My Baby."""
"The Cleveland Browns last winning game was on January 12, 2020, when they defeated the Pittsburgh Steelers in the AFC Divisional Round of the NFL playoffs."
Factories that assemble parts made in other countries are often referred to as assembly plants or contract manufacturing facilities.
"The ""Not in This Lifetime..."" tour started in June 2017."
"The Gulf Stream, the world's fastest ocean current, flows along the western side of the Atlantic Ocean."
"The last time the Jacksonville Jaguars won a playoff game was in the 2017 season, when they defeated the Tennessee Titans in the Wild Card Round."
The minimum number of parties required to enter into a deed is two: a grantor and a grantee.
The role of Cruella de Vil in *101 Dalmatians* was played by Glenn Close.
"The Magic Tree House books are classified as children's literature, specifically within the genre of historical fiction and adventure."
The Students for a Democratic Society (SDS) started at the University of Michigan in 1960.
"The first Black person to register to vote in the United States was Hiram Revels, who registered in 1870 in Mississippi."
The actress who plays Sheila Carter on *The Bold and the Beautiful* is Jill Winternitz.
Sex and the City takes place in New York City.
"The band members of The Rolling Stones are Keith Richards, Mick Jagger, Ron Wood, Charlie Watts, and Brian Jones (who was a founding member but passed away in 1969)."
"Christopher Columbus explored the waters of Cuba, the Bahamas, and Hispaniola."
"The song ""I'll Cry If I Want To"" from the 1980s was performed by The Pointer Sisters."
The actor who plays Lefou in the 1991 animated film *Beauty and the Beast* is Richard White.
"The Los Angeles Stadium at Hollywood Park, also known as the Hollywood Park Racetrack, opened on April 1, 1909."
The role of Raquel in *Only Fools and Horses* was played by Linda Robson.
I am uncertain about the answer to this question.
"The first ""Horrid Henry"" book was written in 1993."
The movie *Return of the Mack* came out in 2001.
"The speaker in William Shakespeare's sonnet 130, ""Shall I compare thee to a summer's day?"" says that which we call a rose."
"The volcanic eruptions in Iceland are associated with a divergent plate boundary, specifically the Mid-Atlantic Ridge."
"The show ""Days of Our Lives"" features characters named Doug and Julie, though they are not central to the main storyline."
"The character known as the ""super fast boy"" in the series ""The Incredibles"" is Dash, the son of Mr. Incredible and Elastigirl."
"I am uncertain about the answer, but as of my last update, Stephanie's mother on ""The Bold and the Beautiful"" is Victoria Forrester."
The first signatory of the Israeli Declaration of Independence was David Ben-Gurion.
"*Arsenic and Old Lace* takes place in New York City, specifically in the fictional setting of a boarding house owned by the Mortimer family."
"Convergent boundaries can be found where tectonic plates collide, such as along the Andes Mountains, the Himalayas, and the Mid-Atlantic Ridge."
"Fortnite: Save the World first came out on September 4, 2017."
"The beast from *Beauty and the Beast* is a magical creature, specifically a prince who has been transformed into a beast as a result of his own selfishness and cruelty."
"The song ""Somewhere Over the Rainbow"" was first introduced in the 1939 film ""The Wizard of Oz."""
"The chain was first used in Formula 1 in the 1950s, specifically in the early years of the sport."
The death penalty was reinstated in Oregon in 1977.
"The story of the prodigal son is told in the Bible, specifically in the New Testament, in the Gospels of Luke."
"I am uncertain about the exact release date of One Piece English dubbed episode 564, as it may vary depending on the platform and region."
"Answer: It is generally believed that Thespis stepped out of the dithyrambic chorus to become the first actor, though this attribution is subject to some scholarly debate."
"Elijah first appears in *The Vampire Diaries* in the second season, specifically in the episode titled ""The Dinner Party."""
"The longest pier in the UK is the Hartlepool Pier, which is 1,320 metres (4,331 feet) long."
"The tablet of the Ten Commandments is currently housed in the United States Capitol's National Museum of American History in Washington, D.C., though it is not on public display at all times."
"In Florida, you generally do not need a permit or license to own a gun, but there are restrictions on certain types of firearms and requirements for purchasing them from a licensed dealer."
"The cleavage of the peptide bond by chymotrypsin occurs at the carboxyl side of aromatic amino acid residues such as phenylalanine, tryptophan, and tyrosine."
"The NBA season typically ends in June, with the playoffs concluding around late June, though the exact date can vary slightly each year."
"In ""Malcolm in the Middle"" Season 1, Episode 3, titled ""The Perfect Parent,"" Malcolm's father, Frank, tries to become a better parent by following a strict parenting guide, leading to comedic and chaotic results."
Most nutrients are absorbed in the small intestine.
The leader of the Soviet Union when the Berlin Wall was built was Nikita Khrushchev.
"The term ""prime minister"" was first used in the 18th century, though its exact origin is uncertain."
The Eagles won the Super Bowl in 2018 (Super Bowl LII) and in 2022 (Super Bowl LVI).
"The question is based on a misunderstanding, as no single person named all the animals in the world; animal names have been developed over time by various cultures and scientists."
"The most stable mineral at the Earth's surface is quartz, as it is highly resistant to chemical and physical weathering under typical surface conditions."
The actor who played Caesar in *Planet of the Apes* (2001) is Andy Serkis.
"The twelve-tone system for composition was created by Arnold Schoenberg, who abandoned traditional harmony."
"The NBC Olympic ice skating commentators for the 2022 Winter Olympics included John Kruk, Tara Lipinski, and Charlie Casavant, though specific lineups may vary by event and year."
"The band Imagine Dragons is named after the mythical creatures, but the band members have not publicly specified a particular origin for the name."
"The return date for new episodes of NCIS Los Angeles can vary each season, so it is best to check official announcements or the network's schedule for the most accurate information."
"Elena turns into a vampire in the TV series ""The Vampire Diaries"" during the third season, specifically in the episode titled ""The Departed,"" when she is bitten by Klaus."
"The country song ""I Can Only Imagine"" was written by Bart Millard, based on his personal experiences and story."
"The water that fills Lake Eyre primarily comes from rainfall in the surrounding catchment areas, which drains into the lake through rivers and creeks, though the lake is often dry and only fills during periods of significant rainfall."
"I am uncertain about the exact release date of season 2 of *Just Add Magic*, but it is expected to premiere in 2024."
"The latest season of *Keeping Up with the Kardashians* is Season 23, which premiered in 2023."
The 2023 NFL Coach of the Year was Doug Pederson of the Philadelphia Eagles.
The role of the virgin in *Conan the Destroyer* was played by Brigitte Nielsen.
"The Black Death in England is generally considered to have ended by the late 14th century, though the exact date is uncertain."
"Paul Walker's cars in the Fast and Furious series include the 2001 Dodge Viper RT/10, the 2002 Dodge Viper SRT-10, the 2003 Dodge Viper SRT-10, and the 2004 Dodge Viper SRT-10."
"The phrase ""When boy meets girl waiting for a star to fall"" is ambiguous and open to interpretation, as it could refer to a metaphorical or literal scenario, and without additional context, it is uncertain what specific meaning or event is being referenced."
"Christmas, though a Christian holiday, began as a celebration of the winter solstice."
"The Qutub Minar in Delhi was commissioned by Qutb-ud-din Aibak, the first Sultan of the Mamluk dynasty, and completed by his successor, Iltutmish."
"The role of the first lady has evolved over time through various First Ladies, with no single individual credited with changing it, as it has been shaped by multiple figures and historical contexts."
"The answer is uncertain, as the phrase ""two pints of lager and a packet of crisps"" is not a known song title or lyric."
"The last time a hurricane hit the UK was in 2022, when Hurricane Bertha caused significant disruption."
The Declaration of Independence was written for the thirteen American colonies to declare their independence from British rule.
The role of Susanna in *Legends of the Fall* was played by Frances O'Connor.
"The new Raiders stadium, Allegiant Stadium, is being built in Las Vegas, Nevada."
The voice of Templeton in *Charlotte's Web* was provided by Paul Winchell.
"As of 2017, the player with the most NBA rings is Bill Russell, with 11 championships."
The actual name of the Confederate force at Gettysburg was the Army of Northern Virginia.
"I am uncertain about the exact date, but as of my last update in July 2024, there has not been a documented instance of a wolf pack being killed in Yellowstone National Park."
New anime from the creators of *Attack on Titan* include *Island* and *Boku dake ga Inai Machi*.
"The answer is uncertain, as the question is ambiguous and does not provide sufficient context to determine who lives at the ""end of King Lear."""
A deep water fishing boat with many baited hooks is typically referred to as a longline fishing vessel.
"The television series ""Gunsmoke: The Last Man"" was filmed in various locations in the United States, primarily in New Mexico and Arizona, to replicate the Western frontier setting."
The defensive 3-second rule was implemented in the 1954-55 NBA season.
"As of my last update in July 2024, the representative for Arizona's 9th Congressional District is Andy Biggs."
"This type of nuclear decay, known as beta-plus decay, effectively turns a proton into a neutron."
"The driver of the number 18 car in NASCAR can vary depending on the race and team, as different drivers may be assigned to that number in different events."
"The song ""Buddy, Can You Spare a Dime?"" was sung by Bing Crosby."
"The first covenant in the Old Testament is the covenant between God and Abraham, established in Genesis 12."
"The civil rights movement was validated by Martin Luther King Jr., who proclaimed ""We Shall Overcome"" as a powerful anthem of hope and resistance."
"Fingerprinting was first used by the police in 1892 by the Indian police force, although its principles were developed earlier by Sir Francis Galton in the 1820s."
"The AARP generally falls on the center to center-left of the political spectrum, though it maintains a nonpartisan stance and focuses on issues affecting older Americans."
The United States acquired Puerto Rico in 1898 following the Spanish-American War.
"The original singer of ""Help Me Make It Through the Night"" is Sam Cooke."
Answer: Nodding your head no is an example of a nonverbal communication gesture.
"In 1984, Walter F. Mondale was running as the vice president under the Democratic ticket with Jimmy Carter."
"The Democratic Party controlled both the House of Representatives and the Senate for most of the 20th century, with periods of control varying by decade, but they did not consistently control both chambers throughout the entire century."
"Answer: ""Where's Waldo?"" is a children's book series featuring a character named Waldo who is hidden in detailed illustrations, challenging readers to find him."
"I am uncertain about the exact release date of Beyblade Burst Super Z, as it may vary by region and is subject to change."
The leader of the Ontario PC Party is Patrick Brown.
The bad guy in *The Good Place* is played by William Jackson Harper.
"The coverage of the Winter Olympics in Canada is provided by various media outlets, including CBC Sports, CTV Sports, and other national and international broadcasters, though the specific coverage may vary depending on the year and the event."
"The most polluted city in the world according to the World Health Organization is often cited as Delhi, India, though this can vary depending on the year and specific criteria used."
Public companies are part of the financial sector.
The second season of *Fargo* consists of six episodes.
"The answer is hedged: It is uncertain which specific South African tree is being referred to, as multiple species may have thorns on their trunks."
The jury system was abolished in India in 1971 with the amendment of the Code of Criminal Procedure.
"The U.S. Department of Homeland Security was created on November 25, 2002."
"The song ""God Save the Queen"" became the national anthem of the United Kingdom in 1745."
The coach in the Old Spice commercial is played by actor Jon Hamm.
You can obtain a state-issued ID from your local Department of Motor Vehicles (DMV) or a similar government agency in your state.
"Hope on ""The Bold and the Beautiful"" went to the hospital after suffering a stroke."
"The song ""Great Gig in the Sky"" was sung by Clare Torry, who provided the iconic vocal performance."
"The line ""Some are born great, some achieve greatness, and some have greatness thrust upon them"" is from *Twelfth Night*, but it is not directly attributed to a specific character in the play."
"The film ""Thank You for Your Service"" is based in the United States."
The national anthem at the 2002 Super Bowl was sung by Melissa Etheridge.
"The last name ""Waters"" is of English origin and typically denotes someone who lived near water, such as a river or lake, or it may have been a occupational name for someone who worked with water."
The role of Sonny in *Lemony Snicket's A Series of Unfortunate Events* was played by Neil Patrick Harris.
"The Dust Bowl in Oklahoma largely ended in the early 1940s, though its effects persisted into the 1950s."
The cash cab guy reads the questions by using a special device that displays the questions on a screen for him to see.
"The music for ""Your Lie in April"" was composed by Joe Hisaishi."
"Style guides and style sheets provide consistent formatting and visual standards for documents, websites, or publications, ensuring uniformity and professionalism."
Unipolar neurons are found in the dorsal root ganglia associated with the spinal cord.
"The Declaration of Independence was signed on July 4, 1776."
"The largest signature on the Declaration of Independence was signed by John Hancock, though the question is somewhat ambiguous as it could refer to the most prominent or largest physical signature."
"Liam and Annie get together in Season 3, Episode 10 of the show ""The Office."""
"The movie is ""Tujhe Dekha Toh Yeh Jana Sanam,"" which is a popular Bollywood film released in 1998."
"The television series ""Young and the Restless"" is primarily filmed at the CBS Studios in Los Angeles, California."
New Mexico was admitted to the union as the 47th state.
The episode in which Marnie returns in *Geordie Shore* is Episode 5 of Series 5.
The vascular layer of the eye is the uvea.
The actor who played Crocodile Dundee was Paul Hogan.
A bond that the issuer has the right to pay off before its maturity date is called a callable bond.
"In a market economy, decisions about what to produce are primarily made by firms and consumers through their interactions in the market, guided by supply and demand."
The Dominican Republic gained its independence from Haiti.
"The actor who played Little Ricky on the *I Love Lucy* show was Richard ""Dick"" Van Dyke."
"The answer is uncertain, as the specific song ""I Wanna Be the Only One"" and its performer with ""Eternal"" cannot be definitively identified based on the given information."
"Most of the world's gold is held in private vaults and central banks, with a significant portion stored in the United States and other major economies."
A home run with a girl is a metaphorical expression that refers to a successful romantic or sexual encounter with a woman.
"The governor of Tennessee elected in 1865 was Andrew Johnson, though he was already serving as the 17th president of the United States following the assassination of Abraham Lincoln."
"The band who had a hit with ""Heart and Soul"" is the Drifters."
The last time tug-of-war was an official Olympic sport was in 1920.
"The SA node begins electrical signaling at the start of each cardiac cycle, typically initiating the heartbeat."
"The first elected president of Pakistan was Muhammad Ayub Khan, who was elected in 1954."
The founder of El Pollo Loco is Frank Fertitta.
"The role of Dawn on *Nicky, Ricky, Dicky and Dawn* is played by Rihanna."
The central idea of the poem *The Rime of the Ancient Mariner* is the importance of respecting all living creatures and the consequences of disrupting the natural order.
"Rose is a character in ""The Crown"" Season 2, portrayed by Emma Corrin, and she is the wife of Prince Philip, Duke of Edinburgh."
The judge in *Drop Dead Diva* is played by Janeane Garofalo.
"The Indian Ocean is the warmest in the world primarily due to its unique geographical position, which allows it to absorb and retain a significant amount of solar radiation, combined with relatively low wind speeds and limited upwelling of cold water."
"Michael Jordan received his last ring in 1998, following the Chicago Bulls' sixth championship win."
"The song ""Blame It on the Bossa Nova"" is performed by the American pop band The Black Eyed Peas."
"The characters in *8 Mile* represent different aspects of Detroit's hip-hop culture and the struggles of aspiring artists, with the protagonist, Eminem, embodying the challenges of breaking into the music industry."
"As of my last update in July 2024, the last school shooting in Canada occurred on April 28, 2018, at the École Polytechnique in Montreal."
"The last time Michigan beat Ohio State was on January 1, 2024, in the Rose Bowl."
"The stock market in Hong Kong, specifically the Hong Kong Stock Exchange (HKEX), opens on trading days at 9:30 AM Hong Kong Standard Time (HKT)."
"The vocals for ""Feel It Still"" are performed by the band Miley Cyrus."
The type of fuel that goes in a Zippo lighter is butane.
"The episode ""Ben 10: Ultimate Alien"" Season 1, Episode 2 is titled ""The Ultimate Enemy,"" in which Ben faces off against a powerful alien named Vreedle."
"Florida natural orange juice comes from oranges grown in Florida, primarily in the central and southern regions of the state."
"I am uncertain about the specific release date of ""The New Dumping Ground"" in 2017, as it is not widely documented."
The Earth's surface is predominantly covered by sedimentary rock.
Forney's sister in *Where the Heart Is* is named Lila.
"The first pair of Yeezys, the Yeezy Boost 700, was released in 2015."
"The Tower of London was finished being built in the late 15th century, with its final major construction phase completed around 1475."
"The number of judges in the high court is typically decided by the legislature of the jurisdiction, though the specific process may vary depending on the country's legal framework."
"Answer: The radiographic term used to describe the dense bone of the socket and septal crest is ""sclerotic."""
"As of my last update in July 2024, the Secretary of State for Northern Ireland is Michelle Donelan."
"The 2018 Football Hall of Fame inductees included players such as Gary Liechty, John L. ""Lute"" Waldock, and others, though the exact list may require verification for precise details."
"The third book in the Lunar Chronicles series is ""Cinder."""
The mother of Howard on *The Big Bang Theory* is played by Laurie Metcalf.
"A mini bike is distinguished by its smaller size, typically featuring a lightweight frame, reduced engine displacement, and a design intended for off-road or recreational use."
"The British city farthest from the sea is Hull, which is approximately 140 miles (225 kilometers) from the nearest coastline."
"The mall used in ""Back to the Future"" is the Enchantment Under the Sea High School, which was filmed at the Twin Lakes Mall in Kissimmee, Florida."
"It is uncertain whether a turkey can be stuffed with a duck that is stuffed with a chicken, as the feasibility depends on the specific context and constraints of the scenario."
"The initial concept of protons and neutrons was developed by Ernest Rutherford, who proposed the nuclear model of the atom in 1911."
"The last Summer Olympics held in the United States were in 1984, in Los Angeles."
Oklahoma's 10 geographic regions are defined by surface features called physiographic regions.
The 2017 NCAA Men's Basketball Tournament was won by the Villanova Wildcats.
"Immigrants entered the United States on the West Coast primarily through ports such as San Francisco, Los Angeles, and Seattle."
"The D channel in ISDN is used for signaling and control purposes, such as setting up and managing calls."
Natural resources can be divided into renewable and non-renewable resources.
"The value of the currency in Paraguay, the Paraguayan Guaraní (PYG), is subject to fluctuation and is determined by market forces, though it is typically pegged to the United States dollar."
"Answer: Everyone in Gossip Girl attends the fictional Constance Billard School, which is a private girls' school in New York City."
"The answer depends on the specific context, as it could vary based on the kingdom's succession laws, the queen's heirs, and other factors, so I am uncertain about the exact answer without additional information."
"The domain of prokaryotes, which includes bacteria and archaea, has more individuals than all other domains combined."
"The name ""Comanche"" is believed to derive from the Uto-Aztecan language and is thought to mean ""people"" or ""friends,"" though the exact meaning is uncertain."
