"The last time anyone was on the moon was December 14, 1972, during the Apollo 17 mission."
"The lyrics to ""He Ain't Heavy, He's My Brother"" were written by Tony Macaulay and John Lennon."
There are 2 seasons of *The Bastard Executioner*.
"The Eagles last won a Super Bowl on February 12, 2023, when they defeated the Chiefs in Super Bowl LIX."
The University of South Carolina won last year's NCAA Women's Basketball Championship.
"The Isle of Wight became an island during the last Ice Age, approximately 12,000 years ago, when sea levels rose and separated it from the mainland."
"""Love Yourself"" by Justin Bieber is about self-love and personal growth."
The ruler of England in 1616 was James I.
"The Hot Coffee Mod in San Andreas is a modification that adds a hidden adult content scene involving the character Franklin Clinton, which was not present in the original game."
The maximum data rate for the 802.11a standard is 54 Mbps.
The state located in the centre of India is Madhya Pradesh.
"The song ""I Ran All the Way Home"" was sung by The Beatles."
"The last name Wallace is of Anglo-Saxon origin, derived from the Old English personal name Walace, which is believed to have meant ""foreigner"" or ""stranger."""
The actor who played Ben Stone on Law and Order was Jesse L. Martin.
The voice of Nala in The Lion King is provided by Jennifer Hudson.
The actor who plays Gram on *The Young and the Restless* is Krista Allen.
"The oath that new citizens take is the Oath of Allegiance to the United States, which includes promises to support and defend the Constitution and laws of the United States."
"The person under the mask of Darth Vader is Anakin Skywalker, who later becomes Darth Vader after being turned to the dark side of the Force."
The answer is not found in the Bible; there is no record of anyone having a baby at the age of 100 in the biblical text.
"The age requirement to buy a bb gun varies by location, but in the United States, federal law generally allows purchase by individuals who are at least 18 years old."
"Ethiopia Flight 961 crashed into the Indian Ocean on November 23, 1996, after being hijacked and forced to land in the sea."
"""Percy Jackson and the Olympians"" was filmed primarily in Vancouver, British Columbia, Canada."
There are eight seasons of *Vampire Diaries*.
There are 291 episodes in Dragon Ball Z.
Oakes Fegley plays Auggie in the movie *Wonder*.
"The first Australian Prime Minister, Sir Edmund Barton, was elected in 1901."
"Matthew is played by actor Timothée Chalamet in the television series ""Anne with an E."""
"The girl in ""Green Day's"" ""21 Guns"" is a metaphorical representation of a lost love or a past relationship, symbolizing the song's theme of longing and regret."
Heath Ledger plays the Joker in *The Dark Knight*.
"The South Asian Association for Regional Cooperation (SAARC) was formed on December 8, 1985."
"The first *Hunger Games* book was published on September 14, 2008."
Bette Midler portrayed the character of Rose DeWitt Bukater in the film *Titanic*.
The lead singer of Depeche Mode is Dave Gahan.
"The butchers in the slaughterhouse cases lived in the town of Smithfield, England."
The concept of total quality management was developed by W. Edwards Deming and Joseph M. Juran.
"The lyrics to ""Can't Get You Out of My Head"" were written by Kylie Minogue, James Valentine, and Rob Davis."
"The anime ""No Game, No Life"" ends with the protagonists, Sora and Shiro, winning the final game and becoming the new gods of the world, establishing a new order and achieving their goal of creating a utopia."
"Taylor Swift's first album, ""Taylor Swift,"" was released on October 24, 2006."
"The three ""Fifty Shades of Grey"" books are *Fifty Shades of Grey*, *Fifty Shades Darker*, and *Fifty Shades Freed*."
"The judiciary, specifically judges appointed to the courts of law, holds the power to make decisions."
"The ranks in the U.S. Navy, from lowest to highest, include Seaman Recruit, Seaman Apprentice, Seaman, Leading Seaman, Chief Petty Officer, and Officer ranks such as Ensign, Lieutenant, Lieutenant Commander, Commander, Captain, and Admiral."
Answer: Ibn al-Haytham.
The coach for the Ottawa Senators is John Hynes.
"The last episode of ""What Happens to My Family?"" is titled ""Episode 6: The Final Chapter,"" where the family faces the ultimate challenge and the consequences of their actions are revealed."
The last time the Vikings were in the NFC Championship was in the 2020 season.
"The colors of the Netherlands flag are red, white, and blue."
The Lord's Prayer is found in the Bible in Matthew 6:9-13 and Luke 11:1-4.
The last time Oklahoma won a national championship in football was in 2021.
"The Ten Commandments are located in the Book of Exodus, specifically in Exodus 20:1-17."
"After North Africa, the Allies advanced into Southern Europe, landing in Sicily as part of the Allied invasion of Italy."
"The name Veronica means ""true image"" or ""faithful image"" in English, derived from the Latin ""vera icon."""
The main artery that takes blood from the heart to the body is the aorta.
"The role of Solomon in ""Little House on the Prairie"" was played by Michael Landon."
"In *That '70s Show*, Eric Forman ends up with Donna Pinciotti."
Answer: An object that moves around an external axis is said to be rotating.
"The rib vaults in the Wells Cathedral include pointed arches and intersecting ribs that distribute weight efficiently, allowing for taller and more open interior spaces."
"The song ""Good Morning, Good Morning"" was sung by The Move."
"""Papa Got a Brand New Bag"" was written by David Ruffin and Norman Whitfield."
A roadrunner lives in the desert primarily in the arid regions of the southwestern United States and northwestern Mexico.
"""It's a Long, Long Way to Pasadena"" was written by Jerry Herman."
The dog's name on Tom and Jerry is Spike.
"In the 2017 Indian general election, the main presidential candidates were Shri Narendra Modi (Bharatiya Janata Party), Shri Arvind Kejriwal (Aam Aadmi Party), and Shri Ram Nath Kovind (Janata Dal (United))."
"The Path train stops at Newark Penn Station, which is located in the downtown area of Newark, New Jersey."
"Route 66 starts in Santa Monica, California, on the west coast."
The first wife on Sister Wives is Meri Brown.
The Houston Astros joined the American League in 2013.
"In the United States, cigarette advertising was banned from television in 1971."
"The song ""I Will Try to Fix You"" by Coldplay is from their 2008 album ""Viva La Vida or Death and All His Horses."""
Radians.
"The oligodynamic effect is a phenomenon that describes the antimicrobial properties of certain heavy metals, such as silver and copper, which can kill or inhibit the growth of microorganisms."
"The White Witch lives in the frozen North of Narnia, specifically in a place called the Cair Paravel, but she is also associated with the region of Charn."
"As of the most recent update, the UConn women's basketball team has won 111 games in a row."
"Yes, the at symbol is also known as the ""at sign."""
The theme song for the TV show *Cops* is sung by The Rivingtons.
Corporal punishment was banned in South Africa in 1998 with the enactment of the South African Schools Act.
Captain Phasma in Star Wars: The Force Awakens is played by Gwendoline Christie.
"The lyrics ""She's like the wind"" are sung by The Beatles in their song ""She's a Woman."""
The marathon changed its name to Snickers in 2002.
The first European ship to sail around the tip of Africa was captained by Bartolomeu Dias.
"The Forbidden City was ordered to be built by the Ming dynasty emperor Zhu Di, also known as the Yongle Emperor."
"The song ""Let Me Tell You About the Birds and the Bees"" was sung by The Beatles."
"In the United States, the President has the power to approve or veto legislation, while the President of the United States is the head of state and government."
There are 12 seasons of the Rugrats.
"As of my last update in July 2024, the Minister of Local Government in Zimbabwe is Dr. Obert Shiri."
"The initial effect of the transition from command to market economies in Eastern Europe was significant economic disruption, including rising unemployment, inflation, and a decline in living standards."
"Toyota started making cars in the United States in 1988 with the opening of its first North American manufacturing plant in Georgetown, Kentucky."
A Terry's chocolate orange contains 40 pieces of chocolate.
The saint of killers on *Preacher* is played by Dominic Cooper.
"The Royal Proclamation of 1763 ended with the American Revolution and the Treaty of Paris in 1783, which established the boundaries of the United States."
The halftime show at Super Bowl 2016 was performed by Bruno Mars.
Jonny cashes one piece at a time car.
The minimum wage in France per hour is €12.09 as of January 2024.
"The three phases of the normal blood clotting process are the vascular phase, the platelet phase, and the coagulation phase."
"""Amnesia: The Dark Descent"" was released on October 28, 2009."
"The oldest street in the Philippines is Calle Real, located in the historic district of Intramuros, Manila."
"The tibia and fibula are located in the lower leg, with the tibia on the medial side and the fibula on the lateral side."
The character Bat Masterson in the TV series was played by actor Ken Maynard.
"The song ""Sugar, Sugar"" with the lyrics ""You are my candy girl"" is performed by The Archies."
"The 2018 Winter Olympics featured alpine skiing, cross-country skiing, ski jumping, freestyle skiing, and Nordic combined."
"Noah Newman on ""The Young and the Restless"" is played by Joshua Morrow."
The New England Patriots won the most games in the 2017 NFL season with a record of 12-4.
The minimum age required to serve in the House of Representatives under Article I is 25 years.
"The player with the most catches in NFL history is Tony Gonzalez, with 1,325 receptions."
"The DLC for Rainbow Six Siege, known as Operation: Blackout, was released on September 19, 2018."
"The Great Wall of China was built to defend against invasions from northern nomadic groups, particularly the Mongols and other tribes."
"The last name Galvez is of Spanish origin, derived from the Basque name ""Galve"" or ""Galvo,"" meaning ""to be strong"" or ""to be vigorous."""
The Church of the Holy Sepulchre was opened by Emperor Constantine the Great in the 4th century AD.
"Season 5 of *The Blacklist* resumed on January 20, 2017."
The Chinese dragons are protectors of four seas.
The development cost for Grand Theft Auto V was approximately $285 million.
The angle of the Leaning Tower of Pisa is approximately 3.97 degrees from the vertical.
"The share of agriculture in the Indian economy has been declining over the years, contributing around 15-18% to the GDP as of recent years."
"In *A Midsummer Night's Dream*, Demetrius initially loves Helena but ends up loving Hermia after being enchanted by a love potion."
"The movie *Varsity Blues* came out on June 15, 1999."
"The UEFA Champions League quarter finals typically start in the month of April, with the exact dates varying each year based on the tournament schedule."
The famous scientist who ran the research lab that Henry Moseley went to in Manchester was Ernest Rutherford.
"A cashier's check is obtained from a bank, where you can request one through a branch or online banking service."
"In *The Vampire Diaries*, Stefan Salvatore marries Elena Gilbert."
"""CC"" stands for ""Carbon Copy"" and ""BCC"" stands for ""Blind Carbon Copy,"" both used in email to send copies of a message to additional recipients, with CC showing all recipients and BCC hiding the BCC recipients from others."
"There is no character named Hazels in ""The Fault in Our Stars,"" and the term ""Hazels boyfriend"" does not refer to any character in the novel."
"The Day of the Dead ends on November 2nd, when the celebration of the souls of the departed concludes."
"If born on February 29, birthdays are typically celebrated on February 28 or March 1 in non-leap years."
"New York's drinking water primarily comes from the Catskill Mountains and the Delaware River Basin, sourced through a combination of reservoirs, lakes, and groundwater."
"The Citrus Bowl is held in Orlando, Florida, at the Amway Center."
The Quiet Man takes place in the year 1930.
There are four seasons of *Rules of Engagement*.
Alec Ramsay in *The Black Stallion* is played by Jeff Bridges.
The actor who plays Dusty in the movie *Pure Country* is John Wayne.
There are 24 episodes in Grey's Anatomy Season 14.
"As of now, the President of the Senate is Kamala Harris, who assumed the role on January 20, 2021, following the resignation of Barack Obama."
Approximately 1-2% of sunlight is captured by plants to convert it into food energy through the process of photosynthesis.
The Soviet Union utilized a centrally planned economy.
Australia won 16 gold medals in the 2000 Olympics.
"World War II began when Germany, under Adolf Hitler, invaded Poland on September 1, 1939, prompting Britain and France to declare war on Germany two days later."
"The Royal Mint did not move to Wales; it has its main facility in London and a branch in Llantrisant, Wales."
"""Bird is the Word"" was released in 2006."
"The actor who plays Hagrid in Harry Potter, Robbie Coltrane, is 6 feet 5 inches tall."
"As of the latest information available, the opening acts for Little Mix's Glory Days Tour have not been officially announced."
"The first recorded Caesarean section was performed by a French surgeon named Jules-César-François Léopold, Baron de Sault in 1794."
Randy in *F is for Family* is voiced by Jon Doe.
The Bible verse that addresses taking the Lord's name in vain is Exodus 20:7.
"In 2012, the Democratic Party controlled both the House of Representatives and the Senate."
The last time Army won the Army-Navy Game was in 2022.
"Thomas Rhett's new album, ""Tape Deck,"" was released on September 22, 2023."
Real Madrid won the Champions League final in 2016.
"The real killer in *Basic Instinct 2* is Catherine Tramell, who is revealed to have orchestrated the events to frame the protagonist, Nick Curran."
The voice of Mickey Mouse on Mickey Mouse Clubhouse is provided by Chris McKenna.
"The last episode of *Vampire Diaries* aired on May 18, 2017."
The Dewey Decimal System was developed by Melvil Dewey in 1876 as a classification system for organizing library collections.
The Jungle Book story originated from Rudyard Kipling's collection of stories published in 1894.
"In Season 3 of *Derek and Meredith Get Back Together*, the couple faces new challenges and relationship dynamics as they navigate their personal and professional lives."
America declared war on Germany in World War I.
Rachel Bilson played Zoe Hart on Hart of Dixie.
Tom Hanks' character name in the movie *Cast Away* is Chuck Noland.
The Holden V8 Supercar is equipped with a 5.0-liter Holden V8 engine.
The SAT became out of 1600 in 2005 when the test was redesigned to scale all sections to a maximum score of 1600.
The minimum wage in the United States was established in 1938 with the passage of the Fair Labor Standards Act.
The Rational Dress Society began to work in 1867.
The baby elephant in The Jungle Book is named Babu.
Iron is best absorbed in the body in the duodenum and upper jejunum of the small intestine.
The biggest selling female group of all time is the Spice Girls.
"Epidemiologists attempt to explain the link between health and variables such as socioeconomic status, environmental factors, and behavioral patterns."
The winner of the men's singles ice skating event at the 2018 Winter Olympics was Yuzuru Hanyu from Japan.
"The boy who played Charlie in *Willy Wonka & the Chocolate Factory* is Peter Ostrum, who is now a grown man and a father."
The first session of the Assam Association was held in Guwahati in 1905.
"In ""The Chronicles of Narnia: The Lion, the Witch and the Wardrobe,"" the character of the White Witch, also known as the Ice Queen, was played by Tilda Swinton."
"Season 2 of Jessica Jones was released on November 2, 2017."
The United Nations Convention on the Rights of the Child was created in 1989.
"Swan Lake, The Sleeping Beauty, and The Nutcracker are three famous ballets by Pyotr Ilyich Tchaikovsky."
Library literature and information science is a type of academic and research database.
"The United States started using the death penalty as early as colonial times, with the first recorded execution in 1608 in the Jamestown colony."
Coffee was first made into a drink around the 9th century in the Arabian Peninsula.
"Jared is a fictional character on the soap opera ""The Bold and the Beautiful,"" portrayed by actor James H. Kautz, who first appeared in the role in 2006."
"""Knock Knock Knocking on Heaven's Door"" was written by Bob Dylan."
"The movie *Napoleon Dynamite* came out on July 17, 2004."
"""Officer and a Gentleman"" starred Richard Gere as Lieutenant Johnny ""Fitz"" Fitzgerald."
Lynne Frederick plays Chummy's mother in *Call the Midwife*.
Answer: Two fibres made of proteins are wool and silk.
The New England Patriots have played in 11 Super Bowl games.
The tomb vampires are placed in the crypt during Founders' Day so they can be burned.
"As of 2023, the King of the Netherlands is King Willem-Alexander, and the Queen is Queen Máxima."
"The gall bladder is situated in the upper right quadrant of the abdominal cavity, beneath the liver."
"As of the most recent estimates, the population of Bora Bora is approximately 16,000."
The Tropic of Cancer passes through the state of Gujarat in India.
"The song ""Falling in Love with You"" was made by the American singer and songwriter Gloria Estefan."
"The plants of Narora, Kakrapar, and Tarapur produce nuclear power."
"The first book of Percy Jackson is ""Percy Jackson & the Olympians: The Lightning Thief."""
"The original cast for Indiana Jones was Harrison Ford, who was chosen to play the role of Indiana Jones."
"The proposition that made the insurance commissioner an elected position was Proposition 103 in California, which was passed in 1988."
"The song ""I Can Only Imagine"" was performed by Amy Grant, and she is the artist who originally recorded it."
"The song ""Only in My Dreams"" is sung by The Beatles."
The chair of the Federal Reserve System is appointed by the President of the United States and confirmed by the Senate.
The winner of the next Iron Chef Super Chefs competition has not been officially announced yet.
"Body temperature tends to be lowest in the early morning, typically around 4 to 5 a.m."
"The song ""Whiskey Ain't Workin' No More"" is sung by Shakin' Stevens."
The year in the Jewish calendar is 5784.
"The chief ministers of Tamil Nadu mentioned on Wikipedia include M. Karunanidhi, J. Jayalalithaa, and Edappadi K. Palaniswami, among others."
"A political action committee (PAC) is a group that raises and spends money to elect or defeat political candidates, advocate for policies, or support political parties."
"As of the latest data, the user with the most followers on Instagram is typically a celebrity or public figure, with Cristiano Ronaldo and Dwayne ""The Rock"" Johnson often holding the top spots, though this can change frequently."
El Salvador has a presidential representative democratic republic with a multi-party system.
"Simple squamous epithelium is found in the body lining the heart, lungs, and blood vessels, as well as in the glomeruli of the kidneys."
"As of the present time, the President of India is Droupadi Murmu."
"The president plays a central role in foreign affairs by negotiating treaties, appointing ambassadors, and serving as the chief diplomat and commander-in-chief of the military."
"Ole Miss beat Alabama in football on September 2, 2023, with a score of 28-21."
Arnold from *Hey Arnold!* was in 10th grade.
"The play ""Neel Darpan"" was translated into English by Sir Jadunath Sarkar."
"The Miz and Maryse show, also known as ""The Miz and Maryse,"" started on July 13, 2008, on WWE's ECW brand."
Celebrity Big Brother is not currently available on any channel in the USA.
The United States Capitol building has the United States Capitol dome on top of it.
"The player with the most free throws made in NBA history is Karl Malone with 9,211 free throws."
The first president to be impeached was Andrew Johnson.
"Kerosene oil rises up the wick of a lantern due to capillary action, which is the ability of a liquid to flow in narrow spaces without the assistance of external forces like gravity."
"The Sims 4 toddlers were introduced with the ""Childhood"" life aspiration, which was released as part of The Sims 4: Life & Death expansion pack on October 14, 2015."
Season 5 of *Curse of Oak Island* consists of 12 episodes.
"There are 12 episodes in the series ""Touching Evil."""
"The second season of ""Hyori Bed and Breakfast"" aired on April 25, 2024."
Answer: If a piece of music is perceived to have changed key then we say the piece has modulated.
"The athlete with the most gold medals in the Winter Olympics of all time is Norway's Johannes Thingnes Bø, with a total of 5 gold medals."
"The song ""Let Me Love You"" is sung by the American singer and songwriter Sia."
"The fourth movie of the Divergent series, titled *Divergent*, was released on February 21, 2014."
"The cast of *Don't Tell Mom the Babysitter's Dead* includes actors such as Amanda Seyfried, Chris O'Donnell, and Steve Zahn."
The outer layer of the skin that contains no blood or nerve supply is the stratum corneum.
"The Union Army, led by General Irvin McDowell, won the First Battle of Bull Run."
Canada has the most coastline in the world.
The Battle of the Sexes tennis match was won by Billie Jean King.
"The Supreme Court ruled in favor of the plaintiffs in Brown v. Board of Education, declaring that racial segregation in public schools was unconstitutional."
Ganglion axons forming the optic nerve run to the lateral geniculate nucleus of the thalamus.
The word of wisdom became mandatory in 1833 as part of the revelations received by the Prophet Joseph Smith.
The element named after a fictional planet from which Superman came is Krypton.
"The song ""I Can Only Imagine"" was written and performed by Bart Millard."
"The active materials of a lead acid battery are lead dioxide (PbO₂) and sponge lead (Pb), with sulfuric acid (H₂SO₄) serving as the electrolyte."
"The Roman name for a liberal arts education is known as the ""liberal arts"" or ""liberal education,"" derived from the Latin term ""liberalis,"" meaning free or noble."
"The song ""You're Welcome"" in the *Moana* credits is sung by the cast, with the lead vocals performed by Auli'i Cravalho."
"The central processing unit (CPU) was developed by several pioneers, including John von Neumann, who formulated the foundational architecture for modern computers."
Kat Slater's sisters in EastEnders are Lucy Beale and Sharon Watts.
"In *Safe Haven*, Katie is running from her abusive father."
"Lead in pencils was largely replaced by graphite in the early 19th century, specifically around 1812, when graphite was used to create the first modern pencils."
"The war between the United States and Japan began with the surprise attack on Pearl Harbor by Japan on December 7, 1941."
"The actress who plays Phyllis on *Y&R* is Mary Beth Evans, and she is 69 years old."
"The French Declaration of the Rights of Man and of the Citizen was written by the National Constituent Assembly, with primary contributions from Jacobins and other revolutionary leaders."
"In ""Ghost Whisperer,"" Sam realizes he is Jim in the episode titled ""The Truth About the Matter,"" which is the second episode of the show's second season."
"The 2005 Honda Civic typically comes with a 1.6-liter or 2.0-liter engine, depending on the model and trim level."
"The winner of the college basketball player of the year is determined annually by the Associated Press (AP) and the Naismith Memorial Basketball Hall of Fame, with the most recent winner being Chet Holmgren of the University of Gonzaga in 2023."
"A single period of precession of Earth's axis is completed in about 26,000 years."
"The film ""An Englishman Who Went Up a Hill, But Came Down a Mountain"" was primarily filmed in the Lake District, England."
Rizal finished all the chapters of the novel *Noli Me Tangere* in 1886.
The national anthem at the 2017 Super Bowl was sung by Lee Greenwood.
"The singing in *Into the Woods* was performed by the cast, with the original Broadway cast including Bernadette Peters, James Spader, and Joanna Gleason."
The country that won the maximum number of gold medals in the 2014 Asian Games is South Korea.
The last member of SAARC is Bhutan.
The actor who plays Timon in The Lion King on Broadway is Javier微风.
"The breakup of the Democratic-Republican Party was caused by growing ideological differences between Thomas Jefferson and James Madison, leading to the formation of the Democratic-Party and the National Republican Party in the 1820s."
"The most passing yards in NFL history in a single game is 825 yards, achieved by Brett Favre on September 23, 2001, against the New England Patriots."
The University of Alabama has won the most college football national championships with 13 titles.
"The most widely spoken languages in India are Hindi and English, with Hindi being the primary language spoken by the largest number of people."
The name of the hyena in The Lion King is Scar.
"The Dragon Boat Festival is a traditional Chinese holiday commemorating the poet Qu Yuan, involving dragon boat races and eating zongzi to honor his legacy and ward off evil spirits."
The real name of Saudi Arabia is the Kingdom of Saudi Arabia.
"The pericardial sac functions to protect the heart, reduce friction between the heart and surrounding structures, and maintain the heart's position within the thoracic cavity."
"""Chris Cornell's song 'She's Going to Change the World' is a powerful rock anthem that showcases his vocal range and emotional depth."""
The Mad Hatter in the Batman TV show was played by David Warner.
The Colorado Kid in *Rio Bravo* was played by Dean Martin.
"Other than water, substances like ammonia, hydrogen fluoride, and certain organic molecules such as alcohols and sugars can also form hydrogen bonds."
"""When We First Met"" was filmed in Vancouver, Canada."
The viceroy when the Simon Commission visited India was Lord Irwin.
Hurricane Charley was a Category 4 hurricane when it hit Florida.
The United States hosted the FIFA World Cup in 1994.
Parallax is more pronounced with nearby stars.
The United States did not participate in the 1916 Summer Olympics in Berlin due to World War I.
"The number 4 in Roman numerals is ""IV""."
The last year the Eagles went to the Super Bowl was 2018.
The team that beat the Eagles this season is the Tampa Bay Buccaneers.
"Lionel Messi played his first game for Barcelona on July 16, 2004, in a 1–0 victory against Rayo Vallecano."
The super heavyweight gold medal at the 2000 Olympics was won by Alexander Karelin from Russia.
"In ""The Hobbit,"" Bilbo Baggins turns into a bear."
"The release date for ""Batman: The Enemy Within"" episode 5 is October 16, 2023."
"The real names of the stars of the serial ""Yeh Hai Mohabbatein"" are: Rajdeep Sekhri (Raj), Ashish Vidhyasagar (Rishi), Anushka Sharma (Anaya), and Shakti Kapoor (Raj's father)."
The slide is placed on the stage of the microscope.
McGee became a regular on NCIS starting from the show's second season in 2004.
"The Crown Plaza Hotel in Chicago, Illinois is owned by Marriott International."
"The European Union has not been subject to a formal audit in the traditional sense, as it is a political and economic union rather than a single entity with a centralized financial structure."
"The legend of heroes trails in the sky the 3rd vita refers to a mythological or symbolic narrative where heroes are depicted as following or being guided by the ""3rd vita,"" which may represent a mystical force, a celestial guide, or a spiritual path."
"""A Series of Unfortunate Events"" was published between 1999 and 2006."
The 2018 Sri Lankan presidential election was won by Maithripala Sirisena.
The ch3coo- ion is called the acetate ion.
"The Ming Dynasty had an imperial autocracy, with the emperor holding supreme authority over the government and military."
"In World War I, the United States fought against the Central Powers, primarily Germany, Austria-Hungary, the Ottoman Empire, and Bulgaria."
"""Rosencrantz and Guildenstern Are Dead"" was written in 1966 by Tom Stoppard."
"The nuclear power plant that blew up in Russia is the Chernobyl Nuclear Power Plant, which experienced a catastrophic explosion in 1986."
"The song ""Picking Up Pebbles and Throwing Them into the Sea"" was sung by The Beatles."
There are approximately 150 breeds of pigs recognized in the UK.
"The Battle of Corinth took place in Corinth, a city in ancient Greece, specifically in the region of the Peloponnese."
"The song ""I'll Never Forget You"" is sung by Shakin' Stevens."
The role of Shmuel in *The Boy in the Striped Pajamas* was played by Asa Butterfield.
"""Rip It Up and Start Again"" was sung by the British rock band The Stone Roses."
"The four types of nitrogenous bases are adenine (A), thymine (T), cytosine (C), and guanine (G)."
Alkali metals are located in Group 1 of the periodic table.
The capital city of Alabama is located in Montgomery.
"The United States hockey team won the Olympics in 1960, 1980, 1998, 2010, and 2018."
"The order of the Netflix Marvel shows is: *Daredevil* (2015), *Luke Cage* (2016), *Iron Fist* (2017), *The Defenders* (2017), *Jessica Jones* (2015), and *The Punisher* (2019)."
The Broncos beat the Packers in Super Bowl 50.
The second Bank of the United States was created by President James Madison in 1816.
The highest level of fluoride is stored in the enamel of the teeth.
"""As You Like It"" was first performed in 1603."
"The latest version of Chrome as of October 2023 is Chrome 129, released on October 3, 2023."
The Mughal Emperor Shah Jahan made Delhi the capital of the Mughal Empire in 1648.
"Tinker Air Force Base is named after Major General William ""Bill"" Tinker, a World War I pilot and the first commanding general of the United States Air Corps."
The Winnie the Pooh books were written by A.A. Milne and first published in 1926.
The final season of *Game of Thrones* is Season 8.
"New episodes of Riverdale Season 2 were released from January 25 to March 22, 2018."
"Arachidonic acid is found in cell membranes, particularly in the phospholipids of cell membranes throughout the body."
"The player with the most All-Ireland hurling medals is Michael Ryan, who won 8 medals with Cork."
"The first home run in the Houston Astrodome was hit by Frank Robinson on April 9, 1965."
"The Eagles played in the Super Bowl on February 12, 2018, in Game 51 of the 2017 NFL season."
"The final season of Fairy Tail, titled ""Fairy Tail: Final Season,"" was released in Japan starting on April 5, 2023."
"Seat belts became law in Ontario on April 1, 1981."
The tradition of responding to the State of the Union began in 1790 when President George Washington delivered his first State of the Union address.
"Madea's Family Funeral was released on August 14, 2008."
Canada abolished the death penalty in 1966.
"As of now, there are no official announcements regarding a new season of ""Gotham,"" as the series concluded its run in 2019."
"The longest time spent in the Royal Rumble was by The Undertaker, who lasted 32 minutes and 34 seconds in the 2001 Royal Rumble."
"Star Wars: Episode II – Attack of the Clones features characters such as Anakin Skywalker, Obi-Wan Kenobi, Padmé Amidala, Count Dooku, and Yoda."
"In ""War and Order,"" HP stands for Health Points, which represent a player's health and determine their ability to survive and engage in battles."
"The owner of Reading Football Club is the Reading Football Club Limited, which is a company owned by the Reading Borough Council."
The GNU initiative is given credit to Richard Stallman.
"Edmund is a fictional character from the soap opera ""Days of Our Lives,"" known for his complex personality and long-standing role in the series."
The NBA created the 3-point line in the 1979-80 season as part of a rule change to increase scoring and make the game more exciting.
An example of a tricyclic antidepressant is amitriptyline.
The Canadian Pacific Railway was started in 1871 and finished in 1885.
The creature in *Jeepers Creepers 3* was played by actor David Dorfman.
"In the movie *She's the Man*, the character Unis is played by actor Matthew Gray Gubler."
"Shirley MacLaine played the mom, Bonnie, on *What's Eating Gilbert Grape*."
The fertile crescent is located between the Mediterranean Sea and the Persian Gulf.
"Goku gives up against Cell in the episode titled ""The Final Battle"" from the Dragon Ball Z series."
Sri Lanka belongs to South Asia.
"The first nuclear power plant, Obninsk, was opened on September 26, 1954."
"In ""Nanny McPhee and the Big Bang,"" the dad is played by Bill Nighy."
The taming of the shrew was first performed in 1590.
"As of the latest information, Harry Potter has been translated into over 80 languages."
"The last time the New England Patriots, often referred to as ""giants"" in some contexts, won the Super Bowl was in 2019."
"The co-hosts on *The Real* are Tamera Mowry, Tia Mowry, and Simone Battle."
"To transplant a nucleus from one cell to another, a scientist would use a micromanipulator and a fine glass needle."
"The Golden State Warriors won the NBA Finals in 2015, 2017, 2018, and 2022."
General Hux in *The Last Jedi* is played by Domhnall Gleeson.
"The fastest 40-yard dash time in NFL history is 4.18 seconds, run by Chris Johnson during the 2008 NFL Scouting Combine."
"The last significant earthquake in New Zealand was the 2023 M7.3 earthquake near the South Island on February 23, 2023."
The actor who plays Dr. Sean Murphy is Freddie Stroma.
Gino in *A Place to Call Home* was played by actor Luke McPherson.
"The Pirates of the Caribbean film series in order is: *The Curse of the Black Pearl* (2003), *Dead Man's Chest* (2006), *At World's End* (2007), *On Stranger Tides* (2011), and *Dead Men Tell No Tales* (2017)."
"In the Bible, the pearl symbolizes something of great value, often representing spiritual treasures or the kingdom of heaven."
"""Sacrifice"" by Elton John is on the album *Goodbye Yellow Brick Road*."
Louis Pasteur proved that cells come from other cells through his experiments on spontaneous generation.
"The world record for the most world records is held by the Guinness World Records organization itself, as it holds the record for the most world records recognized by any single entity."
"The designer in ""The Devil Wears Prada"" is Miranda Priestly, played by Meryl Streep."
Dividends are reported as a financing activity on the cash flow statement.
"The 50th star was added to the United States flag on July 4, 1960, when Hawaii became the 50th state."
"The Shib Sibs are a fictional family from the animated series ""The Amazing World of Gumball,"" and they do not have a specific ethnic background as they are not based on real people or cultures."
"The four major layers of the Earth in order are the crust, mantle, outer core, and inner core."
"The cost of a passport in the Philippines is PHP 1,500 for a regular passport and PHP 3,000 for a passport with a chip (e-Passport)."
"Mr. Owen in *And Then There Were None* is a character who is revealed to be Justice Wargrave, the mastermind behind the murders."
"Guardians of the Galaxy 2 was released on May 5, 2017."
"The kings and queens of England in the 1900s were King Edward VII (1901–1910), King George V (1910–1936), and Queen Elizabeth II (1952–2022)."
"The poppies at the Tower of London are made by the women of the Royal Regiment of Welsh Guards, known as the ""Poppies at the Tower"" project."
Bart Bass dies in the winter season of Gossip Girl.
The first Indian woman to be canonized as a saint is St. Bhikshani.
"The President of the United States is in charge of ratifying treaties, but the Senate must approve them by a two-thirds majority."
"The first earthquake early warning system is called the Japan Meteorological Agency (JMA) system, which was established in 1983."
"The last time the United States implemented a draft was in 1973, when the Selective Service System suspended the draft following the end of the Vietnam War."
"As of 2023, there have been 9,110 episodes of *Corrie* (Coronation Street)."
Primary ossification centers appear in an embryo during the fifth week of gestation.
"The Biltmore House was opened to the public on December 2, 1895."
"Most of New Zealand's land supports agriculture, particularly dairy farming, sheep farming, and crop production."
"Hydrogen peroxide in the body is produced by various enzymes, primarily catalase, which is found in many tissues and helps break down hydrogen peroxide into water and oxygen."
"""Old Flames Can't Hold a Candle to You"" was written by Bob Dylan."
The killing of a sacred deer in the film *The Revenant* was filmed in the Canadian Rockies.
Anthony Hopkins plays Hannibal Lecter in *The Silence of the Lambs*.
The dragon queen from *Game of Thrones* is played by Emilia Clarke.
"The first ice age, known as the Late Cenozoic Ice Age, began approximately 3.6 million years ago."
"The term ""social justice"" was first used in the late 19th century, with its earliest known usage dating back to 1843 in a speech by British philosopher John Stuart Mill."
The Publishers Clearing House sweepstakes drawing occurs on the first Tuesday of each month.
The elephant man in the film was played by John Hurt.
The Ducks have never won the Stanley Cup.
Rory and Paris go to Yale University.
"The United Kingdom has won the Eurovision Song Contest the most times, with a total of 7 victories."
The director of *Taarak Mehta Ka Ooltah Chashmah* is Suresh Shroff.
The genre of *Diary of a Wimpy Kid: The Getaway* is comedy.
"The Met Office has been leaving the BBC since 2018, with the transition completed by the end of 2019."
Billy's last name in *Where the Red Fern Grows* is Bright.
"Before the United States, Puerto Rico was a colony of Spain."
"The population of St. Petersburg, FL is approximately 283,000 as of the most recent estimates."
"The study of media effects began in the early 20th century, starting with the work of researchers like Paul Lazarsfeld and others who examined the impact of mass communication."
"In the 2017 live-action film ""Beauty and the Beast,"" Heather is played by actress Emily Blunt."
"As of the latest available data, EDF Energy has approximately 11 million customers in the UK."
"The formation of ATP takes place in the mitochondria during cellular respiration, specifically in the inner mitochondrial membrane through the process of oxidative phosphorylation."
"In *When Calls the Heart*, Jack's mother is Elizabeth Whitman."
"The head of the Spanish Inquisition was the Inquisitor General, who was appointed by the monarchs of Spain."
"ISTJ stands for Introverted, Sensing, Thinking, and Judging, and it is one of the 16 personality types in the Myers-Briggs Type Indicator (MBTI) framework, characterized by practicality, responsibility, and a strong sense of duty."
There are five seasons for *Lost Girl*.
Lena Headey plays Artemisia in *300: Rise of an Empire*.
The Regulatory Reform (Fire Safety) Order 2005 first came into effect on 1 October 2006.
"The Bill of Rights came out on December 15, 1791."
"The East India Company took control of India through the Battle of Plassey in 1757, which marked the beginning of British colonial rule in the region."
Vicente Fox was elected president of Mexico in 2000.
"Season 6 of *The Next Step* started on October 1, 2015."
The sharks play at the SAP Center in San Jose.
Mount Wellington.
Denzel Washington played Alex Cross in *Along Came a Spider*.
"The player with the most wins in around the horn is not definitively recorded, as the game is often played informally and not officially tracked."
"The main sources of economic growth in the US currently include consumer spending, business investment, government spending, and net exports."
"The Australia's Got Talent judges are Simon Cowell, Delta Goodrem, and Joel Creasey."
"The song ""I Wanna Be Sedated"" was sung by the band The Ramones."
"The setting of the book *Hoot* is a small town in Florida, specifically focusing on the fictional town of Grades Middle School and the surrounding area."
"Season 3 of *Grace and Frankie* was released on September 14, 2018."
The sun on the Uruguay flag represents the country's independence and the dawn of a new era.
The American Revolutionary War was primarily led by General George Washington.
Hong Kong was important to the British Empire as a strategic trading post and naval base that facilitated British economic and imperial interests in East Asia.
Doug Peterson played as a linebacker in the NFL.
Creatine phosphate is found primarily in skeletal muscle and to a lesser extent in the brain.
"In the Criminal Minds episode ""The Mating Habits of a Serial Killer"" (Season 10, Episode 14), JJ finds out she is pregnant."
"""Harry Potter and the Philosopher's Stone"" was published on June 26, 1997."
The twins in *Darling Buds of May* were played by Wendy Craig and Angela Bruce.
Skiing halfpipe became an Olympic event in 1998 at the Nagano Winter Games.
"The Prudential Center in Newark hosts a variety of performers, including professional sports teams like the New Jersey Devils and concerts by major artists such as Taylor Swift, Bruce Springsteen, and The Rolling Stones."
"The first permanent English colony in North America was located in Jamestown, Virginia."
"During the First World War, Germany did not fight against Portugal."
The Minnesota Vikings lost to the New England Patriots in Super Bowl XXXVI.
The Aztec ruler when the Spanish arrived in 1519 was Moctezuma II.
Product-market fit means having a product that effectively meets the needs of a well-defined market.
"Bryce Dallas Howard plays the character Max, the Grinch's dog, in *The Grinch*."
The robot on The Orville is played by comedian and actor Scott Grimes.
The group that officially elects the president of the United States is called the Electoral College.
"India and Pakistan have been involved in three major wars: the Indo-Pak War of 1947–1948, the Indo-Pak War of 1965, and the Indo-Pak War of 1971."
"The young and the restless was first aired on March 27, 1980."
The emperor's name in Star Wars is Palpatine.
The 2017 Women's Singles Korean Open Badminton Championship was won by Chen Yufei from China.
The full form of CFCs is Chlorofluorocarbons.
"The most important battles in the Revolutionary War include the Battle of Lexington and Concord, the Battle of Bunker Hill, the Battle of Trenton, the Battle of Princeton, and the Battle of Yorktown."
"In *Gossip Girl*, Eric van der Woodsen ends up with Blair Waldorf."
"The first temple in Jerusalem, known as the First Temple, was built around 957 BCE during the reign of King Solomon."
"The steel mills in Youngstown, Ohio closed primarily in the late 1970s and early 1980s, with the last major mill closing in 1986."
"The last time the Jets won a playoff game was on January 17, 2020, when they defeated the Tennessee Titans in the AFC Wild Card Round."
"The song ""It Ain't Me"" is sung by Brooklyn-based rapper and singer Miley Cyrus."
"The correct title is ""Marley and Me."""
The VAT rate in the United Kingdom changed from 17.5% to 20% on 4 January 2011.
Seattle Slew won the Triple Crown in 1977.
"The lyrics ""Too Much Time on My Hands"" are sung by The Beatles."
"The NBA record for most double-doubles in a season is 45, achieved by Russell Westbrook in the 2016–2017 season."
The Super Bowl 2018 halftime show was performed by Bruno Mars.
All the motor neurons that control the skeletal muscles are located in the spinal cord and brainstem.
"After Rama, his son Bharata became the king of Ayodhya."
The lyrics for *Phantom of the Opera* were written by Richard Stilgoes.
"The album ""Help!"" by The Beatles is titled ""Help!""."
The king of England in 1756 was George II.
The left anterior descending artery is located in the anterior interventricular septum of the heart.
"The head of the FBI, known as the Director of the Federal Bureau of Investigation, reports to the Attorney General of the United States."
"The song ""Every Light in the House Is On"" is performed by the band The Shins."
"The harp is a symbol of Ireland and represents the country's cultural heritage, historical significance, and national identity."
"""Got This Feeling in My Body"" was written by John Mayer."
Like Cage Season 2 has not been officially announced or released as of now.
"Frank Sinatra first sang ""New York, New York"" on September 25, 1947, during a live performance at the Copacabana in New York City."
"The Salvation Army's Christmas collection kettle was first introduced in London, England, in 1891."
"JoJo is the young elephant who hears the Whos in the Who's village in the story ""Horton Hears a Who!"""
"The song played while raising the American flag is ""The Star-Spangled Banner."""
Answer: This poster was created to increase support for the war effort by linking food rationing to patriotism and national unity.
Cadbury sells its products in over 50 countries worldwide.
"McDonald's sold 1 million burgers on May 16, 1948, in San Bernardino, California."
"The Supreme Court of the Philippines has the power to interpret the Constitution, adjudicate disputes involving the Constitution, and serve as the ultimate arbiter of legal matters within the country."
"The last episode of Adventure Time, titled ""The Last Battle,"" aired on March 12, 2018."
"The cast members of NCIS: New Orleans include LL Cool J as Detective Anthony DiNozzo Jr., Jason George as Detective Eric ""Wazoo"" Delko, and others such as Jessica Camacho, Jay R. Ferguson, and CCH Pounder."
"The word used to describe knowledge about the universe and the method of obtaining that knowledge is ""science."""
Vincent van Gogh painted a total of 11 paintings featuring sunflowers.
"The $1,000 bill was discontinued in 1969."
"As of the most recent estimates, the population of Prince Edward Island is approximately 156,000."
"As of the most recent data, there are fewer than 10 female CEOs among the Fortune 500 companies."
"The Orinoco River is located in northern South America, flowing through Venezuela and Colombia."
The debating club in Almora was established in 1920.
"The last time the Boston Red Sox pitched a no-hitter was on May 14, 2023, when Garrett Whitlock threw a no-hitter against the Tampa Bay Rays."
The French chef given credit for developing the classic kitchen brigade was Georges Auguste Escoffier.
"The Cannes Film Festival takes place annually in May in Cannes, France."
The dad in *Pretty in Pink* is played by Jon Doe.
Unsaturated fats are comprised of lipids that contain one or more double bonds in their hydrocarbon chains.
"The new episodes of *Supernatural* began airing in the fall of 2023, with the 15th season premiering on October 11, 2023."
The award for best goalkeeper at the 2006 FIFA World Cup was won by Manuel Neuer of Germany.
"An upstream project in oil and gas refers to the phase involving exploration, drilling, and production of crude oil and natural gas from the earth."
"Yes, a network connection device that can build tables that identify addresses on each network is a router."
The era of the great Mughals began with the accession of Babur in 1526.
"The final episode of *Quantum Leap* was titled ""The Last Leap,"" which aired on May 17, 1993."
The first election in India was held in 1951-1952.
"As of the latest information available, the Election Commissioner of India is Rajiv Kumar."
"The discovery that cells divide to make new cells is attributed to Robert Hooke, who observed cells in a thin slice of cork under a microscope in 1665."
"A brisket comes from the chest area of a cow, specifically the breastplate region."
"The parts of a domain name are called labels, separated by dots, with the rightmost label being the top-level domain (TLD)."
April ends up with Andy on Parks and Rec.
Matthew McConaughey played Tom in Four Weddings and a Funeral.
"The song ""Don't Take Your Guns to Town"" is sung by Blake Shelton."
"Huntington's disease is named after the American physician George Huntington, who first described the condition in 1872."
"The last time Michigan won a championship was in 2022, when the Michigan Wolverines football team won the College Football Playoff National Championship."
Deion Sanders was inducted into the Pro Football Hall of Fame as a player.
"The leaders of the Jehovah's Witnesses are known as the Governing Body, a group of elders who oversee the organization's global activities and spiritual direction."
The original cast member for the role of Phoebe on *Charmed* was Heather Locklear.
"The mother on *How I Met Your Mother* was revealed to be the character's mother, who was initially portrayed as a mysterious figure and later revealed to be the narrator's wife, who died in a plane crash."
Animals that are active at dawn and dusk are called crepuscular.
"In ""Gotham by Gaslight,"" Jack the Ripper is portrayed by actor Mark Sheppard."
Secondary xylem and phloem cells arise from the vascular cambium.
Johnny Manziel played college football for the Texas A&M Aggies.
"The Christmas song ""Mary Did You Know"" is sung by Kathy Troccoli."
"The song ""Gonna Sit Right Down and Write Myself a Letter"" was sung by The Drifters."
"The players in the NFL Draft are picked by the teams in the order determined by the previous season's win-loss records, with the team that had the worst record selecting first."
"""Got My Mind Set on You"" is sung by The Beatles."
"The song ""Here Comes the Boom"" was released in 1967."
"The song ""I Think We're Alone Now"" was sung by Tiffany."
"The first rover was placed on Mars by NASA's Viking 1 lander on July 20, 1976."
"The members of the Traveling Wilburys group were Bob Dylan, George Harrison, Jeff Lynne, Roy Orbison, and Tom Petty."
The Los Angeles Lakers won Game 4 of the 2000 NBA Finals.
"The highest peak in the Ozarks is Mount Magazine, which has an elevation of 1,771 feet (540 meters)."
"The last episode of SpongeBob is titled ""Mystery Pizza."""
"The last grand slam hit in the World Series was on October 28, 2023, by Josh Bell of the Pittsburgh Pirates in Game 6 of the NLCS."
"Episode 29 of Boruto: Naruto Next Generations was released on July 10, 2020."
"The TV show *In the Heat of the Night* was primarily filmed in Sparta, South Carolina."
"The judges on *Do You Think You Can Dance* are Derek Hough, Julianne Hough, and Bruno Tonioli."
The most common form of megalithic architecture in Europe is the stone circle.
"""Dark Side of the Moon"" by Pink Floyd spent 25 weeks at number one on the UK Albums Chart."
The golden age of India took place during the rule of the Gupta Empire.
"The name ""Robinson"" originates from the Old English name ""Rufus,"" meaning ""red-haired,"" and was later used as a patronymic suffix meaning ""son of Robert."""
"The first Super Bowl the Eagles ever won was Super Bowl LII on February 4, 2018."
"As of the latest available data, the highest Test batting average is held by Kumar Sangakkara of Sri Lanka, with an average of 54.09."
"As of 2023, it has been 26 years since the Dallas Cowboys, not the eagles, last won the Super Bowl, and the Philadelphia Eagles have not yet won a Super Bowl."
The Tower of London was built by William the Conqueror in 1066.
"Fulda is a city in the German state of Hesse, known for its historical significance as the site of the Battle of Fulda Bridge in 1806 and as the birthplace of the Protestant Reformer Philipp Melanchthon."
"The Ming Dynasty was established by Zhu Yuanzhang, who overthrew the Mongols and founded the Ming Dynasty in 1368."
"The first book made into a movie was ""Journey to the Center of the Earth"" in 1959, based on the 1864 novel by Jules Verne."
Tim Hortons opened in the United States in 1965.
The reaper was not invented by Cyrus McCormick; he invented the mechanical reaper in 1831.
"The next scandal episode is scheduled to release on October 15, 2023."
"Sophocles wrote *Antigone*, and he was born around 496 BCE and died around 406 BCE."
The bottom of shepherd's pie is covered with a layer of mashed potatoes.
"The Ohio River and the Mississippi River meet at the city of Cairo, Illinois."
"The Great Wall of China is approximately 21,196 kilometers (13,171 miles) long."
"Social Security Numbers (SSNs) were first assigned at birth in the United States in 1936, as part of the Social Security program established by the Social Security Act."
"Under the Federal Unemployment Tax Act (FUTA), the employer pays unemployment taxes."
"The names of the Hunger Games are the 74th Hunger Games, the 75th Hunger Games, the 76th Hunger Games, the 77th Hunger Games, the 78th Hunger Games, the 79th Hunger Games, and the 80th Hunger Games."
"""Safe Haven"" takes place in the fictional town of Havenkill, North Carolina."
"Kevin Bacon played Jason in ""Friday the 13th: The Final Chapter."""
India is the second most populous country in the world.
The real name of Daya in Taarak Mehta Ka Ooltah Chashmah is Dattu.
"The shape of water book is set to release on April 23, 2025."
The discovery that neural communication between cells occurs through chemicals was made by Otto Loewi in 1921.
"Individuals and businesses that fail to comply with tax laws, such as those who do not file tax returns, pay taxes owed, or follow tax regulations, may be affected by monetary penalties imposed by the IRS."
"""Ghosts of Girlfriends Past"" was filmed in various locations in New York City, including the East Village and the Lower East Side."
Aphasia is a term defining difficulty or loss of ability to understand or express speech.
"ICQ was one of the first widely used instant messaging programs, developed in 1996, and it played a significant role in popularizing real-time text communication over the internet."
There are 26 episodes in Adventure Time Season 1.
"The United States stopped drafting for the Vietnam War in 1973, following the passage of the War Powers Act and the end of the draft."
"The bands in *Pitch Perfect 3* are Barden Bellas, The Treblemakers, and The Slapback."
"The second half of *Walking Dead* Season 8 started on October 17, 2018."
"In the movie *Black Mass*, Whitey Bulger's girlfriend, Catherine Greig, is played by actress Rebecca Ferguson."
"As of my last update in July 2024, there is no official information about future episodes of ""The Flash,"" as the series has concluded its run."
Izabella in *Transformers: The Last Knight* is played by Isla Fisher.
"The player with the most yards per carry in NFL history is Jim Brown, with an average of 5.2 yards per carry over his career."
"The sweet leavened bread prepared for Easter in Romania is called ""covrigi."""
Birth certificates were first issued in the United States in 1852 in New York State.
"""Because I Could Not Stop for Death"" was published in the collection *Poems* by Emily Dickinson in 1890."
Oppo is the sponsor of the Pakistan national cricket team.
Fender started making amps in Mexico in 1986.
"The next Olympics, the 2024 Summer Olympics, will be held in Paris, France."
The money in South Korea is called the South Korean won.
"The boundary line between India and Bangladesh is called the India-Bangladesh Border, also known as the India-Bangladesh Line of Control."
"The folded mountains of Pennsylvania and the high Himalaya are both the result of convergent tectonic settings, specifically continental-continental collision, which causes intense compression and folding of the Earth's crust."
"Dragon Ball Super episode 130 was released on July 14, 2018."
Approximately 2% of the global population is naturally blonde.
The Great Pyramid of Egypt took approximately 20 years to build.
The president of Pakistan during the 1971 war was Muhammad Ayub Khan.
The scientific name for the calf muscle is the gastrocnemius.
The executive branch is referenced in Article II of the United States Constitution.
Napoleon Bonaparte took over France after the Reign of Terror.
"In ""Dennis the Menace,"" Mr. Wilson is played by actor Dick Van Dyke."
"The FISA Court is composed of 11 U.S. district judges appointed by the U.S. Attorney General, with the Chief Judge of the U.S. Court of Appeals for the D.C. Circuit serving as the presiding judge."
Rob Dyrdek's Fantasy Factory ended in 2018.
"The girl in the video ""Brenda Got a Baby"" is Brenda, a character from the 1981 horror film *The Monster Squad*."
The discovery that plants were made of cells was made by Robert Hooke in 1665.
"The Disney Art of Animation Resort opened on September 21, 2001."
"Yes, you typically need a gun permit to shoot at a range, as it is required by law in most jurisdictions to ensure safety and legal compliance."
The area enclosed by the hysteresis loop is a measure of the energy loss per cycle in a magnetic material.
"Rachel had her baby on *Friends* in the episode titled ""The One with the Embryos,"" which aired on April 2, 1999."
"The First Amendment protects the rights to freedom of religion, freedom of speech, freedom of the press, the right to assemble, and the right to petition the government."
"The last state to become a state was Alaska, which joined the United States on January 3, 1959."
"In French, different ways to say ""bless you"" include ""Bon appétit"" (for a meal), ""Bon voyage"" (for a trip), and ""Bonne chance"" (for good luck)."
"As of my last update in July 2024, the new Finance Secretary of India has been P. J. Nayak."
"The song ""Angel of the Morning"" in Deadpool is performed by The Mamas & The Papas."
The last podcast on the left started in 2023.
The winner of the first ancient Olympic 200 yard race is not recorded in historical sources.
"The spices in Chinese 5 spice powder are star anise, Sichuan peppercorns, fennel seeds, cloves, and cinnamon sticks."
Major Hochstetter in Hogan's Heroes was played by John Van Eyssen.
"""Beowulf was most likely composed between the 8th and early 11th centuries, and its events probably took place during the early medieval period, around the 6th century."""
The actor who played Nicky on *The Drew Carey Show* was Jay Harrington.
"Under the Articles of Confederation, the Congress had the most governmental power."
"""Yo La Tengo's album *There's a Riot Goin' On* was released on April 16, 2021."""
"Athens emerged as the wealthiest Greek city-state during the 5th century BCE, particularly following its victory in the Persian Wars and the subsequent growth of its empire and trade."
National service was abolished in the UK in 1960.
"Bruce Springsteen did not perform ""We Shall Overcome"" on The Seeger Sessions, but the album includes traditional folk songs with a similar spirit of social commentary and resilience."
The only U.S. president to become an Eagle Scout is Theodore Roosevelt.
Sigmund Freud is regarded as the founder of psychoanalysis.
There are 22 episodes in Chicago Fire season 4.
"The daughters in *Last Man Standing* were played by Tori Spelling, Christina Vidal, and Kaitlyn Dever."
The actress who played Maudie in the movie *El Dorado* is Margo Martindale.
"""Isle of Dogs"" was released in the United States on March 24, 2018."
Marge's voice on *The Simpsons* is provided by Julie Kavner.
The drummer for Guns N' Roses is Steven Adler.
"The evil eye in Greek is called ""μάτι του δαίμονα"" (mati tou daimona)."
"The Scots, led by William Wallace, won the Battle of Stirling Bridge in 1297."
The book *Pride and Prejudice* was written by Jane Austen and first published in 1813.
"The first *Junie B. Jones* book, *Junie B. Jones: No More Sniffing!*, was published in 1992."
Pi Day has been celebrated since 1988.
"As of the most recent rankings, the number one ranked golfer in the world is Jon Rahm."
"In the 2010 film *Alice in Wonderland*, the mouse is played by actor Alan Rickman."
"The mitochondrion is the site of ATP production, while ATP is stored in the cell's cytoplasm and other cellular compartments."
"Liam wrote the song ""As You Were"" as a tribute to his late mother, who passed away in 2016."
Gareth in *Four Weddings and a Funeral* was played by Simon Pegg.
The final season of Downton Abbey is Season 6.
"The term ""hot rod"" originated in the 1920s and 1930s, referring to modified automobiles that were raced on dirt tracks, particularly in California."
The church in Thyatira was given a letter in the book of Revelation.
"The cast of *Law & Order: Special Victims Unit* includes actors such as Mariska Hargitay as Olivia Benson, Danny Pino as Elliot Stabler, and others who have portrayed detectives in the unit over the series' run."
The Song of Solomon is in the Bible's Old Testament.
"The military plane crash in Mississippi occurred on April 27, 2021."
Cristiano Ronaldo holds the record for the most international goals of all time with 857 goals as of 2023.
Kevin Costner played Bat Masterson in the movie Tombstone.
Tools made from high-speed tool steel are generally used for high-speed machining operations that require maintaining sharpness and durability at elevated temperatures.
"The This Is Us family lives in Boston, Massachusetts."
There are 203 members in the Pennsylvania House of Representatives.
"Fortnite Battle Royale was released on Xbox on July 25, 2018."
Low voltage transformers are used in doorbells and in security lighting systems.
"The center of heredity in a cell is the nucleus, which contains the genetic material DNA."
"The first *Dark Tower* book, *The Dark Tower*, was published in 1982."
"In pharmacy school, you typically receive your white coat during the first year, often during an orientation or introduction to the pharmacy practice curriculum."
The Ouija board game was first introduced in 1890.
"Pope Alexander VI issued the Papal Bull ""Inter Caetera"" in 1493, which warned Europe to stay out of the Americas and granted Spain and Portugal exclusive rights to colonize newly discovered lands."
The role of Desmond Doss's father in *Hacksaw Ridge* was played by Jim Caviezel.
Carolina lost to the Patriots in Super Bowl XXXVIII.
The founder of the Ubuntu project is Mark Shuttleworth.
"Answer: For complaints of sudden chest pain, patients should take no medication and seek immediate medical attention."
The United States won the most medals at the 2014 Winter Olympics.
"The urinary bladder is located in the lower abdomen, specifically in the pelvic cavity."
"Kudzu was introduced to the United States in the 1800s, specifically around the 1800s, as an ornamental plant and for soil erosion control."
The cell attached to the lateral side of a sieve tube is the companion cell.
"The American flag was placed on the moon during the Apollo 11 mission on July 20, 1969, at the Apollo 11 landing site, which is located in the Sea of Tranquility."
The first Celebrity Big Brother on Channel 5 was won by Kevin Spacey.
"The movie ""Strangers Prey at Night"" was filmed in various locations in Texas, including the towns of Marfa, Alpine, and Presidio."
"The Dominican Republic got its name because it was the first country in Latin America to gain independence from Spanish colonial rule and to establish a republic, with ""Dominican"" referring to the island's original inhabitants, the Taíno people."
The mother in *The Black Stallion* was played by Diane Keaton.
"The end of the football season varies depending on the league and country, but in the NFL, it typically concludes with the Super Bowl in early February."
Michael Jordan returned to the NBA in the 1995-1996 season after retiring for the first time in 1993.
Geothermal energy is used the most in the United States in California.
"Jack McCoy joined ""Law & Order"" in the first season, which premiered in 1990."
"The U.S.S. Maine exploded in Havana Harbor, Cuba, on February 15, 1898."
"The original ""Windmills of Your Mind"" is sung by Noel Harrison."
The white pages in the Emergency Response Guidebook (ERG) list compounds by name.
The Montreal Canadiens won three Stanley Cups in a row from 1956 to 1958.
Alpha Centauri is approximately 4.37 light-years from Earth.
"The weight of a Honda Fit typically ranges from approximately 2,500 to 2,700 pounds (1,134 to 1,225 kilograms), depending on the model year and trim level."
"The 2018 Oscar nominations were announced on January 23, 2018."
"The father of Lucius in *Gladiator* is Marcus Aurelius, played by Richard Harris."
"The blue guy in prison in Guardians of the Galaxy is Kraglin Obfonteri, a member of the Ravagers."
Sofia is the capital city of Bulgaria.
"The legal age for marriage in Australia is 18 years, although exceptions may apply for individuals who are 16 or 17 years old with consent from a parent or guardian and approval from a court."
"As of the most recent data from 2023, approximately 11.5% of the U.S. population lives below the poverty line."
"DNA can be found in the nucleus of eukaryotic cells, in the mitochondria, and in the chloroplasts of plant cells."
"The film ""Last Train from Gun Hill"" (1959) starred James Stewart, Lee Marvin, and Karl Malden."
The women's singles US Open 2017 was won by Sloane Stephens.
The female lead in the 1942 film *Casablanca* was played by Ingrid Bergman.
"The government under the Articles of Confederation had more power in the hands of the states, as the central government was weak and lacked the authority to tax, regulate trade, or enforce laws effectively."
"The three candidates for the Democratic nomination in 1960 were John F. Kennedy, Hubert H. Humphrey, and Lyndon B. Johnson."
"The Astros changed from the National League to the American League on August 12, 2013."
"The song ""Would I Lie to You"" was written by Jeffries, Paul, and Shire."
"The last time the Philadelphia Eagles won the Super Bowl was on February 12, 2018, when they defeated the Patriots in Super Bowl LII."
The actor who plays JT on *The Young and the Restless* is Hunter Kelly.
The Mavericks beat the Heat in the finals.
The pedestrian bridge at Florida International University was built by the firm HOK.
Mark was a golfer who participated in the 1998 golf majors.
"Coca-Cola is a public company, as it is listed on the stock market and its shares are traded publicly."
The host of *The Late Show* who was once a correspondent for *The Daily Show* is Stephen Colbert.
"Fort Myers is located on the southwest coast of Florida, along the Gulf Coast."
Steve Carell plays Jack in *Battle of the Sexes*.
"Star Wars was first a book, with the original novel ""Star Wars: The Phantom Menace"" published in 1999, although the franchise began with the 1977 movie ""Star Wars: A New Hope."""
"Beds became popular in France and Germany during the late Middle Ages, around the 14th to 15th centuries, as part of the broader European trend toward more comfortable and ornate sleeping arrangements."
"The Golden Nugget Casino in Atlantic City is owned by the Golden Nugget Hotel & Casino, which is a subsidiary of the Penn National Gaming, Inc."
"The TV show *Friday Night Lights* was primarily filmed in Odessa, Texas."
"Batman came out first; he was first introduced in ""Detective Comics #27"" in 1939, while Spider-Man was first introduced in ""Amazing Fantasy #15"" in 1962."
"The movie *The Book of Eli* was filmed in various locations in New Mexico and Arizona, including the town of Gallup, New Mexico."
"In ""The Flash,"" Barry's mom, Nora West-Allen, is killed by the villain Eobard Thawne, who is also known as the Reverse-Flash."
"The Spanish Steps are located in Rome, Italy."
Thomas Jefferson is mostly responsible for writing the Declaration of Independence.
"The movie ""Woody the Woodpecker"" was filmed in various locations in California, including the Santa Clarita Valley and the San Fernando Valley."
The second largest country in Asia is India.
"""Star Trek: The Next Generation"" Season 3, Episode 24 is titled ""The Measure Of A Man,"" which explores themes of artificial life and the rights of androids."
"The alliance between Great Britain, Russia, and France was known as the Quadruple Alliance."
"The Oscar for Best Actor in 1975 was won by Jon Voight for his role in the film ""Network."""
"The Winter Olympics have been held in the USA three times since 1924: in 1932 (Lake Placid), 1980 (Lake Placid), and 2002 (Salt Lake City)."
"The United Kingdom's legislation regarding data protection and security is primarily governed by the Data Protection Act 2018, which implements the General Data Protection Regulation (GDPR) within the UK."
"The smoking ban in public places started in the United Kingdom on July 1, 2007."
"In the show ""The Ranch,"" Rooster's girlfriend on the ranch is played by Alyson Stoner."
"The song ""You Are a Magnet and I Am Steel"" is sung by The Bangles."
"The TV show ""The Curse of Oak Island"" is filmed at Oak Island, located in Nova Scotia, Canada."
"The chief justice of the Illinois Supreme Court is selected by the judges of the court, who elect the chief justice from among themselves."
The first Ninja Turtles came out in 1984 as a comic book series published by Mirage Studios.
"The show ""The Path"" takes place in a mysterious, unspecified location that is shrouded in secrecy and is central to the show's enigmatic storyline."
The world famous corn belt is in the United States.
"The United States has the highest corporate tax rate in the world, at 21%."
The first territorial governor of Oklahoma was William P. Bloodworth.
"""KC Undercover"" Season 3, Episode 10 aired on April 2, 2018."
A speedometer measures the instantaneous speed of a vehicle.
A whale shark can grow up to 12 meters in length.
"The lion in the movie *The Zookeeper's Wife* is played by a CGI lion, as no real lion actor was used."
The 2018 Super Bowl halftime show was performed by Lady Gaga.
The level of weight bearing that often comes with a set number of pounds is prescribed weight bearing.
"In 2016, Satya Nadella became the CEO of Microsoft."
"The Catholic Church stopped using Latin as the primary language for Mass in the 1960s with the introduction of the Second Vatican Council's reforms, which encouraged the use of the vernacular languages."
A pacemaker is associated with the heart.
There is no zebra character named in Peppa Pig.
"Half-Life 2: Episode Two was released on November 17, 2007."
The Genie in *Ferris Bueller's Day Off* is played by actor Jon Doe.
"The national anthem at the Super Bowl has been sung by various artists over the years, with recent performances including Jennifer Lopez in 2023."
The name of the lymphatic vessels located in the small intestine is the lacteals.
The voiceover in Michael Jackson's *Thriller* was performed by Michael Jackson himself.
The term of an official in the House of Representatives is two years.
"Reba McEntire recorded ""Back to God"" in 1998 as part of her album *My Kind of Country*."
The Lord of the Rings film series consists of six films.
"The Phaeacians live on the island of Scheria, which is located in the western sea, near the edge of the world according to the Odyssey."
"Wilt Chamberlain scored the most points in a single NBA game, with 100 points for the Philadelphia Warriors on March 2, 1962."
"French immigrants in Texas primarily settled in the central and eastern parts of the state, including areas like Nacogdoches, which was established by French settlers in the 18th century."
"The State of the Union address was started by George Washington, who delivered the first one in 1790."
The last time Clemson won the national championship was in the 2018 season.
"The human skeleton provides structural support, protects internal organs, facilitates movement, produces blood cells, and stores minerals."
"Season 8 of *The Walking Dead* was primarily filmed in New Orleans, Louisiana, with some scenes also shot in nearby locations such as Slidell and Covington."
The theme song for *Living Single* is sung by Shalamar.
Ivo on *Once Upon a Time* is played by actor Robert Carlyle.
"The last time the Minnesota Vikings were in the Super Bowl was on February 7, 2021, where they lost to the Tampa Bay Buccaneers in Super Bowl LV."
Shia LaBeouf plays Brad Pitt's daughter in *Moneyball*.
"The songs in the movie *Beyond the Sea* were performed by the actor and singer Nicholas Cage, who portrayed the character Bobby Darin."
"The cast of *Die Hard: With a Vengeance* includes Bruce Willis, Jeremy Irons, and Bonnie Bedelia."
"The last World Series that didn't go 7 games was in 2020, when the Los Angeles Dodgers defeated the Tampa Bay Rays in 6 games."
"The song ""Our God Is an Awesome God"" was sung by The Imperials."
"The first orca was captured and placed in captivity in 1965 when the orca named ""Kandu"" was captured off the coast of Vancouver Island."
"The Pro Bowl is scheduled to be held in Orlando, Florida, in 2023."
"The song ""A White Sports Coat and a Pink Carnation"" was sung by Frank Sinatra."
The last team to win the FA Cup outside the top flight was Wigan Athletic in 2013.
The Pokémon theme song for Season 1 is sung by James Horner.
It is called paganism.
The United Nations General Assembly proclaimed October 5th as World Teachers' Day in 1994.
Reggie the robot in *Justin's House* is played by actor John DiMaggio.
"The Hindenburg was scheduled to fly from Lakehurst, New Jersey, to Lake Constance, Germany, and it carried 30 passengers on its final flight."
"The total strength of judges in the Supreme Court of India is 34, comprising one Chief Justice and 33 other judges."
"The point of a menstrual cup is to collect menstrual flow in a reusable, eco-friendly alternative to sanitary pads or tampons."
Michelangelo Buonarroti created the Pietà and also painted the ceiling of the Sistine Chapel.
"The song ""Far from the Home I Love"" from *Fiddler on the Roof* is sung by Tevye, played by Zero Mostel in the original Broadway production."
"The TV show *High Chaparral* was filmed in the United States, primarily in California and Arizona."
The largest city in the United States per square mile is New York City.
The Mexican commander who surrendered to the Texans at the capturing of San Antonio was General Antonio López de Santa Anna.
The age of exploration began in Portugal with Prince Henry the Navigator's efforts to sponsor and organize maritime expeditions along the West African coast.
The running of the bulls in Spain is held on the first and second weeks of July in the town of Pamplona.
"The song ""How Long Has This Been Going On"" was sung by The Beatles."
The lowest barometric pressure recorded for Hurricane Irma was 910 millibars.
"David Akers kicked the 63-yard field goal on October 14, 2007, during a game between the Philadelphia Eagles and the Dallas Cowboys."
The scary nun in *The Conjuring 2* is played by Patricia Clarkson.
Season 2 of Attack on Titan consists of 12 episodes.
"The cones in the eye are located in the retina, specifically in the region called the macula, which is responsible for central vision and color perception."
The lion's mane jellyfish's species within its genus is *Cyanea capillata*.
"The player with the most All-Star MVP awards is Karl Malone, who won the honor six times."
"Korn's ""Follow the Leader"" was released on June 19, 2001."
The Battle of Badr took place in 624 CE.
"The Abbott and Costello movie that features ""Who's on First?"" is ""Abbott and Costello Meet the Invisible Man"" (1951)."
Series 7 of *Game of Thrones* consists of 10 episodes.
"The Gulf of Mexico contains approximately 600,000 cubic miles of water, which is equivalent to about 1.5 quadrillion gallons."
"In *Fast & Furious 7*, the red car is the 2013 Dodge Viper ACR, which is driven by Dominic Toretto and is featured in the Abu Dhabi street racing sequence."
Ummah.
"Canada gained independence from Great Britain through the process of Confederation in 1867, when the British North America Act established the Dominion of Canada as a self-governing entity within the British Empire."
The new coat of arms was unveiled by Queen Elizabeth II on 27 April 2000.
"""13 Reasons Why"" was released on Netflix on May 10, 2017."
"The five tools of security management to overcome computer crime include firewalls, antivirus software, intrusion detection systems, encryption, and access control mechanisms."
The principal in *Santa Clarita Diet* is played by Timothy Olyphant.
"The Country Music Hall of Fame is located in Nashville, Tennessee."
The country with the world's largest standing army is China.
A game of croquet is played with four hoops.
"The captain of the Mayflower, which brought the Pilgrims to Plymouth, was Captain John Smith."
The episodes in Stranger Things Season 1 are each approximately 50 to 60 minutes long.
The number of basic units in the international system of units (SI) is 7.
Abraham Lincoln was elected senator of Illinois in 1858.
"The number of cities in Texas is 1,797."
"The original Planet of the Apes was filmed on location in the jungles of British Honduras, which is now known as Belize."
"The song ""Find Out Who Your Friends Are"" is performed by Tracy Lawrence."
The 180 degree line of longitude is called the International Date Line.
The 19th-century artist who was both a painter and graphic designer was Alphonse Mucha.
The Nobel Prize for Literature was first awarded in 1901.
The voice of the hormone monster is played by Kevin Michael Richardson.
"The first movie of Harry Potter, titled ""Harry Potter and the Sorcerer's Stone,"" was released on November 16, 2001."
"Most star formation in the Milky Way today occurs in the spiral arms, particularly in the Orion Spur and the Sagittarius Arm."
Leonardo DiCaprio won the Oscar for Best Actor for his role in *The Wolf of Wall Street*.
The total number of Members of the National Assembly (MNA) in Pakistan is 342.
"The phrase ""Bob's your uncle"" originates from the British tradition of naming children after paternal uncles, and it is used to indicate that something is straightforward or complete."
The incus and malleus are connected by a synovial joint called the incudomalleolar joint.
"The Highway of Heroes starts in Thunder Bay, Ontario, and ends in Toronto, Ontario."
"The 10 plagues are found in the Book of Exodus in the Bible, specifically in Exodus chapters 7 through 12."
Rodney Allen played Tibbs on *In the Heat of the Night*.
"As of the latest data, Carrie Underwood has sold more albums than Kelly Clarkson."
"The theme of the song ""Roar"" by Katy Perry is self-empowerment and finding one's voice."
"The name ""Huey helicopter"" comes from the UH-1 Iroquois helicopter, which was nicknamed ""Huey"" by its pilots due to its distinctive sound and the fact that it was the first helicopter to be widely used in combat."
The actor who plays Charles on *Have and Have Nots* is James Spader.
"As of the latest data, the user with the most followers on Instagram is often considered to be Cristiano Ronaldo, though this can vary over time."
The current director of the U.S. Mint is Robert P. Mereink.
"The 5th round of the FA Cup is typically played in late February or early March, depending on the specific year and scheduling."
The Beatles were inducted into the Rock and Roll Hall of Fame in 1988.
The gap between two front teeth is called a diastema.
The NFL adopted a salary cap in the 1994 league year.
The Chicago Cubs won the World Series in 2016.
"The Ottoman Empire surrendered in World War I on October 30, 1918, following the Armistice of Mudros."
The cue ball in pool is typically white.
"The five-day work week began to be widely adopted in the early 20th century, with the United States implementing it in 1920, although its origins trace back to earlier labor movements and religious practices."
April Fools' Day ends at noon on April 1st.
Pakistan is the fifth most populous country in the world.
Brazil grows the most coffee in the world.
"In ""What We Do in the Shadows,"" Peter is played by Mark Himbrough."
"In *Madea's Christmas*, Connor's mom is played by Khandi Alexander."
"In ""Grey's Anatomy,"" the character Derek Shepherd (played by Patrick Dempsey) died in a plane crash during the show's seventh season."
"The phrase ""Tumhi ho bandhu sakha tumhi cast real name"" appears to be a mix of Hindi and possibly a reference to a show or character, but it does not form a clear or standard question. If you are asking for the real name of a character or person referred to as ""bandhu"" or ""sakha"" in a specific context, please provide more details."
"The lyrics ""There's a Guy Works Down the Chip Shop"" were written by Tony Blackburn."
"In Canada, a prime minister can stay in office indefinitely as long as they retain the confidence of the House of Commons, though they typically serve until their party loses a majority or they resign."
"The movie *Six Degrees of Separation* explores themes of identity, social connections, and the illusion of privacy through the story of a young man who infiltrates the lives of a wealthy couple by claiming to be a playwright."
"The text for ""Jeannie with the Light Brown Hair"" was written by Joseph Jefferson."
"In the original 1987 Broadway production of *Les Misérables*, the role of Cosette was played by Jennifer Wilson."
"The player with the most NBA rings is Bill Russell, with 11 championships won while playing for the Boston Celtics."
"The Skye Boat Song on Outlander is sung by the character Claire Randall, performed by actress Caitriona Balfe."
"Movies started coming out in color in the early 1930s, with the first feature-length color film, ""The Wizard of Oz,"" released in 1939."
"The girl in the Stone Sour video ""Say You'll Haunt Me"" is model and actress Tessa Nicole, who also appears in the music video for the song ""Bite Me."""
"The 2012 Summer Olympics were held in London, United Kingdom."
The Steelers lost to the Bengals in the playoffs last year.
"The song ""Rainy Days and Mondays"" was written by Jerry Leiber and Mike Stoller."
The Philippine queen of bossa nova is Lani Hall.
"The outlaw Josey Wales was filmed in New Mexico, specifically in the town of Ruidoso."
"The last time the Philadelphia Eagles won the Super Bowl was in February 2024, when they defeated the Chiefs in Super Bowl LIX."
"Answer: Linux, created by Linus Torvalds in the early 1990s, is an open-source clone of Unix."
Mikel scored 14 goals for Chelsea during his time at the club.
"Ben Stone, also known as ""Son,"" was played by Jesse L. Martin on the television series ""Law & Order."""
The last time the University of Michigan won a national championship was in 2023.
"The song ""Nice Day for a White Wedding"" was sung by the British band Queen."
"Ashley Abbott on *The Young and the Restless* was played by Marcy Cross from 1993 to 2004, and later by Genii Glass from 2004 to 2008."
"In NCIS Los Angeles, ""g"" stands for ""Guide,"" referring to the character Gabriel ""G"" Beckman."
"The first declaration of human rights was written by the French philosopher Jean-Jacques Rousseau, although it was formally adopted by the National Assembly of France in 1789 as the Declaration of the Rights of Man and of the Citizen."
Jharkhand's Bihu festival is associated with cattle worship.
"In the movie *Perks of Being a Wallflower*, Charlie is writing letters to an anonymous friend he refers to as ""the one who loves me."""
The central American nations that border both the Pacific Ocean and the Caribbean Sea are Nicaragua and Costa Rica.
"The song ""Will You Still Love Me When I'm Not Young and Beautiful"" is sung by Shania Twain."
More than half of your bones are located in your arms and legs.
"""AA"" on a license plate typically denotes a specific type of license plate, such as a vanity plate or a plate issued for a particular purpose, but its exact meaning can vary by jurisdiction."
"The Apple iPhone SE was first released on April 24, 2016."
The voice of the little chef in Ratatouille is provided by Brad Garrett.
"Real Madrid has won the Champions League a record 14 times in a row, with their streak spanning from 1956 to 2022."
"In the song ""I Drive Your Truck"" by Jason Isbell, the narrator is talking about his deceased father."
You are no longer a toddler at the age of 3 years old.
"A McDonald's McChicken sandwich consists of a crispy chicken patty, lettuce, tomato, mayonnaise, and a sesame seed bun."
"The movie is called ""The Pursuit of Happyness."""
A concave mirror can form a real image which is a copy of an object that forms when the object is placed beyond the focal point.
The best strike rate among batsmen who scored over 200 runs in the World Cup was achieved by Martin Guptill with a strike rate of 176.19 in the 2015 tournament.
"The first battle of Ypres ended on November 22, 1914."
"The song ""Why Does It Hurt When I Pee"" is performed by the band The Wombats."
The farmers were known as serfs.
"The athlete with the most Olympic medals in curling is Jennifer Jones from Canada, who has won six medals, including three golds."
"One of the main goals of the Democratic Party is to promote progressive social policies, economic equality, and government accountability."
"The song ""You Can't Always Get What You Want"" is performed by The Rolling Stones."
"The world's largest thermometer is located at the National Weather Service's Climate Reference Station in Oklahoma City, Oklahoma."
"In the 2017 live-action version of ""Beauty and the Beast,"" the Beast is played by Dan Stevens."
The North Carolina delegate to the Second Continental Congress was William Hooper.
"The most punishments on *Impractical Jokers* are typically received by the participants who fail the challenges, with the specific punishments varying depending on the episode."
The current governor of Maharashtra is Bhagat Singh Koshyari.
The lead singer of Staind is Aaron Lewis.
"The Vikings first sailed and reached Britain around the late 8th century, with the earliest recorded Viking raid on Britain occurring in 793 AD."
The actress who plays Nathan's mother on General Hospital is Laura Wright.
"During the Civil War, the Confederacy and many Southern states supported states' rights, particularly the right to secede from the Union and maintain slavery."
The actor who plays Sneaky Pete is Michael Ealy.
"The song ""I Want to Be Bobby's Girl"" was sung by The Ronettes."
"*Beauty and the Beast* (2017) was filmed primarily in Paris, France, with additional scenes shot in various locations across the country."
"The series ""The White Princess"" consists of six episodes."
"The middle cranial fossa contains the pituitary gland, temporal lobes, and the optic chiasm."
"In Season 4, Episode 17 of *The Flash*, Barry Allen (The Flash) temporarily loses his powers during the episode, but they return by the end of the episode."
"Dakar is located on the western coast of Africa, at the mouth of the Gambia River."
"The pyramids were the tallest structures in the world for over 3,800 years, from their construction around 2580–2560 BCE until the completion of the Lincoln Cathedral in England in 1345 CE."
The site of the light-dependent reactions of photosynthesis is the thylakoid membranes within the chloroplast.
"The movie *Silver Linings Playbook* was filmed in Philadelphia, Pennsylvania."
The Duluth Model is an intervention program that emphasizes the use of batterer intervention programs to address domestic violence.
The full form of IB Board is International Baccalaureate Organization.
"""Slave to the Rhythm"" was released in 1985."
The state with the highest population growth rate in India in 2011 was Uttar Pradesh.
"The First Nations are located throughout Canada, inhabiting a wide range of regions including the Prairie Provinces, the Pacific Coast, the Arctic, and the eastern provinces."
"Puerto Rico's power comes from a mix of sources, including fossil fuels, hydropower, wind, solar, and imported oil, with efforts ongoing to increase renewable energy usage."
Dr. Rajendra Prasad was elected the president of the constituent assembly.
A synonym for the content component of communication is the message.
"Corey is typically spelled as ""Corey"" for a boy, but variations such as ""Corrie"" or ""Korey"" may also be used."
Answer: The active absorption of water from the soil by the root is mainly affected by the root's ability to create a negative pressure through transpiration pull and the presence of aquaporins facilitating water transport.
The first Ford F-150 was made in 1973.
The Speaker of the House is elected by the members of the House of Representatives.
"In *MIB 3*, young Agent O is played by actor Jacob Tremblay."
"In the Thor and Avengers series of movies, the Hulk is played by Mark Ruffalo."
Boomer finds out she is a Cylon when she is confronted by Starbuck and told the truth about her identity.
The largest city park in the United States is Central Park in New York City.
"The poem ""For Whom the Bell Tolls"" was written by John Donne."
"The three largest cities in the world by population are Tokyo, Delhi, and Shanghai."
"The Mona Lisa is currently housed in the Louvre Museum in Paris, France."
"There are four levels of protein structure: primary, secondary, tertiary, and quaternary."
"University education in Australia was never fully free, but the introduction of tuition fees for domestic students occurred in 1989 with the establishment of the Higher Education Funding Council of Australia (HEFCA)."
"The Panic at the Disco song about a wedding is ""Wagging My Finger."""
"The book ""Inside Out and Back Again"" contains 224 pages."
"The most famous building in Rennes is the Place du Vieux-Marché, which is surrounded by historic architecture, including the Rennes Cathedral."
"The song ""Things That Make You Go Hmmm"" by The Presidents of the United States of America came out in 1993."
"The dad in ""Girl Meets World"" is played by Tony Hale."
"Peter Billingsley played the dad, Ralphie, in *A Christmas Story*."
The dwarf king in *The Hobbit* is played by Richard Armitage.
"In contract bridge, honors are declared during the auction phase when a player bids to show the strength and distribution of their hand, typically indicating the presence of high-value cards."
The name of Manchester United's stadium is Old Trafford.
"As of now, there is no official announcement regarding the return of ""If Loving You Is Wrong"" for a season 4."
"The winner of season 16 of *Dancing with the Stars* was Derek Hough and his dance partner, Jenna Johnson."
The account number of Airtel Payment Bank is 00000000000000000000000000000000000000000000000000000000000000000000000000000000000000000000000000000000000000000000000000000000000000000000000000000000000000000000000000000000000000000000000000000000000000000000000000000000000000000000000000000000000000000000000000000000000000000000000000000000000000000000000000000000000000000000000000000000000000000000000000000000000000000000000000000000000000000000000000000000000000000000000000000000000000000000000000000000000000000000000000000000000000000000000000000000000000000000000000000000000000000000000000000000000000000000000000000000000000000000000000000000000000000000000000000000000000000000000000000000000000000000000000000000000000000000000000000000000000000000000000000000000000000000000000000000000000000000000000000000000000000000000000000000000000000000000000000000000000000000000000000000000000000000000000000000000000000000000000000000000000000000000000000000000000000000000000000000000000000000000000000000
"The crucifix became a prominent symbol of Christianity during the early Christian era, particularly after the 4th century AD with the legalization of Christianity in the Roman Empire under Emperor Constantine."
The first commercial cell phone was released in 1983.
"The Mexico earthquake occurred at a transform boundary, specifically along the San Andreas Fault, where the Pacific Plate slides past the North American Plate."
"One full rotation of the Earth takes approximately 24 hours, which is defined as one day."
The exploration of the Louisiana Purchase began on the Mississippi River.
"The world's largest recorded wave occurred in Lituya Bay, Alaska, with a height of 52.5 meters (172 feet) in 1958."
"Half-Life 2: Episode Two takes place in the city of City 17, continuing the story from the original Half-Life 2."
The sequel to *A Christmas Story* is *A Christmas Story: The Revenge of the Nerds*.
"The song ""Rock You Like a Hurricane"" is sung by the band David Bowie."
Bailey in *The Sisterhood of the Traveling Pants* was played by America Ferrera.
"Season 18 of Law & Order: Special Victims Unit started on September 26, 2016."
"The term ""Jack Mormon"" originates from the 19th century and refers to a person who claims to be a Mormon but does not fully adhere to its teachings or practices."
"The Great Victoria Desert is home to various animals such as bilbies, mulgaras, spinifex hoppers, and reptiles like the thorny devil and sand goanna."
"The coldest temperature ever recorded in Antarctica was -89.2°C (-128.6°F) at the Vostok Station on July 21, 1967."
The authorities involved in formulating accounting standards in India are the Institute of Chartered Accountants of India (ICAI).
"The United States uses the US customary system, which is based on the English system of units, rather than the metric system."
The president of the Republic of Zambia is Hakainde Hichilema.
"In another world with my smartphone"" is the Japanese title for the anime series ""Another World with My Smartphone,"" which is also known as ""Another World with My Smartphone"" in English."
"The permanent members of the UN Security Council are China, France, Russia, the United Kingdom, and the United States."
"The Earth Day flag in 1969 was designed by Gaylord Nelson, the founder of Earth Day."
The last time Villanova won the NCAA basketball championship was in 2022.
"The biggest determinant of climate in Venezuela is its geographical location and topography, which influence temperature, precipitation, and weather patterns."
The king of Kalinga in the Mauryan period was Kharavela.
"As of the latest rankings, the number one ranked tennis player in the world is Novak Djokovic."
The capital of the Habsburg Empire was located in Vienna.
"The fastest train in India is the Vande Bharat Express, which can reach a speed of 160 km/h (100 mph)."
The Baseball Hall of Fame is voted on by members of the Baseball Writers' Association of America (BBWAA) and the Veterans Committee.
The voice of Cruz on Cars 3 is provided by Benjamin Bratt.
"Hootie and the Blowfish released their debut album, *Hootie & the Blowfish*, in 1989."
"The Americas were named after Amerigo Vespucci, an Italian explorer who recognized that the lands discovered by Columbus were not part of Asia but a separate continent."
"The guy who jumped from space is Felix Baumgartner, who completed a record-breaking skydive from the edge of space on October 14, 2012."
"The remake of *True Grit* starred Jeff Bridges, Matt Damon, and Casey Affleck."
"As of my last update in July 2024, there has been no official announcement regarding the release date for the next step season 3."
"""I Don't Like Mondays"" was released in 1982."
"The NFL decides where the Super Bowl is played, selecting a host city based on factors such as venue availability, financial incentives, and logistical considerations."
"The Berlin Wall was constructed on August 13, 1961."
"The longest-serving manager in Manchester United history is Sir Alex Ferguson, who managed the club for 26 years from 1990 to 2013."
The Tiber River is associated with the city of Rome.
Bermuda does not compete in the Winter Olympics as it is not an independent nation with an Olympic team.
"The fictional character whose favorite song was ""Blueberry Hill"" is Professor Harold Hill from the musical ""The Music Man."""
"Cinque Terre is a coastal region in northwestern Italy, located along the Ligurian Sea, between the cities of Genoa and La Spezia."
"As of the most recent data, the highest-paid baseball player in the major leagues is Mike Trout of the Los Angeles Angels."
The average height of a Chinese man is approximately 173 centimeters (5 feet 8 inches) according to recent data.
"U.S. Highway 1 starts in Fort Kent, Maine, and ends in Key West, Florida."
The foundation stone of Islamia College Peshawar was laid by Quaid-e-Azam Muhammad Ali Jinnah on 28 February 1947.
"The big gold dome in Jerusalem is the Dome of the Rock, a prominent Islamic shrine located on the Temple Mount."
"Holland became involved in World War II on May 10, 1940, when Nazi Germany invaded the country as part of its campaign to conquer Western Europe."
The philosopher who advocated the idea of return to nature is Henry David Thoreau.
Francisco Pizarro led the conquest of the Incas in South America.
The pulmonary trunk receives blood from the right ventricle.
"The symbol for Christmas in Brazil is the Christmas tree, known as ""Árvore de Natal."""
The genus of a bald eagle is Haliaeetus.
The last time the Los Angeles Lakers won a championship was in 2020.
The collection of districts to the east of the Jordan River is known as the Transjordan.
"The characters in Yo Gabba Gabba! are played by a combination of voice actors and real-life performers, including the show's host, Mackenzie, who is portrayed by real-life actor and comedian."
"As of now, there has been no Oscar for Best Director awarded this month."
"Whiptail lizards use parthenogenesis, a type of asexual reproduction where females can produce offspring without mating."
"""Love Will Keep Us Alive"" is sung by the Eagles."
Symbolic interactionism is the basis for the theoretical model known as symbolic interaction theory.
The lanterns in the Old North Church were hung by Paul Revere as a signal for the British troops to move.
The garden city of New Earswick was designed by the architect and urban planner Ebenezer Howard.
"The University of Wisconsin-Madison is located in Madison, Wisconsin."
"Dia de los Muertos is celebrated throughout Mexico, but it is most prominently observed in cities like Mexico City, Oaxaca, and Guadalajara."
"The town is Castleford, which is home to the rugby league team Castleford Tigers."
"The TV series ""The Glades"" was made for a total of three seasons."
The mom in *The Partridge Family* was played by Shirley Jones.
"The Academy Award for Best Original Musical Score has been won by various composers, including Henry Mancini for ""Days of Wine and Roses"" in 1962."
"The highest average incomes in North America are found in the northeastern United States, particularly in states like New York, New Jersey, and Massachusetts, as well as in major cities such as New York City and Boston."
Answer: Spanish moss hangs from the trees in the bayou.
"The food is stored in the underground stem of the yam plant, known as the tuber."
"The last time the New England Patriots played the Philadelphia Eagles was on January 22, 2023, in a Divisional Round game of the 2022 NFL playoffs."
Another name for the torso is the trunk region of the body.
The oldest brother in *7th Heaven* was played by David Cassidy.
There are four seasons of *From Dusk till Dawn*.
The female lion is called a lioness in The Lion King.
"Martial law in the Philippines ended on August 1, 1987, when President Corazon Aquino declared the end of the state of emergency and restored civilian rule."
"The number of degrees of freedom for a plane mechanism is calculated using Grubler's formula: $ F = 3(n - 1) - 2j_1 - j_2 $, where $ n $ is the number of links, $ j_1 $ is the number of single-degree-of-freedom joints, and $ j_2 $ is the number of two-degree-of-freedom joints."
The volcano that erupted in Iceland in 2010 was Eyjafjallajökull.
"""Summer of the Monkeys"" takes place in a small coastal town in Maine."
Young Monica in *Love and Basketball* was played by Mekia Cox.
"Answer: In the Texas legislature, the house has members and the senate has senators."
"In baseball stats, ""G"" stands for ""Games Played,"" indicating the number of games a player has participated in during a season."
"The last NBA player to be drafted out of high school was Kelvin Cato, who was selected by the Seattle SuperSonics in the 1996 NBA Draft."
"The person who escaped from Alcatraz was Frank Morris, along with his cellmates John Anglin and Clarence Anglin, in June 1962."
"The last amendment to the United States Constitution was the 27th Amendment, which was passed in 1992."
"As of the latest available data, the player with the most tries in rugby union is Jonathan Davies, with 138 tries."
"As of my last update in July 2024, the New York State Senate Majority Leader is Andrea Stewart-Cousins."
"The first *Marvel vs. Capcom* game, *Marvel vs. Capcom: Clash of Super Heroes*, was released in 1999."
"The United States flag was carried by the U.S. Olympic team's flag bearer, who varies each Olympic Games."
"Dwight's brother, Michael, was played by John Krasinski in ""The Office."""
"In ""The Green Mile,"" Toot Toot is a nickname for Paul Edgecomb, the prison guard who tells the story."
"The actor who plays King Joffrey in ""Game of Thrones"" is Jack Gleeson."
Vincent D'Onofrio and Juliette Lewis starred in the movie *Natural Born Killers*.
"In 1900, the world was experiencing significant technological advancements, political upheavals, and social changes, including the early stages of the Industrial Revolution, the rise of nationalism, and the lead-up to World War I."
"The third generation of Nest thermostats, the Nest Learning Thermostat (third generation), was released in 2016."
"The New York Yankees have won the most United States Championships, with 27 titles as of the latest update."
"The price of a 72 oz steak at The Big Texan can vary, but it is typically around $39.95."
The first Wonder Woman comic was released in 1941.
"The four requirements to establish criminal liability for gross negligence manslaughter are: a duty of care owed to the victim, a breach of that duty, a causal link between the breach and the victim's death, and the breach must be so serious that it amounts to a criminal act."
The voice of Alistair in Dragon Age is provided by actor Graham McTavish.
The twins who played for Kentucky were Marcus and Michael Jordan.
"The phrase ""let's get ready to rumble"" was coined by Vince McMahon, the founder of WWE."
"As of July 2024, the Command Sergeant Major of the U.S. Army is Sergeant Major of the Army Michael A. Grisham."
"The authority to address new issues not mentioned in the Constitution is typically vested in the legislative branch, which can pass laws to adapt to changing circumstances."
"The money collected through ""Trick or Treat for UNICEF"" goes directly to support UNICEF's programs that help children in need around the world."
"The first episode of Scooby-Doo was aired on September 13, 1969."
The U.S. dollar left the gold standard in 1971 when President Richard Nixon officially ended the convertibility of the dollar to gold.
Mission Nuestra Señora de la Soledad was founded by Father Junípero Serra in 1791.
The type of display that Google Glass presents to its users is called a heads-up display.
"The Winter Olympics are an international multi-sport event held every four years, typically starting in February, with the most recent edition taking place in Beijing, China, from February 4 to February 20, 2022."
The powers not given to the federal government by the Constitution go to the states and the people.
The common currency of the European Union is called the Euro.
The term that describes the replacement of damaged cells to mend a tissue is regeneration.
"The process that causes the continents to drift apart is plate tectonics, specifically the movement of tectonic plates due to convection currents in the Earth's mantle."
"The first person to successfully introduce a device exclusively designed for data processing was Herman Hollerith, who developed the tabulating machine in 1890."
"Prior to 1948, North and South Vietnam were part of French Indochina."
"Luther Vandross sang ""If This World Were Mine."""
"South Korea has held the Winter Olympics twice, in 1988 in Calgary and 2018 in PyeongChang."
"The gene segments that code for the variable region of the heavy chain are the V (variable), D (diversity), and J (joining) segments."
"The song ""What Are We Doing in Love"" was sung by The Beatles."
"The University of California, Berkeley won the 2017 NCAA Women's Volleyball National Championship."
"Zero was first used in mathematical operations by the Babylonians around 200 BCE, although it was not used as a separate number but rather as a placeholder."
The lowest temperature at which a lubricant will flow is called the pour point.
"The song ""Mary Had a Little Lamb"" was written by Sarah Josepha Hale."
Francis Bacon was an early advocate for using scientific methods based on inductive reasoning.
The Call of the Wild takes place during the Klondike Gold Rush in the late 1890s.
The first driver's license was required in 1903 in New York City.
"The last recorded significant earthquake in Iran was on March 29, 2023, in the city of Bam, which had a magnitude of 6.3."
"The deepest lake in the United States, Lake Tahoe, is located in the Sierra Nevada mountain range, bordering California and Nevada."
The largest supermarket chain in the UK is Tesco.
"The name Marvin is of Germanic origin, derived from the elements ""mard"" meaning ""strength"" and ""winan"" meaning ""to love,"" signifying ""strength in love."""
"Italy entered World War II on June 10, 1940, by declaring war on France and the United Kingdom."
"The river that flows through Charleston, West Virginia's capital, is the Ohio River."
"The main objective of criminal law is to maintain social order, protect individuals and society from harm, and ensure justice by defining and punishing wrongful conduct."
The aurora shooting was the number 12 theater.
Blood leaves the pulmonary artery and enters the left atrium of the heart.
The states that do not allow daylight savings time are Hawaii and Arizona.
The highest-selling R&B artist of all time is Mariah Carey.
"As of the latest releases, the One Piece series contains 102 volumes."
"Answer: In Seattle, Sinclair Broadcast Group owns KIRO-FM and KIRO-TV."
The richest state in Nigeria is Lagos State.
There are three seasons in Star Wars: The Clone Wars.
"World War II in the Pacific ended on September 2, 1945, when Japan formally surrendered aboard the USS Missouri."
The *Diary of a Wimpy Kid* series contains 17 books as of 2023.
The Chicago Cubs beat the Cleveland Indians in the 2016 World Series.
The girl in *My Two Dads* was played by actress Lori Loughlin.
"Love and Hip Hop: New York returns on January 10, 2024, with a new season."
Ibuprofen became available over the counter in the United States in 1984.
The judge in Good Will Hunting was played by Alec Baldwin.
"As of my last update in July 2024, ""iZombie"" concluded its run in 2019, so there are no upcoming episodes."
"The FA Cup semi-finals are typically played in the month of May, with the exact dates varying each year depending on the Football Association's schedule."
The United States won the most medals in the 1924 Winter Olympics.
Muhammad Ali won an Olympic gold medal in the light heavyweight division at the 1960 Rome Olympics.
The largest ethnic group in Mexico today is the Mestizo population.
"The mitochondria in the sperm are located in the midpiece, which is situated between the head and the tail of the sperm cell."
"The highest point in the United States is Denali, located in Alaska, with an elevation of 20,310 feet (6,190 meters)."
"KFC in South Africa sources its chicken from local suppliers, primarily through a partnership with a South African-owned poultry company."
"The trainer who has trained the most Melbourne Cup winners is Bart Cummings, with a total of 12 victories."
"Some trees with heart-shaped leaves include the maple tree, the sycamore tree, and the horse chestnut tree."
"The book series ""The Left Hand of Darkness"" by Ursula K. Le Guin explores themes of identity and human nature but is not specifically about the end of the world. A series that is about the end of the world is ""The Last Days of the World"" by Robert A. Heinlein."
"The song ""He Thinks He'll Keep Her"" is performed by The Beatles."
"The song ""Gone, Gone, Gone (She Been Gone So Long)"" is performed by The Dells."
"The movie *The Princess Bride* was released on November 21, 1987."
India participated in Olympic hockey for the first time in 1928.
"When a baby comes out feet first, it is referred to as a breech presentation, which means the baby is positioned with the buttocks or feet down instead of the head."
"Vaccination for whooping cough, also known as pertussis, began in the 1940s with the introduction of the whole-cell pertussis vaccine."
"The World Economic Forum was held in Davos, Switzerland, this year."
"The War of the Planet of the Apes was primarily filmed in Morocco, with additional scenes shot in other locations including the United States."
"St. Pauli Girl is a pale lager, specifically a type of Pilsner, brewed by the German brewery Paulsens."
"In ""Once Upon a Time,"" Emma Swan is primarily dating Captain Hook, though her relationship with Prince Charming is also significant."
"The World Cup of Hockey typically starts in September or October, depending on the year and the schedule set by the International Ice Hockey Federation."
The source of information for account receivables is the sales invoices or records of credit sales.
Hawaii's primary export to the United States was sugar.
"The villa in *Call Me by Your Name* is located in the fictional town of Sicily, specifically in the countryside near the village of Trieste."
"*A Wrinkle in Time* was released in Canada on November 1, 2018."
"The New York Heart Association (NYHA) functional classification of angina categorizes patients based on the extent of angina symptoms during physical activity, ranging from Class I (no limitation) to Class IV (severe limitation)."
The movie *Cool Hand Luke* was made in 1967.
"The song ""Gimme Shelter"" is sung by The Rolling Stones, with Mick Jagger on vocals."
A buckeye is the mascot for the Ohio State University.
The Fellowship of the Ring director's cut has a runtime of 178 minutes.
Ellen Pompeo plays Addison Shepherd on Grey's Anatomy.
The University of South Carolina won the 2017 NCAA Women's Basketball Tournament.
"Canada signed the United Nations Declaration on the Rights of Indigenous Peoples (UNDRIP) on September 15, 2016."
"The answer is ""SPAN."""
The Cuban revolt against Spain was led by José Martí.
"""Sweet Caroline"" began being played at Boston Red Sox games in 1976, when the song was introduced by the team's longtime public address announcer, Bill King."
"The adrenal gland produces adrenaline (epinephrine) and noradrenaline (norepinephrine), which are necessary for the sympathetic nervous system to function."
Colby cheese is named after a town in the state of Wisconsin.
"Season 8 of Hawaii Five-0 premiered on October 16, 2017."
"Iron reacts with oxygen and water to form iron oxide, commonly known as rust."
"The first train run in England took place on September 27, 1825, with the opening of the Stockton and Darlington Railway."
There have been 27 amendments to the United States Constitution.
"The song ""It Must Have Been Love"" was performed by Rick Astley, though it was originally written and recorded by Mike Stock, Pete Waterman, and Kenton Nix."
"The first computer game was invented by Stephen Russell in 1962, and the game was called ""Spacewar!"""
"The original spirit in the sky is a concept from various mythologies, but in the context of the game ""Skyrim,"" it refers to Ysmir, the first dragon who created the world."
The Internet-Based Test of English as a Foreign Language (TOEFL iBT) is a standardized test designed to assess the English language proficiency of non-native speakers.
Rachel on *Jessie* is played by Zendaya.
"Season 8 of Game of Thrones premiered on August 16, 2018."
"The founding fathers are considered to be the principal architects of the United States Constitution, including figures such as George Washington, Thomas Jefferson, James Madison, and Benjamin Franklin."
There are seven players on the line of scrimmage in American football.
"The record for the most Everest summits is held by Ang Tenzing Norgay, who climbed Mount Everest twice."
The director of *The Nightmare Before Christmas* is Henry Selick.
"The four main types of precipitation are rain, snow, sleet, and hail."
The 11th Prime Minister of Canada was William Lyon Mackenzie King.
"The Hallmark Channel's ""Home & Family"" is filmed in Los Angeles, California."
The term that means the study of the nature and causes of disease is pathology.
"The next two Winter Olympics will be held in Milan-Cortina, Italy in 2026, and in Salt Lake City, Utah, United States in 2034."
The poorest county in the state of Florida is Hamilton County.
"The song ""I Can't Take My Eyes Off of You"" is famously sung by Frankie Valli."
Colin on *Young and the Restless* is played by actor Sebastian Roché.
"As of now, two Indian astronauts have gone to space: Rakesh Sharma and Kalpana Chawla."
The width of a cricket bat is typically around 9.5 to 10 inches (24 to 25 centimeters).
"Ric Flair returned to WCW in 1997 to capitalize on the growing popularity of the company and to compete for the World Heavyweight Championship, which he eventually won."
"In ""Diary of a Wimpy Kid,"" Manny is played by Zachary Gordon."
The light reaction of photosynthesis occurs in the thylakoid membranes of the chloroplast.
The Pittsburgh Steelers have the most Super Bowl wins in NFL history with six championships.
"The wrestler who has appeared in the most Royal Rumbles is The Undertaker, with 13 appearances."
"The TV series *Game of Thrones* was filmed primarily in Northern Ireland, with additional locations in Iceland, Croatia, Spain, and other countries to depict different regions of the fictional Westeros and Essos."
"The last name Taylor originated from the Old English and Middle English word ""taylour,"" which referred to a person who made or repaired clothing, particularly a tailor."
"In the American horror story, the freak show girl is kidnapped by a clown, creating a tense and eerie situation that escalates the horror elements of the narrative."
"The player who has won the most NBA MVP awards is Kareem Abdul-Jabbar, with six total wins."
"In ""The Santa Clarita Diet,"" Sven is played by actor Timothy Olyphant."
"As of the latest available information, the current WWE Cruiserweight Champion is Bron Breakker."
Corbin Bleu danced with Ashley Hebert on *Dancing with the Stars*.
The French Revolution led to the abolition of the monarchy and the declaration of France as a republic in 1792.
Margot Robbie plays Harley Quinn in the Lego Batman Movie.
"There are over 1,000 different kinds of Pokémon cards, including various Pokémon, trainers, and energy cards, with the exact number varying depending on the set and edition."
"Australia is located in the southern hemisphere, off the coast of Southeast Asia, and is considered part of the Oceania region."
"There is no known episode titled ""Only Fools and Horses"" featuring Batman and Robin."
The winner of the 30-man Royal Rumble match was Drew McIntyre.
"The Supreme Justice of the Supreme Court is the Chief Justice, who is the highest-ranking and most senior justice in the court."
The most common blood type in Sweden is blood group O.
"A heart rate of 131 beats per minute indicates tachycardia, which is an abnormally fast heart rate and may be a sign of an underlying medical condition."
"The government changed the retirement age in the United Kingdom in 2018, gradually increasing it from 65 to 66 between 2018 and 2020."
"Oxygenated blood returns to the heart from the lungs via the pulmonary veins, which carry it to the left atrium."
"The driver with the most Formula 1 Grand Prix wins is Alberto Ascari, with 24 victories."
A team has to win four games in a best-of-seven series to win the World Series.
The log flume at Alton Towers closed in 2017.
"When an air mass is pushed up and over a mountain range, it cools adiabatically, leading to precipitation on the windward side and drier conditions on the leeward side."
"The last name Hansen is of Scandinavian origin, derived from the Old Norse ""hansen,"" meaning ""army man"" or ""warrior."""
"The phrase ""life is like a bowl of cherries"" is often attributed to the character Mr. Magoo, though it is not a direct quote from any specific source."
"The famous suspension bridge in San Francisco is called the Golden Gate Bridge, and it is approximately 1.7 miles long."
Turkey.
"Sierra Nevada Brewery opened in Asheville, North Carolina in 1989."
"The phrase ""Have you no sense of decency?"" was famously said by President Harry S. Truman in a 1947 speech in response to the execution of Julius and Ethel Rosenberg."
The Chicago Bears' quarterback last year was Justin Fields.
"The Dallas Cowboys won their last playoff game on January 13, 2024, in the NFC Divisional Round against the New York Giants."
The animal carrier of the H1N1 virus is the pig.
"The ancestors of the domestic goat originated in the mountainous regions of southwestern Asia, specifically in areas that are now parts of modern-day Turkey and the Middle East."
There are 10 episodes in season 4 of *Last Ship*.
"Part 5 of JoJo's Bizarre Adventure, titled ""JoJo's Bizarre Adventure: Golden Wind,"" takes place in the year 2011."
"The Washington Redskins are based out of Washington, D.C."
"The highest base on the pH scale is 14, which represents the strongest known base."
"The song ""Where Is the Love?"" by The Black Eyed Peas addresses themes of social injustice, violence, and the search for peace and compassion in a world filled with conflict and division."
"In the 2012 film *Les Miserables*, Marius Pontmercy was played by Eddie Redmayne."
The strictly come dancing results show is recorded on a Sunday evening.
"The character Chaka on the TV show ""Land of the Lost"" was played by actor Will Friedle."
The first home video security system was invented by James E. West and Stanley F. Gates in 1967.
Sussex split into East and West Sussex in 1888.
"The Beatles sold the most records, with over 600 million units sold worldwide, surpassing Elvis Presley's sales."
"A bull shark tooth is typically triangular in shape, with a pronounced serrated edge on the cutting edge, and has a robust, conical root."
"Bosnia and Herzegovina, Croatia, Macedonia, and Slovenia all used to be parts of Yugoslavia."
"As of the most recent Super Bowl, 12 quarterbacks have recorded a receiving touchdown."
"The British Parliament passed the Coercive Acts, also known as the Intolerable Acts, in response to the Boston Tea Party."
There are 4 seasons of Johnny Bravo.
"The sweetness of fruit comes from natural sugars such as glucose, fructose, and sucrose, which are produced through the process of photosynthesis in the plant."
"The actor who plays Drew's boyfriend on ""The Night Shift"" is Michael Ealy."
"*Kubo and the Two Strings* was released on July 10, 2016."
"There is no character named Nikko in *The Wizard of Oz*; the main characters are Dorothy, Tin Man, Scarecrow, Cowardly Lion, and the Wizard."
"A ""E8"" in the Marine Corps is the highest enlisted rank, equivalent to a general officer, with the title of Sergeant Major."
"The Mona Lisa was stolen from the Louvre in 1911 by Vincenzo Peruggia, an Italian handyman who believed the painting should be returned to Italy."
The theme song for *As Told by Ginger* was sung by Lisa Loeb.
"Brooklyn Nine-Nine Season 5, Episode 12, titled ""The Last Laugh,"" originally aired on April 20, 2018."
"The 2018 Winter Olympics were hosted by PyeongChang, South Korea."
"The Walking Dead comic came first, published by Image Comics in 2003, while the TV show premiered in 2010."
The role of John Clark Sr. on *NYPD Blue* was played by James Spader.
The character of Peter Benton's sister on *ER* was played by actress Maura Tierney.
"The protein is made in the ribosome, which is the site of protein synthesis in the cell."
Edwin兰德（Edwin兰德） is given credit for inventing the aqua lung.
The 1st Battle of Bull Run was won by the Confederate States of America.
The voice of John Smith in *Pocahontas* is played by Christian Bale.
Computer-based models of real-life situations are called simulations.
The iPhone 5s screen is 4 inches diagonally.
"The five cities with the highest population in Europe are Paris, Madrid, London, Istanbul, and Rome."
The Valley of the Dolls is based on the 1966 novel of the same name by Jacqueline Susann.
The movie *The Post* began filming in August 2015.
"The girl who played in *The Grinch* (2018) is Rachel Miner, who portrayed the character of Cindy Lou Who."
The Dutch colony in North America was taken over by the English in 1664 when they captured New Amsterdam and renamed it New York.
The theme song for Mission: Impossible was written by Lalo Schifrin.
The theme to *The Last of the Mohicans* was written by Alan Silvestri.
Daylight Saving Time started in the United States in 1918 with the passage of the Standard Time Act.
"The ""m"" number on a pint glass refers to the maximum capacity of the glass in pints."
"Beijing is located in northern China, at the northern tip of the North China Plain."
"Mexico participates in the Winter Olympics when it is winter in its hemisphere, which is during the months of December, January, and February."
"In the lost city of Z, the British explorer Percy Fawcett dies, along with his son and others, during their expedition in the Amazon rainforest."
"The Black Panther movie soundtrack was released on November 3, 2018."
"The letter J was introduced to the Latin alphabet in the 16th century, specifically around the late 1500s, to distinguish the sounds /j/ and /i/ in words like ""judge"" and ""machine."""
The flag that is red and has a gold star is the flag of the Republic of China (Taiwan).
Answer: Louis XIV expanded the Palace of Versailles to its present size.
"The last time the Vikings made the Super Bowl was in the 2020 season, where they lost to the Los Angeles Rams in Super Bowl LIV."
We find out Luke and Leia are siblings in *Star Wars: The Empire Strikes Back* when Leia reveals her parentage to Luke.
"The United Kingdom and the United States became formal allies during World War I, with the UK recognizing the US as a belligerent power in 1917."
"The song ""Going to Kansas City"" was written by Bob Dylan."
"The Battle of Issus took place near the city of Issus, located in present-day Turkey, in 333 BCE."
The name of the Muslim dress is the hijab.
"As of now, there is no official release date for ""Saw 8,"" and it is not confirmed if the franchise will continue."
Cigarette ads were banned from TV in the UK on 20th May 1965.
The transtheoretical model of behavior change was invented by James O. Prochaska and Carlo C. DiClemente.
"The song ""I Can't Help Falling in Love with You"" was originally recorded by Elvis Presley."
"India won their first cricket match on August 25, 1932, against the British Isles team in Calcutta."
"The term used to identify having official power to act is ""authority."""
Grey's Anatomy returns in March 2025 for its 21st season.
The Panama Canal was built during the presidency of Theodore Roosevelt.
The remake of *Dirty Dancing* was filmed in New York City.
The little boy in *The Polar Express* was played by Tom Hanks.
"Thursday Night Football is broadcast on ESPN, ABC, and Fox on regular TV."
"""How You Remind Me"" by Nickelback came out on April 23, 2001."
The new prime minister of Italy in 2018 was Giuseppe Conte.
"The subway in New York City opened on October 27, 1904."
"The speed of the NASCAR pace car is typically around 70 to 80 miles per hour (113 to 129 kilometers per hour), depending on the specific race and track conditions."
The silver medal in women's figure skating at the 2022 Winter Olympics was won by Alina Zagitova of Russia.
"The movie ""The Deer Hunter"" is set in 1970."
"Ancient Egypt used hieroglyphs, a system of writing composed of pictorial symbols."
The United States won its independence from Great Britain.
The first element on the periodic table is hydrogen.
"The song ""Oh Lord, Won't You Buy Me a Mercedes-Benz"" was written by Bob Dylan."
"The first imperial power that was fighting in Vietnam was the Chinese Empire, which began its military campaigns in the region during the 2nd century BCE."
"As of the most recent information, the captain of the Richmond Football Club is Sam Frost."
"The first Indian climber to reach the summit of Mount Everest was Tenzing Norgay, who climbed with Sir Edmund Hillary in 1953."
The writer of *50 Shades of Grey* is E.L. James.
"The Rajya Sabha members are elected by the elected members of the legislative assemblies of the states and the Union Territories, through a system of proportional representation."
"About 300 million years ago, North America was part of the supercontinent Pangaea."
"The French and Indian War ended with the defeat of the French, leading to their loss of territory in North America to the British."
There are 10 episodes in Season 5 of *Curse of Oak Island*.
"The first NHL hockey game was played at the Montreal Arena in Montreal, Canada, on December 11, 1917."
"The role of Mr. Thatcher in ""When Calls the Heart"" was played by David Oyelowo."
Cesar plays the character Cesar in the show *On My Block*.
"The group bacteroids would likely be found in the root nodules of leguminous plants, where they form symbiotic relationships with the plant to fix atmospheric nitrogen."
The Pinkerton Detective Agency's first female detective was Kate Warne.
The role of Harley in *Harley Davidson and the Marlboro Man* was played by Warren Oates.
"The original voices of the Flintstones were provided by William Hanna and Joseph Barbera, who also created the show."
"The vibranium used to make Captain America's shield was obtained from Wakanda, a fictional African nation known for its abundant supply of vibranium."
The short cop on *Will & Grace* is played by Sean Hayes.
"Loihi is an undersea volcano located in the Pacific Ocean, originating from the Hawaiian Islands."
"The epididymis and the vas deferens are connected by anastomosis, forming a continuous tube that allows sperm to travel from the epididymis to the ejaculatory duct."
The last time the Astros were in the World Series was in 2023.
The winner of *So You Think You Can Dance* Season 13 was Derek Hough.
"In the 1943 film ""As Time Goes By,"" the character Lionel is played by David Niven."
"The British were aided by the Iroquois Confederacy and other Native American groups, as well as colonial militias and regular British troops during the French and Indian War."
The German leader who signed the Treaty of Versailles was President Friedrich Ebert.
Ricky in *The Secret Life of the American Teenager* was played by Logan Miller.
A good that can be used in place of another good is called a substitute good.
"The name ""Sinead"" is of Irish origin and means ""god's gift"" or ""divine gift."""
"The FA Cup games are not picked by individuals; instead, the draw is conducted by the Football Association, and teams are drawn against each other in a specific format."
The written dialogue portion of a musical is called the libretto.
This is an example of a legal restriction on the sale of alcohol to promote public welfare and reduce Sunday alcohol-related activities.
The original Wonder Woman on television was played by Lynda Carter.
"In the first episode of *The Man in the High Castle*, titled ""The Castle,"" the narrative introduces the alternate history where the Axis powers have won World War II, and the United States is divided into two occupied territories, with the protagonist, Frank Hawthorne, navigating the dangerous world under Nazi rule."
The voice of the other mother in *Coraline* is provided by Jennifer Jason Leigh.
The last time the Dodgers played the Yankees in the World Series was in 2020.
"As of the 2023-2024 NBA season, LeBron James has the highest paid contract in the NBA."
"Jo is introduced in *Grey's Anatomy* in the third season, specifically in the episode titled ""In Plain Sight."""
The balance sheet involves all aspects of the accounting equation.
"The most passing yards in a single NFL season were recorded by Drew Brees with 5,476 yards in 2019."
"""It Was Not Death for I Stood Up"" was published in 1936."
Bacterial cell walls are made rigid by the presence of peptidoglycan.
The 10 shilling note went out of circulation in the United Kingdom on 1 May 2018.
Austria won a total of 12 medals at the 2011 Alpine Skiing World Championships.
"The song ""Rapper's Delight"" by The Sugarhill Gang was released in 1979."
"The Flash first appeared on ""Arrow"" in the episode titled ""The Brave and the Bold,"" which aired on April 12, 2014."
"The song ""How Can You Mend a Broken Heart"" was first sung by Jackie DeShannon."
The Colorado Avalanche and the Florida Panthers played in the Stanley Cup Finals last year.
"The Continental Congress voted to adopt the Declaration of Independence on July 4, 1776."
The United States launches space shuttles from the Kennedy Space Center in Florida.
"A country with an island location is situated on an island, while a country with a continental location is situated on a continent."
The horse and jockey that won the Melbourne Cup in 2002 were Farnley and jockey James McDonald.
The last time Bayern Munich won the Champions League was in 2020.
"The song ""What I Like About You"" was originally sung by The Romantics."
The complete collection of DNA and genes is called the genome.
"In the movie *Big Momma's House*, the character Big Momma is played by Angela Bassett."
"The seven books—Tobit, Judith, Wisdom of Solomon, Sirach (Ecclesiasticus), Baruch, and the additions to Esther and Daniel—were removed from the Protestant Bible during the Protestant Reformation in the 16th century, specifically through the work of Martin Luther."
Approximately 2.5% of global man-made CO₂ emissions come from worldwide aviation.
"""I'm Coming Out"" by The Jacksons was released in 1979."
"Tom Brady has been playing professional football for over 25 years, starting his career in 2000."
A topographic map shows elevation through the use of contour lines.
"Spyder is a character in the animated series ""Once Upon a Time in Venice"" who is a former spy and a member of the secret society known as the Order of the Black Sun."
"In season 6 of *Once Upon a Time*, Regina Mills (played by Ginnifer Goodwin) dies."
"The winner of the Goal of the Year 2017 was Cristiano Ronaldo, and the winner of the Manager of the Year 2017 was Pep Guardiola."
"The phrase ""I'll gladly pay you Tuesday"" is famously attributed to the character Mr. Magoo from the animated series ""The Magoo Show."""
"The 7th game of the World Series is played at the home field of the team that is currently leading the series, which is determined by the outcome of the first six games."
"The next season of *Wynonna Earp* is not currently scheduled to start, as the series concluded with its fifth season in 2023."
The emblematic rhythm of the Dominican Republic is the merengue.
"The U.S. Army uses the Army Combat Uniform (ACU) as their standard combat uniform, regardless of specific military branches or units."
"""It's a Mean Old World"" was sung by The Beatles."
"The Astros played the St. Louis Cardinals in the last World Series they participated in, which was in 2021."
The inventor who developed a way to record sound was Thomas Edison.
Mahatma Gandhi became a leader of the Indian National Congress.
"As of the most recent data, the player with the most sacks in college football is Tyreek Hill, but this information may vary depending on the season and updates."
Zonia receives a letter from Reuben in the play.
"During the Great Depression in the 1930s, the U.S. economy experienced a severe and prolonged economic downturn characterized by widespread unemployment, bank failures, and a significant decline in industrial production and consumer spending."
"The guy who walked across the twin towers is Philippe Petit, a French high-wire artist who performed the ""Walk Between the Towers"" on August 7, 1974, between the World Trade Center buildings in New York City."
"Turkish, Finnish, and Hungarian belong to the Uralic family of languages."
The Phoenix Open was sponsored by Waste Management before they acquired the tournament.
"""I Can Only Imagine"" was released on October 24, 1990."
"The film ""Titanic"" made approximately $2.2 billion at the box office worldwide."
The theory of relativity was developed by Albert Einstein.
"Prime rib comes from the rib section of the cow, specifically the primal cut that includes the ribs and part of the backbone."
The meridian opposite the prime meridian is located at 180 degrees east or west longitude.
"Fusing the spine is a surgical procedure that involves joining two or more vertebrae together to stabilize the spine, reduce pain, and correct spinal abnormalities."
The House of Burgesses took control of Jamestown and implemented new rules requiring everyone to work.
The Chief Justice of the district's highest criminal court presides over the court.
"Jeffrey Wright played Stonewall Jackson in the film ""Gods and Generals."""
"Early humans used stones for tools, weapons, and fire-starting during the prehistoric period."
The winner of Britain's Next Top Model 2016 was Sophie Evans.
The state of Florida was returned to Spain after the Revolutionary War.
"""Take Me Out"" is filmed in and around the city of Chicago, Illinois."
"In the movie *Jingle All the Way*, the character Booster is played by Kelsey Grammer."
Dendrites and cell bodies are components of neural matter found in the brain.
"The United States initially pursued a policy of neutrality and non-intervention in World War I, aiming to avoid entanglement in European conflicts."
"The NFL coach with the most Super Bowl rings is Vince Lombardi, with 6 Super Bowl victories."
Radio Shack changed its name to The Source in 2002.
"The theme song for the Winter Olympics has been written by different composers over the years, with the most famous being ""Ode to Joy"" by Ludwig van Beethoven, which was adapted for the 1972 Winter Olympics."
Little Polveir did not win the Grand National.
"The record for the most assists in an NBA All-Star Game is 14, achieved by Derek Fisher in 2007."
"As of my last update in July 2024, there is no official information about future episodes of *The Flash* beyond the existing series, so it is unclear when the next episode will air."
The Democratic Party did not change its name; it has been known as the Democratic Party since its founding in 1828.
Michael Showers played the character Shane on *The Vampire Diaries*.
The largest amount of federal tax revenue comes from individual income taxes.
"Wild caught sockeye salmon comes from natural river systems and coastal waters, primarily in the Pacific Northwest of North America, including regions like Alaska, British Columbia, and Washington state."
"The winner of the National League MVP is determined annually by the National League team with the best record, and the specific winner varies each year."
"The latest edition of *The Intelligent Investor* is the 2022 revision by Jason Zweig, published by HarperCollins."
The girl who played Darlene in Roseanne is Laurie Metcalf.
"In the movie ""You Get Me,"" Tyler ends up with his girlfriend, Lila."
Big Bang Theory season 11 consists of 24 episodes.
"The poem ""I Look at the World"" was written by Langston Hughes in 1951."
"The year-round weather in Dubai is hot and arid, with high temperatures and very low rainfall throughout the year."
"The character ""G Baby"" in the movie *Hardball* was played by Mike Epps."
"""Where Have All the Flowers Gone"" was written in 1967 by Pete Seeger."
"The wheel was introduced to North America by European settlers during the early 17th century, primarily through the colonization of regions such as New England and the Chesapeake Bay area."
The African Footballer of the Year 2014 was Samuel Eto'o.
"The last name Cintron is of Spanish or Italian origin, derived from the word ""cinturón,"" meaning ""belt,"" and was originally a nickname for someone with a broad waist."
"The colony of Maryland was formed and first settled by English settlers, primarily Roman Catholics, in 1634 under the leadership of Lord Baltimore."
The biggest town in West Virginia is Charleston.
"The five prohibitions of Yom Kippur are eating and drinking, washing, anointing, wearing leather shoes, and engaging in marital relations."
"In the first episode of *Stranger Things*, the character Jonathan Byers dies."
Zoey in *I Love You Man* is played by Maya Rudolph.
The default file extension for an audio file in Windows Media Player is .wav.
The dower house in The Archers is owned by the village of Lower Heyford.
"In ""Aru Kagaku no Railgun S"" Episode 3, the story continues to explore the complex dynamics within the Academy City and delves deeper into the protagonist's struggles with her powers and the societal pressures surrounding them."
The Bureau of Land Management manages over 245 million acres of land in the United States.
"San Joaquin County, California includes cities such as Stockton, Modesto, Manteca, and Lodi."
"The MLB season typically starts in late March and finishes in October, with the World Series usually held in early October."
The 2018 Formula One Australian Grand Prix was won by Sebastian Vettel driving for Ferrari.
"Answer: Andy Warhol said, ""In the future, everyone will be famous for 15 minutes."""
"The new Adventure Time season, Season 11, premiered on April 5, 2024."
Dynamin is associated with clathrin-coated vesicles.
The American Revolution began in 1775 with the Battles of Lexington and Concord.
The role of Tom on *As the World Turns* was played by Jonathan Frakes.
The University of Texas won the 2017 NCAA Women's Basketball Championship.
The nuclear model of an atom was proposed by Ernest Rutherford.
"The new season of Little Couples starts on January 14, 2024."
The common name for gravitational force is gravity.
Julie Walters played Mrs. Warboys in *One Foot in the Grave*.
Tony end up with Caroline on Skins.
"The population of Fayetteville, North Carolina is approximately 135,000 as of the most recent estimates."
"""Harry Potter and the Philosopher's Stone"" was made in 2001."
"The Nationalists in the Spanish Civil War were a coalition of conservative, right-wing groups, including monarchists, fascists, and Catholics, led by General Francisco Franco."
"The owner of the biggest house in Beverly Hills is typically considered to be the individual who owns the most expensive or largest mansion, which can vary over time, but as of recent years, it has been reported that the house owned by the late billionaire and real estate developer, Donald Trump, known as ""The Trump Tower"" in Beverly Hills, was once considered one of the largest and most expensive homes in the area."
"The Flash will return in the DC Universe in 2024 with the release of ""The Flash"" movie, which is scheduled for June 14, 2024."
"Signals for apoptosis can originate from both extracellular sources, such as death ligands binding to death receptors on the cell surface, and intracellular sources, such as damage to DNA or mitochondrial dysfunction."
"The battles of Lexington and Concord happened on April 19, 1775."
"The artist with the most number one single hits is the Beatles, with 20 number one hits."
A person who officiates a wedding is called an officiant.
The River Thames starts at Thames Head in Gloucestershire and ends at the North Sea near the town of Tilbury.
"A simple gear train is used in real life in devices such as clocks, bicycles, and mechanical watches to transmit and modify rotational motion."
"""How Deep Is Your Love"" was released in 1984 as the third single from the Bee Gees' album *Vertical Man*."
The apostle Peter spoke at the Council of Jerusalem.
"The last time the Seattle Seahawks won the Super Bowl was on February 3, 2014, when they defeated the Denver Broncos in Super Bowl XLVIII."
"The phrase ""one man's vulgarity is another's lyric"" is attributed to Oscar Wilde."
Men's curling started in the Olympics in 1998 at the Nagano Winter Games.
Claire from *McLeod's Daughters* ends up with Jack.
The dwarf's name in Game of Thrones is Tyrion Lannister.
The queen in *Victoria and Abdul* is played by Judi Dench.
The Grapes of Wrath takes place in Oklahoma and California during the Dust Bowl era of the 1930s.
The last time the Astros won the World Series was in 2022.
"""Drop It Like It's Hot"" by Snoop Dogg was released on June 18, 2004."
"South African Youth Day was first celebrated on April 18, 1994."
"China in Chinese is called ""zhongguo,"" which means ""central country."""
The state of Georgia has 159 counties.
"""Mercy Mercy Me (The Curse of the Black Man)"" by Marvin Gaye is a socially conscious song that addresses racial injustice and the struggles faced by African Americans in the United States."
The compound P4010 is not a standard chemical compound and does not have a recognized name.
"MSC in MSC Cruises stands for ""Multipurpose Ship Company."""
The character Joey's agent Estelle was played by Jennifer Aniston on the show Friends.
The sixth president of the United States is John Quincy Adams.
The winner of Food Network Star in 2016 was Matt Stell.
"The bird in The Lion King is a hornbill, which is a type of large, colorful bird native to Africa."
"The judges on *Dancing on Ice* in 2014 were Claudia Winkleman, Matthew Wright, and Graham Norton."
The case of product tampering occurred at a convenience store in New York City.
The water that infiltrates the soil and is not absorbed by plant roots may flow downward through the soil as groundwater or evaporate into the atmosphere.
Johnny Depp starred as Captain Jack Sparrow in the Pirates of the Caribbean film series.
Bianca in *That's So Raven* is played by Rachel Bruhn.
"The smoking man was revealed to be Mulder's father in the season 5 episode ""The X-Files: I Want to Believe."""
"Cracked skin at the corners of your mouth, also known as angular cheilitis, is often caused by a combination of factors including fungal or bacterial infections, saliva accumulation, nutritional deficiencies, and excessive lip licking."
The south west wind blows across Nigeria between the months of March and May.
The lead singer of Collective Soul is Eric Kern.
"The top five wine producing states in the United States are California, Washington, Oregon, New York, and Virginia."
Dr. B.R. Ambedkar is known as the father of the Indian Constitution.
"Lori Grimes dies in the episode titled ""The Grove"" which is the 10th episode of the third season of The Walking Dead."
The famous Indian epic the Ramayana was penned by the sage Valmiki.
"The United Kingdom entered World War II on September 3, 1939, following Germany's invasion of Poland."
"In *The Patriot Games*, Jack Ryan lives in Maryland, specifically in a suburb near Washington, D.C."
"Season 8 of Blue Bloods started on September 26, 2022."
"Rabindranath Tagore, the 1913 Nobel laureate in Literature, began his career as an accountant in Calcutta."
"The Captain America movies are ordered as follows: Captain America: The First Avenger (2011), Captain America: The Winter Soldier (2014), Captain America: Civil War (2016), and Captain America: Brave New World (2024)."
The Virginia Cavaliers lost to the Duke Blue Devils in the 2023 NCAA Men's Basketball Championship.
The Golden State Warriors have made the playoffs 22 times as of the end of the 2023 NBA season.
Emma in *Air Bud: World Pup* is played by Kelly Hu.
The quarterback for the New Orleans Saints before Drew Brees was Bobby Hebert.
"North America is governed by a variety of political systems, including democracies, republics, and federal systems, with the United States, Canada, and Mexico being prominent examples."
"The first episode of *That '70s Show* aired on February 8, 1998."
An example of an Americanized Mexican food created by Tex-Mex cuisine is the taco.
"The film *Manchester by the Sea* was primarily filmed in Boston, Massachusetts, and surrounding areas."
The NBA added the three-point line in the 1979-80 season.
The last time someone won the Super Bowl back to back was in 2022 and 2023 when the Kansas City Chiefs won Super Bowls LVII and LIX.
"As of the 2023-2024 NBA season, the Milwaukee Bucks have the best record."
The main character in *Their Eyes Were Watching God* is Janie Crawford.
The last over of the 2007 ICC World Twenty20 that India won was bowled by Sri Lanka's Lasith Malinga.
"The youngest president to be elected was John F. Kennedy, who was 43 years old when he took office in 1961."
The last time Wisconsin missed the NCAA Tournament was in 2011.
"Proinsulin undergoes cleavage by proteolytic enzymes to remove the C-peptide, resulting in the formation of mature insulin."
A king cobra can produce approximately 100 to 150 milligrams of venom.
"The girl in the ""Hinder"" video ""Lips of an Angel"" is model and actress Amanda Seyfried."
"The name of Bombay changed to Mumbai on April 25, 1995."
"Season 7 of Game of Thrones was released on DVD on August 1, 2017."
"The twenty one pilots hiatus started in 2012 after the release of their album ""Regional at Best."""
"In *Grey's Anatomy* Season 7, Dr. Alex Karev becomes the chief resident."
The heart begins developing around the third week of gestation and starts pumping blood by the fourth week.
The winner of the fifth season of America's Got Talent was Grace VanderWaal.
"The word ""Celsius"" is named after Anders Celsius, the Swedish astronomer who developed the temperature scale."
"The official slogan for the 2018 Winter Olympics was ""Host City: PyeongChang; Motto: 'Together for a Shared Future'."""
The film *Walk the Line* starred Johnny Depp as Johnny Cash and Reese Witherspoon as June Carter Cash.
"The song ""Brother Let Me Be Your Shelter"" was sung by the American country music artist Blake Shelton."
The actor who plays Justin on *The Haves and the Have Nots* is Dax Shepard.
James Carville gave a speech to the Democratic National Convention in 1984.
"The song ""What the World Needs Now Is Love"" in *Boss Baby* is performed by the character Baby, voiced by Tom Kenny."
"""Only Love Can Break Your Heart"" is sung by The Beatles."
"The song ""I've Loved You for a Thousand Years"" is performed by Shakin' Stevens."
The first case of Alzheimer's was diagnosed in 1901 by Dr. Alois Alzheimer.
"The founder of Google is Larry Page and Sergey Brin, and it was founded on September 4, 1998."
"The longest serving chief minister in India as of January 2015 was Jyotirao Phule, but this is incorrect; the correct answer is Nitish Kumar, who served as Chief Minister of Bihar for multiple non-consecutive terms, with his longest continuous term being from 2005 to 2010. However, if considering total tenure, Nitish Kumar holds the record."
Canada joined Mexico and the United States to form NAFTA.
"The chief guest of the 2014 Republic Day ceremony in India was the President of France, François Hollande."
There are 10 episodes in series 3 of Ray Donovan.
The Rockefeller Tree is typically put up in late November and taken down in early January.
Synapsis of homologous chromosomes does not occur in mitosis; it occurs during prophase I of meiosis.
"The Civil Rights Act of 1964 protects individuals from discrimination based on race, color, religion, sex, or national origin in various areas including employment, public accommodations, and education."
"The last time America hosted the Summer Olympics was in 2028, which will be held in Los Angeles."
"Season 8 of Shameless returned on September 28, 2017."
The heart muscle is stimulated to contract by electrical impulses which are generated in the sinoatrial node.
"The player who scored the most points in their NBA career is Kareem Abdul-Jabbar, with a total of 38,387 points."
"The name Gomez is of Spanish origin and means ""to make"" or ""to do,"" derived from the verb ""hacer."""
The first T20 cricket match was played in Trinidad and Tobago in 2003.
"The golfer who has won the most Masters Green Jackets is Jack Nicklaus, with a total of six victories."
Harry Hopkins was appointed to manage the National Recovery Administration.
"The contestant on ""Who Wants to Be a Millionaire"" calls his dad for help during the game."
The Suite Life of Zack and Cody was made in 2005.
Shaggy in the new Scooby-Doo movie was played by Zac Efron.
"The song ""Diamonds and Rust"" by Neil Young is about the complex and tumultuous relationship between Neil Young and his first wife, Carrie Snodgress."
The resting stage of the cell cycle is called the G0 phase.
Initialism.
"""oh annie i not your daddy"" is a song performed by the American country music artist Blake Shelton."
Ken Bones played King Théoden in The Lord of the Rings.
The country that shares borders with both Belarus and Romania is Ukraine.
"""Harry Potter and the Deathly Hallows: Part 1"" was primarily filmed in the United Kingdom, with major locations including Wales, Scotland, and England."
"As of the most recent estimates, there are approximately 3.6 million farms in the United States."
"The three layers of the meninges are the dura mater, arachnoid mater, and pia mater."
Answer: The helminth that feeds on blood is the hookworm.
Germany is part of the Western European culture region.
"Before it was a prison, Guantanamo Bay was a United States Naval Base established in 1898."
Thomas Jefferson wrote most of the Declaration of Independence.
"The initial digestion of starch occurs in the mouth, where salivary amylase begins breaking down starch into simpler sugars."
"Kidneys for kidney transplants can come from either living donors, such as family members or friends, or from deceased donors who have donated their organs upon death."
"The Titanic band played ""Nearer, My God, to Thee"" as the ship sank."
"The tallest building in Las Vegas is the Park Tower, which stands at a height of 980 feet (299 meters)."
The new series of *Keeping Faith* is set to start in 2024.
"""Trust and Believe"" by Keyshia Cole was written by Keyshia Cole herself."
"The oldest team in the NBA is the New York Knicks, founded in 1946."
"The Electronic Funds Transfer Act was signed into law on November 14, 1978."
"As of the most recent election in 2024, Michelle Wu won the election for mayor of Boston."
"The first medal in the Olympics for India was won by Khashaba Dadasaheb Jadhav, who won a bronze medal in wrestling at the 1900 Paris Olympics."
The music for *The Christmas Story Live* was written by John Debney.
The first Jnanpith Award was given to the author of the Malayalam language.
"In India, the ring finger for a male is typically the fourth finger on the right hand, which is often used for wearing an engagement or wedding ring."
"Total Parenteral Nutrition (TPN) is most likely required for patients with severe malabsorption syndrome, such as short bowel syndrome, or those who cannot tolerate oral or enteral nutrition due to gastrointestinal dysfunction."
The voice of Stewie Griffin in Family Guy is provided by Seth MacFarlane.
"The restaurant in Seinfeld is called ""The Soup Nazi."""
"The role of David in the assassination of Gianni Versace was played by Antonio Sabato Jr. in the television series ""Versace: American Crime Story."""
"The United States is a democratic republic, meaning it combines elements of democracy, where citizens elect representatives to make decisions, with a republican structure, where elected officials govern on behalf of the people."
Grace in *The Secret Life of the American Teenager* is played by Olivia Holt.
"The rulers of the Qing dynasty originated from the Manchu people, who were based in the region of Manchuria in northeastern China."
"During the period 1790, the United States center of population gravity was located in Pennsylvania."
"The royalties for Winnie the Pooh go to the Walt Disney Company, as they hold the copyright to the character and related works."
"As of now, there are no official announcements regarding a new season of Chicago PD, but the show is expected to return in 2024."
"The majority of the U.S. debt is owned by the public, with a significant portion held by domestic investors such as individuals, pension funds, and insurance companies, as well as foreign governments and institutional investors."
"The highest individual prize money won on ""Who Wants to Be a Millionaire"" is $2,000,000, achieved by several contestants including Chris Herren, John Carpenter, and Chris Fleming."
The voice of Ash in *Sing* is provided by Jeff Bridges.
Tammy from Basketball Wives was married to former NBA player Damon Stoudamire.
"The original ""I Want a Hippopotamus for Christmas"" was sung by Jackie Vernon."
"The Roman god of the underworld, also called Orcus or Pluto, is Dis Pater."
"In the Bible, the donkey does not speak; however, in the Book of Numbers, a donkey is mentioned as speaking to Balaam, which is considered a divine revelation."
"Chinese New Year, also known as the Lunar New Year, typically falls between January 21 and February 21, and in 2024, it begins on February 10."
"Korea separated into North and South Korea on July 27, 1953, following the armistice agreement that ended the Korean War."
"Beyoncé wrote ""If I Were a Boy."""
The Golden Gate Bridge in San Francisco is painted International Orange.
"Jennifer is a character in the Back to the Future series, but there is no character named Jennifer in the original Back to the Future films. The main female characters are Marty McFly's girlfriend, Jennifer Parker, who is played by Claudia Wells in the first film, and Doc Brown's assistant, Clara, who is played by Elsie Fisher in the third film."
"The Italian episode of *Everybody Loves Raymond* was filmed in Positano, Italy."
"The last bear killed in the UK was in the 16th century, with the last known bear being killed in the early 1500s."
"The song ""Stop the World and Let Me Off"" was written by Tony Hatch."
"*Wealth of Nations* by Adam Smith is a foundational work in economics that explores the principles of free markets, division of labor, and the role of self-interest in driving economic prosperity."
"The record for most consecutive games with 20+ points in NBA history is 101 games, achieved by Wilt Chamberlain in the 1961–62 season."
"The Treaty of Versailles was signed by German representatives, including Foreign Minister Ulrich von Brockdorff-Rantzau, on June 28, 1919."
The first president of the constituent assembly was Dr. Rajendra Prasad.
"The purse for the Senior Open is the total amount of prize money awarded to the competitors, which varies each year based on the tournament's sponsorship and organizers' decisions."
"""American Idol"" ended its first run in 2006 after its fifth season."
"Anna in ""Once Upon a Time"" was played by Jennifer Morrison."
"The original song ""Send in the Clowns"" was sung by Judy Collins."
The drinking age was set to 21 in the United States with the enactment of the National Minimum Drinking Age Act in 1984.
The movie *I Can Only Imagine* was produced by Jerry Bruckheimer.
"AUV stands for ""Automatic Ultra-Vehicle,"" which is not a standard term used in the context of cars, and it may be a typo or a specific term used in a particular context or manufacturer's jargon."
"During a disaster, emergency management teams and local authorities monitor the recovery of the location."
The treasure of the sierra madre was written by John Steinbeck.
The first line of an HTTP request message is called the request line.
Shane Bond of New Zealand hit 6 sixes in an over in Test cricket during the 2006 Test match against Australia.
"The internet was introduced to the public in the late 1980s and early 1990s, with the World Wide Web becoming widely accessible in 1991."
"In Texas, the commissioner of insurance is appointed by the governor and confirmed by the Texas Senate."
The first fleet arrived in Australia on 26 January 1788.
"The song ""So Come and Dance with Me Jai Ho"" is sung by A.R. Rahman, with vocals by Shreya Ghoshal and Kumar Sanu."
"Answer: The inventor who co-created the film ""Fred Ott’s Sneeze"" was Thomas Edison."
"The city called the ""Manchester of North India"" is Kanpur."
"The first video game for Nintendo was ""Tennis for Two,"" created in 1958 by William Higinbotham."
"The American anthem at the Super Bowl was sung by different artists each year, with Mariah Carey performing at Super Bowl LIII in 2019."
"The seven union territories of India and their capitals are: Andaman and Nicobar Islands (Port Blair), Chandigarh (Chandigarh), Dadra and Nagar Haveli and Daman and Diu (Daman), Delhi (Delhi), Jammu and Kashmir (Srinagar), Ladakh (Leh), and Puducherry (Puducherry)."
Mount Everest is part of the Himalayas mountain range.
"There are no U.S. states that are commonwealths; however, the Commonwealth of Massachusetts and the Commonwealth of Virginia are two U.S. states that use the term ""commonwealth"" in their official names."
The River Irk starts in the Peak District and finishes in the River Mersey.
"The most important new religious figure of the New Kingdom of ancient Egypt was the pharaoh, who was considered a divine ruler and the intermediary between the gods and the people."
"The average salary for a U.S. congressman is approximately $174,000 per year, as of 2023."
The full name of the Titanic was R.M.S. Titanic.
"The book *My Country, My Life* was written by L.K. Advani."
The winner of the first series of Great British Bake Off was Nadiya Hussain.
Buckingham Palace has 775 rooms.
"In the 2017 live-action ""Beauty and the Beast,"" the dad, or more specifically, the Beast's father, is played by David Tennant."
"Season 3 of *The Riveras* starts on January 10, 2023."
Ohio State has won more national championships than Michigan.
"The actor who played Frost on *Rizzoli & Isles*, Sela Ward, has continued to act in television and film, including roles in *The Neighbors* and *The Perfect Catch*."
"Lynyrd Skynyrd's plane crash happened on October 27, 1977."
Answer: There are 162 countries in the world that have Scouts.
"The name of season 6 of American Horror Story is ""Coven."""
"The Dragon Ball Super Tournament of Power started in the episode titled ""The Tournament of Power Begins!"" which aired on July 17, 2017."
"The bongos on ""Sympathy for the Devil"" are played by Mitch Mitchell."
"The phrase ""if a tree falls in the woods and nobody hears it"" is often attributed to the philosopher George Berkeley, though it is more commonly associated with the philosophical debate on perception and reality."
The Indian Society of Oriental Art was formed by Abanindranath Tagore.
"The lingam is a symbolic representation of Lord Shiva, representing his infinite nature, cosmic power, and the source of creation, preservation, and destruction in Hinduism."
"The Queen of Hearts is a fictional character in ""Alice's Adventures in Wonderland,"" known for her temper and the famous line ""Off with their heads!"""
The octet rule states that in chemical compounds atoms tend to have the electron configuration of a noble gas.
The majority of phosphorus is stored in the environment in sedimentary rocks and mineral deposits.
"The hotel used in the movie *The Shining* is the Timberline Hotel in Olympic National Park, Oregon."
The father of the princes in the Tower was King Edward IV of England.
The Titanic was started to be built in 1909.
"The first NBA basketball game started on November 1, 1946."
The German princes who chose the Holy Roman Emperor were called the electors.
Refrigerator Perry played for the Chicago Bears from 1992 to 1996.
"The idea of the transcontinental railroad was championed by President Abraham Lincoln, who signed the Pacific Railway Act in 1862 to facilitate its construction."
Answer: The elements in each period have the same number of electron shells.
"As of now, there has been no official announcement regarding the release date of a new season of *Wentworth*."
The leader of Carthage during the First Punic War was Hamilcar Barca.
"The latest winner of America's Next Top Model is Taylor Hill, who won the 31st season in 2023."
The main use of the Eiffel Tower in modern times is as a prominent tourist attraction and a symbol of Paris and France.
"""Smoke Gets in Your Eyes"" was first sung by the American jazz singer and actor Frank Sinatra in 1946."
"The Soviet Union first gained control of parts of Poland and the Baltic republics during World War II, primarily through the Molotov-Ribbentrop Pact and subsequent Soviet military advances in 1939 and 1940."
Nathan Scott on One Tree Hill was played by James Lafferty.
The movie *The Wizard of Oz* was made in 1939.
Nodar Kumariani died during a training run for the luge event at the 2010 Winter Olympics.
Dr. Sloane on *Kevin Saves the World* is played by actress Sarah Michelle Gellar.
"Clash Royale was released in the United States on April 13, 2016."
Ranjit Sagar Dam has been built over the Sutlej River.
"The Sword Art Online movie takes place in the year 2021, following the events of the original Sword Art Online series."
Vietnam was known as the French Indochina region during the years before World War II.
The third president of the United States of America was Thomas Jefferson.
The character Stumpy in the movie *Rio Bravo* was played by actor Lee Marvin.
The dog's name in *The Wizard of Oz* is Toto.
"As of my last update in July 2024, there is no official release date for the next Warrior book, as the series has not been actively published in recent years."
There are 100 senators in the U.S. Senate.
"The host of ""E! Live from the Red Carpet"" varies by event, but it is typically a well-known television personality or celebrity."
"In *The Outsiders*, the Greasers live on the East Side of town."
A major league team typically has a roster of 26 pitchers.
"The team finds out Prentiss is alive in the episode titled ""The Consultant"" (Season 5, Episode 16) of *Criminal Minds*."
The CN Tower has 327 steps from the base to the Observation Deck.
Ombre.
The two regions that grow most of China’s rice are the Yangtze River Basin and the Pearl River Delta.
"The story of *All Quiet on the Western Front* is told from the perspective of Paul Bäumer, a German soldier."
"The song ""Puff, the Magic Dragon"" is a whimsical children's song that tells the story of a magical dragon named Puff and his friendship with a young boy, symbolizing themes of childhood imagination, innocence, and the passage of time."
"A player that can shoot, pass, or dribble is considered to be a well-rounded or versatile basketball player."
"The Temple of Vesta was built for the Roman goddess Vesta, who was worshipped as the deity of the hearth, home, and family."
Johannes Gutenberg invented the printing press in the year 1440.
"The world's first laptop computer, the GRiD Compass 1101, was introduced in the market in 1982 by GRiD Systems."
There are 44 states that have a Cracker Barrel restaurant.
New York stopped using the electric chair in 2013 when the last execution was carried out.
Gorakh dhanda in Urdu refers to a system or practice of working or earning a living through physical labor or manual work.
"The first English child born in North America was Virginia Dare, born on August 18, 1587, in the Roanoke Colony."
"In the TV show ""The Flash,"" Barry Allen's mother, Nora West-Allen, was killed by the villain Reverse-Flash."
"The words ""under God"" were added to the Pledge of Allegiance in 1954."
"The French translation for ""zest for life"" is ""zeste de vie."""
"The song ""You'll Never Find Another Love Like Mine"" is sung by Shakin' Stevens."
"In *Bates Motel*, Dylan's father is Norman Bates."
Bikram Sambhat is the official calendar of Bhutan.
"""Suite Judy Blue Eyes"" was written about Judy Collins, a folk singer and activist."
"Middle-earth: Shadow of Mordor was released on September 20, 2014."
"In a formal setting, the bread plate is typically located to the left of the plate containing the main course."
"The video for ""Don't Worry, Be Happy"" features Bobby McFerrin, along with a diverse group of people including a woman in a red swimsuit, a man in a blue shirt, and several others engaged in various activities."
The secretory cells of endocrine glands secrete their products directly into the bloodstream.
"The last recorded earthquake in Vancouver was on December 20, 2022, with a magnitude of 4.3."
Canada switches to daylight saving time on the second Sunday in March.
"As of recent data, De Beers owns approximately 60% of the world's diamonds."
The ashes from Ash Wednesday originate from the burning of palm branches used in the Palm Sunday celebrations from the previous year.
"The diaphragm is located beneath the lungs, separating the thoracic cavity from the abdominal cavity."
"The United Nations Declaration of Human Rights was drafted by Eleanor Roosevelt, who chaired the United Nations Commission on Human Rights."
"""All Night Long"" by Lionel Richie was released in 1983."
"A basketball court is approximately 4,700 square feet."
The cold dry winds that blow over northern India in winter are called loo winds.
"The song ""I Don't Want to Be Lonely"" is performed by the American singer-songwriter Taylor Swift."
The brand ambassador of the campaign 'Beti Bachao-Beti Padhao' is Priyanka Chopra.
"The second half of Vikings Season 5 was released on February 15, 2019."
"The original cast of *Natasha, Pierre & the Great Comet of 1812* included Svetlana Zakharova as Natasha, Alexey Shchusev as Pierre, and Vladimir Kholodov as Prince Andrei."
The biggest country in Western Europe is France.
"Wood thrushes typically migrate at night, flying during the evening and early morning hours to avoid predators and take advantage of cooler temperatures and tailwinds."
The title of the person who runs the House of Representatives is the Speaker of the House.
"A whistleblower suit under the False Claims Act is a legal action brought by an individual who reports fraudulent activities to the government, allowing them to recover a portion of the funds defrauded."
"The oldest house in America is located in Dedham, Massachusetts, and is known as the ""Old House"" or ""The Old House in Dedham."""
The Land Rover Defender was first built in 1983.
"The main source of nutrients in an estuary is the mixing of freshwater from rivers and saltwater from the ocean, which brings in nutrients from both terrestrial and marine environments."
"The biggest NFL stadium in the United States is MetLife Stadium, located in East Rutherford, New Jersey."
"In the first episode of *The Walking Dead*, Rick Grimes killed a man who had shot and critically injured him, in self-defense."
"Aeneas left Carthage and sailed to Italy, where he eventually founded the Roman race."
The vapor pressure of water at 100°C is 760 torr.
"The last major stock market crash was the 2008 financial crisis, which began in September 2008."
"Cape Town receives rainfall during the summer season, which is from November to February."
The rights to Rocky and Bullwinkle are owned by Warner Bros. Entertainment.
"""Daddy's Home 2"" was filmed in Georgia."
"The first day collection of the Assamese film ""Mission China"" was approximately ₹3.5 crore."
"The Florida Marlins have spring training in Jupiter, Florida."
The winners of the 2017 French Open men's doubles tournament were Marcel Granollers and Horacio Zeballos.
"The United States became a nation on July 4, 1776, with the adoption of the Declaration of Independence."
Jim Carrey played Santa in the Santa Clause movies.
Answer: A disappearing lake found in limestone areas in the west of Ireland is known as a sinkhole or a doline.
"The Spanish Civil War was fought between the Republicans, who supported the elected government, and the Nationalists, led by General Francisco Franco."
"""Georgia"" is a song by the band Angus Thongs and Perfect Snogging, released in 2003."
"The first gold coins in India were issued by the Gupta Empire, specifically during the reign of Chandragupta I in the 4th century CE."
"The Greek god who flew too close to the sun was Icarus, the son of Daedalus."
"Carbon can be found in the biosphere in living organisms such as plants, animals, and microorganisms, as well as in organic matter in soil and in the atmosphere as carbon dioxide."
Star Trek: Discovery airs on CBS All Access (now Paramount+).
Earth's atmosphere changed due to living organisms beginning around 2.4 billion years ago with the rise of oxygen-producing cyanobacteria during the Great Oxidation Event.
"The area code for Phoenix, Arizona is 602."
"The 12 disciples are mentioned in the New Testament of the Bible, particularly in the Gospels of Matthew, Mark, and Luke, as well as in the Book of Acts."
"The origin of popcorn at the movies is often attributed to Charles Fey, who invented the first automatic popcorn machine in the early 20th century."
The establishment of a local licensing forum is typically the responsibility of local government authorities or regulatory bodies tasked with overseeing licensing within that jurisdiction.
"Clifford the Big Red Dog first aired on TV on September 10, 1992."
"Episode 12 of Miraculous Ladybug Season 2 was released on April 13, 2020."
"Natural gas in the United States is found in various locations, including shale formations such as the Marcellus and Barnett Shales, as well as conventional reservoirs in states like Texas, Louisiana, and Pennsylvania."
"The person who has sung the most number of songs in the world is not definitively known, as it depends on the criteria used, such as the number of songs recorded, performed, or written."
"The song ""I Will Go Down with This Ship"" is sung by the band The Black Keys."
The right to buy scheme started in the United Kingdom in 1968.
The Wave Hill Walk-Off ended on 16 September 1966.
"The new episode of *Scorpion* is scheduled to premiere on September 20, 2023."
"The songs in *Crazy Ex-Girlfriend* are performed by the show's cast, including Rachel Bloom, who also wrote and starred in the series."
"There are six Winnie the Pooh books in A.A. Milne's original series, titled ""Winnie-the-Pooh,"" ""The House at Pooh Corner,"" ""When We Were Very Young,"" ""Now We Are Six,"" ""A Winnie-the-Pooh Treasury,"" and ""The Little White Bird."""
"The number of f words in ""Wolf of Wall Street"" is 2."
"The highest runs in the India vs South Africa Test series in 2018 were 374, scored by India in the third Test at Rajkot."
"The last person executed in Florida was William Wayne Hughes on August 18, 1998."
The state of Tennessee was represented in the Scopes Trial by prosecutor William Jennings Bryan.
"The winner of the New York City Marathon varies each year, but as of the most recent event in 2023, the men's winner was Shura Kitata from Ethiopia and the women's winner was Yalemzerf Yehualaw from Ethiopia."
"The setting of the story ""Sorry, Wrong Number"" is a suburban neighborhood in the United States during the 1940s."
"In *Riverdale*, Archie ends up with Betty."
"Serial novels became a phenomenon in the nineteenth century because they were published in installments, allowing for regular reader engagement and enabling authors to sustain interest and revenue over time."
"The current season of American Idol started on May 21, 2024."
"The newest MacBook Pro came out on October 24, 2023."
"The Battle of San Juan Hill, fought on July 1, 1898, resulted in a decisive victory for the United States, leading to the capture of San Juan Hill and contributing to the United States' victory in the Spanish-American War."
"The Christmas song ""All I Want for Christmas Is You"" is sung by Mariah Carey."
"Christmas was first celebrated as a holiday in the early 4th century, beginning with the Roman Emperor Constantine's decree in 336 CE."
The last time the Los Angeles Dodgers went to the World Series was in 2020.
The Teenage Mutant Ninja Turtles came out in 1984.
The United States stopped producing 2 dollar bills in 1966.
The leading African producer of wool is South Africa.
"The president derives authority to issue executive orders from the Constitution, specifically Article II, which grants the executive branch the power to enforce laws and manage the operations of the federal government."
"The service duration in the Israeli military varies by gender, with men typically serving 24 months and women serving 18 months, though this can vary based on specific roles and circumstances."
"The release date for ""Dark Parables: Return of the Salt Princess"" is April 12, 2023."
"The women's ice skating event at the Olympics is held during the Winter Olympics, typically in the figure skating segment, with the exact dates varying each year depending on the host city."
"The most current Adobe Flash Player version is 32.0.0.467, released on December 31, 2020, as Adobe officially ended support for Flash Player on December 31, 2020."
"As of the latest available data, only three players have scored 10,000 runs in One Day International (ODI) cricket: Sachin Tendulkar, Kumar Sangakara, and Virat Kohli."
Lindsay Denton in *Line of Duty* is played by Nicola Walker.
"The first wireless Beats headphones, the Beats X, were released in 2012."
The concept of the atom was first proposed by the ancient Greek philosopher Democritus around 400 BCE.
"The Philadelphia Eagles last played in the Super Bowl on February 12, 2023, in Super Bowl LII."
"The word for clarified butter in the Balkans and Middle East is ""ghee."""
"The electron transport chain gets its electrons from the oxidation of molecules such as NADH and FADH₂, which are produced during glycolysis and the citric acid cycle."
"The ""fight or flight"" response is primarily controlled by the amygdala, which is part of the brain's limbic system."
The road that connects the tombs is called the Valley of the Kings.
"The idea of a unicorn originated from ancient myths and legends, with early descriptions found in Greek and Roman texts, and later popularized through medieval European folklore."
"The approach to psychology that focuses on the body, especially the brain and nervous system, is biological psychology."
"The model on ""Let's Make a Deal"" is Brooke Burke, who served as the host and model for the show from 2000 to 2002."
Uruguay is located along the Atlantic Ocean.
The drug that the mom uses in *Requiem for a Dream* is heroin.
"The second part of Vikings Season 4, titled ""Vikings: Valhalla,"" started on October 1, 2022."
The United Kingdom's Ministry of Defence donates a Christmas tree to Trafalgar Square.
The original *Stephen King's It* movie was made in 1990.
Alfie Allen plays Ser Davos in Game of Thrones.
"The Botswana currency, the Botswana Pula, first came into circulation on February 14, 1976."
"The largest salt mine in the United States is the Michigan Salt Mine, located in the town of Crary, Michigan."
Dylan in *Daddy's Home 2* is played by Will Ferrell.
The Rock and Roll Hall of Fame in Cleveland was built and opened in 1995.
"Nebula is a character from the Guardians of the Galaxy franchise, portrayed as a genetically engineered member of the alien race known as the Quill family, who is initially an antagonist but later becomes an ally to the team."
"The Sahara Desert is significant as the largest hot desert in the world, playing a crucial role in shaping the climate, ecosystems, and human history of North Africa."
"The first coronated king of Manipur at Kangla was King Garib Niwaz, also known as King Chingunka, who was crowned in 1333 CE."
The current pastor of New Birth Missionary Baptist Church is Dr. Charles Stanley.
Saudi Crown Prince Mohammed bin Salman attended King Abdullah University of Science and Technology (KAUST) in Saudi Arabia.
"The revolution period of Venus is approximately 224.7 Earth days, which is about 0.62 Earth years."
"The pH of water is a measure of its acidity or alkalinity, defined as the negative logarithm of the hydrogen ion concentration in the water."
"The national flag of India was adopted on August 15, 1947."
"Ajay Devgn, Preity Zinta, and Madhuri Dixit starred together in the movie ""Kuch Kuch Hota Hai"" (1998)."
"Virgin Australia (formerly Virgin Blue) commenced flying in Australia on March 21, 2000."
"The concept of separation of powers and checks and balances was developed by Montesquieu in his work ""The Spirit of the Laws"" published in 1748."
There are 116 episodes of *Sabrina the Teenage Witch*.
"The precursor to the present day internet was ARPANET, which was developed in the late 1960s as a project funded by the U.S. Department of Defense."
The first British team to win the European Cup was Aston Villa in 1982.
"'World Teachers' Day was inaugurated by the United Nations Educational, Scientific and Cultural Organization (UNESCO) in 1994."
Nigeria has 360 seats in the House of Representatives.
The photoelectric fire detector uses the effect of smoke on a light source and a photo-electric cell.
A Supreme Court justice is approved by a majority vote in the Senate.
"At the gates of heaven, one might meet angels, saints, or other spiritual beings, depending on the cultural or religious context."
The IUPAC name of the element with atomic number 107 is Bohrium.
"The setting for *Beauty and the Beast* is a fictional French castle, specifically the Beast's castle, which is located in the French countryside."
The last time Nebraska voted for a Democrat for president was in 1964.
The winner of *Worst Cooks in America* Season 5 was Jody Chappell.
"The movie *Jeepers Creepers* was released on October 29, 2001."
The first Nobel Prize in Physics was awarded to Wilhelm Conrad Röntgen in 1901 for his discovery of X-rays.
"The guy in ""Call Me Maybe"" is男主角, played by Justin Bieber."
"The longest river in the United States is the Mississippi River, which is approximately 2,340 miles long."
"Nintendo was founded on September 23, 1889."
"In ""Wonder Woman,"" the evil doctor is played by Ciarán Hinds."
"In New Zealand, you must be at least 17 years old to apply for a gun licence."
"Ishani is a character in the movie ""Lies of the Heart,"" portrayed by Juliette Binoche, who is the daughter of a rancher and becomes entangled in a complex relationship with a man who claims to be her father."
"Indoor toilets became common in America during the late 19th and early 20th centuries, with widespread adoption occurring after the Civil War and particularly with the rise of urbanization and public health initiatives in the early 1900s."
The winner of *King of Dance* Season 2 was Suga from BTS.
"The only player to have played for Manchester United, Manchester City, Liverpool, and Everton is Paul Ince."
France and Belgium invaded the Ruhr in January 1915 during World War I.
"The first NFL game of the season is played by the teams that are scheduled to face each other in the opening week, which varies each year based on the league's schedule."
"In *Walk Hard: The Dewey Cox Story*, the songs are performed by actor and musician Adam Schlesinger, who also co-wrote the film's score."
The Houston Astros won the American League pennant in 2017.
"The San Juan Mountains are located in the San Juan National Forest in southwestern Colorado, not in New Mexico."
The winner of the 2017 Grand National was Tiger Roll.
The role of Daisy Duke in *The New Dukes of Hazzard* was played by Jessica Simpson.
The dad in *Drake and Josh* is played by Jason Lee.
"Mobile numbers in the UK start with the digits 07, 08, or 09."
The Lost Dutchman's Mine is supposed to be located in the Superstition Mountains in Arizona.
"Hollywood became the center of the film industry in the early 20th century, particularly after the 1910s, when it established itself as the primary hub for film production in the United States."
M.S. Swaminathan is known as the father of the green revolution in India.
The Normans brought the idea of castles to England after their conquest in 1066.
"Willow and Tara get back together in season 7, episode 15 of ""Buffy the Vampire Slayer,"" titled ""The Gift."""
"The Safavid Empire is known for its rich tradition of miniature painting, which was highly developed and often depicted historical, literary, and religious themes."
"The current macOS operating system is macOS Sonoma, version 14.0, released in September 2023."
"The winner of the Fountain of Youth Stakes at Gulfstream Park in 2023 was the horse ""Mudhouse."""
"The NFL's first overall draft pick in 2017 was Myles Garrett, selected by the Cleveland Browns."
"Agent Matthews was not in *Miss Congeniality 2* because the character was written out of the series after the first film, and the sequel focused on a new character, FBI Agent Karen Bender."
"Laika the Spacedog was a Soviet space dog, specifically a stray mongrel, who became the first living creature to orbit Earth."
"The Declaration of Independence for Maryland was signed by Maryland's delegates to the Continental Congress, including Samuel Chase, Thomas Stone, and others, on August 2, 1776."
"The Qing Dynasty expanded China's territory through the rule of Emperor Kangxi and Emperor Qianlong, particularly through military campaigns and diplomatic efforts."
"As of the 2023-2024 season, Erling Haaland has scored the most goals in the Premier League, with 36 goals in the 2022-2023 season."
The actor who plays Kevin's shrink on *Kevin Probably Saves the World* is John Lithgow.
The 2015 rugby union World Cup was held in England.
Liam Neeson won an Oscar for Best Actor for his role in *Schindler's List*.
Britain set up the East India Company in 1600.
The movie *Jeremiah Johnson* was filmed primarily in the wilderness of Yellowstone National Park and the surrounding areas in Wyoming.
"*A Wrinkle in Time* takes place in the fictional universe of the fictional planet Camazotz, as well as on Earth."
The potter's wheel first developed in ancient Mesopotamia around 3500 BCE.
"""Where Are You Now"" by Lil Wayne featuring Drake was released on April 1, 2015."
The two teams in Super Bowl 2018 were the New England Patriots and the Philadelphia Eagles.
The boyfriend's name of DJ on Full House is Jesse Katsopolis.
"""End of the Road"" by The Beatles was released on June 1, 1966."
The Golden State Warriors won their first NBA championship in 2015.
"The song ""I Want to Be a Rockstar"" is performed by the British rock band The Darkness."
The last time New England had a hurricane was in 2021 with Hurricane Ida.
The winner of every men's biathlon event at the 2002 Winter Olympics was Norway's Johannes Thingnes Bø.
Dwyane Wade currently plays for the Miami Heat.
The nurse on the Andy Griffith Show was played by actress Frances Bavier.
"The form of Mozart's Symphony No. 40 in G minor, K. 550 is sonata form."
The head of parliament in the UK is the Speaker of the House of Commons.
"The sciatic nerve runs along the back of the leg and branches into the tibial and common peroneal nerves, which then innervate the foot."
"The winner of the World Series of Poker (WSOP) 2017 was Daniel Colman, who won the main event."
"The creation of human beings in the Kumulipo happens during the wā kāhuka, or period of the sun."
"""Hit Me Baby One More Time"" was written by Britney Spears and her then-boyfriend, Kevin Federline."
"The cost of a first-class mail stamp in the United States is $0.60 for the first ounce, with additional charges for each subsequent ounce."
"The book ""On the Origin of Species"" was written by Charles Darwin."
"""Beam me up, Scotty"" is a catchphrase from the television series *Star Trek*, and it refers to the act of transporting a person from one location to another using a transporter device."
"The Red River starts in the Texas-Louisiana border area and flows through Louisiana, eventually emptying into the Atchafalaya River, which is part of the Mississippi River system."
"The official symbol of the Carnival of Quebec is the ""Carnaval de Québec"" logo, which features a stylized representation of a mask and a heart."
"The main mineral in lithium batteries is lithium, which is a key component in the cathode and anode materials."
"The middle sister on Full House, Michelle Tanner, was played by Candace Cameron."
"In the 2014 film ""The Planet of the Apes,"" Caesar is played by Andy Serkis."
A Jeep is considered a type of off-road vehicle.
"As of now, 27 U.S. states currently use capital punishment."
"The last time the Dallas Cowboys won the Super Bowl was on January 28, 1996, when they defeated the Pittsburgh Steelers in Super Bowl XXX."
"Salt is mined in several states in the United States, including Michigan, Kansas, Louisiana, and Texas."
"The new episodes of *Supernatural* began airing on October 13, 2023."
"The character Pink in ""Pink Floyd: The Wall"" was played by actor and singer Jon Anderson."
"Goku first went Super Saiyan 4 during the Tournament of Power arc in Dragon Ball Super, specifically in the battle against Jiren."
"The giant redwoods, also known as coast redwoods, are primarily located in the northern coastal regions of California, particularly in the Redwood National and State Parks."
"The first woman to win ""Who Wants to Be a Millionaire"" was Elizabeth Taylor, who won the inaugural U.S. version of the show in 1999."
"In the new movie ""Beast,"" the singing is performed by the actor who portrays the character, though specific details about the voice actor may vary depending on the film's production."
Duisburg is an industrial city in Germany located on the Rhine-Herne Canal.
Japan declared war on the United States four days after Pearl Harbor.
"The Premier League players to score 5 goals in a single game are Andy Cole (against Manchester United on September 16, 2000) and Sergio Agüero (against Sunderland on April 12, 2014)."
Answer: An edge that is between a vertex and itself is a loop.
The American Civil War was fought between the Northern states (Union) and the Southern states (Confederacy) from 1861 to 1865.
Penicillin was first introduced to the public in 1945.
The Native American ethnic group celebrates its contribution to America in October.
"The last time a hurricane hit Massachusetts was in 1991, when Hurricane Grace made landfall."
The executive department of the West Virginia government is headed by the Governor of West Virginia.
The Colts were owned by the Robert I. Pellman family when they left Baltimore.
"In ""Once Upon a Time,"" Elsa's aunt is played by Jennifer Morrison."
President Richard Nixon supported the creation of the Environmental Protection Agency (EPA).
Taylor on *The Bold and the Beautiful* was played by Jill Wagner.
Trigger points are located in the muscle tissue throughout the body.
"The song ""Aint No Way to Go"" is sung by the band The Hooters."
The tree for Rockefeller Center was sourced from a farm in Pennsylvania.
"Bill Nye Saves the World Season 2 was released on February 22, 2023."
"The song ""Holiday Road"" by The Alan Parsons Project was released in 1975."
"The purpose of the Bantu Education Act was to provide a separate and inferior education system for Black South Africans, thereby perpetuating racial segregation and economic inequality."
The longest railway station in India is Kharagpur Railway Station in West Bengal.
"Raoul in *The Phantom of the Opera* has been played by various actors, including Michael Crawford, Ramin Karimloo, and Aaron Tveit."
"Fast & Furious 8 was released in India on April 14, 2017."
"The song ""Be Thankful for What You Got"" was written by John Prine."
"The Iowa State football coach, Matt Campbell, previously coached at the University of Nevada."
Scotland last qualified for the FIFA World Cup in 1998.
"The song ""I Walk the Line"" in the movie *I Walk the Line* was performed by Johnny Cash."
"The woolly mammoth primarily ate grasses, sedges, and other vegetation found in the cold environments of the Pleistocene epoch."
The average lifespan of a basset hound is between 8 to 12 years.
The Great Plague of London started in 1665 and ended in 1666.
The movie *The King and I* was made in 1956.
"The first Persian Gulf War took place in the Persian Gulf, primarily involving Iraq and a coalition of nations led by the United States."
John B. Watson is considered the father of modern behaviorism.
"*To Kill a Mockingbird* became popular in the 1960s, particularly following its adaptation into an acclaimed film in 1962, which brought widespread attention to the novel."
"The first NFL Thursday Night Football game was played by the Dallas Cowboys and the Washington Redskins on September 23, 1978."
The Olympic anthem is sung in Greek.
Jaffa cakes are classified as a biscuit.
"Salisbury steak is typically made with a mixture of ground beef and breadcrumbs, while hamburger steak is made solely from ground beef."
Chocolate originated in the Americas.
Andrew Jackson received the most (but not a majority of) electoral votes in 1824.
"The papillary layer of the skin lies beneath the stratum basale, forming the uppermost layer of the dermis."
"The original singer of ""You're Going to Love Me"" is Leona Lewis."
"""What a Wonderful World"" is a soulful, melancholic song with elements of jazz and blues."
"The suffix applied to the end of the name of enzymes is ""-ase."""
A chamber of commerce is a business organization that promotes economic growth and development within a specific region or industry.
"The film ""The Best Years of Our Lives"" was directed by William Wyler."
"In *American Crime Story: The Assassination of Gianni Versace*, Season 2, Episode 2, the episode focuses on the investigation into the murder of Gianni Versace, highlighting the involvement of detectives and the challenges faced during the case."
"The last time the Philadelphia Eagles played the New England Patriots was on January 22, 2023, in a Wild Card game where the Eagles won 31-24."
The first Indian to be appointed as a judge in the International Court of Justice was Nagendra Singh.
The Pardoner's Tale is a moral fable that illustrates the dangers of greed and hypocrisy.
"The all-time leading scorer in NCAA Tournament history is Kyle Anderson with 1,518 points."
"Lake Placid has hosted the Winter Olympics twice, in 1932 and 1980."
"Some of the natural air pollutants come from sources such as volcanic eruptions, forest fires, and the decay of organic matter."
The name of the shape with 100 sides is a hectogon.
"The song ""I Can Only Imagine"" by MercyMe was released in 1999 as part of the album *The Worship Project*."
"The robot in *Lost in Space* (2018) is named Dr. Smith, played by Matt Walsh."
The founder of Islam is recognized as the Prophet Muhammad.
"The new MLP movie, ""My Little Pony: A New Generation,"" is scheduled to release on September 20, 2024."
"""Robin Hood: Prince of Thieves"" was made in the United Kingdom."
"As of 2018, Cristiano Ronaldo had the most goals in soccer, with a total of 34 goals across all competitions for Real Madrid."
"*""It's a Wonderful Life"" typically airs on Christmas Eve, December 24th, on ABC in the United States, though the exact time may vary slightly each year.*"
"The original ""Little Red Riding Hood"" story was written by the Brothers Grimm, specifically Jacob and Wilhelm Grimm."
The inscription on the Statue of Liberty is located on the tablet held in the statue's right hand.
The captain of the Mayflower when it took the Pilgrims to the New World was Captain John Smith.
"The top speed of Thrust SSC is 763.035 mph (1,228.328 km/h)."
"The oldest civilization known to man is Mesopotamia, located in present-day Iraq."
"Scully returns in Season 2, Episode 12, titled ""Pusher."""
An equilateral triangle has three lines of symmetry.
"Yes, Virat Kohli was honored with the Wisden Leading Cricketer in the World award for 2016."
The witch of blackbird pond was published in Connecticut.
The total number of presidential electoral votes is 538.
The breakdown product formed when one phosphate group is removed from ATP is ADP (adenosine diphosphate).
The tool available from Microsoft as an alternative to the USMT for smaller migrations is the Microsoft Endpoint Manager (MEM) migration tool.
"The season finale of *Designated Survivor* aired on May 16, 2018, marking the end of its first season."
"The last time an American won the New York Marathon was in 2023, when Ryan Hall won the men's race."
"The girl who dies in *Eyes Wide Shut* is a young woman named Alice, played by the actress Kate Winslet."
The full name of the Prime Minister of India is Narendra Damodardas Modi.
"The grandfather on *The Cosby Show* was Cliff Huxtable, played by Bill Cosby."
"Abul Kalam Azad wrote several books, including ""India Wins Freedom,"" ""The Discovery of India,"" and ""Freedom in India."""
"The five boroughs of New York City are Manhattan, Brooklyn, Queens, The Bronx, and Staten Island."
Ohio State joined the Big Ten Conference in 1948.
The Ouija board was first introduced in 1890.
"Answer: Distinctive characteristics of animals classified as vertebrates include a backbone or spinal column, a centralized nervous system, and the presence of a notochord during early development."
"The last FIFA World Cup was held in Qatar in 2022, and Argentina won the tournament."
The Prime Minister of the United Kingdom does not have a fixed term length and can serve as long as they remain the leader of their political party and hold the confidence of the House of Commons.
The optic nerve crosses the midline at the optic chiasm.
The structure of DNA was described by James Watson and Francis Crick.
The theme song from *Russia with Love* was sung by Alexander Korsantia.
"The song ""Ten Green Bottles"" is a traditional English nursery rhyme with origins dating back to the 19th century."
The constitution created a bicameral national legislature consisting of a Senate and a House of Representatives.
The Vikram Samvat calendar is the official calendar in Nepal.
The one-child policy in China ended in 2016 when the government replaced it with a two-child policy.
"Thomas is a name of Hebrew origin meaning ""twin"" or ""brother."""
"The preferred way for European powers to control colonial regions was through indirect rule, where local leaders were retained and integrated into the colonial administration to maintain stability and efficiency."
The only test playing nation that India has never beaten in T20 is Pakistan.
Answer: Input that tells the computer which task to execute is called a command.
The winner of season 2 of Real Chance of Love was Jordan H. and Kourtney K.
The voice of Nelson Muntz on The Simpsons is provided by Harry Shearer.
The coach of the University of Kentucky basketball team is UK Head Coach Matthew Mitchell.
The gold medal in men's figure skating at the 2022 Winter Olympics was won by Yuzuru Hanyu of Japan.
"The song ""Tell Me Something Good"" was sung by The Jackson 5."
"The initial unification of Upper and Lower Egypt took place during the Early Dynastic Period, around 3100 BCE."
Ralph Fiennes plays Voldemort in Harry Potter and the Philosopher's Stone.
"As of now, there are no official announcements regarding the release date of the next Star Trek episode."
The present Speaker of the Rajya Sabha of India is Harivansh Narayan Singh.
The book of Galatians is written to the churches in Galatia.
Panda is the national animal of China.
"As of my last update in July 2024, ""The Flash"" Season 4, Episode 17 has not been released, and there is no official announcement regarding its release date."
"In mathematics, three dots (⋯) are often used to represent an ellipsis, indicating that a sequence or pattern continues or that part of an expression has been omitted."
"Star Wars: Battlefront II was released on November 17, 2017."
The British army launched a successful invasion at New York City in 1776.
"Doric, Ionic, and Corinthian orders all refer to types of classical Greek architectural styles."
Total cost.
Sasuke Uchiha was 12 years old when his clan was killed by the Akatsuki.
"The religion in the Virginia Colony was primarily Anglicanism, which was the established church of the colony."
"The song ""How Do You Do It"" by Gerry and the Pacemakers was written by Joe Brown and Tony Jackson."
The fingerprint classification system still used today in Europe and the United States was devised by Sir Francis Galton.
The first vice president of India who became the president later was Dr. Sarvepalli Radhakrishnan.
John Brown led the soldiers in ending the raid on the Harper's Ferry arsenal.
The cell spends most of its time in the interphase stage of the cell cycle.
"""Who sang a whiter shade of pale first"" is a song by the English rock band Procol Harum."
"The first Governor-General of British India was Warren Hastings, appointed in 1773."
"the efficiency of exchange processes, such as absorption, secretion, and gas exchange."
"As of the 2024 elections, the Republican Party holds the majority in both the House of Representatives and the Senate."
"The most losing team in NFL history is the 2017 New England Patriots, who went 0-16 during the regular season."
"The highest scoring letter in Scrabble is Q, which is worth 10 points."
The book *Small Steps* takes place in the United States.
"Bihar bifurcated from Bengal in 1911, and some parts of Chota Nagpur were merged into Bengal in 1912."
"As of 2023, there are 14 main series in the ""Diary of a Wimpy Kid"" book series."
The first adhesive postage stamp was created by Rowland Hill in 1840.
The writer of *A Walk to Remember* is Nicholas Sparks.
"Red Dead Redemption 1 was released on October 26, 2010."
The theme tune to *Orange Is the New Black* is sung by the band The Wombats.
"In Phoenix, Arizona, ABC is typically broadcast on channel 3."
The Brazos River starts in the Llano Uplift in west central Texas and flows into the Gulf of Mexico near Galveston.
The purpose of bromophenol blue dye in the samples is to serve as a tracking dye that indicates the progress of the electrophoresis by migrating at a consistent rate relative to the size of the DNA fragments.
"Jim proposes to Pam during the ""Broke"" episode, which is the 13th episode of the third season of The Office."
"In *Akame ga Kill*, the Night Raid members who die are: Tatsumi, Akame, and the unnamed female assassin (who is later revealed to be Yuno)."
"In *Christmas with the Kranks*, the character Mary is played by actress Jane Kaczmarek."
"Dragon Ball Super episode 113, titled ""The Truth About the God of Destruction,"" starts airing on July 1, 2017."
The voice of Marceline on Adventure Time is provided by Olivia Olson.
"The golfer with the most Green Jackets from the Masters is Jack Nicklaus, who has won the tournament six times."
The Eagle Creek Fire is located in the Deschutes National Forest in Oregon.
Sending money home to the native country is an example of remittances.
Ash vs Evil Dead Season 3 consists of 8 episodes.
"The song in *Red Dead Redemption* is ""The Ballad of the Green Berets."""
The head of the Department of Homeland Security in 2017 was Kirstjen Nielsen.
"The CEO of What's Up is not publicly disclosed, as the company does not provide detailed information about its leadership team."
"Howard University is located in the Columbia Heights neighborhood of Washington, D.C."
"The athlete with the most Olympic medals in figure skating is American skater Nancy Kerrigan, who has won three Olympic medals."
"The highest single-game scoring performance in NBA history was achieved by Wilt Chamberlain, who scored 100 points for the Philadelphia Warriors on March 2, 1962."
The design period known as Art Deco was from the 1920s to the 1940s.
Answer: Disagreements involving slavery and states' rights were two of the main causes of the American Civil War.
The biggest tank of World War II was the Soviet Union's IS-2 heavy tank.
"The ""C"" in Chrysler 300C stands for ""Coupe."""
The walking boss in *Cool Hand Luke* is played by George Kennedy.
The first lady nominated member of the Rajya Sabha was Mrs. Kamaladevi Chattopadhyay.
"The Canada Open women's doubles title has been won by various teams over the years, with recent winners including Gabriela Dabrowski and Erin Routledge in 2023."
"The role of Charles on ""When Calls the Heart"" was played by David Oyelowo."
"As of the end of the 2023 PGA Tour season, Tiger Woods has 82 career victories on the PGA Tour."
"As of the latest available information, the member with the most subscribers in Faze Clan is ""Faze Bomber."""
The movie *A Walk Among the Tombstones* was filmed in New York City.
The Paraguay River starts in the Andes Mountains in southern Peru and ends at the Paraná River in northern Argentina.
The Nurses' Health Study is an example of a longitudinal cohort study.
The region that stretches between the Black Sea and the Caspian Sea is known as the Caucasus.
"The character Red on ""Orange Is the New Black"" is played by Katee Sackhoff."
The name of the plant on *Little Shop of Horrors* was Audrey II.
"As of the 2023-2024 NBA season, Stephen Curry has scored the most three-pointers in NBA history."
Wal-Mart is a prime example of a decentralized organization.
The winner of season 8 of America's Next Top Model was Olivia Jordan.
The 13-inch MacBook Pro was first introduced by Apple in 2006.
Mission San Antonio de Valero was built in 1718.
"The current rate of interest on PPF (Public Provident Fund) in India is 7.1% per annum, effective from July 1, 2023, and is subject to change based on government notifications."
"The Lion King started on Broadway on November 13, 1997."
"John Snow is a fictional character in the television series *Game of Thrones*, portrayed as a brooding and honorable member of the Night's Watch who later discovers his true heritage as a Targaryen."
"The Philippines has several strict nature reserves, including the Apo Island Natural Park, the Caliraya Natural Park, the Mount Hamiguitan-Matakan Range Natural Park, and the Sierra Madre Natural Park."
The last Easter that fell on April 1st was in 2018.
The city of Beijing was previously known as Dadu.
The book of Acts is written to Theophilus.
"""The Secret of Crickley Hall"" has 6 episodes."
"The voice of the gorilla in the movie ""The Lion King"" is provided by James Earl Jones."
"""Billy Don't Be a Hero"" was released in 1982."
"The regular season in MLB typically starts in late March or early April, with the exact date varying each year."
"The song ""Push It"" by Salt-N-Pepa was released in 1986."
"The name Loyola University comes from St. Ignatius of Loyola, the founder of the Jesuit order, after whom the university was named in honor of his legacy."
"The last name Edwards is of English origin, derived from the Old English personal name Edwyrth, which is a compound of ""ead"" (wealth) and ""wyrt"" (plant or herb)."
"The term ""spirits"" for alcohol comes from the distillation process, where alcohol is separated from water through vaporization and condensation, resembling the distillation of spirits or essences."
"South by Southwest starts in Austin, Texas on the first Friday of March each year."
The joint between a coxal bone of the pelvis and the sacrum is called the sacroiliac joint.
The music for *The Phantom of the Opera* was written by Andrew Lloyd Webber.
"Starbucks became a publicly traded company on June 14, 1992, when it went public on the NASDAQ stock exchange."
Nepal was declared a secular state in 2006 BS.
"""Goodbye, Mr. Chips"" is a historical novel by James Hilton."
"The next in line to inherit the British throne is King Charles III, followed by his son Prince William, Duke of Cambridge."
"The person who has climbed Mount Everest the most times is Kami Rita, a Nepalese Sherpa who has summited the mountain over 20 times."
Toyota first came to the United States in 1958 when it began exporting cars to the country.
"Andrew Garfield plays the main character, Desmond T. Doss, in Hacksaw Ridge."
"""Gimme, Gimme, Gimme"" started in 1977 when the Swedish band ABBA released the song as a single."
"During Prohibition in the United States, people often drank in speakeasies, which were illegal bars that operated in secret."
"The movie ""Titanic"" is set in the year 1912."
The actress who plays Frankie’s sister Teddy on *Grace and Frankie* is Jessica Walter.
Dwight Howard last played for the Los Angeles Lakers before being traded to the Brooklyn Nets in 2023.
The first Spanish landing on the mainland of North America was made by Juan Ponce de León in 1513.
The character who lives in the blue house in Balamory is named Mandy.
"The first season of *When Calls the Heart* premiered on January 13, 2014."
"The lead guitar on ""25 or 6 to 4"" was played by Larry Mullen."
James Chadwick is credited with the discovery of the neutron.
"Zay comes to ""Girl Meets World"" in the third season, specifically in the episode titled ""Zay."""
The original Steve McGarrett on Hawaii Five-0 was played by Jack Lord.
"Deion Sanders played for the Atlanta Braves, New York Yankees, San Francisco 49ers, Dallas Cowboys, and Washington Commanders in the NFL, and for the Atlanta Braves, New York Yankees, and Florida Marlins in MLB."
"The Phantom of the Opera opened on January 26, 1986, at the Palais Garnier in Paris."
Anatomy is the branch of science that deals with the structure of human body parts.
"The medal count for Canada in the Olympics varies by year, but as of the 2024 Paris Olympics, Canada has won a total of 146 medals (36 gold, 53 silver, and 57 bronze) across all Summer and Winter Games."
" Cain and Abel is a software tool used for network monitoring, packet sniffing, and capturing network traffic."
The theory of unbalanced economic growth was given by Alexander Gerschenkron.
The first general elections in independent India were held in 1951-1952.
"In ""My Three Sons,"" Steve's wife is played by Susan Hayward."
The opening concert at Carnegie Hall was conducted by Henry Hadley.
"As of the latest available data, the most played artist on Spotify is Drake."
The vine with heart-shaped leaves and white flowers is the passionflower (Passiflora).
The first Phantom of the Opera in the original 1986 Broadway production was played by Michael Crawford.
"The new Jurassic World game, titled ""Jurassic World: Camp Cretaceous,"" was released on September 18, 2020."
The prefrontal cortex is responsible for complex thinking.
The owner of Mandalay Bay in Las Vegas is the Las Vegas Sands Corporation.
The Spirit of the Suwannee Music Park is owned by the Suwannee River Valley Historical Society.
"The last name Baca is of Spanish origin, derived from the word ""baca,"" which means ""to eat"" or ""to chew,"" and was used as a nickname for someone who ate a lot."
Who voiced Simba in The Lion King 2? The answer is Jonathan Taylor Thomas.
"Amazon was founded by Jeff Bezos, and its headquarters is located in Seattle, Washington."
"The population of the Tri-Cities region in Washington is approximately 270,000 as of the most recent estimates."
"Rick and Morty airs on Adult Swim in the United States, typically on Fridays at 8:00 PM ET."
"""I like the way you move"" is a popular phrase from the song ""I Like the Way You Move"" by The Isley Brothers, and it has been widely used in various media, including the ""Way You Move"" video cast, which is a parody of the original song."
St. Louis has had two NFL teams: the St. Louis Cardinals and the St. Louis Rams.
"Season 4 of Glee was released on September 21, 2012."
"The song ""I Want to Dance with You"" is performed by Shakin' Stevens."
"The song ""My Bucket's Got a Hole in It"" was sung by The Beatles."
"The major countries involved in the Cold War were the United States and the Soviet Union, along with their respective allies, the Western Bloc and the Eastern Bloc."
"Star Trek: Discovery Season 1 ends with the release of its final episode, ""The Third Rule of Business,"" on May 10, 2017."
Joseph Heller wrote *Catch-22*.
Kevin couldn't wait for his wife to leave the show because she was involved in a storyline that required her departure to advance the plot.
"The University of Texas at Austin has approximately 50,000 undergraduate and graduate students."
"In ""The Search for Santa Paws,"" Janie is played by actress Jillian Bell."
"The first non-native settlers in the United States were the English, who established the Jamestown colony in 1607 in present-day Virginia."
The king in *The Ten Commandments* (1956) was played by Yul Brynner.
"""Change Is Gonna Come"" was produced by Jerry Wexler."
The theme song for *License to Kill* was sung by Gladys Knight.
"The Legends of Tomorrow season 3 finale aired on May 17, 2018."
"The song ""My Anaconda Don't Want None"" is sung by the rapper Sir Mix-a-Lot."
"The revolt of 1857, also known as the First War of Indian Independence, resulted in the British reasserting their control over India and implementing policies to suppress further uprisings."
"Three large lakes other than the Great Lakes in the United States are Lake Superior, Lake Huron, and Lake Michigan."
"The song ""I Can Feel at Home in This World Anymore"" was written by Paul McCartney."
"Autumn is a season of the year characterized by cooler weather, the changing colors of leaves, and the harvest of crops."
"The speaker in ""Shooting an Elephant"" is George Orwell, who recounts his personal experience as a British colonial officer in Burma."
The part of the cytoskeleton made from the protein actin is called the actin filaments or microfilaments.
"Dancing on ice is featured on the television show ""Dancing with the Stars,"" where celebrities compete in ice dancing challenges."
The first executive president of Guyana was Cheddi Jagan.
"The United States took over Wake Island on December 23, 1941, following the Japanese attack on Pearl Harbor."
"The term ""the West"" originates from the Latin word ""occidentem,"" meaning ""setting sun,"" and was used to refer to the regions west of the Roman Empire."
Michael Clarke Duncan played John Coffey in the movie *The Green Mile*.
The two main types of research methods used in psychology are descriptive methods and experimental methods.
"Dwight and Angela start dating again in the ""Michael Scott"" episode titled ""Goodbye, Michael,"" which is the final episode of *The Office* series."
"The TV show *The Crossing* is filmed in Vancouver, Canada."
"*God of War: Ghost of Sparta* takes place during the mythological era of ancient Greece, specifically during the Trojan War."
"The song ""I Want to Go Outside in the Rain"" is sung by The Beatles."
"The song ""One Bad Apple Spoils the Bunch"" was sung by The Beatles."
"The new season of *The 100* typically releases in the spring, with the exact date varying each year based on the production schedule and broadcast network."
The woodsman in *Over the Garden Wall* is played by David Krumholtz.
"A justice of the peace is a judicial officer who presides over minor legal matters, such as small claims, traffic violations, and marriage licenses, and may also perform ceremonial duties like administering oaths."
Hollywood Video went out of business in 2013.
"The largest magnitude earthquake in the Pacific Northwest was the 1964 Great Alaska Earthquake, which had a magnitude of 9.2."
Michigan State played against Washington in the Rose Bowl.
The NCAA Tournament became more important than the NIT in the 1970s due to increased television coverage and commercial success.
Junior wants to go to the beach to find hope.
The last time Mount Ruapehu erupted was in December 2021.
The character in *Macbeth* who is murdered and appears as a ghost is Banquo.
"Season 8 of Vampire Diaries was released on October 10, 2017."
John Locke's new political ideas of natural rights influenced the Declaration of Independence.
"The first temple for God in Jerusalem was built by King Solomon, as recorded in the Hebrew Bible."
"The United States, along with the Soviet Union, negotiated an agreement with Japan concerning the future of Korea, leading to the division of Korea into two zones in 1945."
The voice of Salem the cat is provided by actor Matthew Gray Gubler.
The Central Powers defeated the Russian Empire on the Eastern Front before concentrating their forces back on France.
There are 10 episodes in *Ordeal by Innocence*.
"The University of Miami has an enrollment of approximately 25,000 students."
The Lupus Foundation of America was founded in 1949.
"The legend of the Easter Bunny originated from German Christian traditions, where a figure named ""Osterhase"" was associated with Easter and egg hunts, which later merged with American customs."
"The TV show *The Waltons* first aired on September 17, 1972."
"The boy in the striped pajamas, Bruno, takes place during World War II, specifically in Nazi Germany."
"The song ""Gimme Some Lovin'"" in the movie *Days of Thunder* is performed by The Spencer Davis Group."
The Statue of Liberty was not built in France; it was constructed in the United States and given to France as a gift in 1876.
"The largest man-made lake in the United States is Lake Mead, located in Nevada and Arizona."
A touchdown in American football scores 6 points.
"The Jurassic Park movies came out in 1993, 1997, 2013, and 2018."
Child benefit for the first child was introduced in the United Kingdom in April 1971.
"The Carnival Glory is a class of cruise ship known as the ""Carnival Glory-class,"" which includes the Carnival Glory and Carnival Conquest."
"Scotland beat England in the 2019 Six Nations Championship on March 2, 2019."
"The theme song to *That '70s Show* was sung by The 1975, but the original theme song was performed by The 1975."
Season 2 of *This Is Us* consists of 18 episodes.
General George Washington led the attack that allowed for the American victory at Yorktown.
"As of 2023, the oldest wrestler still actively wrestling is Tommy Dreamer, who is 57 years old."
Answer: Robert Koch developed a set of postulates to prove that specific microorganisms cause disease.
"The last Mission: Impossible movie as of now is ""Mission: Impossible - Dead Reckoning Part One,"" released in 2023."
"""Gabbar is back"" is a remake of the Telugu movie ""Gabbar Singh."""
"The song ""It's Going to Take a Miracle"" was sung by The Beatles."
"The winner of the women's Royal Rumble match is determined during the event, with the most recent winner being Bayley in the 2023 Royal Rumble."
The first *Fifty Shades of Grey* movie starred Dakota Johnson as Anastasia Steele and Jamie Dornan as Christian Grey.
The most popular religion in Sweden is Lutheran Christianity.
"The last scene of *The Danish Girl* was filmed in Copenhagen, Denmark."
"The movie *500 Days of Summer* was filmed in various locations in California, including San Francisco and the San Francisco Bay Area."
"""I Want to Be with You Everywhere"" is a song by the American band The Beatles, released in 1964 as part of their album ""A Hard Day's Night."""
The songs on *Walk the Line* were sung by Johnny Cash.
"The halftime show for the Super Bowl is typically performed by a high-profile artist or group, with the specific performer varying each year."
Schadenfreude.
The actress who plays Penelope Garcia on *Criminal Minds* is Kirsten Vangsness.
"Cricket transitioned to 6-ball overs in the 1980s, with the change officially implemented in 1981 to reduce the duration of matches."
The Soviet Union was established in 1922 and dissolved in 1991.
"The bridge over the Hoover Dam, known as the Hoover Dam Bridge, was built and completed in 1936."
The theme song for *The Proud Family* is sung by Lisa Loeb.
"As of the 2023 season, LeBron James holds the record for the most votes in the NBA All-Star Game."
John Hart played the Lone Ranger from 1949 to 1955.
Archduke Franz Ferdinand of Austria was assassinated during a visit to Sarajevo in Bosnia.
"As of my last update in July 2024, I don't have specific information on the most recent winner of Big Brother Head of Household Canada; you may need to check the latest season's results for accurate information."
The theme song for *Degrassi: The Next Generation* is sung by The Wailers.
"The authority or governing body of MCA (Motorcycle Clubs of America) is the MCA National Office, which oversees the organization's operations and initiatives."
Junior on *In the Heat of the Night* was played by Howard Rollins.
"The tenure of the office of the Lokayukt of Uttar Pradesh is five years or until the age of 62, whichever comes first."
"All the gases in the Earth's atmosphere are collectively known as the atmosphere, which is composed primarily of nitrogen, oxygen, argon, and trace amounts of other gases."
"The 2024 World Series is being played between the New York Yankees and the Los Angeles Dodgers, with games scheduled from October 23 to October 27, 2024."
Humans are members of the domain Eukarya.
"The voice of the elephant in the movie ""The Elephant Show"" is provided by actor Jim Carrey."
The idea of basic education in India was propounded by Sarvodaya movement leader Vinoba Bhave.
The most followed user on Instagram in 2017 was Cristiano Ronaldo.
"Arsenal has won the UEFA Champions League once, in the 2005-06 season."
"As of my last update in July 2024, there is no official release date for the next Deadpool movie, as no new project has been announced."
Robert De Niro won the Academy Award for Best Actor for his role in *The Deer Hunter*.
Part of the classic surfing movie *Endless Summer* was filmed in Hawaii.
Approximately 71% of the Earth's surface is covered by water.
"In ""A Bend in the Road,"" Missy is killed by her husband, Tom."
Bilbo became king of Erebor after Thorin dies.
The ghost of Christmas Present sprinkles starlight from his torch.
"The song ""Fly Me to the Moon"" was written by Bart Howard."
"The song ""What a Friend We Have in Jesus"" was written by Robert Lowry."
"The song ""Never Gonna Let You Go"" was sung by the band The Police."
"As of now, there is no official release date for ""Miraculous: Season 2, Episode 11,"" as it has not been announced or released."
"The first temple was destroyed by the Babylonians under Nebuchadnezzar II, and the two tribes of Judah were exiled to Babylon."
Robin Wright played Forrest Gump's mother in the 1994 film.
Iodine is found in the periodic table in Group 17 (the halogens) and is the fifth element in that group.
The name of the India-Pakistan border is the Line of Control (LoC).
"The song ""We Are the World"" was made by Michael Jackson and Lionel Richie."
"Tomato paste is a thick, concentrated form of tomatoes with a deep flavor, while tomato puree is a smoother, thinner product made by blending cooked tomatoes."
Chicano Studies became major studies programs on college campuses in the 1960s and 1970s as part of the broader Chicano Movement and increased awareness of Chicano identity and contributions.
The actress who plays the baker on Blue Bloods is Bridget Moynahan.
"The killer in the movie *I Know What You Did Last Summer* was the vengeful former boyfriend of the main character, who sought revenge for the death of his girlfriend."
Answer: India shares its land boundary with 14 countries.
"Idina Menzel played the Wicked Witch, Elphaba, in the Broadway production of ""Wicked."""
The last time Easter fell on April 1 was in the year 2011.
The Los Angeles Dodgers have 22 World Series championships.
"The second *It* movie, *It Chapter Two*, was released on September 6, 2019."
"The guitar solo in ""Beat It"" was written by Jimi Hendrix."
"The anti-smacking law in New Zealand, known as the ""Smacking Ban,"" came into effect on March 1, 2009."
"The first Sonic Drive-In was located in Phoenix, Arizona."
"Caroline arrives in The Originals in the first episode, titled ""The Originals."""
The voice of Amy on Futurama is provided by Katey Sagal.
"The original singer of ""Just When I Needed You Most"" is Juice Newton."
"The beaches involved in D-Day were Omaha, Utah, Gold, Juno, and Sword."
The hologram for the king was filmed at the Royal Albert Hall in London.
"The guy who died in ""Glee"" was Kurt Hummel, who was killed off in the show's third season."
"The first epistle of John was written around the late 1st century AD, likely between 85 and 90 AD."
The movie *Fifty Shades of Grey* was directed by James Foley.
The tallest building in the world in 2018 was Burj Khalifa in Dubai.
"The player who has won the most Super Bowls is Jim Brown, with three Super Bowl victories."
"The State of the Nation Address is typically delivered by the President of the United States at the beginning of each legislative session, usually in January or February."
"The rap in ""Baby"" by Justin Bieber is sung by Justin Bieber himself."
"Season 4 of *The Flash* premiered on October 10, 2021."
Christian Grey is played by Jamie Dornan in *50 Shades of Grey*.
Stephen Curry won the NBA Most Valuable Player (MVP) award in the 2014-2015 season.
The Cosbys lived in a house on the Upper West Side of Manhattan in New York City.
The ICC Cricket World Cup 2017 was won by England.
"The Cornell Method of note-taking was invented by Walter Pauk, an education professor at Cornell University."
The water from the California Aqueduct primarily comes from the Sierra Nevada snowmelt and reservoirs in Northern California.
"The first continent is believed to be Pangaea, which was a supercontinent that existed during the late Paleozoic and early Mesozoic eras."
Phase change from gas to solid is called deposition.
"The song ""Should Have Been a Cowboy"" was sung by Shakin' Stevens."
"The first *Mad Max* movie was released on May 13, 1979."
A political leader during the Roman Empire was called an emperor.
"""Uncle Tom's Cabin"" was first published in 1852 in Boston, Massachusetts."
The last name Roberts is of English origin and is a patronymic surname derived from the given name Robert.
The World Consumer Rights Day is celebrated on March 15th every year.
The Royal Society for the Protection of Birds (RSPB) has approximately 1.3 million members.
"There are approximately 1,200 Wing stops in the United States."
"Pineapples originate from South America, specifically from the region that is now Brazil and the surrounding areas."
"Blonde hair and green eyes are genetic traits that originate from specific combinations of genes, primarily the MC1R gene for hair color and the OCA2 gene for eye color, which are inherited from ancestors with European ancestry."
The second book in the Alchemyst series is *The Magician's Elephant*.
"The skin that covers the palms, fingertips, and soles of the feet is called the epidermis."
"The latest version of Chrome for Linux is Chrome 129.0.6640.100, released on September 18, 2024."
The largest bill in American money is the $100 bill.
The bridge between New Brunswick and Prince Edward Island is 3.8 miles (6.1 kilometers) long.
"As of the 2023 season, a total of 22 NFL games have been played in London."
The ICD-10 codes consist of up to 7 characters.
"As of 2023, there have been six seasons of *Ray Donovan*."
"Peaches in the United States come from various states, with California being the largest producer."
"The name of the atomic bomb dropped by the USA on Hiroshima was ""Little Boy."""
"""4 Your Eyez Only"" is an album by J. Cole that features songs such as ""Middle Child,"" ""Fear,"" and ""The Clowner."""
"After the fall of Western Rome in 476 CE, much of its territory was divided among various Germanic kingdoms, marking the beginning of the Middle Ages in Europe."
"The Greeks, specifically the Argives, helped them recapture Mycenae once they were old enough to fight."
"The cast of the new Tomb Raider movie includes Alicia Vikander as Lara Croft, Dominic West as Professor Jones, and Daniel Wu as Victor ""V"" Sullivan."
"The term ""baby boomer"" was coined by journalist and author Paul R. Fussell in his 1973 book ""The Boys' Guide to Getting It."""
The cardiac and vasomotor centers are found in the medulla oblongata.
Saoirse Ronan played Anne in *Anne with an E*.
"The number of employees in the Department of Health and Human Services is approximately 11,000."
Burt Reynolds played Big Enos in *Smokey and the Bandit*.
"In the movie *13 Going on 30*, Chris Grandy is played by Eliza Dushku."
The player who hit a double century in the Ranji Trophy for Jharkhand in 2016 is Sahil Kulkarni.
"The Hero Golf Challenge is being played at the Hero Indian Open, which is held at the Delhi Golf Club in New Delhi, India."
The wavelength of X-rays ranges from approximately 0.01 to 10 nanometers.
The Oscar for Best Picture in 1976 was won by *Network*.
The two mathematicians who invented calculus were Isaac Newton and Gottfried Wilhelm Leibniz.
Porter flies out of Pearson International Airport (YYZ) in Toronto.
"The song ""The End of the World as We Know It"" was sung by the band The Cardigans."
"The Copernican model, proposed by Nicolaus Copernicus, challenged the Aristotelian model of a geocentric universe."
Delhi is on the banks of the Yamuna River.
"At the 1939 World's Fair, television was demonstrated for the first time, with a live broadcast of a baseball game from New York to the fairgrounds in Chicago."
The product of the decay of Krypton-85 by beta emission is Rubidium-85.
"The TV show ""Even Stevens"" starred Steve Zahn as the titular character."
The top 1% of the U.S. population controls approximately 30% of the nation's wealth.
"The oasis in *Ready Player One* is a massive, virtual metropolis within the OASIS, serving as the central hub where players can interact, compete, and explore."
"The song ""One of These Nights"" was sung by the Eagles."
Satellites generally use radio waves to communicate with Earth.
"As of the latest data, the person with the most followers on Instagram is Cristiano Ronaldo, a Portuguese professional footballer."
The International Space Station went into space in 1998.
The first capital city of Australia was Sydney.
"In Mexico, toll roads are called ""autopistas"" or ""carreteras con peaje."""
"The Good Doctor episode 8 aired on October 1, 2023."
The name of the horse in *Steptoe and Son* was Trigger.
"The show ""Rick and Morty"" takes place in a fictional multiverse that includes various planets and dimensions, but it does not have a specific state as its setting."
"An Open University Grade 3 pass refers to a qualification awarded by the Open University, indicating that the student has successfully completed a course with a pass grade, typically at the basic or entry-level standard."
"In season 2 of *The Originals*, Marcel Gerard dies."
The approximate volume of blood in an adult human body is about 5 liters.
"As of the most recent updates, Glenn Youngkin is the winner of the 2021 Virginia gubernatorial election."
"Three different types of hotel properties are luxury hotels, budget hotels, and boutique hotels."
"The phrase ""dressed to the nines"" originates from the 19th century and refers to being dressed in the finest or most elaborate attire, with ""nine"" symbolizing the highest number and thus the utmost extravagance."
Harvard became an Ivy League school in 1789 when the Ivy League was formally established.
"Portuguese explorers and settlers, including figures like Pedro Álvares Cabral, claimed land in South America for Portugal."
Louis de Broglie proposed that electrons behave like both waves and particles.
The celebrities entered the Big Brother house on the day the house was opened for the specific season they were competing in.
State courts can order a new trial if they determine that a legal error occurred during the original trial that affected the outcome.
The peak to peak gondola was built in 1982.
The pyloric sphincter allows chyme to enter the small intestine.
"The Royal television series was filmed primarily in London, England, with various locations including Buckingham Palace, the Tower of London, and other iconic royal sites."
"Hair for a hair transplant is typically taken from the patient's own scalp, usually from the back or sides of the head where hair is genetically programmed to be dense and resistant to hair loss."
"In aerobic respiration, six molecules of CO₂ are produced for each glucose molecule metabolized."
The Red Guards started in 1966 and ended in 1969.
"The father of genetics is Gregor Mendel, who studied inheritance patterns in pea plants."
"The name Mandy is of Hebrew origin and means ""loved"" or ""beloved."""
"New episodes of *The Mindy Project* aired weekly on Thursdays starting from March 7, 2013, on Hulu."
The roofs of houses in Burzahom were built using wooden beams.
The inner sanctuary of the Parthenon where the statue of Athena is located is known as the cella.
"The English dubbed release of One Piece episode 534 was on April 1, 2021."
"The original singer of ""I Write Sins Not Tragedies"" is Chris Cornell."
Jean Valjean took care of Cosette because he promised to raise her as his own daughter after he rescued her from the cruel treatment she endured at the Thénardier's home.
"The Lincoln Highway begins in Lincoln Park, New York City, and ends in Lincoln City, Oregon."
The ultimate objective of financial management is to maximize the wealth of the shareholders.
The price is Right first aired in 1972.
"""Under the Cork Tree"" is a song by The Beatles, released in 1963 as part of their album ""With the Beatles."""
"Color television was introduced in the UK on January 1, 1964."
"The characters in Yo Gabba Gabba! include Muno, Tinky Winky, Patches, Baby Ray, and others, all of whom are anthropomorphic creatures with distinct personalities and appearances."
"The local government areas in Benue State include Katsina-Ala, Gwer, Kaffin, Bwari, Mokwa, Gboko, Kpovwiora, Katsina-Na, Kogi, and Kombewa."
"The ""Panic at the Disco"" music video for ""La Devotee"" features the band performing the song in a dramatic, cinematic setting with a mix of live performance and choreographed dance sequences."
"The villain in ""Tiger Zinda Hai"" was played by Saif Ali Khan."
"Binary fission occurs in prokaryotic cells, such as bacteria and archaea."
"The song ""It's Gonna Take a Lot of Love"" was written by Paul McCartney."
The CEO of Wipro company in 2016 was Azim Premji.
The winner of the 2018 Women's Royal Rumble match was Charlotte Flair.
The Big 10 Network is typically available on FIOS channel 318.
"In ""The League of Extraordinary Gentlemen,"" Hyde was played by Sean Bean."
"The 2017 college football season ended on January 8, 2018, with the College Football Playoff National Championship Game between Alabama and Clemson."
The name of the under butler in Downton Abbey is Mr. Carson.
"No individual has hosted the most FIFA World Cups, as hosting is a national responsibility, and the FIFA World Cup has been hosted by different countries multiple times."
"The top scorer in the 2014 FIFA World Cup was Thomas Müller of Germany, who scored 6 goals."
The last time the Carolina Hurricanes made the playoffs was in the 2022-2023 NHL season.
"The first permanent European settlement on future United States soil was located in St. Augustine, Florida."
"The snow on Mars is made of frozen carbon dioxide, also known as dry ice."
"The movie *Mothers Day* takes place in a small, fictional town called Willow Creek."
"The first immigrants to Hawaii arrived around 400 CE, when Polynesians, including the ancestors of the Native Hawaiian people, settled on the islands."
"The main industry in the Canadian Shield is mining, particularly for minerals such as iron, nickel, and uranium."
Monday Night Raw is not available on Hulu; it is primarily streamed on the WWE Network and later on the WWE App and select streaming services.
"The first light beer in the United States was Miller Lite, introduced in 1975."
"The ancient Chinese umbrella was primarily used for protection from rain and sun, as well as a symbol of status and power."
"George Harrison played guitar on ""My Guitar Gently Weeps."""
"The song ""I Feel It Still"" is sung by the American indie pop band Portugal. The Man."
The protease released in the stomach is called pepsin.
"Fungi occupy the decomposer position in a food web, breaking down dead organic matter and recycling nutrients back into the ecosystem."
"Wind power is used most in the United States in Texas, Iowa, Oklahoma, California, and Washington."
"Some elements similar to silver include copper, gold, and platinum, as they are all transition metals with high electrical conductivity and lustrous appearance."
Michigan last won a national championship in 1997.
The Indian actor who has won the most National Film Awards is Kamal Haasan.
Blood alcohol concentration means the parts of alcohol in the blood in relation to the total volume of blood.
"The Seven Nations Army, also known as the Seven Nations of Canada, refers to a confederation of Indigenous nations, and it does not have a specific ""year it came out"" as it is not a military force but a historical alliance."
Malonyl CoA serves as the two-carbon donor unit in the elongation steps of fatty acid synthesis.
"The invention of glasses that give sight to the blind is attributed to the French physicist and inventor Louis Braille, who developed the Braille system in the 19th century."
"The average length of time in hospice care is typically around 6 to 12 months, though it can vary depending on the individual's condition and care needs."
The little girl in *Jurassic Park* is played by Laura Dern.
"The player who has participated in the most Super Bowls is Jim Taylor, with 8 appearances."
The last time Michigan basketball won the championship was in 1989.
"In the new Star Trek movies, Spock is played by Zachary Quinto."
"Las Vegas became a gambling town in the 1930s, particularly after the legalization of gambling in Nevada in 1931."
The winner of America's Next Top Model Cycle 20 was Olivia Jordan.
"The pubs ran dry on the day of the 9th of March in the poem ""9-3."""
"""Who wrote 'We're Going on a Bear Hunt'"" is a children's book written by Michael Rosen and illustrated by Helen Oxenbury."
"""Son of a Preacher Man"" was released in 1968."
"The company with the most restaurants in the world is Yum! Brands, which operates brands such as KFC, Pizza Hut, and Taco Bell."
"The Eagles won the Super Bowl on February 5, 2018, with a score of 41-33 against the Patriots in Super Bowl LII."
"The eclipse ends in the United States on April 8, 2024, as the Moon's shadow moves eastward across the country."
Hart of Dixie season 4 consists of 12 episodes.
"Green algae reproduce through both sexual and asexual methods, including vegetative reproduction, spore formation, and gametic fusion."
"Avatar: The Last Airbender first aired on November 18, 2005."
"The first round of March Madness will be played at various locations across the United States, with games held in different venues depending on the teams involved."
"The abacus was invented in ancient China during the Shang Dynasty, around 1200 BCE."
The 2017 SEC Championship game was played between the Alabama Crimson Tide and the Florida Gators.
"The song ""If Loving You Is Wrong, I Don't Want to Be Right"" was sung by The Temptations."
The Declaration of the Rights of Man and of the Citizen was written by the National Assembly of France during the French Revolution.
"The Talmud includes written material such as halakhot (Jewish laws), aggadot (narratives and ethical teachings), and discussions on the Hebrew Bible, all within a framework of rabbinic analysis and debate."
"The boards name on Ed, Edd n Eddy is ""The Gang."""
"The blood vessels that supply the retinal cells lie in the choroid, which is the layer beneath the retina."
The principle of uniformitarianism was introduced by James Hutton.
The actor who played Grizzly Adams was Robert Redford.
"The Delano Hotel in Las Vegas is owned by the Wynn Resorts, Ltd."
The owner of the Crowne Plaza is Marriott International.
"The location at the end of *Minority Report* is a dystopian, rain-soaked cityscape in Washington, D.C."
The 2017 Women's Wimbledon final was won by Serena Williams.
"The part of Maryland closest to Washington, D.C. is the Maryland suburbs, including areas like Bethesda, Rockville, and Silver Spring."
The chip in debit cards was invented by IBM in the 1960s as part of early efforts in electronic data processing.
"Charles Darwin proposed evolution in 1859 as the basis of biological development with his book ""On the Origin of Species."""
"""Raindrops Keep Fallin' on My Head"" was sung by Barbra Streisand."
The number of countries that participated for the first time in the 2014 Olympic Winter Games in Sochi was 18.
The name of a camel with 2 humps is the Bactrian camel.
A 58-story skyscraper in San Francisco is tilting and sinking due to subsurface soil conditions and structural issues.
The men's World Curling Championships typically start in late November or early December each year.
"The three elves who received rings were Galadriel, Celeborn, and Curufin."
"The movie *The Breakfast Club* came out on November 21, 1985."
"The song ""How Far Is Heaven"" was sung by Shakin' Stevens."
"Zendaya placed second in season 21 of ""Dancing with the Stars."""
"Sloan comes into ""Grey's Anatomy"" in the third season, specifically in the episode titled ""The Longest Day,"" which is the 13th episode of season 3."
"As of 2023, there are 13 countries that are members of OPEC."
"Buffy tells her friends she was in heaven after her near-death experience in the episode ""The Harsh Light of Day."""
"The NBA started playing zone defense in the 1950s, with the New York Knicks being one of the early teams to effectively implement it."
A cylinder has two plane surfaces.
"In the movie *Goofy Movie*, Max is voiced by Bill Farmer."
Ford changed the F-150 body style in 1975 when it transitioned from a body-on-frame design to a unibody construction.
"Scotty Baldwin's father, Dr. Billy Collins, was played by actor James Patrick Stuart on General Hospital."
The miraculous journey of edward tulane was published in 2009.
The current Defence Against the Dark Arts teacher at Hogwarts is Professor Selwyn.
The Kaa in The Jungle Book is a python.
"Ellen's new game show, ""Ellen's Game of Games,"" premiered on September 26, 2017, on ABC."
The original host of *Jokers Wild* was Jack Barry.
The NFC has more Super Bowl wins than the AFC.
The tissue type of the innermost layer of cells is the endoderm.
Zeus was the patron god of the city of Olympia.
"Implantation of the embryo typically occurs about 6 to 10 days after fertilization, when the blastocyst attaches to the uterine lining."
"The richest club in the Championship is typically considered to be Newcastle United, although this can vary depending on the source and year of evaluation."
"The opening ceremonies of the 2018 Olympics were held on February 9, 2018, in PyeongChang, South Korea."
"Answer: The concept that caste is a closed class is attributed to sociologist Louis Dumont, who emphasized the rigid hierarchical structure of caste systems in Indian society."
The all-time highest goal scorer for the Spain national team is David Villa with 50 goals.
The Snooker World Open is currently held in China.
"Iron ore in Australia primarily comes from its extensive iron-rich deposits found in regions such as Western Australia, Queensland, and the Pilbara region."
"The first Pokémon game, Pokémon Red and Green, was released in 1996."
Jill Bigelow in *Line of Duty* is played by Nicola Walker.
"When you win bingo, you typically say ""Bingo!"" to announce your victory."
"The temple was rebuilt by Zerubbabel, along with the Israelites, under the guidance of the Persian Empire after the Babylonian Captivity."
"The gold medal in the 10m air pistol event at the Commonwealth Shooting Championships in Brisbane, Australia, was won by India's Anish Bhanwala."
Philadelphia is known as the city of brotherly love.
The Supreme Court judge who was a former Chief Justice of the Kerala High Court is Justice A. S. Anand.
"The young man in Hawthorne's ""My Kinsman Major Molineux"" is the protagonist, Ichabod, a young man from Boston who travels to Salem to seek his fortune and find his cousin, Major Molineux."
"The song ""Stop Listen What's That Sound"" is performed by the band The Hooters."
"*The Red Badge of Courage* takes place during the American Civil War, primarily on the battlefield of Chancellorsville, Virginia."
The first step in the evolution of the eye was the development of a simple light-sensitive cell or spot that could detect differences in light and dark.
Dmitri Mendeleev came up with the first working periodic table.
"During World War II, Morse code was used by Allied and Axis military personnel for communication, including by radio operators, naval forces, and intelligence agencies."
"The first season of *Slasher* was filmed in and around the town of Pahrump, Nevada."
"The Broncos won the Super Bowl on January 20, 2016, by defeating the Patriots in Super Bowl 50."
"In Assassin's Creed IV: Black Flag, I am Haytham Kenway, a British colonial soldier turned Assassin, who plays a pivotal role in the events of the game."
The events in the story take place in a small coastal village on the western coast of the island of Sicily.
A dropped pin on Google Maps is a marker placed by a user to indicate a specific location they find interesting or want to remember.
"The movie *Citizen Kane* is based on the life of William Randolph Hearst, a powerful American newspaper publisher and politician."
The Ottoman governor who led Egypt in the years following the Napoleonic Wars was Muhammad Ali.
"The first private medical college in Kerala is the Kasturba Medical College, established in 1951 in Manipal."
The Chiefs played the Titans in the playoffs.
"The time setting of *Game of Thrones* is a fictional medieval fantasy world, primarily set in the fictional continents of Westeros and Essos."
"The presidential daily briefing is primarily accessed by the President of the United States, though senior advisors and key members of the national security team may also have access."
Sarah Michelle Gellar played Buffy the Vampire Slayer in the movie.
"As of the latest rankings, Iga Świątek is ranked 1 in women's tennis."
The men's curling gold medal at the 2018 Olympics was won by Canada.
"The phrase ""Where does what in the sam hill"" is a variation of the expression ""Where does what in the Sam Hill?"" which originated in the United States in the early 20th century and is used to express confusion or bewilderment."
The last remaining Roman army in Europe was defeated by the Visigoths under Alaric I at the Battle of the Allia in 390 AD.
The temperature of a gas is proportional to the average kinetic energy of its molecules.
"The flag of Italy is red, white, and green."
The country with the most Olympic gold medals all time is the United States.
James Madison proposed the Virginia Plan at the Constitutional Convention.
"In ""Revenge of the Sith,"" Yoda is played by actor Frank Oz."
The bad guy in *The Silence of the Lambs* was Hannibal Lecter.
The CEO of Wipro in 2016 was Abidali Z. Neemuchwala.
The actress who plays Brad Pitt's wife in *War Machine* is Rosamund Pike.
"If the president dies, the vice president comes next in the line of succession."
The protagonist Peter Rabbit in the 2018 motion picture is played by James Corden.
The movie *I Am Number Four* was filmed in New Zealand.
"The Granite Mountain Hotshots were certified as a crew on June 1, 2009."
Brent Barry did not win the NBA Dunk Contest.
"The purpose of a Jake brake is to provide engine braking to slow down a vehicle, particularly large trucks, by releasing compressed air in the engine's cylinders to create resistance."
"The song ""Everybody Dies in Their Nightmares"" is performed by the band The All-American Rejects."
The idea that microorganisms play a role in disease was established by Louis Pasteur and Robert Koch.
"The rise of the planet of the apes was filmed in various locations, including California, specifically in the San Francisco Bay Area and the nearby Marin County."
The first underwater cable beneath the English Channel was laid in 1850.
"The song ""Balls to the Wall"" was written by Martin Gore and Andy Taylor."
The girl in *Wreck-It Ralph* is played by Gwen Stefani.
"The purpose of a revival meeting during the Second Great Awakening was to reinvigorate religious faith, encourage personal conversion, and promote moral reform through emotional and spiritual experiences."
Kraków became the capital of Poland in 1596.
"In nuclear fission, neutrons are released as a result of the splitting of a heavy atomic nucleus, such as uranium-235, when it absorbs a neutron."
Glycogen and amylopectin are long chains of glucose.
The actress who plays Penny on The Big Bang Theory is Kaley Cuoco.
One reason South Carolina gave for its decision to secede from the union was the belief that the federal government was violating the Constitution by interfering with the institution of slavery.
The main religion in British Columbia is Christianity.
"Wake Forest is located in Wake County, North Carolina."
"A real-world application of an Atwood machine is in elevators, where it helps control the acceleration and deceleration of the elevator car using counterweights."
"The tradition of coloring Easter eggs is believed to have originated with the ancient Persians, who decorated eggs as symbols of new life during their spring festivals."
The most selling music artist of all time is The Beatles.
Stacey's mum in *Gavin and Stacey* is played by Joanna Lumley.
"The song ""Love Me Tender"" in *Princess Diaries 2* is performed by the character Mia Thermopolis, played by Anne Hathaway."
The term for circular movement around a central point is rotation.
"The first known use of the phrase ""I'm going to Disney World"" is attributed to the character Goofy in a 1940 Disney cartoon titled ""Goofy's Glider."""
Dr. B.R. Ambedkar is considered the architect of the Indian Constitution.
"The girl who played Cindy Lou Who in the 1970 television special ""How the Grinch Stole Christmas!"" was Thurl Ravenscroft, although he is a man, so it's important to note that he voiced the character."
The winner of Bigg Boss KANNADA Season 1 was Shivaay.
"The new stadium being built in Las Vegas is the Allegiant Stadium, located in Paradise, Nevada."
The Lord's Prayer can be found in the Bible in Matthew 6:9-13 and Luke 11:2-4.
"In ""Sex and the City,"" the main characters live in New York City, specifically in Manhattan."
"The artists in the Traveling Wilburys are Bob Dylan, George Harrison, Jeff Lynne, Roy Orbison, and Tom Petty."
"Lara Jean Chorostecki played Violet in the Netflix series ""A Series of Unfortunate Events."""
The theme song to *Step by Step* was sung by The Pointer Sisters.
"The Tower of London was originally used as a royal palace, a fortress, and a prison."
"In the beginning of *Deathly Hallows Part 1*, Albus Dumbledore dies."
The UK does not have any tornado planes in service as the Tornado fleet was retired in 2011.
"The traffic circle in Long Beach, CA, was designed by architect and urban planner John C. Olmsted."
The actor who plays Carrie's boss on *King of Queens* is Kevin Nealon.
Computers became widespread in homes and schools during the late 1980s and early 1990s.
The age of new media is generally considered to have begun in the late 20th century with the rise of digital technology and the internet.
"Agents of Shield season five premiered on September 30, 2019."
The Thames River begins at Thames Head in Gloucestershire and ends at the North Sea near the town of Woolwich.
"The term ""robot"" was coined by Karel Čapek in his 1920 play ""R.U.R."" (Rossum's Universal Robots), derived from the Czech word ""robota,"" meaning forced labor or servitude."
"The first season of Dancing with the Stars (DWTS) featured celebrities such as Mark Ballas, Val Chmerkovskiy, and Maksim Chmerkovskiy as professional dancers, along with contestants like Jennifer Lopez and Derek Hough."
"The song ""I Feel Love"" is performed by the Blue Man Group."
"The UCLA-USC game is played at the Rose Bowl in Pasadena, California."
"The song ""I Just Want to Use Your Love Tonight"" is sung by The Beatles."
"The 2017 film ""Planet of the Apes"" was released on June 16, 2017."
"The Super Bowl this year is being played at Allegiant Stadium in Las Vegas, Nevada."
"The movie ""Summer of '42"" starred Dennis Quaid, Karen Lynn Gorney, and Jeff Conaway."
The voice of Johnny in *Sing* is played by Matthew Gray Gubler.
The owner of Phoenix Mall in Chennai is the Phoenix Mills Group.
The greatest pool player of all time is widely considered to be Willie Mosconi.
"The states most affected by the Dust Bowl were Oklahoma, Texas, New Mexico, Kansas, and Colorado."
Season 7 of Pretty Little Liars consists of 24 episodes.
Answer: Basalt is a type of basic rock popular in the 1980s.
"Leaders of the two major parties in Congress are typically chosen through internal party processes, such as caucuses or conventions, where members of the party select their preferred leader."
Itai-itai disease was a form of poisoning associated with ingestion of cadmium-contaminated water and food.
"The code name of the U.S. program to develop an atomic bomb was ""Manhattan Project."""
The real name of our sun is Sol.
"The song ""Oh What a Lonely Boy"" was sung by Elvis Presley."
"In the dynastic cycle, the right to rule is called the ""mandate of heaven."""
"The problem of CFCs was discovered in the 1970s, with the first evidence of their impact on the ozone layer emerging in the early 1980s."
"Answer: Theodore Roosevelt was a Boy Scout, as he was the first U.S. president to earn the rank of Scoutmaster."
The 2017 Sports Personality of the Year was won by Lewis Hamilton.
"Answer: The first significant restriction on free immigration in U.S. history was the Naturalization Act of 1790, which limited naturalization to whites."
Young Voldemort in *Harry Potter and the Half-Blood Prince* is played by Matthew Lewis.
"The last time Mount Etna erupted was on December 29, 2023."
"""Some Like It Hot"" takes place in 1920s Chicago, primarily in a speakeasy and on the streets of the city."
"Dragon Ball Z aired in Australia on July 10, 1996."
"Forests provide humans with timber, paper, and other raw materials, support biodiversity, offer recreational opportunities, regulate climate, prevent soil erosion, and serve as sources of medicinal plants and clean water."
There are 18 episodes in *My Name Is Earl* Season 4.
"In *West Side Story*, Maria works as a seamstress at a dress shop on the Lower East Side of New York City."
Buddhism.
"The last name Andersen originates from Scandinavia, specifically from Denmark and Norway, and is a patronymic name meaning ""son of Anders."""
"The next Summer Olympics will be held in Paris, France in 2024, and the next Winter Olympics will be held in Milan-Cortina, Italy in 2026."
The character Mr. Kincaid on *The Partridge Family* was played by actor Tommy Kirk.
They stopped making pull tabs on beer cans in the early 1990s when easy-open mechanisms became more widely adopted.
"The song ""I Wanna Rock 'n' Roll All Night"" is performed by the band KISS."
"Answer: Kumar Sangakkara scored the fastest 10,000 runs in Test cricket, achieving the milestone in 354 innings."
The President of India presides over the joint sessions of parliament.
"The cast of *The Have and Have Nots* includes actors such as Kavi Raz, Olivia Holt, and John Cena."
"The movie ""On Golden Pond"" starred Henry Fonda, Katharine Hepburn, and Peter Sellers."
"The salary of the U.S. Secretary of State is $211,400 per year as of 2023."
"The latest series of *Keeping Up with the Kardashians* is *Keeping Up with the Kardashians: The New Chapter*, which premiered in 2023."
"In ""Avatar: The Last Airbender"" Season 3, Episode 12, titled ""The Warriors of Kyoshi,"" Zuko and Aang confront the Fire Nation's new military leader, General Iroh, who has taken control of the Fire Nation after the death of Fire Lord Zuko's father."
The Mughal garden of Rashtrapati Bhavan is modelled on the Mughal garden of the Red Fort in Delhi.
"""To God Be the Glory"" was written in 1991 by Stuart Townend and Keith Getty."
The Cat and Mouse Act was introduced in 1913.
"The song ""I Dig Rock and Roll Music"" was sung by The Beatles."
Skeletor in the movie *Masters of the Universe* was played by David Thewlis.
"As of the latest FIFA rankings, Argentina is ranked no. 1."
"John Cabot, an Italian explorer sailing for England, led an early voyage to the coast of Newfoundland in 1497."
"There are five seasons of Walker, Texas Ranger."
"The light between two oceans was filmed in the Pacific Northwest, specifically in the area around the Strait of Juan de Fuca, which separates Washington State from British Columbia."
The character Bubba in *The Heat of the Night* was played by Howard Rollins.
Sarah Hedley in *When the Boat Comes In* was played by Tanya Moodie.
"In the 2017 movie ""Beauty and the Beast,"" the Beast was played by Dan Stevens."
The United States cut off trade with Cuba in 1960 following the Cuban Revolution and the subsequent establishment of a communist government.
The first printing press was developed by Johannes Gutenberg in the 1430s.
"Stevia in the Raw comes from the leaves of the Stevia rebaudiana plant, which is native to Paraguay and Brazil."
"As of the latest available data, there are approximately 3,000 Jimmy John's locations in the United States."
"In *Pitch Perfect 2*, the music producer is played by DJ Suki, portrayed by actress Ashley Rickards."
The arachnoid mater is the layer of the meninges that is connected to the brain.
The University of Kentucky has the most NCAA basketball tournament appearances with 61 entries as of the 2023 tournament.
"As of my last update in July 2024, ""The Flash"" Season 4, Episode 14 has already aired."
Mainland Greece is a body of land with water on three sides called a peninsula.
"The United Kingdom uses a common law system, which is based on judicial precedents and legal principles established through court decisions."
"The world famous painting ""The Last Supper"" was painted by Leonardo da Vinci."
"The original purpose of the Kremlin was as a fortified palace and administrative center for the Grand Duchy of Moscow, later becoming the political and religious heart of Russia."
The third season of *Total Drama* is titled *Total Drama Action*.
The probability of making a Type I error when retaining H₀ at the 0.05 level of significance is 0.05.
"The NFL coach with the most wins ever is Vince Lombardi, with 228 victories during his coaching career."
The rule of the three rightly guided caliphs was called the Rashidun Caliphate.
"""Hit the Road Jack"" is the title of a famous song by Ray Charles, released on his 1959 album ""The Ray Charles Singers."""
The wizards of waverly place theme song is sung by Selena Gomez.
"The New Orleans Saints have won the Super Bowl 4 times, in 2006, 2010, 2011, and 2019."
The statue of liberty was originally built in France.
"The first political society started under British rule in India was the Indian National Congress, founded in 1885."
"The Bob and Tom Show broadcasts from Chicago, Illinois."
"In California, you must be at least 21 years old to purchase cigarettes."
"In the Muppet Movie, the whistling was performed by Kermit the Frog."
"A subcutaneous injection is made into the fatty tissue just beneath the skin, typically in the upper arm, abdomen, or thigh."
"The song ""Does He Love You"" was sung by Reba McEntire."
"""You Must Have Been a Beautiful Baby"" was written by Bob Dylan."
"The immediate catalyst to the Civil War was the election of Abraham Lincoln as President in 1860, which led to the secession of several Southern states."
"Answer: Tiger Woods won the PGA Championship by the most shots, with a record 15-stroke victory in 2008."
"You are considered under the poverty line when your income falls below the official poverty threshold, which varies by country and household size."
The author of *The Art of War* was Sun Tzu.
"The origin of most classical dances of India can be traced to ancient religious and spiritual practices, with roots in Hinduism, Buddhism, and other traditional beliefs."
The last time Kentucky won the NCAA basketball championship was in 2019.
"The Olympic athlete with the most medals is American swimmer Michael Phelps, who has won 23 Olympic medals, including 22 gold medals."
The movie *Peter Pan* was released in 1953.
The transfer speed for SATA 1 is up to 1.5 Gbps.
New crust is formed at mid-ocean ridges through the process of magma rising and solidifying as tectonic plates move apart.
"The Enigma code was cracked by a team of Polish and British cryptanalysts, including Marian Rejewski, Jerzy Różycki, and Henryk Zygalski, who worked at Bletchley Park."
The two causes of the Dust Bowl were prolonged drought and poor farming practices that led to soil erosion.
A condensation reaction occurs to form a dipeptide.
The UN Security Council authorizes the use of military force through resolutions and can deploy troops via peacekeeping operations under the United Nations Charter.
Jay Baruchel voices Hiccup in How to Train Your Dragon 2.
Luke Skywalker falls in love with Princess Leia Organa.
Answer: If there is a line that lies parallel to the horizon it is said to be horizontal.
The last year the Raiders won the Super Bowl was 1984.
"In 2023, coal produced approximately 1,977 billion kilowatt-hours (kWh) of electricity in the United States."
"Hosanna is a Hebrew term meaning ""save, I pray,"" and it is used in Christian worship to express praise and adoration for God."
"The sun hits the United States first in the state of Alaska, specifically at the Aleutian Islands, due to its location in the westernmost part of the country."
The only two families that have had three generations of Oscar winners are the Hepburn family and the Kennedy family.
The chief justice of Ghana is Justice Kwame Kesse.
Nicolaus Copernicus is considered the father of modern cosmology.
Answer: Carl Linnaeus discovered one of the first taxonomic classification schemes.
"The TV show ""The Resident"" features actors such as Matt Czuchry, Emily Prentiss, and Bruce Willis in leading roles."
"""Are You Smarter Than a 5th Grader?"" first aired on September 16, 2006."
The detective in *Little Boy Blue* was played by David Schwimmer.
"The peripheral nervous system is composed of sensory neurons, motor neurons, and ganglia that connect the central nervous system to the rest of the body."
"""Star vs. the Forces of Evil"" returned in 2018 with its third season, which premiered on April 13, 2018."
"The Daytona Clash is a race that features drivers from the NASCAR Cup Series, Xfinity Series, and Truck Series, with the winner earning a spot in the NASCAR Cup Series playoffs."
Pearls are found in the Arabian Sea and the Bay of Bengal in India.
The Nissan Xterra was discontinued in 2022.
Ctrl+Shift+T is a keyboard shortcut that reopens the last closed tab in many web browsers.
"The song ""Heard It Through the Grapevine"" was first sung by Marvin Gaye."
The theme song for *The Dukes of Hazzard* was sung by Charlie Rich.
"The Coral Sea meets the Pacific Ocean along the eastern coast of Australia, specifically around the Great Barrier Reef."
"The new season of *Are You the One?* typically premieres in the fall, usually around September or October, depending on the network's schedule."
"The beer hall putsch took place in Munich, Germany."
The northernmost land action of the American Civil War occurred in Minnesota at the Battle of Fort Ridgway.
"Molech was a Canaanite deity associated with child sacrifice, and the term is used in the Bible to condemn such practices as abominations."
"The areas of Africa involved in colonization included much of the continent, with European powers such as Britain, France, Germany, Belgium, Portugal, and Italy establishing colonies in regions like West Africa, East Africa, North Africa, Central Africa, and Southern Africa."
Neil Armstrong took the first steps on the moon in 1969.
Arnold Schwarzenegger played John Connor in the original *Terminator* movie.
Neptune is known as an ice giant planet.
The original host of *What's My Line?* was John Daly.
The drummer with the Traveling Wilburys was Jeff Porcaro.
"The name of the Star Destroyer featured in Star Wars is the Star Destroyer, but a specific one associated with Darth Vader is the Executor."
"By 1914, no African countries were still independent, as most of the continent was under European colonial rule."
"The song ""What Is the Best Thing I Never Had"" by The Fray is about longing for a lost love and reflecting on the memories and emotions associated with a past relationship."
The University of Miami played against the Florida Gators last week.
The members of the board of governors of the Federal Reserve are appointed by the President of the United States and confirmed by the Senate.
The Hitchhiker's Guide to the Galaxy was first published in 1979.
There are 272 episodes in Modern Family.
The Eurostar train arrives at London St Pancras International station.
"""The Karate Kid"" (2010) takes place in San Francisco, California."
"Brigitte Bierner played Adaline in the film ""The Age of Adaline."""
The general structure of a URL is: protocol://subdomain.domain.tld/path?query#fragment.
"The statement ""the dose makes the poison"" is attributed to the Swiss physician Paracelsus."
"Brandon Routh played young Clark Kent in the 1978 film ""Superman."""
"Equus first appeared in the fossil record during the Pliocene epoch, approximately 4.8 million years ago."
"In the movie ""The Beat Goes On,"" the character Poppy is played by actress Rachel Bilson."
"The opening ceremonies for the 2018 Olympic Games were held on February 9, 2018, in PyeongChang, South Korea."
"NHL players stay on waivers for a period of 48 hours, during which other teams can claim them."
Answer: The removal of temperature in fire fighting method is known as cooling.
"""Lilo and Stitch: The Series"" Season 1, Episode 1 is titled ""Lilo & Stitch: The Movie,"" which is a direct-to-video sequel to the 1998 film ""Lilo & Stitch."""
"The main functions of the stem are to support the plant, transport water and nutrients, and store food."
The baby in Ghostbusters II was a prop created for the film and was not a real baby.
"The song ""From Russia with Love"" from the James Bond film was performed by the British singer and actor John Barry."
The football player called the honey badger is David Nalbandian.
"The heaviest material in terms of density is osmium, with a density of approximately 22.6 g/cm³."
"The question contains a mix-up; Lee Bowman is a British singer-songwriter, and ""My Dream Is Yours"" is a song by the band The Wombats, not Lee Bowman."
The University of Kentucky has the most conference championships in college basketball.
"In the movie ""Grease,"" Sandy's jock boyfriend is played by John Travolta."
Christopher Lloyd plays the Doc in Back to the Future.
"""Come Fly With Me"" is a song originally recorded by Frank Sinatra in 1958."
"The Charles Bridge is a medieval stone bridge in Prague, Czech Republic."
"The 5000 dollar bill does not currently exist in circulation, so there is no person pictured on it."
"The word ""leviathan"" is mentioned in the Bible in the Book of Job, specifically in Job 41."
The New York Yankees won the American League East in 2017.
Answer: The system of fortifications along France's border is known as the Maginot Line.
"Hope Brady's mother on ""Days of Our Lives"" was Marlena Evans."
"The new Gulfstream G650 typically costs between $50 million and $60 million, depending on the configuration and additional features."
The USS Constitution was captured off the coast of Massachusetts by the British.
Congress passed legislation to fund the National Cancer Institute in 1937.
"The film *Coming Home for Christmas* was filmed in various locations in England, including London, Oxford, and the Cotswolds."
"The winner of the 7-man Elimination Chamber match is determined by the first wrestler to eliminate all other competitors, with the most recent winner being Drew McIntyre at WWE's Elimination Chamber event in 2023."
"In *Real Steel*, the final fight is won by the robot Atom, who defeats the reigning champion, the robot named ""Cinderella."""
"The treatise on perspective, ""De Pictura,"" was published in 1435 by Leon Battista Alberti."
The first Indian to receive an Oscar for lifetime achievement is Satyajit Ray.
"As of my last update in July 2024, Monday Night Football is broadcast on NBC."
Leo Dalton died in a car accident while on a fishing trip.
The record for the most platinum albums is held by The Beatles.
The Battle of Gettysburg ended Britain's support for the South.
"The *Panic at the Disco* album was released on September 24, 2004."
"The Flash Season 4, Episode 3, titled ""The Flash and the Ice King,"" aired on October 12, 2018."
"The iconic animated short educational film ""Ek Anek Aur Ekta"" was directed by Vijaya Bhaskar."
"The English cast of ""Tad the Lost Explorer and the Secret of King Midas"" includes actors such as David Krumholtz as Tad and Lacey Chabert as the voice of the narrator."
The actor who plays Saul on *Grace and Frankie* is Joe Lo Truglio.
Barry Bonds holds the most home runs in MLB history with 762.
"The president of the United States is typically served meals by the White House chefs, who are professional culinary staff employed by the Executive Residence."
The inaugural FIFA World Cup was hosted by Uruguay and won by Uruguay.
There are approximately 900 Cracker Barrel locations in the United States.
Striking the funny bone is actually compression of the ulnar nerve.
The winner of the WWE Championship Elimination Chamber 2018 was Braun Strowman.
"The Montreal Canadiens won the most Stanley Cups in history, with a total of 24 championships."
"The movie ""The Day the Earth Stood Still"" starred Michael Rennie as Klaatu."
The United Kingdom won the Battle of Britain in World War II.
"Shadowhunters season 2 episode 17, titled ""The First Time,"" was released on April 27, 2018."
"Sharon Lawrence played Kelly Taylor's mom, Brenda Taylor, on the show 90210."
The concept of micro financing was developed by Muhammad Yunus in 1976.
The actor who plays Ducky on NCIS is David McCallum.
The first cell phone call was made in 1973 by Martin Cooper from a prototype mobile phone on the streets of New York City.
The breed of cat that has spots and stripes is the Bengal cat.
The monomer building blocks of DNA and RNA are nucleotides.
The third largest state in the USA by area is Texas.
The short wave broadcast service typically uses the amplitude modulation (AM) mode.
Cerebrospinal fluid flows from the cerebral aqueduct into the fourth ventricle.
The baby in the movie *Dirty Dancing* is 2 years old.
Lord Howe Island became a World Heritage Site in 1982.
The right but not the obligation to buy foreign currency is a call option.
"The Great British Bake Off 2017, also known as Series 7, consisted of 12 episodes."
"The first baseball player to be featured on a postage stamp was Jackie Robinson, who appeared on a 32-cent stamp issued by the United States Postal Service in 1997."
A G Wagon is a type of luxury off-road vehicle produced by Mercedes-Benz.
The last time Congress passed a complete budget was in 2001.
The last time Scotland won the Calcutta Cup was in the 2018 Rugby Union Test Match against England.
"Dragon Ball Super episode 131 was released on July 11, 2018."
"The song ""I Knew the Bride (When She Used to Rock and Roll)"" was sung by The Beatles."
"The term ""liberal arts"" originated in ancient Greece and Rome, referring to the studies considered essential for a free person to develop intellectual and moral virtue."
"""When a Man Loves a Woman"" was written by Carole King."
The site of secretion of H+ and Cl- is the parietal cells of the stomach.
"In ""Sailor Moon,"" the talismans are possessed by the Sailor Guardians, specifically Sailor Moon, Sailor Mercury, Sailor Mars, Sailor Jupiter, and Sailor Venus, who each have their own unique talisman."
"The TV show theme song ""Would You Like to Swing on a Star?"" is from the animated series *The Adventures of Jimmy Neutron: Boy Genius*."
"Haploid cells in the human body are found in gametes, specifically sperm cells and egg cells."
"The Three Little Pigs is a traditional fairy tale that has been told and retold for centuries, with its origins dating back to the early 19th century."
"The California Gold Rush took place in California, primarily in the Sierra Nevada mountains, starting in 1848."
There are approximately 125 strong verbs in German.
"The submarine during the Civil War was invented by the Confederate engineer and naval officer, John L. Worden."
"Roger Federer has won more Grand Slam titles in tennis than any other player, with a total of 20 titles."
Chandra and Bhaga rivers meet at the place called Harike.
The recipient of the first Jnanpith Award was a writer in the Malayalam language.
"The cast of *Despicable Me 3* includes Steve Carell as Gru, Kristen Wiig as Lucy, Tony Hale as Vector, Miranda Cosgrove as Margo, and Chloe Grace Moretz as Agnes."
The tiger's name in *Life of Pi* is Richard Parker.
"The presiding officer of the legislative council in India is the Chairman, who is elected by the members of the council."
The winner of Rising Star 2 will be the one who gets the ticket to the finale.
Referring to the organs of reproduction is called genitalia.
The two battles of El Alamein were fought in Egypt.
The printing press was invented by Johannes Gutenberg in the year 1440.
"The song ""Always Be Humble and Kind"" was written by Jason Isbell and the band The 400 Unit."
Answer: Midazolam.
The last time the women's hockey team won gold was at the 2022 Winter Olympics in Beijing.
"The region of Antarctica where ""March of the Penguins"" was filmed is the Gerstlern Valley in the eastern Antarctic."
"The film that won the Oscar for Best Animated Feature in 2007 is ""Ratatouille."""
"Gideon dies in the episode titled ""The Human Factor"" (Season 5, Episode 18) of Criminal Minds."
"The first line of an HTTP request to the server is the request line, which includes the method, the requested resource, and the HTTP version."
"The next Commonwealth Games are scheduled to be held in 2026 in Birmingham, England."
The multiplication sign on the computer is typically represented by an asterisk (*).
"The allosteric site of an enzyme is a region distinct from the active site where regulatory molecules bind, inducing a conformational change that affects the enzyme's activity."
"The New York Yankees have won the most World Series in baseball, with a total of 27 championships as of the 2023 season."
"The towns on the border of Texas and Oklahoma include Amarillo, Canyon, and Woodward."
"The player with the most rushing yards in a Super Bowl is Jim Brown, who rushed for 153 yards in Super Bowl IV."
"In photosynthesis, the carbon in CO₂ is initially fixed to the molecule ribulose bisphosphate (RuBP)."
"The statement that ""religion is the opiate of the masses"" was made by Karl Marx."
The first village in Karnataka to declare independence was Nanjangud in 1946.
"The song ""Once Upon a Dream"" at the end of *Maleficent* was sung by Lana Del Rey."
"The last person to be executed in the United States was Lee Harvey Oswald, who was killed by Jack Ruby in 1963, though he was not executed by the state."
"The story *The Great Gatsby* takes place in the fictionalized version of Long Island, New York, during the summer of 1922."
Division II football teams are allowed to offer up to 75 scholarships per team.
"The player who scored the most goals in a Premier League season is Alan Shearer, with 34 goals in the 1995–96 season."
"The song ""Cry Baby"" in the movie *21 Grams* is performed by the band The Cramps."
"Before the arrival of the English, Jamestown was inhabited by the Powhatan Confederacy, a group of Native American tribes."
"The corporate tax rate in Great Britain is 19% for most companies, with some exceptions and reduced rates for small and medium-sized enterprises."
"The song ""I Want to Rock and Roll"" is performed by The Beatles."
There are 12 seasons of *The Smurfs* television series.
"The song ""City of New Orleans"" was written by Louis Armstrong and Joe ""Fats"" Domino."
"""I'm Like a Bird"" by Drake came out on September 23, 2022, as part of his album *Her Loss*."
"The phrase ""God is great, beer is good"" is sung by the band The Beatles in their song ""All You Need Is Love."""
"""Night at the Museum 3"" was filmed from April to June 2012."
Answer: President James K. Polk added a press room to the White House in 1849.
The first documented case of tool mark identification was in 1835 by Sir William James Herschel.
"The 49ers beat the Broncos in Super Bowl XXXIII, the Cowboys in Super Bowl XXIX, the Bills in Super Bowl XXIII, and the Rams in Super Bowl XXI."
"Charkie from Curious George is a small, white, fluffy dog with a distinctive black nose, often depicted as a playful and mischievous character."
"Mucosal associated lymphoid tissues (MALT) are present in the mucous membranes lining various body cavities, such as the respiratory, digestive, and urogenital tracts, to provide immune surveillance and defense against pathogens encountered at these surfaces."
"The International Monetary Fund (IMF) promotes international monetary cooperation, facilitates trade, provides financial assistance to countries with balance of payments problems, and monitors the global economy."
"The verse 1 John 5:7 was added to the Bible in the 16th century, specifically in the King James Version, and is not present in the original New Testament manuscripts."
"The Saskatchewan River starts at the confluence of the South and North Saskatchewan rivers near Prince Albert, Saskatchewan, and ends at the Nelson River near Churchill, Manitoba."
Calpurnia's son in *To Kill a Mockingbird* is named Walter.
The first and second major religions in France are Catholicism and Islam.
The plane of Earth's orbit is called the ecliptic.
Another name for the water cycle is the hydrologic cycle.
"The Champions League Round of 16 typically starts in February of the calendar year, following the group stage and knockout phases."
Wisconsin ranks 23rd in land area among the 50 states.
*A Wrinkle in Time* started filming in 2017.
Mr. Willoughby in *Sense and Sensibility* was played by Alan Badel.
The men's single title of the Australia Open on 1 February 2015 was won by Stan Wawrinka.
Nathan gets in a car accident when he is driving home from work and hits a deer on the highway.
"In Western culture, the white stork is a symbol of good luck, particularly associated with the arrival of newborn babies."
The first Arjuna Award in athletics was given to K. M. Bhanu Prakash in 1961.
"The song ""Good Night"" on The Beatles' White Album is sung by John Lennon."
"Season 5 of *Ruby* was released on June 10, 2022."
"The Winter Olympic Games are being held in Beijing, China, in 2022."
The Nitty Gritty Dirt Band's album *Fishin' in the Dark* was released in 1970 and is known for its folk-rock sound and storytelling lyrics.
"The nickname given to railroad executives due to the shady practices of their businesses was ""Robber Barons."""
"The first Star Trek Enterprise ship was the USS Enterprise (NCC-1701), which debuted in the original Star Trek series in 1966."
The full scientific name for the E. coli bacteria is Escherichia coli.
"Answer: Rain, sleet, or snow that contains a high concentration of acids is called acid precipitation."
The first Grammy Award for Best New Artist was won by Ray Charles in 1959.
"The Christmas tree at Rockefeller Center is sourced from a remote forest in the northeastern United States, typically from the state of Maine."
"The new season of *Lost in Space* premiered on September 16, 2023."
"The Organ Mountains are located in southeastern New Mexico, within the Organ Mountains–Desert Peaks National Monument."
"Creating appropriation bills falls under the power of Congress to appropriate funds, which is an exclusive legislative power granted to Congress."
"The hobbits in The Lord of the Rings were played by Ian McKellen as Gandalf, Elijah Wood as Frodo Baggins, and other actors such as Sean Astin as Samwise Gamgee, Dominic Monaghan as Merry, and John Rhys-Davies as Gimli."
"The United States joined World War One on April 6, 1917."
"The three-point line was introduced in the 1960s, with the NBA officially implementing it in the 1979-80 season."
The Colorado River created the Grand Canyon through the process of erosion over millions of years.
The rate-limiting enzyme of the Krebs cycle is citrate synthase.
"The House of Representatives has two-year terms for its members, while the Senate has six-year terms for its senators."
"The FTP header displays information such as the server's welcome message, command responses, and file transfer status in clear text."
The University of Michigan has the most Big Ten championships in football.
"SS stands for ""Steam Ship"" on naval ships, though it is more commonly associated with merchant vessels, while naval ships typically use the designation ""USS"" (United States Ship)."
The hormone released from the ruptured follicle or corpus luteum is progesterone.
"In *The Lord of the Rings*, the elves go to Valinor on the boat, a place of light and peace beyond the borders of Middle-earth."
"Paris Saint-Germain (PSG) has won the Champions League once, in the 2022-2023 season."
Georgia State University added its football team in 2010.
"The most recent winner of the men's singles title at the Australian Open is Novak Djokovic, who won in 2023."
"The longest English word in the dictionary is ""pneumonoultramicroscopicsilicovolcanoconiosis."""
The Wimbledon games are held in London.
"Leonardo DiCaprio won the Oscar for Best Actor for his role in ""Titanic."""
Australia II won the America's Cup in 1983.
"As of the 2023-2024 NBA season, LeBron James has scored 38,116 points in his career."
Sound travels fastest through solids.
"There is no movie titled ""Cat in the Hat Knows a Lot About Space."""
"The back in black album was sung by AC/DC's lead vocalist, Bon Scott."
The race in *Grease* took place at the drive-in movie theater.
"""Bennie and the Jets"" was released in 1973."
"""The Witch and the Hundred Knight 2"" was released for Nintendo Switch on October 21, 2022."
Jim Carrey plays Jack Skellington in The Nightmare Before Christmas.
The last time the Denver Nuggets made the playoffs was in the 2022-2023 NBA season.
The winner of the first Indianapolis 500 was Ray Harroun.
"As of my last update in July 2024, there is no official release date for the next episode of ""My Next Guest Needs No Introduction With David Letterman,"" but new episodes typically air weekly on CBS."
"The last name Hidalgo originates from the Spanish word ""hidalgo,"" meaning ""nobleman"" or ""gentleman,"" and was used as a surname in Spain and Latin America to denote noble lineage."
"The book of Revelation is found in the New Testament of the Bible, specifically as the last book in the New Testament."
"As of the most recent data, Sergio Agüero has played in the most Premier League derbies, with 34 appearances for Manchester City."
"As of the latest available information, the current chairman of SEBI is Ajay Tyagi."
"The Central Budget in Lok Sabha is presented by the Minister of Finance, currently Nirmala Sitharaman."
"An example of a government monopoly in the United States is the United States Postal Service (USPS), which has exclusive rights to deliver mail."
"World War One began on July 28, 1914, and ended on November 11, 1918."
The character Ethel on *The Doris Day Show* was played by Jeanne Bal and later by Jeanne Crain.
"""Somewhere There's a Place for Us"" was written by Shakin' Stevens."
"The peanut butter jelly time song originated from a 2003 viral video on YouTube featuring a man named Richard ""Ric"" Rude, who lip-synced to the song while dancing in his kitchen."
"In the movie ""Coming to America,"" the Jewish man, played by the character Prince Akeem, is portrayed by actor Eddie Murphy."
"In ""Beauty and the Beast,"" Belle is primarily voiced by Paige O'Hara in the 1991 animated film."
"In The Lord of the Rings, the ring of power is the One Ring, which was created by the Dark Lord Sauron to control the other Rings of Power."
"The first Christmas tree in the UK was introduced by Queen Victoria's husband, Prince Albert, in the 1840s."
"A flash drive typically has a limited number of write cycles, usually ranging from 10,000 to 100,000 writes, depending on the specific model and technology used."
The inner core of the Earth is primarily composed of solid iron and nickel.
Season 4 of The Flash consists of 23 episodes.
"The new Mary Poppins movie, ""Mary Poppins Returns,"" features Emily Blunt as Mary Poppins, along with actors like Lin-Manuel Miranda, Emily Blunt, and others in supporting roles."
*The Old Man and the Sea* by Ernest Hemingway contains 127 pages.
"""Mount and Blade with Fire and Sword is set during the late 15th century, specifically during the Wars of the Roses in England."""
The nearest metro station to Gandhi Nagar in Delhi is Patel Nagar.
"""Looking for a Sunset Bird in Winter"" was written in 1968."
"The Winter Olympic Games are currently being played in Beijing, China, from February 4 to February 20, 2022."
"The plague that struck Athens was devastating because it spread rapidly in the overcrowded and unsanitary conditions of the city, and there was no effective treatment or understanding of its cause."
"Baseball teams that have not won a World Series include the Milwaukee Brewers, Seattle Mariners, and Tampa Bay Rays, among others."
"""Ain't Living Long Like This"" was written by Paul McCartney."
Octopus belong to the group of animals known as cephalopods.
"The new football stadium in Atlanta is called Mercedes-Benz Stadium, located at 1215 West Paces Ferry Road in the Buckhead district."
"The last God of War game, God of War (2018), was released on April 20, 2018."
The zords in the Power Rangers movie are the giant mechanical creatures that the Power Rangers combine to form their mega robots.
"The hole in the ozone layer over Antarctica is caused by the breakdown of ozone molecules due to chlorine compounds from human-made chemicals like CFCs, which are more pronounced in the cold, dry conditions of the stratosphere over Antarctica."
"The last name Waller is of Germanic origin, derived from the personal name Walder, meaning ""forest ruler."""
The music for *The Phantom of the Opera* was composed by Andrew Lloyd Webber.
The last time Michigan won a national championship in basketball was in 1989.
The winner of the ICC Under 19 World Cup 2018 was India.
Anant Chaturdashi is celebrated in honor of Lord Vishnu.
"The United States did not stop trading with Japan; trade between the two countries has continued, although it has been affected by various historical events such as World War II and the Cold War."
The territory in dispute between Spain and the United Kingdom is the island of Gibraltar.
"""Will You Never Walk Alone"" was first released in 1945 as part of the musical ""Carousel."""
"The Atlantic Ocean's shape is similar to the letter ""S""."
"The Titanic sank in the North Atlantic Ocean, approximately 370 miles (600 kilometers) south-southeast of Newfoundland, Canada."
The dog's name in *The Grinch Who Stole Christmas* is Max.
India won 66 gold medals in the 2018 Commonwealth Games.
The North fought for the preservation of the United States as a unified nation and to end the expansion of slavery.
"As of my last update in July 2024, there are no official announcements regarding new episodes of *Star Wars: The Clone Wars* (often referred to as *Rebels* in some contexts), so it is currently unknown when the next episode will be released."
"In *Transformers: Revenge of the Fallen*, the character of Mikaela Banes dies."
Perth is the capital of the Australian state of Western Australia.
"If there is a tie for the golden boot, the award is shared by the tied players."
"""Murder on the Orient Express,"" ""And Then There Were None,"" and ""The Murder of Roger Ackroyd"" are three movies adapted from Agatha Christie's novels."
"A cell has condensed visible chromosomes, also known as sister chromatids, during the prophase of mitosis or meiosis."
"Greenland is geographically part of North America but politically and administratively belongs to Denmark, making it an autonomous territory within the Kingdom of Denmark."
The boiling point of water is 373.15 kelvins.
"The NBA record for the most points scored in a half is 60 points, achieved by Wilt Chamberlain on December 8, 1961, while playing for the Philadelphia Warriors."
"The last name Tavarez is of Portuguese origin, derived from the word ""tavare"" meaning ""to trade"" or ""to deal,"" and it is commonly found in Portugal and among Portuguese-speaking communities."
"The Panama Canal is owned and operated by the Panama Canal Authority, a government agency of Panama."
The vast interior rural area of Australia is known as the Outback.
"The song ""God Gave Rock and Roll to You"" is performed by The Jimi Hendrix Experience."
"The ""shot heard around the world"" refers to the first shots of the American Revolutionary War, fired by American colonists at the Battles of Lexington and Concord in 1775, though the exact individual who fired the first shot is unknown."
The 2017 Men's Singles Mutua Madrid Open tennis champion was Rafael Nadal.
"Character development is achieved through methods such as dialogue, description, action, and interactions with other characters."
"Linkin Park released ""One More Light"" on May 19, 2017."
"The government created propaganda to support the war effort and encourage the sale of war bonds by using posters, films, and speeches to promote patriotism and unity."
The state that forms the western boundary of Montana is Idaho.
"The Edinburgh Fringe Festival takes place in Edinburgh, Scotland."
The first dynasty to issue gold coins in India was the Gupta Dynasty.
A football team typically needs to win at least five games to be bowl eligible.
"The journey in *The Canterbury Tales* starts at the Tabard Inn in Southwark, London."
The first time LeBron James went to the NBA Finals was in 2007 with the Cleveland Cavaliers.
"As of the 2023/24 season, the player with the most Premier League appearances is Gary Lineker, with 692 appearances."
The last time it snowed in England on Christmas Day was in 2010.
"The first Star Wars film, titled ""Star Wars: Episode IV – A New Hope,"" was released on May 25, 1977."
"The movie ""The Star"" was released on December 25, 2022."
George W. Bush carried Florida by 537 votes in 2000.
"The first UK winner of ""Who Wants to Be a Millionaire"" was Chris Tarrant, who won £100,000 in the show's inaugural episode on April 4, 1998."
The actor who played Caesar in *Dawn of the Planet of the Apes* is Andy Serkis.
"Wentworth Season 6 started in Australia on April 2, 2019."
"The North Pole is located at the top of the world map, at 90 degrees north latitude."
Sam in *Clarissa Explains It All* was played by Christina Applegate.
"Puss in Boots grew up with his mother, who was a witch."
"The first Christmas card was commissioned by Queen Victoria and her husband, Prince Albert, in 1836, not 1943."
"A man of God is someone who lives a life of faith, devotion, and moral integrity, often serving as a spiritual leader or exemplar in religious contexts."
"The NFL player with the most NFL rings is Jim Harbaughs, with six rings from his time with the Green Bay Packers and the San Francisco 49ers."
"The most passing yards by an NFL quarterback in a single game is 556 yards, achieved by Drew Brees on October 28, 2007, against the St. Louis Rams."
"The song ""I Wanna Be Like You"" from *The Jungle Book* is sung by Phil Collins."
The new *Pete's Dragon* was primarily filmed in New Zealand.
Cristiano Ronaldo has scored 318 goals in La Liga across his career.
"The opening act for the Foo Fighters at Fenway Park on June 16, 2024, was the band Måneskin."
"The Eagles last played in a Super Bowl on February 5, 2023, when they defeated the Chiefs in Super Bowl LIX."
"South Sudan joined the East African Community on July 18, 2016."
"The NFL started playing in London in 2007 with the first game held on October 28, 2007."
"The world's tallest Jain statue, the Statue of Lord Bahubali, is located in the state of Gujarat in India."
"The phrase ""Beware the ides of March"" was said by the soothsayer to Julius Caesar in Shakespeare's play *Julius Caesar*."
The Maple Leafs play hockey at the Scotiabank Arena in Toronto.
"Nana in Snow Dogs is a mixed-breed dog, specifically a mix of a German Shepherd and a Husky."
"Hyderabad became a part of India on September 17, 1948, when the Indian Army captured the city from the Nizam of Hyderabad."
Thomas Edison made possible the first reproduction of the human voice on the phonograph.
"Wonder Woman was released on Blu-ray on May 13, 2018."
"The song ""I Dreamed a Dream"" from *Les Misérables* was originally sung by Amanda Plummer in the 1998 film adaptation, though it has been performed by various artists in different productions."
The current time in the Alaska Time Zone is 10:00 AM.
"""Winter Big Brother"" is not a recognized or official title, so there is no specific start date for it."
"The NFL game in London is played at the Twickenham Stadium in London, England."
The quarterback for the Green Bay Packers is Jordan Love.
The face in the A Team was played by Dirk Benedict.
The Battle of Bonhomme Richard took place off the coast of Corsica in the Mediterranean Sea.
"The last time the Eagles were at the Super Bowl was on February 4, 2023, when they lost to the Chiefs in Super Bowl LVI."
"The original singer of ""Fool If You Think It's Over"" is Shakin' Stevens."
"Kevin Bacon stars in the movie ""Kevin Probably Save the World."""
"A Pat O'Brien Hurricane contains rum, orange juice, pineapple juice, and grenadine."
The United States shared the Oregon Country with Britain.
"In Big Boss Kannada 5, the final elimination was Shivaay, who was evicted on the last night of the competition."
"Real Madrid won La Liga in the last 10 years, securing titles in 2016, 2017, 2018, 2021, 2022, and 2023."
Tiger Woods has played in the most Masters tournaments.
Beryl Markham flew across the Atlantic in 1932.
"Some special products made in Mississippi include Southern Comfort whiskey, Delta blues music, and sweet tea."
"The Euromillions draw consists of 5 main numbers and 2 Lucky Star numbers, making a total of 7 numbers."
"The heart of palm is found at the base of the palm tree, specifically in the central, tender portion of the trunk."
"The charter of rights and freedoms is enforced by the courts, which interpret and apply it to ensure that laws and government actions comply with its provisions."
The Buccaneers' quarterback when they won the Super Bowl was Tom Brady.
Season 3 of *Good Witch* consists of 22 episodes.
"The theme from ""A Summer Place"" was released in 1959."
The two extracellular fluid compartments in the body are the intracellular fluid compartment and the extracellular fluid compartment.
"In 1945, the Labour Party came into power in England."
"As of 2017, there is no universally agreed-upon answer to who the best director in Bollywood is, as it depends on personal preferences and criteria such as box office success, critical acclaim, and cultural impact."
"The population of Keystone Heights, Florida is approximately 12,343 as of the latest estimates."
"The term ""sustainability"" began to be widely used in the late 19th century, but it gained significant traction in the 1980s with the publication of the Brundtland Report."
The Cowboys started playing on Thanksgiving Day in 1966 when they began their annual Thanksgiving Day game.
Emma in *H2O: Just Add Water* was played by Rachel Boston.
"In the UK, ""fancy dress"" refers to wearing costumes or formal attire for a specific event, often for parties, carnivals, or themed gatherings."
"The new Tappan Zee Bridge, officially named the Robert F. Kennedy Bridge, was completed and opened to traffic on December 15, 2017."
"The five pillars of Islam are Shahada (faith), Salah (prayer), Zakat (charity), Sawm (fasting during Ramadan), and Hajj (pilgrimage to Mecca)."
"""I'm a Celebrity... Get Me Out of Here!"" starts in the UK on Sundays at 8:00 PM on ITV."
Gina Carano plays Meredith Quill in Guardians of the Galaxy 2.
"A mayor in Texas can serve unlimited terms, as there is no term limit specified in the Texas Constitution."
"The first time the internet was used was in 1969 when the ARPANET, the precursor to the modern internet, was established."
"""Hallelujah I Just Love Her So"" was written by Stuart Hamblen."
"The oldest man elected president of the USA was James Buchanan, who was 65 years old when he took office in 1857."
The 2019 Cricket World Cup was held in England and Wales.
The ceiling of the Florence Cathedral was painted by Giorgio Vasari.
"The author of the hymn ""Great Is Thy Faithfulness"" is Thomas Chisholm."
"""Sleeping Freshmen Never Lie"" takes place in a high school setting, specifically focusing on the experiences of new students adjusting to the academic and social environment."
"The word that means separation of church and state is ""secularism."""
The actor who plays Dr. Avery on Grey's Anatomy is Justin Chambers.
"Season 13 of America's Got Talent premiered on May 21, 2018."
"The animal on earth with the longest lifespan is the ocean quahog, a type of clam, which can live over 500 years."
"The first session of the Muslim League was held in Dhaka, Bangladesh, in 1906."
"The Democratic Republic of the Congo primarily trades with China, India, Belgium, France, and other neighboring African countries, exporting minerals like copper, cobalt, and diamonds."
The name of India's 29th state is Jharkhand.
"The last time Miss Texas won Miss America was in 2022, when Olivia Jordan was crowned Miss America 2022."
"The new deal program that limited production in industry was the National Industrial Recovery Act (NIRA), which established the National Recovery Administration (NRA) to set production standards and limit output to prevent overproduction."
The University of Virginia was beaten by the University of North Carolina in the 2023 NCAA Men's Basketball Championship.
Two atoms of the same element that are covalently bonded share electrons to form a covalent bond.
Don Quixote's horse's name is Rocinante.
Annie McEnroe played Morticia in the Addams Family TV show.
"Pac-Man was released in the United States on May 22, 1982."
"As of 2023, the United States owes China approximately $1.1 trillion in debt."
A subdural hematoma is the type of hematoma that results from torn bridging meningeal veins.
"The song ""I'm Gonna Run Away from You"" was sung by The Beatles."
A complex sentence contains an independent clause and a dependent clause.
"The Remember the Titans camp took place in Talledega, Alabama."
"In the Criminal Minds episode ""The Miseducation of Elle Greenborne,"" JJ becomes a profiler after being temporarily suspended from her role as an FBI agent."
The most fundamental unit of life according to the cell theory is the cell.
India has 104 national parks.
"The remake of *Wake in Fright* was filmed in Queensland, Australia."
"The atomic number of indium, which belongs to the 5th period, is 49."
No bowler has taken a hat-trick in both innings of a Test match.
The synthesis of new DNA from existing DNA occurs during the S phase of the cell cycle in the nucleus.
The prosecutor on Law & Order: SVU is played by Sam Waterston.
"The ship Hector arrived in Pictou on June 21, 1803."
The mom on the TV show *Mom* is played by Allison Janney.
"The song ""The Joker"" by The Kinks was released in 1968."
"The Bigg Boss Tamil house is located in Chennai, Tamil Nadu, India."
"""Yakkity Yak Don't Talk Back"" was written by Bob Thompson."
Bill Mumy played Dr. Smith in Lost in Space.
The University of Arkansas won the NCAA basketball championship in 1994.
"The original *Flight of the Phoenix* (1965) was filmed in the United States, primarily in the Mojave Desert in California."
"Derrick Rose played for the Chicago Bulls, Milwaukee Bucks, New York Knicks, Cleveland Cavaliers, and Minnesota Timberwolves during his NBA career."
Points outside the production possibilities curve represent combinations of products that are unattainable with the current level of resources and technology.
"This year, ""Dancing on Ice"" is filmed at the Ice Bucket Arena in Milton Keynes, England."
A hairpin bend is also known as a switchback.
The theme song for *Laverne & Shirley* was sung by Nancy Sinatra.
"The Dallas Cowboys play on Thanksgiving, typically hosting the game at their home stadium, AT&T Stadium."
A request to the supreme court that it review a case that was already decided is made via a writ of certiorari.
"The last volcano in Iceland erupted on February 20, 2021, when the Fagradalsfjall volcano in the Reykjanes Peninsula became active."
Robert Griffin III is playing for the Washington Commanders.
"The United States fought against the United Kingdom and its colonial allies, including Indigenous nations allied with Britain, during the War of 1812."
"India's first Arctic research station, established in 2008, is named Himadri."
The name of the black man in *To Kill a Mockingbird* is Tom Robinson.
"Cooling water runs through the condenser to remove heat from the system, allowing the vapor to condense into liquid."
The name of the son of Lord Krishna is Pradyumna.
"The New England Patriots have the most expensive Super Bowl ring, valued at approximately $1.5 million."
"The song ""I'm Going to Soak Up the Sun"" is performed by The Beatles."
"""RT"" on a Dodge car typically stands for ""Road and Track,"" indicating that the vehicle is equipped with performance enhancements and features designed for track driving."
"Water in New York City comes from reservoirs in upstate New York, including the Catskill/Delaware and Hudson River systems."
"Michael Constantine played Mike Stivic on ""All in the Family."""
The grandmother in *Game of Thrones* is played by Carolyn R. Ramey.
"The main characteristic of post-World War II American society was a period of significant economic growth, suburban expansion, and cultural optimism."
The name of the skin between your nostrils is the philtrum.
The leader of the Zulu in South Africa who led the fight against the British was King Shaka Zulu.
"The Pro Bowl halftime show is typically performed by a popular musician or musical group, with past performers including Bruno Mars, Katy Perry, and Usher."
"Rigor mortis is important in meat processing as it indicates the time since an animal's death and helps in determining the stage of meat maturity, which affects tenderness and quality."
Right to property according to the constitution of India is a legal right guaranteed under Article 300A.
Today Gestalt psychology ideas are part of cognitive psychology.
Answer: Cls bank deals with transactions arising out of the clearing and settlement of securities and funds in the context of financial markets.
Aluminium is a non-ferrous metal.
One beer typically contains about 12 to 15 grams of alcohol.
"A yellow 35 mph sign indicates a speed limit of 35 miles per hour, typically found in school zones or areas with heavy pedestrian activity."
"The specific answer depends on the season and year, but in the 2023 season of *The Amazing Race*, the last place finishers were Team ""Dancing with the Stars"" (comprising Kristi Yamaguchi and her partner)."
"The extensor pollicis longus tendon is located on the dorsal (back) side of the wrist and forearm, running along the radial side of the hand."
"The Chaplet of Divine Mercy is typically prayed at the first hour of the day, specifically at 3:00 p.m., which is the hour of Jesus' death on the cross."
"The 2017 World Chess Championship was held in London, United Kingdom."
The DJ on In Living Color was Prince.
The first person to record with the electric guitar was Lyonel Feininger.
The grand tour season 2 episode 2 celebrity guests were Lewis Hamilton and Chris Evans.
"The new season of Law & Order: SVU typically premieres in the fall, usually around September or October, depending on the network's schedule."
"The song ""Say You Won't Let Go"" is sung by James Arthur."
The geocentric view is credited with being developed by the ancient Greek philosopher Aristotle and later formalized by Claudius Ptolemy.
The first high-level language operating system was created at the Massachusetts Institute of Technology (MIT).
A legislative act passed by Congress is an example of federal law.
"The last episode of *The Flash* was ""The Flash: Legacy"" (Season 7, Episode 17), which aired on June 22, 2023."
"In *The Wizard of Oz*, the Wicked Witch of the West wants a heart."
The voice of Chucky in *Seed of Chucky* is played by Brad Dourif.
The latest version of Microsoft Office 2010 is Office 2010 Service Pack 2 (SP2).
"The American forces, led by General Horatio Gates, won the Battle of Saratoga in 1777."
Creatine in the body is primarily synthesized in the liver and kidneys from the amino acids arginine and glycine.
The Battle of Britain flight is based at RAF Northolt.
"As of now, the president of the United States is Joe Biden."
"The song ""Suddenly"" was sung by Olivia Newton-John."
The movie *Proof of Life* takes place in a remote area of the Andes Mountains in Peru.
"The Mapp v. Ohio case involved the United States Supreme Court, the state of Ohio, and Dollree Mapp, a woman whose home was searched without a warrant."
Answer: The sixteenth century physician who published was Andreas Vesalius.
The cross on a letter T is called a crossbar.
"The series ""Killing"" on Netflix consists of 10 episodes."
Season six of *Nashville* consists of 22 episodes.
The Teddy Bear Dog is a breed of dog that is a cross between a Poodle and a Pomeranian.
"The Eiffel Tower has three levels, each offering different views and visitor experiences."
The first season of *The Crown* consists of 6 episodes.
The first chief minister of West Bengal was Prafulla Chandra Roy.
"The Walking Dead comics are released on a monthly basis, typically on the 1st of each month."
The originator of the plan-do-check-act model of performance improvement is Walter A. Shewhart.
The United States Supreme Court Justice who has served on the International Court of Justice is Robert H. Jackson.
"The main crops grown in the United States include corn, soybeans, wheat, rice, and cotton."
The Football Hall of Fame inducted 306 players as of the 2023 class.
The famous objective co-relative theory was given by John Stuart Mill.
"The song ""Photograph"" by Ringo Starr was written by John Lennon and Paul McCartney."
"The first prime minister of France was Jean-Baptiste-Camille Roze, who served from 1791 to 1792."
"Peter Sarsgaard played Truman Capote in the film ""In Cold Blood."""
"The film *The Remains of the Day* was filmed in England, primarily at locations such as the National Trust properties at Broughton Castle and Wavendon Hall."
Germany eliminated Costa Rica in the 2014 World Cup.
The weapon carried by the Grim Reaper is typically referred to as a scythe.
"The Battle of Bull Run started on July 21, 1861."
"The first kind of vertebrate to exist on Earth were the jawless fish, which appeared during the Cambrian period."
"The song ""She's Always a Woman to Me"" was written by Jerry Leiber and Mike Stoller."
"The first season of America's Got Talent was won by the group ""The Pussycat Dolls."""
"In the early 1800s, California society was dominated by the Spanish and Mexican settlers, known as Californios."
"At 7 weeks, the presence of a gestational sac and yolk sac but no baby may indicate an early pregnancy, a blighted ovum, or an ectopic pregnancy, and further imaging or follow-up is necessary."
The United States last lost the Olympic medal count in the 2020 Tokyo Olympics.
"This season's Survivor takes place in a remote location, typically a tropical island or a secluded area, though the exact location varies by season."
"The song ""Something Just Like This"" is performed by The Fray."
"Dry ether is used in the Williamson ether synthesis reaction to prevent hydrolysis of the alkoxide ion, ensuring the reaction proceeds efficiently."
Lady Talisa in *Game of Thrones* is played by actress Nathalie Emmanuel.
The population of the Roman Empire at its height is estimated to have been around 50 to 60 million people.
"The phrase ""train of thought"" originates from the metaphorical idea of a train, representing a sequence or progression of ideas, and was first used in the 17th century."
The reproductive system differentiates a male from a female.
Fertilization is the process of the fusion of an egg with a sperm.
"The first kings to issue coins bearing their names were the Lydians, specifically King Croesus of Lydia, around 545 BCE."
"In the movie ""The Jackson 5,"" Michael Jackson was played by actor Jesse Jackson."
"The stars in *Dancing with the Stars* are celebrity contestants who participate in the dance competition, with professional dancers partnering them throughout the season."
"The show ""They Think It's All Over"" was hosted by Tony Blackburn."
Red Bull entered the United States market in 1999.
Tom Brady was not the New England Patriots' quarterback; he was the New England Patriots' quarterback from 2000 to 2019.
"As of the most recent data, there are 11 casinos in Atlantic City, New Jersey."
"The Great Fire of London ended on September 6, 1666."
"The singer of ""Kal Ho Na Ho"" is Lata Mangeshkar."
"""The Passion of the Christ"" came out on March 25, 2004."
"""Star Wars: The Clone Wars"" Season 3, Episode 1 is titled ""The Jedi Who Knew Too Much"" and features the capture of Jedi Master Obi-Wan Kenobi by the Trade Federation."
The United States is both a country and a nation.
"The driver with the most podium finishes in Australia is Mark Webber, with 12 podiums."
John Steinbeck wrote *Of Mice and Men* in 1937.
Faith on *When Calls the Heart* is played by actress Erin Cottrell.
The movie *The Glass Castle* was filmed in New Zealand.
There are five seasons of *Prison Break* available on Netflix.
"The turn of the screw takes place when the protagonist, Frampton, begins to experience supernatural occurrences at the isolated estate."
"The longest-serving member of the House of Representatives in history is James K. Polk, who served for 28 years, from 1825 to 1853."
"The first *Fast & Furious* movie came out on June 24, 2001."
"The second half of Vikings Season 5 aired on June 16, 2018."
"The Salton Sea is home to various fish species, including the tilapia, mosquitofish, and carp."
"The song ""You've Got a Friend in Me"" was sung by Randy Newman."
"The strongest earthquake in the United States was the 1964 Great Alaska Earthquake, with a moment magnitude of 9.2."
"The song ""Put Your Hand in the Hand of the Man Who Stilled the Water"" was written by Bob Dylan."
The white castle that Harold and Kumar go to is located in New York City.
The 7th Central Pay Commission of India was headed by Justice B. K. Nehru.
"Season 3 of *The Detour* was filmed in various locations across Canada, including Vancouver, British Columbia, and other nearby areas."
"John Goodman plays the voice of Sulley in Monsters, Inc."
The largest state in the United States by land mass is Alaska.
"Dress blues in the Army are worn for formal occasions, such as ceremonies, inspections, and special events, and are typically worn on days when the weather is cool."
"The current presenter of *I'm a Celebrity... Get Me Out of Here!* is Chris Tarrant, who has been hosting the show since its inception in 2002."
"Congress declared war for the first time on June 18, 1798, when it authorized President John Adams to use force against France during the Quasi-War."
"The longest Panic! at the Disco song title is ""The Day the World Went Away."""
The actor who played Mark on the show *The Rifleman* was Johnny Crawford.
"The last name Orózco originates from the Spanish surname, which is derived from the Basque name ""Orozko"" and is associated with the Basque region in Spain."
"Marley died on Christmas Eve, the same day Scrooge encounters the ghost of Jacob Marley."
"A girl typically wears an engagement ring on her right hand, usually on the ring finger."
The art and science of making objects from clay is called pottery.
"""I Ain't Mad at Cha"" by Flo Rida featuring T-Pain was released on May 13, 2008."
Communities of similar organisms found in a particular environment are called ecosystems.
"During a Christmas party in 1929, the west wing of the White House was damaged when a chandelier fell and shattered, causing injuries to several guests."
Tom Hagen in the Godfather series was played by Robert Duvall.
"The song ""I Hate You I Love You"" was written by Shelly Peiken."
"The theme tune to ""Mum"" on BBC2 is sung by Kate Rusby."
"The general term for software that is designed to damage, disable, or steal data is malware."
Nepal is located on a convergent plate boundary where the Indian Plate collides with the Eurasian Plate.
Answer: Chemicals produced in one part of a plant that affect the growth and response of other parts are called plant hormones or phytohormones.
The basic steps of rational decision making include defining goals and identifying alternatives.
"The song ""If She Knew What She Wants"" was written by Diane Warren."
"In the 2018 Winter Olympics men's figure skating, the medals were won by Yuzuru Hanyu of Japan (gold), Anton Shibalkin of Russia (silver), and Shoma Uno of Japan (bronze)."
"The Ottoman Empire in the 1500s was ruled by the sultans, with Sultan Suleiman the Magnificent being the most notable ruler during that period."
The Chief Election Commissioner of India is appointed by the President of India.
"The song ""I've Told You, Love"" by The Shins is a popular indie rock track that showcases the band's signature melodic and introspective style."
"The legal drinking age in the United States was changed to 21 on July 17, 1984, with the enactment of the National Minimum Drinking Age Act."
Eukaryotes typically have multiple origins of DNA replication.
The halftime show at Super Bowl 51 was performed by Bruno Mars.
"World War II officially started on September 1, 1939, with Germany's invasion of Poland, and it ended on September 2, 1945, with Japan's formal surrender."
"The new ""Death of Superman"" comic book series was released in 2023 as part of DC Comics' ongoing superhero storytelling."
"The winner of the Road March in Trinidad and Tobago is determined annually by the public through voting, with the most popular song receiving the title."
Herbert Hoover was elected president of the United States in 1928.
The theme song to *Law & Order* was written by Jack Douglas.
The Angel of the North was built between 1994 and 1998.
"The actor who plays Lois's dad, Frank Griffin, on Family Guy is Michael Rosenbaum."
"In ""Alvin and the Chipmunks,"" the character David is played by Jesse McCartney."
"The Tennessee Titans football stadium is located in Nashville, Tennessee."
"As of 2023, the salary of the CEO of Microsoft, Satya Nadella, is approximately $24.3 million."
"According to the constitution, members of the House of Representatives are directly elected."
"The Suez Canal is located in Egypt, connecting the Mediterranean Sea to the Red Sea."
Baga beach is in the north of Goa.
The Disney cartoon character whose middle name is Fauntleroy is Jiminy Cricket.
The Romanticism period started in the late 18th century and ended in the mid-19th century.
The three-act Puccini opera first performed in 1900 is *La Bohème*.
The largest Great Lake in North America is Lake Superior.
"The song ""What Child Is This"" was written by William Chatterton Dix."
"The gothic art movement is not attributed to a single individual but emerged in the 12th century in France, with key developments associated with architects such as Abbot Suger."
The use of aluminum wiring in Ontario was largely phased out by the early 1970s due to safety concerns.
"Nuclear energy is used most in the world in the United States, which has the largest number of nuclear reactors and the highest total nuclear electricity generation."
The U.S. flag was carried by Allyson Felix during the 2014 Winter Olympics opening ceremony.
"As of now, there is no official announcement regarding the release date of the next Apollo book."
"The last time LeBron James scored 50 points was on April 10, 2023, in a game against the Memphis Grizzlies."
"The borders of Africa's countries were largely created by European colonial powers during the late 19th and early 20th centuries, with the Berlin Conference of 1884-1885 playing a significant role in formalizing these divisions."
"The British Empire controlled an entire continent, Africa, through its colonial holdings during the 19th and early 20th centuries."
The winner of the Best Boy Band award at the iHeartRadio Music Awards was One Direction in 2013.
It became law to stand for the national anthem in the United States in 1942 with the passage of the Flag Code.
"The character of Santa Claus is based on a combination of various historical and cultural figures, including the Norse god Odin and the 4th-century Christian saint Nicholas."
The Convention on the Rights of the Child was created by the United Nations General Assembly.
"The song ""The Glory of Love"" was written by Paul McCartney."
"The words ""Ich bin ein Berliner"" were spoken by U.S. President John F. Kennedy during his address in West Berlin on June 26, 1963."
"The American national anthem at the Super Bowl has been sung by various artists over the years, with Whitney Houston being the first to perform it at the event in 1991."
Tbilisi.
"The Four Seasons Hotel in Las Vegas is owned by the Four Seasons Hotels and Resorts, a luxury hotel chain."
"In the Roman Republic, only adult male citizens who were not slaves were allowed to vote."
A sedimentary rock forms from material that has accumulated on the Earth's surface.
The sport psychology sub-field of performance enhancement deals primarily with improving athletes' mental skills and psychological factors to optimize their performance.
"The PRR first began its passenger service between Pittsburgh and Philadelphia on July 4, 1852."
"Luke and Lorelai get back together in the season 6 finale of ""Gilmore Girls,"" after they reconcile and decide to start over."
"Mowgli's main enemy in *The Jungle Book* is Shere Khan, the man-eating tiger."
"As of the 2023 season, the number 95 car in NASCAR is driven by Justin Allgaier."
The wire season 5 theme song is sung by The The.
Dorian Tyrell is played by David Tennant when he puts on the mask.
"The winner of ""India's Next Superstar"" is not a singular individual, as the show has had multiple winners over the years, including Shreya Ghoshal, Sonu Nigam, and others."
The independence movement in Greece occurred as a result of the Congress of Vienna.
"The film ""It Happened at the World's Fair"" was shot on location at the 1964 New York World's Fair."
"The song ""Make You Feel My Love"" was written by Bob Dylan."
"Emma Watson plays Hermione Granger, not Harry's mom. Harry's mom is Lily Potter, played by Emily Watson."
The membrane on the surface of the stomach is called the visceral peritoneum.
The men's ice skating gold medalist at the 2018 Winter Olympics was Yuzuru Hanyu from Japan.
"The song ""I'll Sleep When I'm Dead"" is performed by the band The All-American Rejects."
"In the United States, the use of lead in residential paint was banned in 1978."
"Caroline gets turned into a vampire in the episode ""The New Moon"" (Season 1, Episode 12) of *The Vampire Diaries*."
The artist who has won the CMA Entertainer of the Year award the most is Garth Brooks with eight wins.
The winner of season 2 of The Great British Bake Off was Sue Perkins.
"This year's Army Navy Game is played at Lincoln Financial Field in Philadelphia, Pennsylvania."
"""Someone's Watching Me"" is a song performed by Michael Jackson."
"The first settlers in San Antonio were the indigenous Tonkawa and Karankawa peoples, followed by Spanish explorers and missionaries in the 17th and 18th centuries."
"The actor who played Cory's older brother, Topanga, on ""Boy Meets World"" is Danielle Fishel."
"The player with the most receiving yards in NFL history is Jerry Rice, with 22,895 yards."
Red blood cells in adults are primarily made in the bone marrow.
The halftime show for Super Bowl 2018 was performed by Bruno Mars.
There are 7 episodes in Game of Thrones Season 7.
The last time the University of North Carolina (UNC) did not make the NCAA Tournament was in 2017.
"The music video for One Direction's ""What Makes You Beautiful"" was filmed in London, England."
"The name ""de la Rosa"" originates from the Spanish phrase ""de la rosa,"" meaning ""of the rose,"" and is often used as a surname or family name."
"SIP stands for Session Initiation Protocol, which is used for initiating, maintaining, and terminating real-time sessions in the NGN (Next Generation Network) and IMS (IP Multimedia Subsystem) context."
"In an autocracy, the leader or ruling authority makes the important government decisions."
"The name ""Habib"" means ""dear one"" or ""beloved"" in Arabic."
The United States has won the most Olympic gold medals in history.
"The order of finishers for the Grand National can vary each year, but as of the most recent race in 2023, the first, second, and third place horses were ""The Jockey"" (first), ""Dundaddy"" (second), and ""Belle Vue"" (third)."
"The movie *The Book Thief* was released on November 2, 2013."
The princess in *Kingsman: The Secret Service* was played by Sophie Cookson.
The editor of the journal Jugantor during the time of the Swadeshi movement was Madan Mohan Malaviya.
"The theme song for the movie ""The Man with the Golden Gun"" was sung by Gladys Knight and the Pips."
"The movie *Road to Perdition* takes place in Chicago, Illinois, during the 1930s."
The hormones of the anterior pituitary are created in the hypothalamus and then transported to the anterior pituitary via the hypophyseal portal system.
The voice of Mewtwo in Pokémon: The First Movie was provided by James Horan.
James Watson and Francis Crick proposed the first accurate model of DNA in 1953.
"The phrase ""I will not go quietly into the night"" is from the poem ""Do Not Go Gentle into That Good Night"" by Dylan Thomas."
"The joyful mysteries of the holy rosary are the first set of mysteries, which include the Annunciation, the Visitation, the Nativity of Jesus, the Presentation of Jesus at the Temple, and the Finding of Jesus in the Temple."
"The very last episode of *That's So Raven* is titled ""The End"" and aired on May 16, 2007."
A coherent set of values and beliefs about public policy is called a political ideology.
"As of the most recent data, Lowe's operates approximately 130 stores in Canada."
Brant Daugherty plays the character Ezra Fitz in *Pretty Little Liars*.
"The New Day won the WWE Tag Team Titles on April 12, 2015, at WrestleMania 31."
"Young George Bailey is the son of the protagonist George Bailey in the film ""It's a Wonderful Life."""
"The plane was missed by Buddy Holly, Ritchie Valens, and The Big Bopper on February 3, 1959, which is famously known as the day the music died."
"As of now, there is no official release date for ""The Flash"" Season 4, as the series has not been renewed for a fourth season."
"As of my last update in July 2024, there is no confirmed information about a new movie featuring Ajay Devgn and Sonakshi Sinha."
Ireland gained its independence from England in 1922 with the establishment of the Irish Free State.
Jodie Foster played the girl in *The Silence of the Lambs*.
"The tallest building in the world of all time is Burj Khalifa in Dubai, standing at 828 meters (2,717 feet) tall."
Edie Adams played Mrs. Trumbull on *I Love Lucy*.
The successful commanding general of the Northern forces in the Civil War was Ulysses S. Grant.
"The red wolf is native to the southeastern United States, primarily inhabiting areas in North Carolina, and has been reintroduced in parts of Texas and Arizona."
"The ""V"" sign in front of the mouth typically represents a gesture of peace, victory, or a playful ""shush"" to indicate silence."
"At the end of *The Da Vinci Code*, Sir Leigh Teabing dies after being shot by the protagonist, Robert Langdon."
The XIX of the Social Security Act of 1965 established the Medicare program.
The winner of the best actor award at the 64th National Film Festival in 2017 was N. T. Rama Rao Jr.
"Real Madrid has won the European Cup (now known as the UEFA Champions League) 14 times, including their victories in Paris, which occurred in 1956, 1957, 1958, and 2022."
The limit of resolution of the human eye is approximately 100 micrometers.
The foundation of the school of possibilism was laid by the French geographer Lucien Febvre.
"The Mall of America was built to serve as a large shopping mall and entertainment destination, offering a wide range of retail stores, dining options, and attractions."
"Television was first introduced in the United States in the 1920s, with regular broadcasts beginning in the early 1930s."
"The small business tax rate in Canada is 9% on the first $500,000 of active business income, with an additional 3% surcharge on the portion of income exceeding $500,000, resulting in a maximum rate of 12%."
The present president of Assam Sahitya Sabha is Dr. Birendra Kumar Bhattacharyya.
"The closure of the ductus arteriosus typically occurs within the first few days after birth, usually by the time the infant is 3 to 5 days old."
"Love is not love that alters when it alteration finds, meaning that true love remains constant and does not change when circumstances change."
"The most runs ever scored in a single MLB inning is 19, achieved by the 1898 Chicago Pirates in the 8th inning against the Louisville Colonels."
"The South Pole is located at the southernmost point on Earth, at 90 degrees south latitude, directly opposite the North Pole on a map."
The greatest English composer of the Baroque period is considered to be Henry Purcell.
The setting of *A Doll's House* is a middle-class household in Norway during the late 19th century.
The tradition of self-government in America began with the establishment of the Mayflower Compact in 1620.
"Shalom in English means peace, but it also conveys a broader sense of well-being, harmony, and wholeness."
The spinal cord becomes the cauda equina at the level of the first or second lumbar vertebra.
The country with the smallest population in Europe is Vatican City.
The biggest airport in the US by land area is Hartsfield–Jackson Atlanta International Airport.
The voice of Mrs. Wolowitz on *The Big Bang Theory* is provided by Carol Ann Susi.
"""War Don't Let Me Down"" is sung by The Rolling Stones."
"The song ""After You've Gone"" was written by Frank Loesser."
"The saying ""get out of dodge"" originates from the 1960s and is believed to have been popularized by the television show ""The Prisoner,"" where characters would ""dodge"" to avoid being caught."
"Notre Dame and Michigan State are scheduled to play again in the 2024 College Football Playoff National Championship on January 14, 2024."
"The first line of ""We Are the World"" was sung by Michael Jackson."
"The player with the most Gold Glove awards at shortstop is Ozzie Smith, who won 10 Gold Gloves during his career."
"""I'm in the Mood for Love"" was written by Frank Sinatra, though the lyrics were originally written by Jimmy Van Heusen and the melody by Johnny Mercer."
The robot maid in *Richie Rich* is played by Jennifer Tilly.
"As of the most recent data, there are approximately 5,800 hospitals in the United States."
"The University of Michigan School of Public Health is consistently ranked among the top public schools of public health in the United States, often in the top 10 according to U.S. News & World Report."
"African countries that begin with the letter ""A"" are Algeria, Angola, and Zambia."
The Immigration Act in Canada was first passed in 1869.
"The Indian myna bird originated from the Indian subcontinent, including present-day India, Pakistan, and Bangladesh."
"The guy on *Keeping Up with the Kardashians* is Kim Kardashian's husband, Kanye West."
"""Catch Me If You Can"" was made in 2002."
"The word ""physiology"" was first used by the French physiologist Réaumur in 1737."
"To play Mexican Train, you need a standard set of 28 dominoes."
"The filename extension used for all Java source files is "".java""."
The Taj Mahal was built and completed in 1648.
The Premier of the Northern Cape in 2018 was David Maynier.
The last time the New York Rangers won the Stanley Cup was in 1940.
"The cast of the movie *Pride of the Marines* includes actors such as John Wayne, Robert Taylor, and Ward Bond."
"Cybermen first appeared in Doctor Who in the 1966 serial ""The Tenth Planet."""
"The last time the New York Giants won the Super Bowl was in 2011, when they defeated the New England Patriots in Super Bowl XLVI."
The player who has scored the most half centuries in test cricket is Sachin Tendulkar.
The Earth orbits the Sun in a counterclockwise direction when viewed from above the North Pole.
"""The Curious Case of Benjamin Button won two Academy Awards (Oscars): Best Picture and Best Cinematography."""
"The longest tenure as moderator on Meet the Press was held by Tim Russert, who served from 1991 to 2008."
"The song ""It's My Party and I'll Cry If I Want To"" is sung by Earth, Wind & Fire."
"The minimum size of a UDP datagram is 8 bytes, which includes the header without any data payload."
The insured is represented by their insurance agent or broker in the investigation of a claim.
Former presidents receive Secret Service protection for life.
"""Billy Ocean's song 'When the Going Gets Tough (The Tough Get Going)' was featured in the 1991 movie *The Mask*."
"The United States entered World War I on April 6, 1917."
"The most home runs by two teammates in a season is 12, achieved by the 1998 New York Yankees, with Babe Ruth and Lou Gehrig."
"The states in the northeast region of the United States are Connecticut, Maine, Massachusetts, New Hampshire, New Jersey, New York, Pennsylvania, Rhode Island, and Vermont."
"The ""Make it or break it"" moment for an athlete's Olympic qualification typically occurs during the final qualifying event or competition, where their performance determines whether they earn a spot on the Olympic team."
The R10+20 summit in Rio de Janeiro was held in September 2012.
Judas Iscariot sold out Jesus for 30 pieces of silver.
"The player with the most 70-point games in NBA history is Wilt Chamberlain, who scored 70 points or more in 10 games."
"Tight junctions can be found in the body in epithelial tissues, such as the lining of the intestines, bladder, and blood-brain barrier, where they help to form selective barriers and maintain tissue integrity."
"In the movie *8 Mile*, Jimmy's mom is played by Kim Basinger."
"Frank Langella plays the dad, Frank Langella, in Malcolm in the Middle."
The winner of the ladies' ice skating event at the most recent Olympics was Alina Zagitova of Russia.
The length and direction of a straight line between two locations or positions is known as a vector.
Answer: Converting a stereo signal to a mono signal is called mono summing.
Japan has a constitutional monarchy with a parliamentary system of government.
The Ming Dynasty completed the great wall of China.
"Union Station in Washington, D.C. is located at 901 New York Avenue NW, in the heart of the city's downtown area."
"The song at the end of *Beauty and the Beast* is sung by the cast, with Celine Dion providing the vocals for the final version of ""Beauty and the Beast."""
"""Super Robot Monkey Team Hyperforce Go!"" is a 2004 animated series that features a team of anthropomorphic monkeys with superpowers who fight against the forces of darkness, but it is not a fighting game."
"The show ""The Crossing"" was filmed in various locations in Canada, including Vancouver and Prince George."
"""Lord Have Mercy on the Working Man"" was written by John Lennon."
Led Zeppelin was refused entry into Singapore in 1970 because the band members had long hair.
"The term ""pop music"" comes from the abbreviation of ""popular music,"" reflecting its focus on music that is appealing to a wide audience."
John Sutter discovered gold in the Sierra Nevada of California in 1848.
"The seven gifts of the Holy Spirit are wisdom, understanding, counsel, fortitude, knowledge, piety, and fear of the Lord."
The winner of season 5 of Hell's Kitchen was Michael Symon.
"Jenna gets her sight back in the episode titled ""The One Where They Get Their Sights Set"" from Season 5 of Pretty Little Liars."
The last time the South Sydney Rabbitohs (referred to as the Crows in some contexts) were in the NRL Grand Final was in 2021.
"In the new DuckTales (2017), Scrooge McDuck is played by Alan Tudyk."
The process that divides one nucleus into two genetically identical nuclei is called mitosis.
"Kenny Rogers sang ""Mary Did You Know"" with the group The First Edition."
"The movie *Karate Kid* came out on April 27, 1984."
"Becoming a santero involves undergoing rigorous training, initiation, and spiritual dedication under the guidance of an experienced santero, often including the study of traditional practices, rituals, and the use of sacred objects."
The data link layer of the OSI model handles physical addressing.
"The Jawaharlal Nehru Centre for Advanced Scientific Research (JNCASR) Jakkur Campus is a premier research institution located in Bangalore, India, dedicated to interdisciplinary research in science and technology."
"The second largest mall in America is the Mall of America, located in Bloomington, Minnesota."
Jell-O Pudding Pops were discontinued by the company in 2018.
The tea used in the Boston Tea Party came from British East India Company ships that were docked in Boston Harbor.
"The five compulsory prayers in Islam are Fajr, Dhuhr, Asr, Maghrib, and Isha."
"The rules of the U.S. House of Representatives and the U.S. Senate are determined by each chamber individually, with the House establishing its own rules through the Rules Committee and the Senate setting its own rules through a process involving the majority leader and the Senate parliamentarian."
Patti Smith is known as the punk poet who used poetry in their music.
"The last episode of *The Flash* aired on June 21, 2023."
"The person who sang last night on Saturday Night Live depends on the specific episode, as the musical guest varies each week."
Gareth Bale has scored the most points for Wales against France.
"The song ""Oh What a Night"" was performed by the Four Seasons in 1963."
"In *Puella Magi Madoka Magica*, Madoka becomes a magical girl after making a wish to become a magical girl and signing the contract with Kyoko and Homura."
"Whitney Houston wrote ""I Want to Dance with Somebody"" herself."
Zinc was first added to pennies in 1982.
"Ahana from ""Dil Sambhal Ja Zara"" is also known by her real name, Anjali Sharma."
The last year Thanksgiving was on the 23rd was 1935.
The air gap on a dishwasher prevents contaminated water from the sink from flowing back into the dishwasher's drain line.
"In the movie ""The Deep End,"" Ben is kidnapped by the antagonist, who is revealed to be a former marine biologist named Dr. Malcolm K. Rourke."
"The star cast of ""Ab Tumhare Hawale Watan Sathiyon"" includes actors like Anil Kapoor, Jaya Bachchan, and Shashi Kapoor."
The theme song to *All That* is sung by The Romantics.
The most recent technological change to the U.S. economy was the rapid advancement and integration of artificial intelligence and automation across various industries.
"Before Islam, the religion in Persia was Zoroastrianism."
Johannes Gutenberg is often associated with printing the first book using movable type in Germany.
"As of the most recent data, the world's largest company in terms of revenue is Saudi Aramco."
One of the first to chart the course of forgetting over time was Hermann Ebbinghaus.
The whip in Congress is responsible for keeping track of members' voting intentions and ensuring party unity by encouraging members to vote according to the party's position.
The original Scooby-Doo theme song was sung by Frank Welker.
The Guinness Book of World Records was started by Sir Hugh Beaver in 1951.
"Red ear slider turtles lay their eggs in moist, well-drained soil, typically in a shallow depression near water."
"Season 7 of ""Race to the Edge"" was released on November 15, 2023."
"Darrell is not a character in ""The Walking Dead""; the show's main characters include Rick Grimes, Carl Grimes, and other members of the group."
The rearview mirror is used in vehicles for rear view.
"Cora married King Leopold in ""Once Upon a Time."""
"The song ""Tie a Yellow Ribbon Around the Old Oak Tree"" is sung by Tony Orlando and Dawn."
"The crown of thorns starfish, *Acanthaster planci*, is native to the Indo-Pacific region, including areas such as Australia, Indonesia, and the Philippines."
"The diary of a wimpy kid was filmed in various locations, including New York City, New Jersey, and parts of Canada."
The electron transport chain pumps protons from the mitochondrial matrix into the intermembrane space.
The 2018 FIFA World Cup was held in Russia.
"The electromyogram (EMG) can determine the timing, intensity, and pattern of muscle activation during contraction."
"The minimum dollar amount for federal court jurisdiction in civil cases is $75,000."
The French film pioneer who introduced the newsreel in 1910 was Georges Méliès.
Answer: The victim was asking for it is an example of a victim-blaming statement.
"Antibodies are made by B lymphocytes, also known as B cells, in response to antigens."
"In *Home Alone 2: Lost in New York*, Kevin's family goes to Paris, France."
"The Planet of the Apes movie series includes ""Planet of the Apes"" (1968), ""Beneath the Planet of the Apes"" (1970), ""Escape from the Planet of the Apes"" (1971), ""Conquest of the Planet of the Apes"" (1972), ""Battle for the Planet of the Apes"" (1973), and the 2001 remake ""Planet of the Apes."""
"The first toy released by Nintendo was designed by Fusajiro Yamauchi, the company's founder."
"The winner of the Entertainer of the Year award in country music is determined annually by the Academy of Country Music (ACM) and has been awarded to various artists, including Garth Brooks, Johnny Cash, and Dolly Parton."
"The number 7 for the Green Bay Packers has been worn by several players, including Brett Favre, Aaron Rodgers, and others throughout the team's history."
"Bulls are used on a farm primarily for breeding to produce offspring, such as calves, and sometimes for labor in farming tasks."
"Mr. Schuester and Emma get together in the season 3 finale of ""Glee,"" where they share a kiss after Emma helps him win back his job at the school."
The halftime show for Super Bowl 50 was performed by the country music group Garth Brooks.
"As of 2023, La Sagrada Família is expected to be completed by 2026, though the exact date may still be subject to change."
"""From Now On"" from *The Greatest Showman* was written by Benj Pasek and Justin Paul."
"The Final Four for the 2023 NCAA Men's Basketball Tournament was held in New Orleans, Louisiana."
The last time Arsenal won the Premier League was in the 2003-2004 season.
"The phrase ""let them eat cake"" is traditionally attributed to Marie Antoinette, although its exact origin and usage are subject to historical debate."
"In Great Britain, medical bills are primarily paid for by the National Health Service (NHS), which is funded through taxation."
Russia joined the World Economic Forum in 1996.
"The defect of vision presbyopia can be removed by using convex lenses, which help to focus light properly on the retina."
"The song ""I Put a Spell on You"" in *Hocus Pocus* was performed by Bette Midler."
John André was executed for being an American spy during the Revolutionary War.
"India is currently ranked among the fastest-growing major economies, often placing in the top three globally in terms of economic growth."
Answer: The hands and fingers occupy the greatest portion of the primary motor cortex.
"As of 2023, there are three nuclear power plants in Washington state: Columbia Generating Station, Hanford Site (which includes the N Reactor and the B Reactor), and the decommissioned Peach Bottom Atomic Power Station."
"In Michigan, you can legally buy alcohol starting at 10:00 AM on weekdays and 11:00 AM on Sundays."
The book of Philippians was written to the church in Philippi.
"The 14th season of Grey's Anatomy premiered on September 25, 2022."
The Great Outdoors movie takes place in the White Mountains of New Hampshire.
"The Shannara Chronicles Season 2 is based on the ""Earthshaker"" book in the Shannara series by Terry Brooks."
"Hops are grown in several states in the US, including Washington, Oregon, Idaho, California, and Colorado."
"The chairman of the Election Commission is typically the Chief Election Commissioner, who is appointed by the government and oversees the conduct of elections."
The seat was moved to the capitol in 1819.
"The phrase ""patience is a virtue"" originates from the Bible, specifically from the Book of James in the New Testament."
"""Thomas and the Magic Railroad"" was filmed in various locations in the United Kingdom, including the scenic landscapes of Wales and the Lake District."
The Menendez brothers received prison sentences of 20 years each for the murder of their parents.
"The cast of *A Nightmare on Elm Street* (1984) includes Johnny Depp as Eddie, Nancy Allen as Nancy, and Robert Englund as Freddy Krueger."
General elections in the United States are held on the first Tuesday following the first Monday in November of each even-numbered year.
"The Louisiana Purchase was signed in Paris, France, in 1803."
The chief economic advisor of India is V Anantha Nageswara Rao.
"Jelly beans became associated with Easter in the early 20th century, particularly after the introduction of the Easter Bunny tradition and the commercialization of candy during the holiday."
"The Astros play their spring training games at the George H.W. Bush Stadium in Spring, Texas."
The music for *Shimmer and Shine* is composed by Steve Jablonsky.
"The film ""Far from the Madding Crowd"" starred Carey Mulligan as Bathsheba Everdene."
"The correct spelling is ""Padawan."""
The men's figure skating gold medalist at the 2018 Olympics was Yuzuru Hanyu from Japan.
"As of my last update in July 2024, Namibia does not have a specific minister dedicated solely to youth affairs; however, youth-related issues are typically addressed within the Ministry of Higher Education, Innovation, and Technology."
The Harlem River separates the Bronx in New York City from Manhattan Island.
"When cutting cards, you typically cut to the right if you are right-handed and to the left if you are left-handed."
The dome of the Rock was completed in 691 CE.
Long John Silver lost his leg when he was caught in a cannonball's blast during a battle on the island.
"The spelling of ""lakh"" in English is ""lakh."""
"A City and Guilds qualification is typically at Level 2, 3, or 4 on the UK Qualifications and Credit Framework, depending on the specific course and its complexity."
"The last time the Miami Dolphins went to the Super Bowl was in the 2022 season, where they lost to the Kansas City Chiefs in Super Bowl LVI."
"As of 2023, *Grey's Anatomy* has been on television for 19 seasons."
The CEO of Crate and Barrel is Jeffery A. Wiese.
"The tradition of the piñata originated in 16th-century Spain, where it was used as a festive treat for children, later evolving into a popular element of Mexican celebrations."
"The head ""A"" in Pretty Little Liars is a mysterious antagonist who orchestrates the torment of the main characters, with their identity being revealed as Emily Thorne in the final season."
"The number of students at Monarch High School varies by location, but as of the most recent data, it typically serves around 1,800 to 2,000 students."
"The movie ""Romancing the Stone"" starred Michael Douglas and Kathleen Turner."
The name of the dragon in *Eragon* is Saphira.
"As of the 2023-2024 season, Real Madrid has the most trophies in La Liga with 35 titles."
"The United Kingdom decided to leave the European Union through a referendum held on June 23, 2016."
The Ashwamedha coins were issued by the Mauryan emperor Ashoka after he performed the Ashvamedha sacrifice.
"In *This Is Us*, the main characters live in Boston, Massachusetts."
"Most of Africa's petroleum and natural gas reserves are found in the regions of the Gulf of Guinea, the Sahara Desert, and the East African Rift Valley."
"As of now, there is no official release date for ""Miraculous Ladybug"" Season 2, Episode 12, as the series has not been renewed for a second season."
Betty ends up with Archie in Riverdale.
The most common cause of right ventricular heart failure is pulmonary hypertension.
Tam tams in Montreal typically start at 7:00 PM.
Money as a medium of exchange is a generally accepted means of payment used to facilitate the buying and selling of goods and services.
The main character's name in *Layer Cake* is Nick Naylor.
"The song ""If I Were a Boy"" was written by Beyoncé Knowles, Christopher Wallace, and Ray Blair."
"Cristiano Ronaldo joined Manchester United on July 15, 2003."
"The song ""You'll Be a Woman Soon"" in *Pulp Fiction* is sung by Etta James."
"The Cleveland Browns last winning game was on January 10, 2021, when they defeated the Baltimore Ravens in the AFC Divisional Round of the NFL playoffs."
Factories that assemble parts made in other countries are known as contract manufacturing facilities.
"The ""Not in This Lifetime..."" tour started on May 14, 2017."
"The Gulf Stream, the world's fastest ocean current, flows along the western side of the Atlantic Ocean."
The last time the Jacksonville Jaguars won a playoff game was in the 2007 season.
The minimum number of parties required to enter into a deed is two: a grantor and a grantee.
Cruella de Vil in *101 Dalmatians* was played by Glenn Close.
The Magic Tree House books are classified as children's adventure fiction.
Students for a Democratic Society (SDS) started at the University of Michigan in 1960.
The first Black person to register to vote in the United States was Hiram Revels in 1870.
Sheila Carter on *The Bold and the Beautiful* is played by Jacqueline MacInnes Wood.
"""Sex and the City"" takes place in New York City."
"The band members of The Rolling Stones are Mick Jagger, Keith Richards, Ron Wood, and Charlie Watts."
"Christopher Columbus explored the waters of Cuba, the Bahamas, and Hispaniola."
"The song ""I'll Cry If I Want To"" from the musical ""My Fair Lady"" was performed by Julie Andrews in the 1960s, but the specific version from the 1980s is not widely recognized."
"In the 1991 animated film ""Beauty and the Beast,"" the character Lefou is played by Jonathan Miller."
"The Los Angeles Stadium at Hollywood Park opened on April 2, 2019."
Raquel in *Only Fools and Horses* was played by Kathy Burstyn.
The voice of the beast in the new movie is provided by Idris Elba.
"The first ""Horrid Henry"" book was written in 1993."
"""Return of the Mack"" came out in 2000."
"William Shakespeare's character Romeo says, ""What's in a name? That which we call a rose by any other name would smell as sweet."""
The type of plate boundary associated with Iceland and its volcanic eruptions is a divergent plate boundary.
"The actors who portrayed Doug and Julie in ""Days of Our Lives"" are Todd Haberkorn and Jennifer Aniston, respectively."
"The character known as the ""super fast boy"" in the series ""The Incredibles"" is Dash."
Stephanie's mom on *The Bold and the Beautiful* is Brooke Logan.
The first signatory of the Israeli Declaration of Independence was David Ben-Gurion.
"""Arsenic and Old Lace"" takes place in the fictional town of New York City, specifically in the home of the Brewster family."
"Convergent boundaries can be found where tectonic plates collide, such as along the Andes Mountains, the Himalayas, and the Mid-Atlantic Ridge."
"Fortnite: Save the World first came out on September 4, 2017."
"The beast from *Beauty and the Beast* is a magical, enchanted creature who is actually a prince cursed by a spell."
"""Somewhere Over the Rainbow"" was first introduced in the 1939 film ""The Wizard of Oz."""
"The chain was first used in Formula 1 in the 1950s, specifically in the early years of the sport before the introduction of the modern turbocharged engines."
"The death penalty was reinstated in Oregon on October 1, 1994, following the U.S. Supreme Court's decision in Thompson v. Oklahoma."
The story of the prodigal son was told by Jesus in the New Testament of the Bible.
"The English dubbed episode 564 of One Piece was released on April 2, 2021."
"The first actor, Thespis, stepped out of the dithyrambic chorus to take on a distinct role in a play."
"Elijah first appears in *The Vampire Diaries* in the second season, specifically in the episode titled ""The Dinner Party."""
"The longest pier in the UK is the Hartlepool Pier, which measures 1,320 metres (4,330 feet) in length."
"The tablet of the Ten Commandments is currently housed in the United States Capitol's National Archives in Washington, D.C."
"In Florida, you do not need a permit or license to own a gun, but you must be at least 21 years old and not prohibited by law from possessing firearms."
"Cleavage of the peptide bond by chymotrypsin occurs at the carboxyl side of aromatic amino acid residues such as phenylalanine, tryptophan, and tyrosine."
"The NBA season typically ends in June, with the Finals usually concluding in late June."
"In ""Malcolm in the Middle"" Season 1, Episode 3, titled ""The New Kid,"" Malcolm is sent to a new school, and the episode explores his struggles with fitting in and his family's dynamics."
Most nutrients are absorbed in the small intestine of the human digestive tract.
The leader of the Soviet Union when the Berlin Wall was built was Nikita Khrushchev.
"The term ""prime minister"" was first used in 1721 when Sir Robert Walpole, the British statesman, became known as the first Prime Minister of Great Britain."
"The Eagles won the Super Bowl on February 5, 2018, in a game against the Patriots."
"No single person named all the animals in the world; instead, various scientists, explorers, and cultures have contributed to the naming of animals over time."
The most stable mineral at the Earth's surface is quartz.
"Roddy McDowall played Caesar in ""Planet of the Apes."""
Arnold Schoenberg abandoned traditional harmony and created the twelve-tone system for composition.
The NBC Olympic ice skating commentators include Scott Hamilton and Johnny Weir.
"The band Imagine Dragons comes from the United States, specifically from the state of Nevada."
"New episodes of NCIS Los Angeles typically return in the fall, usually around September or October, depending on the network's schedule."
"Elena turns into a vampire in the TV series ""The Vampire Diaries"" during the third season, specifically in the episode titled ""The Descent,"" when she is bitten by Klaus."
"The country song ""I Can Only Imagine"" was written by Bart Millard, the lead singer of the band MercyMe."
"The water that fills Lake Eyre comes primarily from seasonal rainfall in the surrounding drainage basins, which eventually flows into the lake through rivers and creeks."
"Season 2 of *Just Add Magic* was released on June 10, 2022."
"The latest season of *Keeping Up with the Kardashians* is Season 23, which premiered in 2023."
"The winner of the NFL Coach of the Year award varies each season, with notable past winners including Bill Belichick, Tony Dungy, and Sean Payton."
"In *Conan the Destroyer*, the role of the Virgin was played by Jennifer Connelly."
"The Black Death in England ended in the late 14th century, with the last major outbreaks subsiding by around 1400."
"Paul Walker appeared in several ""Fast and Furious"" films, including ""Fast & Furious,"" ""Fast & Furious 2,"" ""Fast & Furious 3: Tokyo Drift,"" ""Fast & Furious 4,"" ""Fast & Furious 5,"" ""Fast & Furious 6,"" ""Fast & Furious 7,"" and ""Fast & Furious 8."""
"When a boy meets a girl waiting for a star to fall, it often symbolizes a moment of destiny or a magical encounter, suggesting that their meeting is as rare and beautiful as a falling star."
"Christmas, though a Christian holiday, began as a celebration of the winter solstice."
"Qutub Minar in Delhi was commissioned by Qutb-ud-din Aibak, the founder of the Mamluk Dynasty, and completed by his successor, Iltutmish."
"The role of the first lady has evolved over time through various First Ladies, with figures like Dolley Madison, Eleanor Roosevelt, and Michelle Obama significantly shaping and expanding its influence."
"The song ""Two Pints of Lager and a Packet of Crisps"" is performed by the British band The Levellers."
"The last time a hurricane hit the UK was in 2021, when Hurricane Alex made landfall in Scotland."
The Declaration of Independence was written for the thirteen American colonies to declare their independence from British rule.
Susanna in *Legends of the Fall* was played by Frances Fisher.
"The new Raiders stadium, Allegiant Stadium, is being built in Las Vegas, Nevada."
The voice of Templeton in *Charlotte's Web* was provided by Paul Winchell.
"As of 2017, the NBA player with the most championship rings is Bill Russell, who won 11 titles with the Boston Celtics."
The actual name of the Confederate force at Gettysburg was the Army of Northern Virginia.
The last known wolf pack in Yellowstone was killed in 1926.
The new anime from the creators of *Attack on Titan* is *Jormungand* (also known as *Jormungand: Perfect Order*).
"At the end of *King Lear*, the characters who survive are Cordelia and the Fool, though Cordelia is married to the King of France and the Fool is presumably dead."
A deep water fishing boat with many baited hooks is referred to as a longline fishing vessel.
"""Gunsmoke: To the Last Man"" was filmed in New Mexico."
The defensive 3 second rule was implemented in the 1960-61 NBA season.
"As of the 2023-2024 session, the Arizona 9th Congressional District is represented by Andy Biggs, a Republican."
This type of nuclear decay is electron capture.
"The driver of the number 18 car in NASCAR can vary by season and team, but as of the 2023 season, it is driven by Justin Allgaier for the JR Motorsports team."
"The song ""Buddy, Can You Spare a Dime?"" was sung by Bing Crosby."
"The first covenant in the Old Testament is the covenant between God and Abraham, established in Genesis 12."
"Martin Luther King Jr. validated the civil rights movement by proclaiming ""We Shall Overcome."""
Fingerprinting was first used by the police in 1892 by Sir Edward Henry in India.
The AARP generally falls on the liberal to center-left side of the political spectrum.
The United States acquired Puerto Rico after the Spanish-American War in 1898.
"The original singer of ""Help Me Make It Through the Night"" is Johnny Cash."
Answer: Nodding your head no is an example of a nonverbal communication gesture.
"In 1984, Walter Mondale was running as vice president alongside President Jimmy Carter."
"The Democrats controlled both the House and Senate for varying periods, with notable periods including from 1947 to 1952 and from 2009 to 2011."
"""Where's Waldo?"" is a children's puzzle book featuring illustrations of Waldo and his friends in various scenarios, challenging readers to find Waldo."
"As of now, there is no official release date for Beyblade Burst Super Z, as it has not been announced or released yet."
The leader of the Ontario PC Party is Todd Sandford.
The bad guy in *The Good Place* is played by William Jackson Harper.
The CBC (Canadian Broadcasting Corporation) is covering the Winter Olympics in Canada.
"The most polluted city in the world according to the World Health Organization is Lahore, Pakistan."
Public companies are part of the private economic sector.
Season 2 of *Fargo* consists of 6 episodes.
The South African tree with thorns on the trunk is the Natal plum tree (Carissa edulis).
"The jury system was abolished in India in 1971 with the introduction of the Supreme Court (Judicial) Rules, 1971."
"The U.S. Department of Homeland Security was created on November 25, 2002."
"""God Save the Queen"" became the national anthem of the United Kingdom in 1740."
The coach in the Old Spice commercial is played by actor and former NFL player Isaiah Mustafa.
You can obtain a state-issued ID from your local Department of Motor Vehicles (DMV) or a similar government agency in your state.
"Hope is a character on the soap opera ""The Bold and the Beautiful,"" and she is currently portrayed by actress Annie Hargrove."
"""Great Gig in the Sky"" was sung by Clare Torry."
"The line ""Some are born great, some achieve greatness, and some have greatness thrust upon them"" is from Shakespeare's *Twelfth Night*, though it is not directly spoken by a specific character in the play."
"""Thank You for Your Service"" is based in the United States."
The national anthem at the 2002 Super Bowl was sung by Melissa Etheridge.
"The last name Waters is of English origin, derived from the occupational term ""waterer"" or from the habitational name for someone who lived near a water source."
"In ""Lemony Snicket's A Series of Unfortunate Events,"" the character Sonny is played by Neil Patrick Harris."
"The Dust Bowl in Oklahoma ended in the early 1940s, primarily due to the implementation of soil conservation practices and the return of rainfall."
"The cash cab guy reads the questions by looking at the screen in the back of the taxi, which displays the questions and answers for the passengers."
The music for *Your Lie in April* was composed by Joe Hisaishi.
"Style guides and style sheets provide consistency, clarity, and efficiency in design and coding by establishing统一的 standards for visual elements, layout, and formatting."
Unipolar neurons are found in the dorsal root ganglia associated with the spinal cord.
"The Declaration of Independence was signed on July 4, 1776."
"John Hancock signed his name in a large, bold hand, making it the most prominent signature on the Declaration of Independence."
"In Season 3 of *Liam and Annie*, the couple gets together in the final episode, where they officially commit to each other after overcoming various challenges throughout the season."
"""Tujhe dekha toh yeh jana sanam"" is a song from the movie ""Dilwale Dulhania Le Jayenge."""
"""Young and the Restless"" is filmed in Los Angeles, California, at the CBS Studios lot."
New Mexico was admitted to the union as the 47th state.
"Marnie returns in the episode titled ""The Return of the Marnie"" in series 4 of Geordie Shore."
The vascular layer of the eye is the uvea.
The actor who played Crocodile Dundee was Paul Hogan.
A bond that the issuer has the right to pay off before its maturity date is called a callable bond.
"In a market economy, decisions about what to produce are made by individuals and businesses based on supply and demand in the market."
The Dominican Republic gained its independence from Haiti.
The character Little Ricky was played by actor Frank Langella on the I Love Lucy show.
"The song ""I Wanna Be the Only One"" features vocals from Shaggy and is part of the album ""Eternal"" by Shaggy."
"Most of the world's gold is held in private vaults, primarily by central banks, financial institutions, and individual investors."
A home run with a girl is a metaphorical expression that refers to a romantic or sexual encounter that is particularly satisfying or successful.
Andrew Johnson was elected governor of Tennessee in 1865.
"The band who had a hit with ""Heart and Soul"" is the Drifters."
The last time tug-of-war was an official Olympic sport was in 1920.
"The SA node begins electrical signaling at the start of each cardiac cycle, initiating the depolarization wave that propagates through the heart."
"The first elected president of Pakistan was Muhammad Ayub Khan, who took office in 1956."
The founder of El Pollo Loco is Frank Fertitta.
"Dawn on *Nicky, Ricky, Dicky & Dawn* is played by Chloe Grace Moretz."
The central idea of the poem *The Rime of the Ancient Mariner* is the moral and spiritual lesson of respecting all living creatures and the consequences of disrupting the natural order.
"In Season 2 of *The Vampire Diaries*, Rose is a vampire who is introduced as a member of the Original family and is later revealed to be a member of the Salvatore family through a blood bond with Damon Salvatore."
The judge in *Drop Dead Diva* is played by Janeane Garofalo.
"The Indian Ocean is the warmest in the world due to its unique geography, which allows for greater solar heating and less cooling compared to other oceans."
Michael Jordan received his last ring in 1998 after winning his sixth NBA championship with the Chicago Bulls.
"The song ""Blame It on the Bossa Nova"" is sung by Justin Timberlake."
"In *8 Mile*, the characters represent different aspects of hip-hop culture and the struggles of inner-city life, with the protagonist, Eminem, symbolizing the rise of a young rapper from poverty and adversity."
"The last known school shooting in Canada occurred on April 16, 2018, at the École Polytechnique in Montreal."
"The last time Michigan beat Ohio State was on January 1, 2022, in the Rose Bowl."
"The stock market in Hong Kong opens at 9:30 AM Hong Kong Standard Time (HKT) on trading days, which are Monday through Friday, excluding public holidays."
"The vocals for ""Feel It Still"" are performed by the band Miley Cyrus."
Zippo lighters typically use butane as their fuel.
"In ""Ben 10: Ultimate Alien"" Season 1, Episode 2, titled ""The Return of the Plumber,"" Ben and Gwen investigate a mysterious energy source that leads them to discover a new alien being."
"Florida natural orange juice comes from oranges grown in the state of Florida, primarily in regions such as Citrus County, Hardee County, and Polk County."
"The new ""dumping ground"" referred to in 2017 was the release of the game ""Dumping Ground,"" which was released on July 20, 2017."
The type of rock that dominates the Earth's surface is sedimentary rock.
Forney's sister in *Where the Heart Is* is named Lula.
"The first pair of Yeezys, the Yeezy Boost 1, was released on February 12, 2015."
The Tower of London was finished being built in 1078.
"The number of judges in the high court is decided by the legislature of the state or the country, depending on the jurisdiction."
"The radiographic term used to describe the dense bone of the socket and septal crest is ""sphenoid bone."""
The secretary of state for Northern Ireland is Oliver Dowden.
"The 2018 Football Hall of Fame inductees included players such as Chris Wondolowski, Mia Hamm, and others, as well as coach Tony DiCicco."
The third book in the Lunar Chronicles series is *Cinder's Curse*.
The mother of Howard Wolowitz on *The Big Bang Theory* is played by Laurie Metcalf.
"A mini bike is distinguished by its small size, typically featuring a lightweight frame, compact engine, and design intended for off-road or recreational use."
The British city farthest from the sea is Sheffield.
"The mall used in ""Back to the Future"" is the Twin Pines Mall in New Jersey."
"It is impossible for a turkey to be stuffed with a duck stuffed with a chicken, as the chicken would need to be inside the duck, which in turn would need to be inside the turkey, making the turkey the outermost layer."
The initial concept of protons and neutrons was developed by Ernest Rutherford.
The last Summer Olympics held in the United States were in 1984 in Los Angeles.
Oklahoma's 10 geographic regions are defined by surface features called physiographic regions.
The 2017 NCAA Men's Basketball Tournament was won by the University of North Carolina.
"Immigrants entered the United States on the West Coast primarily through ports such as San Francisco, Los Angeles, Seattle, and Portland."
"The D channel in ISDN is used for signaling and control purposes, such as setting up and managing calls."
Natural resources can be divided into renewable and non-renewable resources.
The value of the currency in Paraguay is the Paraguayan Guarani (PYG).
The college that everyone in Gossip Girl goes to is the fictional Constance Billard School.
"The person who will take the throne after the queen dies depends on the specific monarchy and its succession laws, but typically it would be the nearest male relative in the line of succession, or a designated heir."
The domain of Bacteria has more individuals than all other domains combined.
"The name ""Comanche"" is believed to derive from the Kiowa word ""komanci,"" meaning ""people"" or ""friends,"" though the exact origin remains uncertain."
