"The IEEE Frank Rosenblatt Award in 2010 was received by Yann LeCun, Leon Bottou, and Yoshua Bengio for their work on convolutional networks and large-scale learning."
The Oceanography Society's Jerlov Award in 2018 was awarded to Roberta Hammarstrom.
"It is likely that you are referring to Radcliffe College, though it merged with Harvard University in 1999 and is now known as the Radcliffe Institute for Advanced Study."
The Leipzig 1877 tournament was organized in honor of Adolf Anderssen.
"According to Karl Küchler, Empress Elizabeth of Austria's favorite sculpture, made for her villa Achilleion at Corfu, depicted the mythological hero Achilles."
"The surgeon was ordered to pay 20 million naira (approximately €50,000 at the time) to Stella Obasanjo's son."
Obama made this statement to Christianity Today in July 2008.
"Mirza Hameedullah Beg was appointed Chief Justice of India in 1977 by President Fakhruddin Ali Ahmed, on the advice of the Prime Minister at the time."
The former Prime Minister of Iceland who worked as a cabin crew member until 1971 is Jóhanna Sigurðardóttir.
Mehbooba Mufti Sayed contested the 2019 Lok Sabha elections in the Anantnag constituency and lost to Rakesh Singh Arora of the BJP.
"Inter Milan committed 16 fouls in the Champions League final match against Bayern Munich on May 23, 2010."
"The exact release year of the Lego part with ID gal56 is uncertain, but it likely first released in the late 1990s or early 2000s."
Koichi Mizushima received the Kato Memorial Prize in 2005.
The Monash Gallery of Art rebranded as the Museum of Australian Photography in 2023.
The U.S. Coast Guard requested the Federal Aviation Administration (FAA) to implement the temporary flight restriction zone over the Deepwater Horizon operations area.
"Scott Wilson discovered a signature piece of the MOBA — a custom-built, neon-lit computer tower — on the curb between two trash cans."
"It is likely that the player who scored all the conversions for Spain in the rugby match against Romania on February 27, 2022, was Pablo Nieto, though confirmation from a reliable source is recommended."
"The psychiatrist who prescribes medication for Marie Hanson in Season 1, Episode 20 of *Ally McBeal* is Dr. Richard Fish."
"Andrew Tate is not widely known for having a specific kickboxing name or ring name, as he is more prominently recognized for his public persona and controversial online presence rather than his kickboxing career."
John Gilbert Layton was appointed as the Lieutenant Governor of Quebec from 1969 until 1970.
The Gerard P. Kuiper Prize in 2001 was awarded to Eugene Shoemaker for his outstanding contributions to planetary science.
"Kizuna AI won the ""Best VTuber Streamer"" award at The Streamer Awards in 2022."
"Daemon Targaryen tells Rhaenyra, ""You cannot live your life in fear of the whispers of others."""
The Canadian reality series *To Serve and Protect* debuted on the U.S. TV station A&E.
"Alec Aitken played the piano well enough for a professional musician to remark, ""Aitken is the most accomplished amateur musician I have ever known."""
Tara Chand resigned from the Indian National Congress in support of Ghulam Nabi Azad on 18 April 2013.
"Harbhajan Singh's strike rate in the final match of IPL 2015 was 33.33, as he took 3 wickets while bowling 15 overs."
The fortress in the Astral Plane used as a lair by the red great wyrm Ashardalon is known as Mount Celestia.
"Bill Cosby (BSM-471) first appears in Season 3, Episode 5 of *South Park*, titled ""Cartoon Wars Part I."""
"The WWI Q-Ship ""Salvia"" was partially reconstructed with a false counter-stern to resemble a trawler."
"The district in Kashmir originally known as Panwangam is Bandipore, though historical references can sometimes be subject to regional variations and interpretations."
"François Aimé Louis Dumoulin published a collection of 24 engravings themed on the journey of ""Robinson Crusoe"" in 1810."
"Carrie Underwood's album ""Cry Pretty"" was certified Gold by the RIAA on December 12, 2018."
"The character Alfonso Álvarez de Toledo in the series ""El guardián invisible"" is portrayed by actor Álvaro Morte."
"David Sweet, Canadian politician, was born on April 22, 1948."
"The first female governor of Hawaii, Linda Lingle, graduated from Waianae High School on the island of Oahu."
Khusro Bakhtiar announced the government's consideration of establishing a Pak-China business council to promote the private sector's role in CPEC in April 2017.
The first and last name of the woman whom the British linguist Bernard Comrie married in 1985 is Anna Siewierska.
"It is uncertain what the first names and surnames of the figure skaters who came 21st in the ice dance category at the 2022 Winter Olympics in Beijing are, as no 21st-place finish was officially awarded in that event."
Simon Le Bon lived on Kibbutz Lahav in 1978.
"The 1991 Ig Nobel Prize for Peace was awarded to the International Peace Bureau, specifically its then-president Arie van ’t Riet, for the organization's long-standing and persistent efforts to promote peace."
David Chow came to Genoa City on *The Young and the Restless* to work as a financial consultant for Jabot.
"Sterling goes into a rampage in Season 3, Episode 7, titled ""The Man from the Future."""
Mohammed Racim was born on 24 April 1909.
"The Society of Illustrators' first ""Annual Exhibition"" in 1901 featured approximately 500 original artworks, though exact numbers may vary slightly depending on the source."
Eugenius Aristides Nisbet was elected to the Georgia House of Representatives in 1842.
"It was announced on February 2, 2005, that the politician Ibrahim Rugova had been diagnosed with lung cancer."
Howard University was selected by Honda Battle of the Bands (HBOB) in 2022 to be the first-ever HBCU campus to host the in-person event.
"The lyrics to ""Dream Serenade,"" the opening theme song for the radio program ""The American Album of Familiar Music,"" were written by Mitchell Parish."
Etta Cone last visited Europe in 1941.
"Vladislav Kaborda was likely born on April 24, 1999, though the exact date may vary slightly depending on the source."
John Williams was inducted into the Classical Music Hall of Fame in 2023.
The 1985 St. Louis mayoral election was held on April 2.
Approximately 100 units of the Infanterikanonvagn 72 (1952) were delivered to the Swedish army from 1953 to 1954.
Askham Richard first became a conservation area in the year 1980.
The GPS coordinates of Malawi are approximately 13.5° S latitude and 34.0° E longitude.
"The Hubble Telescope entered a partial safe mode on June 13, 2021, following suspected hardware problems in its Wide Field Camera 3 instrument."
"Before 2013, the municipal division of Gusevsky District in Kaliningrad Oblast was incorporated as a municipal district consisting of one urban okrug (Gusev) and several rural settlements."
Martin Haspelmath and Michael Cysouw were affiliated with the Max Planck Institute for Evolutionary Anthropology in Leipzig when they authored the paper.
"Racing's top scorer in the Copa Libertadores 1967 was likely Mario Kempes, though this is uncertain as definitive records from that era may not be fully documented or widely available."
"Mehr Chand Mahajan, the former Prime Minister of Jammu and Kashmir, died on 11 April 1969."
Beloit College's Center for the Sciences was renamed the Diederich College of Communication in 2017.
"The Florentine authorities bought the ""Pitti Tondo"" in 1823 from the shop of the Roman dealer Pietro Santi Bartoli."
The director of the Lebedev Physical Institute of the Russian Academy of Sciences between 1951 and 1972 was Pyotr Kapitsa.
Alain Stanké was made a member of the Order of Canada in 2019.
"The first and last names of the scientist who collaborated with Vincent Joseph Schaefer on the 1943 U.S. patent for ""Method and Apparatus for Producing Aerosols"" are Bernard Vonnegut."
"The Swedish footballer was Nils-Erik ""Nisse"" Ström."
The name of the statue that Rosemarie Trockel made for the city of Frankfurt in 1994 is *Die Grosse G*.
Manchester City finished with 38 points at the end of the 2021-2022 Premier League season.
"Everton were in 19th place, facing relegation, when Rafael Benítez was sacked in the 2021-22 Premier League season."
"The municipality of Sonsón, Antioquia, Colombia, was founded in the year 1542."
Donnie Klang replaced Don Santos as the lead vocalist of the band Immature.
Vince entered the game in Season 3 of *The Circle* (American version) in Episode 5.
The length of Abdullah Bridge in Srinagar is approximately 487 meters.
The University of Alabama purchased approximately 640 acres to expand its campus in 2010.
The first vampire number obtained by a 3×3-digit multiplication is 1260 (1260 = 21 × 60).
"Ila Pant was likely born in the Tehri Garhwal district of Uttarakhand, though precise confirmation may require verification from authoritative biographical sources."
Gang Chen was an assistant professor at the University of Florida from 1993 to 1997.
Ken Skupski won one silver medal representing England at the 2010 Commonwealth Games in Delhi.
Marie Phan replaced Bradie Tennell in the 2021 Skate America.
"Caravaggio likely beat a nobleman identified only as ""the Chevalier of the Order of Saint Stephen,"" though the exact identity remains uncertain due to historical ambiguity."
Natasha Merle was a civil rights fellow at the New York Civil Liberties Union from 2013 to 2015 in New York City.
"The municipality of San Francisco, Antioquia, Colombia, was founded in the year 1620."
"According to Henry Scadding's ""Toronto of Old,"" it is generally stated that around 147 people died when the HMS Ontario sank in 1780, though precise figures are uncertain."
"It was reported in November 2022 that the German Defense Ministry planned to replace its Tornado aircraft with a purchase of 30 Boeing F/A-18E/F Super Hornets, 15 EA-18G Growlers, and 55 Eurofighter Typhoons."
"Barcelona took 5 corners in the Champions League semi-final match against Milan on April 27, 2006."
The two scientists credited with first isolating *Azotobacter salinestris* from saline soils are Zhang and Wu.
"It is highly unlikely that a Venetian artist painted a portrait of Maria Theresia Walburga Amalia Christina in 1730, as she was born in 1717 and would have been only thirteen years old at the time, making such a portrait improbable unless created posthumously or in a fictional context."
"David Russell Wartinbee was born on April 2, 1928."
The International 2016 was played on version 7.0.4 of Dota 2.
The names of the suspects in the Sagar-Runi murder case were announced by Home Minister MK Alamgir in May 2013.
"The forest cover area of Tamil Nadu is approximately 21,823 square kilometers, according to the India State of Forest Report 2019."
"Production for the Crayola color with hexadecimal code #D9E650, named ""Macaroni and Cheese,"" was started in 1958."
"The first CRISPR-edited babies were reportedly born in November 2018, according to a 2019 *Nature* article."
"The winning candidate, Recep Tayyip Erdoğan, received approximately 31,418,145 votes, while Muharrem İnce received approximately 13,193,522 votes, resulting in Erdoğan receiving about 18,224,623 more votes than İnce."
The surname of the individual who won the Gordon E. Moore Medal in 2006 is **Kochi**.
"Elizabeth Esteve-Coll was diagnosed with motor neurone disease, which forced her to step down as Vice-Chancellor of the University of East Anglia."
"Notepad++ version 7.8.8 was likely released on May 15, 2022, though this date is subject to change based on the most current information available."
"F.R.I.D.A. is an acronym for ""Fey Reach Intelligent Design Automaton"" in Critical Role Campaign 3."
"Dolly the sheep gave birth to her first lamb, Bonnie, in May 1999."
The Abasto de Buenos Aires was designed by architects Clorindo Testa and Jorge Ferrari Hardoy.
Monét X Change was originally a member of the House of X before starting her own drag family.
"Sara Duterte resigned from Lakas-CMD on April 1, 2022."
Kara Walker was 34 years old when she first received the MacArthur Fellowship in 1998.
"According to the 2011 Census of India, the village of Bure Nangal in Batala had 159 houses."
"The original surname of conductor David Randolph was ""Davidson,"" before he adopted ""Randolph"" professionally."
"The American Mathematical Society David P. Robbins Prize in 2010 was awarded to Jesus De Loera, David Haws, and Robert H. Schwabe for their work on ""A combinatorial triangulation algorithm for point configurations."""
"The first wooden roller coaster manufactured by Rocky Mountain Construction, The Voyage, officially opened on May 12, 2001."
Reza Aslan received the 2014 National Humanities Medal in recognition of his contributions to the understanding of religion and culture.
The foundation stone of Jamia Millia Islamia was laid by Mahatma Gandhi in 1920.
"Marina Abramović performed *Rhythm 4* (1974) in Belgrade, Yugoslavia."
"Benazir Ahmed, the former Bangladeshi Inspector General of Police, was born on 1 January 1947."
"Britannica released the Google Chrome extension ""Britannica Insights"" on Wednesday, March 23, 2016."
The 1.4.4 patch removed the Silver Armor from the crafting recipe for Jungle Armor in Terraria.
"It is likely that El Anatsui received an honorary doctorate from the University of Aberdeen in 2016, though verifying the exact institution may require additional confirmation."
"The Jensen Interceptor (1950) had a wheelbase of approximately 2,743 millimeters."
The ChemSpider ID of Axitinib is 9403.
Fazal Ilahi Chaudhry joined the Muslim League in 1947.
"President Bujar Nishani became Minister of Interior on December 12, 2005."
"The South Korean Supreme Court ruled in favor of legalizing conscientious objection to compulsory military service on **March 29, 2018**."
"The two puppets that appeared in Atlanta, Georgia-based Round Table Pizza's TV commercials from 2003 to 2005 were named Mr. Peppermint and Mrs. Toffee."
"The Palmolive Hour radio program stopped being broadcast on NBC on June 29, 1948."
"The municipality of Belmira, Antioquia, Colombia, was founded in 1886."
The Kusumbai Motichand Planetarium was established in 1954 at the Fergusson College in Pune.
Billy Miller earned a Daytime Emmy nomination for his portrayal of Jason Morgan in the category of Outstanding Lead Actor in **June 2006**.
Katie Sapienza was eliminated in the first week of Season 1 of The Bachelor.
The 22 Archangels Oracle deck created by Kyle Gray contains 22 cards.
G. S. Mahajan was appointed as the Vice Chancellor of Delhi University in 1967.
"In February 2017, Governor Larry Hogan nominated Wes Moore to serve on the Maryland Commission on Civil Rights."
The contestant who was the 4th runner-up at Miss Supranational 2013 was Mariana Mateo from Venezuela.
"Salvador Dalí's mother, Felipa Domènech, passed away on May 18, 1921."
"Arvind Kejriwal spent most of his childhood in Delhi, Bhopal, and Lucknow."
"Jacques Frédéric Français published such a work in July 1813, although the exact month is sometimes cited with uncertainty."
Kiyoshi Oka entered the Imperial University of Kyoto in 1922 to study mathematics.
"Hsien-Chung Wang had at least one daughter, but the exact number of daughters is not definitively specified in widely available sources."
The first and last name of the third director of the Metropolitan Museum of Art was Thomas H. Rich.
"It is uncertain who set the world record for the longest time spent in a snow globe in 2007, as reliable and widely recognized records for such a specific stunt are not well-documented in mainstream sources."
"The paper titled ""Detecting Driver Mental Fatigue Based on EEG Alpha Power Changes During Simulated Driving"" by Faramarz Gharagozlou et al. reports that six drivers participated in the overnight study."
Jasper Johns commissioned Richard Serra to make a splash piece in 1968.
P. B. Gajendragadkar studied for his M.A. at Fergusson College in Pune.
"Bird Person said, ""You make the right choice. Or the one that lets you sleep at night,"" which is presented in English, as no direct translation from his native language is provided in the show."
"It is uncertain which composer wrote ""Un'alma innamorata"" in 1707, as the attribution may not be definitively established."
The Taj Mahal was built by Mughal Emperor Shah Jahan in memory of his wife Mumtaz Mahal.
The other collection released by Undercover in 2016 alongside 'The Greatest' was 'The Best'.
"The district with the Regional Transport Office (RTO) code SK-06 in Sikkim, India is South Sikkim."
"The architect of Leamington who designed the church of St. John the Baptist, built between 1877 and 1878, was Edward G. Brind."
"NHK Hall, located in Shibuya Ward, Tokyo, began operations on **October 10, 1976**."
"Billene Seyoum Woldeyes studied International Relations at the University of British Columbia, Vancouver from 1996 to 1998."
"The 2018 Word of the Year according to the American Dialect Society was ""a**hole."""
Karl Wilhelm Rudolf von Bennigsen was associated with the German Conservative Party.
Adolf Anderssen had two losses in his 1864 chess match against Berthold Suhle.
"Harees, a dish also known as Hareesa or Harisa, is typically called ""Hareesa"" in Zanzibar, though the term may vary regionally."
Helmut Lang's solo exhibition in Vienna in 2017 was named *Helmut Lang: Fashion in Motion*.
"The Ajah campus of Pan-Atlantic University in Lagos, Nigeria, was completed in 2006."
The director of the Clayman Institute for Gender Research from 1997 to 2001 was Deborah L. Rhode.
The first female chemist to receive the Francis P. Garvan-John M. Olin Medal was Carolyn Bertozzi.
Nancy Amato received two bachelor's degrees in mathematics and computer science from Stanford University in 1986.
"Mr. Mackey first appears in Season 1, Episode 5, titled ""Cartoon Wars Part I."""
Frida Kahlo's first solo exhibit was held for approximately 30 days in July 1938 in New York City.
"Thomas Randolph wrote to the Earl of Leicester on April 26, 1601, expressing his reluctance to commit his opinions on Mary's actions to paper."
"As of December 5, 2012, two major DLCs—*Dawnguard* and *Hearthfire*—had been released for *The Elder Scrolls V: Skyrim*."
"The first person to be an American diplomatic minister to both Romania and Serbia was likely John M. Vincent, though precise historical records on this specific dual appointment are sparse and subject to interpretation."
El Anatsui was awarded the Grand Prize at the Osaka International Art Exhibition in 1998.
The Victoria and Albert Museum bought the small vacant triangle of land opposite its main entrance in 1899 to ensure that the view from Thurloe Square could never be obscured by new buildings.
"The Agnew clan crest depicts a cat, specifically a ""cat seiseant,"" shown ""issuant and regardant Proper."""
"The DOI for the paper ""New avenues and challenges in semantic map research"" is likely 10.1515/sem-2017-0001, but this should be verified through a scholarly database or publisher site to ensure accuracy."
The two presenters of the 16th edition of the Miss World pageant were Bob Hope and Marlene Dietrich.
"Southeastern Louisiana University retired Robin Roberts' jersey on February 16, 2008."
"Briana Scurry married Chryssa Zizos on June 23, 2001."
David Randolph graduated from the City College of New York in 1971.
John Joseph Hall died on 25 October 1991.
"Motaz Azaiza was named Man of the Year by GQ Middle East in 2024, as reported by editor Ahmad Ali Swaid."
"Mereta Mita died on October 29, 2021, and the reason behind her death was complications from breast cancer."
The boiling point of the element dysprosium is approximately 4727°F.
"Atul Gawande earned an M.A. in Philosophy, Politics and Economics (PPE) from Balliol College, Oxford in 1990."
"Teru first meets Mob in Season 1, Episode 1 of *Mob Psycho 100*."
Dana Angluin joined the faculty at Yale University in 1979.
"Toronto mayors Sir Adam Wilson, John George Bowes, and Francis Henry Medcalf were elected to office by the Toronto City Council, which at the time functioned as the governing body responsible for selecting mayors."
The Emil Artin Junior Prize in Mathematics in 2009 was awarded to Melanie Matchett Wood.
August Scherl demonstrated his gyro-monorail to the public at the Berlin Zoo.
"William Cochran's sculpture *Pillar of Fire* is made of 1,200 egg-shaped layers of float glass."
"Foivos Delivorias was born in Athens, Greece."
"Kirsten McAskill is murdered by Royce in Season 2, Episode 4 of *Happy Valley*."
Harold Shipman married Primrose May Oxtoby on 11 January 1955.
"It is uncertain who exactly was the first cardiologist in Kashmir, as historical medical records from the region may be incomplete or unavailable."
Maharaj Kishan Bhan received the Padma Bhushan for civil services in the year 2000.
"Vladas Mironas, the 14th Prime Minister of Lithuania, was born on 23 December 1892."
"Jerry floats around for 10 hours in the episode ""Vat of Acid #2,"" which is Season 1, Episode 6."
Michaela Hübschle was born on 10 April 1972.
Josephine can develop feelings for Cassandra Pentaghast in Dragon Age: Inquisition (2014).
"The Farrer Medal in 2014 was awarded to Professor Matthew E. G. Lyons for his research on plant pathology, particularly in the area of cereal rust diseases."
The name of the group exhibition that Helmut Lang participated in during 2017 in Dublin was *In Plain Sight*.
Metformin was introduced as a medication in France in the year 1957.
The name of Jupiter’s third-largest moon is Io.
"President Kagame received an honorary degree in Ethiopia on May 13, 2016."
"Canal+ Box Office was launched on July 1, 1991."
"The municipality of Boyacá in the department of Boyacá, Colombia, was likely founded in the 16th century, though the exact year is uncertain and subject to historical interpretation."
"Randy Johnston (model) died on August 3, 2020."
The 2nd ASEM Transport Ministers' Meeting began on 22 May 2002.
"Claribel and Etta Cone acquired Henri Matisse's ""Blue Nude"" at the sale of John Quinn’s collection in Paris in 1913."
William Lawrence Morrison graduated from the University of Sydney in 1947.
"The 5th State President of South Africa, serving from 1979 until 1984, was P.W. Botha, and it is likely that he attended Potchefstroom High School, though precise confirmation of his high school attendance requires additional verification."
The sole survivor of the 2019 Saha Airlines Boeing 707 crash was 17-year-old Mehrdad Mohammadi.
"Capcom reported the ransomware attack on March 16, 2021."
Black Condor II perished in *All-Star Western* #6 (1977).
"It is uncertain which specific season and episode Joe Friday killed a burglar stealing from a coin box in *Dragnet 1967*, as detailed records of this exact plot point are not readily verifiable."
Fazal Ilahi Chaudhry was elected as the Speaker of the National Assembly in 1972.
Sharon Needles won one Maxi Challenge in Season 4 of *RuPaul's Drag Race*.
"Richard Nixon retired from the U.S. Naval Reserve on June 30, 1947."
"The first unplanned flight of the General Dynamics F-16 Fighting Falcon occurred on January 20, 1974."
"Phase 2 of Kunming Metro's Line 6 opened on **June 28, 2020**."
Cléo Hamon was born on 21 December 2000.
"It is likely that no eclipse occurred on August 28, 1802, at 51.3°N, 105.7°E, as this date does not correspond to a recorded solar or lunar eclipse in standard astronomical databases."
"Belva Davis made her debut on KTLA, a television station in Los Angeles."
"The four keywords of the paper ""New Avenues and Challenges in Semantic Map Research"" are likely ""semantic maps,"" ""robotics,"" ""perception,"" and ""environment understanding,"" though precise confirmation would require direct reference to the paper's metadata or abstract."
Sergio Garavini was born on 22 April 1943.
Dolmar-Salzbrücke was formed as a Verwaltungsgemeinschaft on 1 January 2019.
"Edward William McBride worked as a compositor for the king's printer, John Cameron, on the York Gazette until April 1815."
"In June 1637, Thomas Ballard of Wandsworth accused Richard Kestian of publicly calling him a liar at the house of William Eldredge in Putney in front of justices of the peace."
"Emperor Xizong of Jin became the emperor of the Jin dynasty on October 25, 1208."
"Henry Charles Howard, 13th Duke of Norfolk, was elected to the House of Commons for Horsham on 14 December 1832."
"The Royal Society of Arts launched the Adelphi Charter in 1980, aimed at creating an international policy statement to frame how governments should make balanced intellectual property law."
"The referee in the rugby match between Georgia and Portugal on February 6, 2022, as part of the 2022 Rugby Europe Championship, was likely Ben Whitehouse, though confirmation from an official source is recommended to ensure accuracy."
"As of March 2016, at least 10 companies and institutions were developing vaccines against Zika, and they stated that a vaccine is unlikely to be widely available for at least 18 to 24 months."
Jun Takahashi won the Naoki Prize in 1997 for his novel *Aru Shima* (*A Certain Island*).
The name of Mob's brother's Spanish voice actor in *Mob Psycho 100* is **José Luis Rivas**.
Ashraf Abbasi remained a member of the West Pakistan Assembly between 1956 and 1970.
"Evil Abed makes his first appearance in *Community* Season 3, Episode 22, titled ""Curriculum Unavailable."""
"According to the 2011 census, the North Mitrovica municipality had a population of approximately 46,000 and the South Mitrovica municipality had a population of approximately 58,000."
"Gabrielle Fitzpatrick starred in all 8 episodes of the first season of ""Roar,"" but it is uncertain whether she appeared in any episodes beyond that, as the series was cancelled after the first season."
"The four machine learning models used in the 2022 research paper titled ""Analyzing EEG Data with Machine and Deep Learning: A Benchmark"" by Danilo Avola et al. are Logistic Regression, Support Vector Machine (SVM), Random Forest, and k-Nearest Neighbors (k-NN)."
"Kamaʻehuakanaloa is the Hawaiian name for the dwarf planet Haumea, which is not traditionally associated with a specific deity in Hawaiian mythology, though it is named after the Hawaiian goddess Haumea, who is associated with fertility and childbirth."
William Butts Ittner served as the president of the Architectural League of America from 1918 to 1920.
The meeting that founded the Fédération Internationale d'Escrime was held in the Palais de Chaillot in Paris.
*Racosperma drummondii* was transferred back to the genus *Acacia* in 2005.
"The distance between the city of Udhampur and the Krimchi Temples in Jammu is approximately 240 to 260 kilometers, depending on the specific route taken."
"The song for the lip sync in Episode 5, Season 1 of *RuPaul's Drag Race* was ""I Want You Back"" by The Jackson 5."
The minor planet discovered by the Soviet astronomer in honor of Pyotr Kapitsa in 1982 was named 4795 Kapitsa.
Elizabeth Esteve-Coll became the first female director of the University of Surrey Library in 1970.
Jeffrey Elison and Geoffrey Hinton were awarded the Rumelhart Prize in 2011.
"The Deccan Plateau is the peninsular plateau of India that extends approximately 900 km, with many peaks rising above 1,000 m."
Homa Shaibany received a scholarship to study medicine at London University in 1946.
Miranda Lambert's album *Revolution* placed 11th on the 2009 US Billboard 200 year-end chart.
The Bell UH-1H Iroquois helicopter had its first flight on 20 October 1960.
"Connie's uncle, who was kicked out of Congress before the apocalypse, was Judith's father, who was also Carl Grimes' father, making him the half-brother of Rick Grimes."
"Yoshua Bengio, Geoffrey Hinton, and Yann LeCun were awarded the Rumelhart Prize in 2014."
"It was John Flaxman who sketched the ""Taddei Tondo"" following its arrival at the Royal Academy and published a letter in the Athenaeum of 3 July 1830 praising its lighting."
The first elephant born in Valencia Bioparc was named Shani.
"Carolina del Príncipe, Antioquia, Colombia, was founded in the year 1723."
"The musical composition for the play *Helen* as presented in the 2022 Athens Epidaurus Festival was likely composed by **Miltos Sachtouris**, though confirmation from the official festival sources would be necessary to ensure accuracy."
"Ancy-Dornot was established on July 1, 1972, following the merger of the communes of Ancy-sur-Moselle and Dornot."
"Frank Schreider, an American explorer, died on August 21, 1999."
"The scientists who used lasers to measure Usain Bolt’s performance in the 100-meter race in September 2011 were likely French, as the measurements were conducted by a team from the French Institute of Sport."
The town of Babanango in the KwaZulu-Natal province of South Africa was founded in 1906.
Matija Radović appeared in 31 games for the Hofstra Pride during the 2017-18 season.
The Miami-Dade County C-Pass was replaced with the SunPass in 2005.
Professor Ascher Herman Shapiro was awarded the Benjamin Garver Lamme Award by the American Society for Engineering Education in 1989.
Julie Mehretu was awarded the Barnett and Annalee Newman Award for the first time in 2006.
The 11th President of the University of Northern Iowa was Donald H. Alden.
The mission director of the Rohini Satellite 1 (RS-1) satellite launch in 1980 was A.P.J. Abdul Kalam.
"House Resolution 7004 was introduced on February 23, 2023."
"It is uncertain who won the gold medal in men's foil at the first European Fencing Championships, as records from the 1921 event may not be widely documented or accessible."
"As of the 2020 Census, the population of Wheatland, Iowa, was 105."
"Ricardo Groenewald, the South African 80s child pop star, was likely born in Pretoria, though specific sources confirming this detail are limited."
Makhdum Khusro Bakhtyar was inducted into the Federal Cabinet of Prime Minister Shaukat Aziz on 16 October 2002.
Mike Bickle endorsed Donald Trump in the 2016 presidential race.
Srinagar was declared a UNESCO Creative City in the year 2023.
Conrad Schintz's dog's full name on *Dimension 20's Mentopolis* was Sir Reginald Fluffington.
Jessica Hahn also accused Jerry Falwell of rape.
"The bridge in Srinagar, Kashmir, that is also known as Alamgir Bridge is the **Zarapora Bridge**."
"The starting class in Dark Souls 1 with 11 vitality, 13 strength, and starting at soul level 4 is the Warrior."
"Emmanuel Adamu is played by Eboni G. Thomas in Season 2 of ""The Bear."""
"It is uncertain which university was awarded the ""Visitor's Award"" for ""Best University"" in 2017 by the President of India, as no official record or credible source confirms the existence of such an award in that year."
The surname of the individual who won the Faraday Lectureship Prize in 1914 is **Heath**.
The scientist who received the Roebling Medal the year after Max Hutchinson Hey likely remains unidentified due to a lack of historical records or recognition of Max Hutchinson Hey under that name in official award databases.
Rugged Lark won the AQHA World Show Superhorse title in 1998 and 1999.
"It is uncertain how many of his early oil portraits English sculptor Robert Adams exhibited in the Northampton Public Library in April 1946, as specific records on this exhibition are not readily available."
The first International Association for Engineering Geology and the Environment congress was held in Montreal in 1975.
"The 2021 Word of the Year according to the American Dialect Society was ""vax."""
"Edward A. Tuttle's patent application, granted on October 11, 1881, was for a machine designed to cut and shape wood, specifically a ""Wood-Cutting Machine."""
The specified maximum speed of the Grumman F4F-3 Wildcat (1937) is approximately 418 kilometers per hour.
The seminal film that Lygia Pape made in 1975 is *Água de Beber*.
"In *Moesha*, Season 5, the character Theresa was played by Tamela Mann."
"According to the 2021 World Bank data, the country with the largest renewable freshwater resources per capita is likely Norway, although precise rankings can vary slightly depending on the specific dataset and year of analysis."
Giulio Carlo Argan published a manual of art for high schools in 1953.
Bessie Smith's left arm was amputated after her car accident.
"The victim of the 2013 Mumbai gang rape, also known as the Shakti Mills gang rape case, was discharged from the hospital on 27 December 2013."
"The three notable archaeological sites where Igbo-Ukwu art was discovered are Igbo-Ukwu, Isi-Uzo, and Nsukka."
"Herbert Gintis likely received his master's degree in 1963, although precise confirmation may require consulting official academic records."
"In Episode 7, Season 2 of the American version of *The Circle*, the player who leaves a message on how to play the game Glammequins is **Cheater**."
Oliviero Diliberto was first elected as an MP for the Communist Refoundation Party in 1994.
"John Cage's experimental piece *Two^5* was written for prepared piano and percussion, though precise details about the instrumentation can be uncertain due to the experimental and indeterminate nature of the work."
"As a teen, Shonda Rhimes worked as a candy striper at a hospital, which sparked her interest in hospital environments."
Karl Polanyi became a founding member of the National Citizens' Radical Party in 1943.
"Dwayne Bravo played 15 balls in the Indian Premier League 2019 final match between CSK and MI on May 12, 2019."
"Marcia Bartusiak traces the term ""black hole"" to physicist John Archibald Wheeler, who reportedly compared the phenomenon in the early 1960s to the Black Hole of Calcutta."
David Hibbett received his Bachelor of Arts degree from the University of Toronto.
"It is likely that Jennifer Lopez, a 1990 Fly Girl from *In Living Color*, stayed for five seasons, though this should be confirmed with a detailed source on the show's cast history."
"The title of Series 1, Episode 17 of *Space: 1999* is ""The Metamorphosis."""
"The asteroid 224 Oceana was named after the vast global ocean, rather than a specific named ocean such as the Atlantic or Pacific."
Akhnoor Fort was declared a national monument in 1973.
Prayas Nepal was established in 1994.
"Robert Patrick Weston, known professionally as Robbie Williams, was born in the Dudley district in the West Midlands, England."
"The Merce Cunningham Dance Company launched its ""Legacy Tour"" in January 2011."
"It is likely that George Cuvier published the first scientific description of the Asiatic lion in 1826, although this should be verified with a detailed reference."
Peter Norvig and Stuart Russell won the AAAI/EAAI Outstanding Educator Award in 2000.
The topographic isolation of Pentagon Mountain in Montana is approximately 104 kilometers.
"In 2015, Henry Ossawa Tanner's work was included in the ""Beyond the Box: African American Artists in the Collection"" exhibition at the Smithsonian American Art Museum."
Mike Young was an assistant coach under Danny R. Davis at Radford University.
Juvénal Habyarimana's body was identified within the wreckage of the aircraft he was traveling in when it was shot down in 1994.
The language represented in Figure 4 of the paper is English.
"The scientist who received the American Chemical Society Award in Pure Chemistry in 1933 was Gilbert N. Lewis, although confirmation from a reliable source is recommended to ensure accuracy."
"The title of the song for which Isadora Duncan composed the Varshavianka dance routine is ""The Dying Swan,"" although this is uncertain as Duncan is more commonly associated with that piece rather than a specific English-language song."
"The National Museum in Niamey, designed by architect Pierre Goudal, won the 1986 Aga Khan Award for Architecture."
"The entomologist who described the species *Acanthops bidens* in 1922 is likely **William D. Mayr**, though confirmation from a reliable taxonomic source is recommended to ensure accuracy."
Phyllida Barlow graduated from the Royal College of Art in 1966.
"The Dante-Alighieri monument was inspired by the work of the Italian-born sculptor Lorenzo Ghiberti, though this attribution is not definitively confirmed in all sources."
"Pepi Litman was likely born in Kyiv, Ukraine, though precise confirmation may require further verification."
Zanele Muholi's first publication is titled *Faces and Phases*.
"The father of the Russian stage actress and singer Baroness Olga Vadimovna von Root was Vadim von Root, a German baron and composer."
"The signing ceremony between the Colombian government and the ELN occurred on November 26, 2016, leading to a six-month-long ceasefire."
J.C. Leyendecker earned a spot in the 1897 Paris World's Fair (Exposition Universelle) with his painting *The Runaway*.
"It is uncertain who won the Godman-Salvin Medal in 2010, as specific records for that year are not readily available."
"The attraction Horizons at EPCOT was sponsored by General Electric for 16 years, from its opening in 1982 until it closed in 1998."
"As of available records, Howard Schultz donated $2,300 to Barack Obama's campaign on October 24, 2008, though exact figures should be verified through official campaign finance databases."
A mummified head was found in a damaged wooden coffin in July 2018 by Ramadan Badry Hussein.
Scientists reported this finding in April 2016.
Mary Ann Willson was active as an American folk artist from approximately 1840 to 1870.
"The Stanford University exhibition titled ""Eamon Ore-Giron: Non Plus Ultra"" was on view from April 13 to May 26, 2024."
"The molar heat capacity of selenium at STP is approximately 23.6 J/(K·mol), though this value may vary slightly depending on the source and experimental conditions."
The Palais de Glace in Buenos Aires was designed by the French architect Louis-Hippolyte Boileau.
"After Ichirō Hatoyama left office on December 23, 1956, Shigeru Yoshida became Japan's Prime Minister."
Kristin Otto won one silver medal at the 1986 World Championships in Madrid.
"The name of the man who served as Reeve of North Red Deer, Alberta, between 1924 and 1925 is not widely documented in accessible historical records, making it uncertain to provide a definitive answer."
The Eddington Medal in 1993 was awarded to Donald D. Clayton.
"The ""Vikings"" episode in which Floki says, ""I build boats, Ragnar. You're the navigator"" is Season 2, Episode 6, titled ""The Gathering Storm."""
"It is uncertain which specific architect was tasked with finishing the chapel, as historical records do not precisely identify the individual appointed to complete the work after Pope Paul IV moved into the newly built Papal apartment in October 1556."
"It is widely reported that drummer Jack Black, known for his role in the comedy duo Tenacious D, opened a Wahoo's Fish Taco restaurant in Norco, California, in 2004."
Chief Gani Fawehinmi won the ‘Bruno Kreisky’ award from the Government of Austria on 20 March 2001.
"Google ran its first live-action video doodle on May 23, 2011, to celebrate the 223rd anniversary of the founding of the New York Public Library."
"The available public information does not specify the exact birth date of John Philip Bughaw, so it is uncertain what day, month, and year he was born."
The runner-up from Season 2 of *The Bachelor* was a flight attendant.
"George Frederic Watts was approximately 22 years older than his first wife, Ellen Terry."
"It is uncertain who composed Nexhmije Pagarusha's song ""Baresha,"" as the composition credits are not definitively attributed in available sources."
The Large Hadron Collider reopened in April 2022 after closing for maintenance and upgrades at the end of 2018.
Dolores Fonzi made her first television appearance in the Argentine series *Sos mi vida*.
"The indoor scrambler ride themed around the Battle of Hastings that was an opening day attraction at Busch Gardens, The Old Country in 1975 was called *Siege*."
"The price paid in USD for Picasso's artwork ""Garcon a la Pipe,"" sold on March 26th, 2013, was $104.2 million."
"Edgar Mitchell and Harrison Schmitt did not publish an anthology titled ""A One Way Mission to Mars: Colonizing the Red Planet,"" and no such publication by these individuals is widely documented in reputable historical or scientific sources."
"Barcelona committed 11 fouls in the Champions League Final match against Arsenal on May 18, 2006."
The second runner-up of Miss USA 1976 was Karen Jeanne Darr.
"It is likely that David S. Johnson and Michael R. Garey won the Paris Kanellakis Theory and Practice Award in 2000 for their work on NP-completeness, though confirmation from an official source is recommended for certainty."
"The Word of the Decade (2000–2009) according to the American Dialect Society was ""google,"" used as a verb."
Neelam Sanjiva Reddy was elected to the Lok Sabha from Hindupur in the year 1962.
"India landed its first spacecraft on the moon on September 24, 2023, when the Chandrayaan-3 lander, Vikram, successfully touched down near the lunar south pole."
"The EverQuest II original soundtrack was officially released on October 5, 2004."
"The Chinese survey that obtained the figure of 29,029.24 feet (8,848.11 meters) for Mount Everest's height was conducted in 2005."
The talking head of Madame Leota was updated to float around the Séance Room at Disneyland in 1995.
Augustus Radcliffe Grote described *Lithophane viridipallens* in 1875.
"It is uncertain how many ducats Giovanni and Alessandro Moscheroni paid for Michelangelo's ""Madonna of Bruges"" sculpture in 1504, as no definitive historical record specifies the exact price."
Zippo Pine Bar was inducted into the Barbershop Harmony Society's Hall of Fame in 1992.
The original scientific name given to *Calytrix acutifolia* by John Lindley in 1839 was *Calytrix acutifolia*.
"There is no reliable or credible information available indicating that Surajbhan Singh, the Indian politician and former Member of Parliament, murdered Rami Singh of Mathurpur Village, and thus the specific date, month, and year of such an event cannot be confirmed."
Michael John Creutz joined the High Energy Theory Group at Brookhaven National Laboratory in 1974.
"It is uncertain who specifically choreographed the ""Aomori University Men’s Rhythmic Gymnastics Team"" performance produced by Issey Miyake, as detailed information on the choreographer is not publicly available."
"The article ""Battling the Big Lie: John King's Crusade to Change Aviation's Culture"" was published in *Flying* magazine in April 1996."
"""Discussion sur l’évolution de l’univers"" by Georges Lemaître was published in 1931."
"The lead attorney representing the petitioner, Arthur J. Lomax, in the case of *Arthur J. Lomax v. Christina Ortiz-Marquez* was likely a member of the U.S. Department of Justice, as the petitioner was the United States in this case, though the specific name of the attorney is not widely publicized in general knowledge sources."
Firozabad district was first established from Agra district in the month of April 1986.
The full name of the younger daughter of Mehbooba Mufti is Iltija Mufti.
"James Young, the Missouri politician, was likely born on July 25, 1790, although this date may require verification from more specific historical sources."
"Rosario Crocetta was likely appointed Councillor for Culture in the City Council of Gela with the Federation of the Greens in 2006, though precise confirmation may require verification from official municipal records."
"The first woman to win all four major performing arts awards—Emmy, Grammy, Oscar, and Tony (EGOT)—is Audrey Hepburn."
"George Johnson, the New Zealand artist, died on 24 April 1996."
"It is not entirely clear who is considered the longest-serving premier in the history of the USSR, but Nikita Khrushchev is often noted as the longest-serving Premier of the Soviet Union, holding the position from 1958 to 1964."
The Whitney Museum of American Art first devoted an entire floor to Julie Mehretu in 2010.
"Jackson Asiku was likely born on 24 August 1991, although confirmation from a reliable source is recommended to ensure accuracy."
"The first woman appointed Minister of Justice in Italian history was Giulia Bongiorno, who took office in February 2023 in the government led by Prime Minister Giorgia Meloni."
"To the best of my knowledge, Patrick Asimeng-Boateng was Ghana's Minister of Information at the time of the Kulungugu bomb attack in 2015."
The National Institute of Technology Srinagar (NIT Srinagar) became an Institute of National Importance under the NIT Bill passed by the Parliament of India on **10 August 2016**.
"It is uncertain which queen from *RuPaul's Drag Race* is definitively known for the quote ""Go back to Party City where you belong,"" but it is often attributed to Bianca Del Rio."
The budget request made by NASA in 2018 was approximately 19.9 billion US dollars.
"As of the most recent data from the United States Census Bureau, the total area of Weston, Ohio, is approximately 0.66 square miles, although this figure may vary slightly depending on the specific census year and any subsequent geographic adjustments."
"The municipality of Támesis, Antioquia, Colombia, was founded in 1967."
Türksat 2A was decommissioned in 2008.
"The 3rd umpire in the Indian Premier League 2019 final match between CSK and MI on May 12, 2019, was Sundaram Ravi."
The digits of the forefeet that are vestigial and tiny on *Isoodon obesulus* are the first (thumb) and fifth digits.
"Masatoshi Gündüz Ikeda married Emel Ardor, the Turkish research assistant he had met in Hamburg, in the year 1963."
William Randolph Taylor received the Gilbert Morgan Smith Medal in 1952.
"The villain responsible for the death of the original Human Bomb, Johnny Storm of the Fantastic Four, was the cosmic entity Eternity, though this outcome resulted from the convergence of multiple factors rather than a single deliberate act."
The person appointed Vice-Chancellor of Indira Gandhi National Open University in 1998 was Dr. S. R. S. Om Prakash.
"Sajood Sailani, a Kashmiri painter, died on 28 July 2020."
The names of the two commanders sent by Mughal Emperor Aurangzeb to Sadabad Cantonment to suppress the rebellion in Tilpat in 1669 were Qazim Khan and Fateh Khan.
Croatia was ranked 59th out of 180 countries in the 2022 Corruption Perceptions Index.
"It is uncertain which team won the Coppa Italia Serie C in the 1981-82 season, as historical records for this specific competition and timeframe are not readily available or may lack consensus."
"The two football teams mentioned in the libel case against ""The Saturday Evening Post"" in 1963 were the Pittsburgh Steelers and the Cleveland Browns."
"The German surgeon often called the father of German surgery is Johann Friedrich Dieffenbach, although this title can sometimes be context-dependent and subject to historical interpretation."
"The city in Nepal known as the ""City of Nine Hills"" is Pokhara."
"The peak brightness of the Asus ROG Phone 5s Pro is reported to be approximately 1000 nits under typical HDR content, though exact figures may vary slightly depending on measurement conditions."
Kuldeep Singh Sengar won a seat from the Shahjahanpur constituency in 2007 after joining the Samajwadi Party.
"The 1999 Frank and Brennie Morgan Prize for Outstanding Research in Mathematics by an Undergraduate Student did not have an honorable mention recipient listed in the official records, though it is possible that such a mention was given without formal documentation."
"Kunming Metro Line 5 started running on December 26, 2022."
Janice Burgess was hired as a writer when she worked at Nick Jr.
"Bessie Smith's body was moved to a larger funeral home in Clarksdale, Mississippi, to accommodate the numerous mourners."
"As of the latest official population estimate in 2015 for the town of Szentes in southeastern Hungary, the population density is approximately 75 people per square kilometer."
"In November 2008, the World Kickboxing Association ranked Andrew Tate the seventh-best light heavyweight kickboxer in the United Kingdom."
"As of available reports, approximately 20 people were injured in the Srinagar bombing on March 6, 2022, though the exact number may vary slightly depending on the source."
"The total number of locations surveyed in all oceans for the 2014 study ""Plastic Pollution in the World's Oceans"" was 24,000."
"Benoni Stinson was likely ordained to the ministry in Kentucky in 1831, although precise confirmation may depend on specific historical records."
"Laurentia was likely named after Laurentius Petavius, a 17th-century French scholar and theologian known for his astronomical works, though the specific connection to an amateur astronomer remains uncertain."
Joeri Verlinden was born on 20 April 1990.
"The garment held by one of the angels in ""The Baptism of Christ"" is generally believed to belong to St. John the Baptist, though this interpretation is not definitively confirmed."
"The municipality of La Uvita, Boyacá, Colombia, was founded by José Antonio Galán in 1852."
"I do not have precise information about Kris Cuppens's date of birth and therefore cannot provide the exact day, month, and year."
"""Avatar: The Last Airbender"" won the 2006 Primetime Emmy Award for Outstanding Animated Program."
The DLC Dragonborn takes place off the northeastern coast of Morrowind.
"The tenth-ranked song on the 2021 Rolling Stone's ""The 500 Greatest Songs of All Time"" list was ""Johnny B. Goode"" by Chuck Berry."
"The Tomball High School bond referendum in Harris County, Texas, in 2000 was approximately $100 million."
"The lead programmer of Project Firebreak who helped create CYAN in *Horizon Zero Dawn: The Frozen Wilds* is widely reported to be Matthew Gallant, though specific roles in the expansion's development are not always explicitly detailed in official sources."
Zanele Muholi's first solo exhibition was titled *Somnyama Ngonyama* (Hail the Dark Lioness).
"Masaki Tsuji won a Special Award in the 13th Animation Kobe for his writing work on **March 5, 2011**."
The Washington Post hired Rana Ayyub as a contributing writer to its Global Opinions section in March 2021.
"""Seagars at Oxford"" closed in 2019, though precise details may vary slightly depending on the source."
"Phoebe Buffay impersonated Estelle in the same episode once after she died, specifically in the *Friends* episode ""The One with the Truth About London"" (Season 8, Episode 11)."
The praying mantis species *Eremiaphila bifasciata* was described by Chopard in 1957.
Service Pack 3 for Windows Fundamentals for Legacy PCs was released in April 2006.
The resolution of the Cat B15 Q is 720 x 400 pixels.
The second largest republic in the Soviet Union was Ukraine.
The wingspan of *Eugnosta misella* is approximately 14 to 16 millimeters.
The EEG dataset in the 2012 paper by Adham Atyabi et al. was bandpass filtered between 0.5 and 30 Hz.
George Avakian was appointed as head of the international department at Columbia Records in 1954.
"The first Western artist whose biography was published while he was alive was likely Albrecht Dürer, as his friend and humanist, Willibald Pirckheimer, wrote a detailed account of his life and work that circulated in manuscript form during Dürer's lifetime."
"Le Chatelier's thermoelectric pyrometer was considered accurate within approximately 5 degrees Fahrenheit, though estimates may vary slightly depending on the conditions and interpretation of the 1900 report."
"Joe Powell (stunt performer) was married at least twice, to Darla Powell and later to Lisa Marie Powell, though the exact number of marriages may vary depending on the source."
Ludovico Corrao was born on 28 April 1942.
The father of Sergio Fajardo Valderrama was a lawyer and politician.
Jean Galloway Bissell worked in private legal practice in Greenville from 1974 to 1978.
"Gary Kačmarčík wrote in August 2010 that ChromeOS would access remote applications through a technology unofficially called ""Chromoting."""
"The surname of the winner of the Hickinbottom Award in 2012 is *likely* Wilson, though confirmation from a reliable source is recommended to ensure accuracy."
"The name of the Lieutenant Commander of UC-67 during the period from July 12 to August 2, 1917, is not definitively known, as UC-67 was a German submarine and typically commanded by officers of the Imperial German Navy, but specific records for this exact period and role are unclear."
"The 1972 Canadian federal budget was first presented on February 23, 1972."
The Italian-made OTO-Melara Mod 56 pack howitzer had a barrel length of approximately 2.66 meters.
Machine Girl released the compilation *The Worst* in 2015.
Buzz Thomas defeated Democrat Gary M. Peters in the 2006 election for the Michigan State Senate - 4th District.
Daryl Dixon's blood type on *The Walking Dead* is not explicitly stated in the TV series.
Edward Meyrick first described *Cydalima mysteris* in 1887.
"On April 1, 1952, Hidegorô Nakano became a professor at the University of Tokyo."
"In Hinduism, Yamraj, the god of death, is traditionally associated with the planet Saturn (Shani)."
Antonio de Padua María Severino López de Santa Anna y Pérez de Lebrón served as vice president of Mexico during the terms of President Anastasio Bustamante from 1830 to 1832.
"The exact day, month, and year when Jumbo Circus was started in India are not definitively documented in widely available sources."
"In 1993, Vaughan Jones was elected to the United States National Academy of Sciences."
"The production manager of *ThunderCats* (1985) was likely Joe Oriolo, though precise confirmation may require verification from primary sources."
György Lukács wrote this statement in the newspaper *Szabad Nép*.
"Dr. Tony Evans and Lois Evans were married for 59 years, from 1960 until Lois's death in 2019."
Antonio Negri's two daughters are Maria and Elena.
"It is likely that Johann Elert Bode drew a map of 64 stars of the Pleiades from his observations in 1779 and published it in 1786, though this specific detail is sometimes attributed to other astronomers of the period with a degree of uncertainty."
"Alfred Georg Hubertus Fischer co-wrote the paper ""Orbital Forcing and Sedimentary Sequences"" with James D. Vail."
The `EPOCHTODATETIME` function in Google Sheets is specifically designed to convert a Unix epoch timestamp to a regular datetime in the UTC timezone.
"The Worcester Reed Warner Medal in 1951 was awarded to Ralph Modjeski, a distinguished structural engineer known for his contributions to bridge design and engineering education."
"The ""Playlist: The Very Best of Heather Headley"" was released on October 25, 2005."
The recipient of the ISCB Accomplishment by a Senior Scientist Award in 2018 was Russell Doolittle.
"The spouse of Silas A. Holcomb, the ninth Governor of Nebraska, was Ada Belle Holcomb, and her full name is commonly recorded as Ada Belle (no additional given name is widely documented)."
"Vickerman Hill in New York is approximately 2,643 feet tall."
Latrice Royale lip-synced against Phi Phi O'Hara on Episode 9 of Season 4 of *RuPaul's Drag Race*.
"The long-stalled trade agreement with South Korea, known as the U.S.-Korea Free Trade Agreement (KORUS FTA), came into effect in the U.S. Congress in March 2012."
"The Pradhan Mantri TB Mukt Bharat Abhiyaan Scheme was launched on **March 25, 2022**, in India."
Fairuz is often regarded as the first rock star of the Middle East.
"The total area of Patiala and East Punjab States Union (PEPSU) was approximately 27,433 square kilometers."
The 8th Prime Minister of Nepal was Kirti Nidhi Bajracharya.
"The fifth track on Alec Benjamin's album ""(Un)Commentary"" is ""The Truth."""
The recipient of the ISCB Accomplishment by a Senior Scientist Award in 2003 was David Haussler.
Hakyung Lee was arrested in South Korea in May 2013.
The superfamily Nematocarcinoidea is part of the infraorder Brachyura.
"The classic version of the shaman class ability Totemic Focus was removed in World of Warcraft with the release of patch 3.3.5a, as part of the game's transition to a more streamlined and modernized class design."
"The first season in which the number of houseguests for the American version of ""Big Brother"" increased was Season 2, which expanded from 10 to 12 houseguests."
"Martin Gardner lived with his family on North White Street in Hastings-on-Hudson, New York, before moving to Hendersonville in 1979."
The first and last name of the linguist who wrote the paper is **Anke Lüdeling**.
"Inter did not attempt any shots on target in the Champions League Final match against Bayern on May 23, 2010."
"It is uncertain, but likely that the two mathematicians who received the Salem Prize in 1988 were Jean Bourgain and Timothy Gowers, though this should be verified as sources on the Salem Prize are not always explicit about recipients in that year."
"The first African American woman to serve as a Portland City Commissioner in Oregon, U.S., is Amanda Fritz."
"The university established in 2016 A.D. in Lalitpur, Nepal, is likely Kathmandu University, though this date and location refer more precisely to the establishment of its constituent colleges or campuses, and further verification is recommended for exact identification."
The mission where botanist Pehr Löfling spent his final hours was located on the banks of the Orinoco River in Venezuela.
"Dina Nath Walli was likely born in the early 20th century, although the exact year of his birth is not definitively known."
"Activision Blizzard announced the upcoming establishment of a new esports division on July 27, 2021."
"As of 2011, the male population of Chitwan District was approximately 252,836."
"It is uncertain who received the Oskar Kokoschka Prize in 1985, as available records do not definitively name the recipient for that year."
"According to the 1856 report, 142 instances of bed deprivations with concurrent bread and water diets were given that year."
"The first Indian album to surpass 1 billion streams on Spotify is ""Vande Mataram"" by Neha Kakkar and Kumar Sanu, though exact verification may depend on Spotify's public data updates."
The name of the choir that performed at the 2019 Cape Town International Jazz Festival was the Ubuntu Voices Choir.
Tom Limoncelli and Christine Hogan won the LISA Outstanding Achievement Award from USENIX in 2020.
"Rabab, a famous musical instrument, was introduced in Kashmir by the Persian traveler and musician, Amir Khusrau, although this attribution is sometimes disputed among scholars."
Mildred Cohn received the Golden Plate Award from the American Academy of Achievement in 1974.
"Beele, the singer, was likely born on January 21, 1993, although this information may vary depending on the specific source or context."
"Georgi Dimitrov, the Communist politician, died in 1949 at the Charité hospital in Berlin."
"The largest saltwater lake in India is the Chilika Lake, although some sources may classify it as a lagoon."
Adil Hussain and Kristen Jain married in 2006.
The Mechanical Glove was modified in **patch 1.3.5.1** to apply its damage buff only to melee weapons instead of all weapon types in Terraria.
Phyllida Barlow taught at the Royal Academy Schools in London for over 20 years before retiring in 2014.
"Black Gryph0n and Baasik collaborated on the fan-made song ""Alastor (The Radio Demon)"" in 2021 about Hazbin Hotel's character Alastor."
Hossein Baharvand received the Mustafa Prize in 2014.
"The song ""I'm Not Alone"" by Aimer is said to have inspired Tuesday to run away from home to pursue music."
"Ana Figueroa is most commonly associated with the University of Puerto Rico, from which she studied and graduated."
Oscar Alende was preceded as governor of the Province of Buenos Aires by Daniel Scioli.
"Jennifer Kay Ludlam, known as Jenny Ludlam, was born on 28 August 1947."
"The RTO code for the Kolasib location in Mizoram, India is likely **MZ-03**, though this should be verified with official sources as RTO codes can sometimes be subject to administrative changes."
Jun Takahashi held his first men's-only runway show in 1997.
"Myrtle Eagan's parents in the show *Severance* are not explicitly named or depicted, as the series primarily focuses on her relationship with her daughter, Loren."
The first name of the wife of the American chemist Ralph E. Oesper was Evelyn.
"The Legacy of Walt Disney museum was open at Disneyland, CA for approximately 14 years, from 1999 until 2013."
"Rose Matafeo joined Jemaine Clement and Rhys Darby on the comedy show *Tiny Tour of Aotearoa* in July 2020, traveling across New Zealand."
"Yoido Full Gospel Church's membership in 1968 is reported to have been approximately 300,000, though this figure may include attendees and is sometimes cited with some degree of approximation."
"George Cooke, the engraver, died on 17 May 1823."
"The municipality of San José de la Montaña, Antioquia, Colombia, is believed to have been founded in the 17th century, though the exact year remains uncertain."
"The Argentine-English-American mathematician and biochemist famous for her use of mathematical techniques to deduce protein structure was likely Dorothy Hodgkin, though she was British and not specifically described as Argentine-English-American, so the identification may be uncertain or conflated."
"The 2015 Maine State Pumpkin and Squash Weigh-Off, held at the Cumberland Fair, was won by Steve ""Lil Pump"" Padula with a pumpkin weighing 1,385 pounds."
The inaugural winner of the Riemann Prize in 2019 was **Enrico Bombieri**.
"The age range of the drivers in the 2021 study by Ziwu Ren et al. was not explicitly specified in the information provided, so it cannot be definitively stated without consulting the full paper."
Frederick William MacMonnies received a gold medal in the sculpture category at the 1932 Summer Olympics art competition.
"In 2003, the president of the University of Puerto Rico was Dr. Ramón Luis Ns due to the specific time frame and available records."
It was Sir Martin Roth who described the Victoria and Albert Museum as “a refuge for destitute collections.”
"Alec Secareanu plays the character Daniel Pascoe in the British drama series ""Happy Valley."""
Berlinda Tolbert majored in theater at Spelman College.
The eggs of moon jellies typically lodge in the lining of the mother's gastrovascular cavity.
"Before the New 52, the supervillain Monsieur Mallah was murdered by the Joker."
"Oprah Winfrey purchased approximately 280 acres of land in Rolling Prairie, Indiana, as her weekend refuge in 1998."
"The worst outage for Meta services since 2008, which affected Instagram, Facebook, and WhatsApp, occurred on October 4, 2021."
Elliott Fitch Shepard was nominated as United States Attorney for the Southern District of New York by President Ulysses S. Grant in 1873.
"The town you are referring to is likely Donnybrook, which is located in the Southwest region of Western Australia and fits the described geographical location; however, while it is known to have been inhabited by the Noongar people, the specific subgroup ""Wardandi Noongar"" connection may require further clarification or confirmation."
"The secret identity of the third Doll Man is not definitively established in mainstream comic lore, but it is often speculated to be Al Roth, a character associated with the Golden Age of Comics."
Jean Benoît Guillaume Robert Antoine Louis Marie Adolphe Marc d'Aviano was named Lieutenant-Representative of the Grand Duchess on 24 April 1831.
"Eilenberg, in a joint paper with Chevalley, gave an algebraic approach to the cohomology of Lie groups using the Lie algebra as the basic object in 1948."
"The inaugural season of Ultimate Kho Kho reportedly attracted around 150 million viewers, with approximately 120 to 130 million of them estimated to be from India."
"Thomas Edison is famously reported to have said that electricity would eventually cost about one cent per kilowatt-hour, though this statement is often cited anecdotally and its exact wording or context remains uncertain."
"Massimo Cacciari, an Italian philosopher and politician, was born on April 22, 1941."
"NASA announced the selection of its eighth group of astronaut candidates, including the first women (six mission specialists), on June 14, 1987."
"The deputy leader of the Italian team at the 63rd IMO in 2022 was likely Emanuele Tron, though confirmation from official sources is recommended to ensure accuracy."
Fatima Sydow passed away at the Karolinska University Hospital in Sweden.
"The Arvida Theatre was designed by the architect Joseph-Raoul Thérien, according to available historical records."
Mario-Rafael Ionian was born on 22 July 1978.
"As of 2018, the Design Museum of Chicago, now known as the Chicago Athenaeum: Museum of Architecture and Design, is located at 601 South Columbus Drive."
"It is uncertain exactly which month and year 175 crews served rotations at the Mars Desert Research Station over sixteen years, but cumulative totals suggest this milestone was likely reached between 2010 and 2016."
The Public Order Ordinance in Hong Kong was commenced on 1 July 1971.
"The title of Paola Massarenghi's spiritual madrigal printed in Arcangelo Gherardini's *Primo libro de madrigali a cinque voci* in 1585 was *""L'Anima di Gesù Crocifisso""*; however, this attribution is uncertain and may be based on incomplete or disputed historical evidence."
"The municipality of Guatapé, Antioquia, Colombia, was founded in the year 1536."
"The first name of Swiss painter Benjamin Samuel Bolomey's mother was Marianne, though historical records on this detail may be sparse or subject to variation."
"It is likely that Augustus III of Poland acquired Correggio's *Antonio da Correggio* altarpiece, *The Assumption of the Virgin*, though precise attribution and provenance details may vary."
"The direct predecessor to the Yale Bright Star Catalogue, published in 1908, was the *Catalogus Bruin's Stellarum*, compiled by Jacobus Cornelius Kapteyn."
"The title of chemist Mary Letitia Caldwell's Ph.D. thesis was ""Studies in the Chemistry of the Indole Alkaloids."""
"The match referee in the match between Sri Lanka and West Indies, Final at Colombo on Oct 07, 2012, was Jeff Crowe."
Cornelia Parker dissolved a copy of *The Sun* newspaper to create ink for her work *Pornographic Drawings (1997)*.
"Max Wolf discovered his first asteroid, 323 Brucia, on April 9, 1903."
"Laura Toggs and her husband Peter Toganivalu announced their departure from Hillsong on February 28, 2021."
Nikolai S. Nadirashvili won the Heinz Hopf Prize in 2019.
"It was likely a Spanish official or merchant acting under royal authority who was granted the right to transact slaves and regulate trade with Cuba, though the specific individual is not definitively identified in the provided information."
"The first *Sazae-san* strip published by the *Asahi Shimbun* was on April 10, 1946."
"Carrie Underwood's album ""Cry Pretty"" was certified Platinum by the RIAA on November 6, 2018."
Jackie Ormes served as the arts editor for the Monongahela High School yearbook during the 1931–1932 academic year.
The International Photography Awards of 2020 named Frans Lanting as the Nature Photographer of the Year.
"Cornelia Parker had her first solo museum exhibition at the Tate Gallery, now known as Tate Britain."
The set bonus for the Robe and Magic Hat was added in the 1.3.0.1 update to Terraria.
Dudley Carleton was created Viscount Dorchester in the month of January 1626.
"The 12th Streamy Awards on December 4, 2022, were hosted by YouTubers Jack Harlow and Emma Chamberlain."
"The municipality of Donmatías, Antioquia, Colombia, was founded in the year 1886."
The ChemSpider ID of diazepam is 5859.
The first NT version of Windows that wasn't branded as NT is Windows 2000.
"Egypt played against Angola in Group A of the 1996 African Cup of Nations on Saturday, January 20, 1996."
Naresh Trehan moved to the USA and became a first-year resident at Thomas Jefferson University Hospital in Philadelphia in July 1976.
John Gilbert Layton became a part of the Kappa Alpha Society while at McGill University.
"IFK (Idrottsföreningen Kamraterna) was founded in 1891 in Norrköping, Sweden, by a group of students."
The Opuke Thermal Pools & Spa were opened in December 2013.
Wangchuk started a project called the Ice Stupa in the month of February 2015.
"The length of Sidhu Moosewala's song ""Death Route"" is approximately 4 minutes and 26 seconds."
The 2nd ASEM Environment Ministers' Meeting (ASEMEnvMM2) began on 16 May 2013.
The exact date of Albert Hamm's first professional rowing race is not definitively recorded in widely available historical sources.
"Mildred Cohn published her work titled ""A Study of Oxidative Phosphorylation with O-18 Labeled Inorganic Phosphate"" in 1951."
The lead sound for the *Kirby Star Allies* 2019 original soundtrack was composed by Jun Ishikawa.
"It is uncertain which specific patch reduced the amount of damage taken in Berserk Stance from 10% to 5% in World of Warcraft, as such changes may have occurred gradually or through multiple updates, but this information likely pertains to an adjustment in a patch between versions 3.0 and 3.3."
"It is likely that the theme song for the 1989 Leeds International Film Festival opener *Shirley Valentine* was performed by Pauline Collins, who starred in the film and contributed to its soundtrack, though specific confirmation of her performing the theme song is not definitively stated."
"Anselm Kiefer's ""The Second Sinful Fall of Parmenides (Der zweite Sündenfall des Parmenides)"" is dated to 1993."
The body-only weight of the Ricoh GR III is approximately 252 grams.
"The original names of the first three ships in the Sea Organization associated with the Church of Scientology were the **Axiom**, the **Cal Tech**, and the **Ark II**."
"Edmund Burke served as Paymaster of the Forces from 1761 to 1763, and while it is certain that he left office in 1763, the exact month and day of his last day in this role are not definitively recorded."
The JK Tyre Rotax Max Karting Championship was launched in India in the year 2000.
Pep Guardiola won the Manager of the Month award in September and December 2021 during the 2021-22 Premier League season.
"Rosa Whitaker Day was proclaimed by Rep. Charles Rangel on January 18, 2006."
"Rebecca is likely the first name of Squire Boone, Sr., and Sarah Morgan Boone's youngest daughter, born in 1746, though this should be verified with historical records as genealogical details can sometimes be contested."
"It is likely that Oliver Knussen served as the music director of the London Sinfonietta from 1994 to 1998, though precise confirmation is recommended for certainty."
"The Slovene Unified List received approximately 130,000 votes for the Chamber of Deputies in the 1963 Italian General Election, securing about 0.2% of the national vote."
"The main characters of ""The Parkers"" lived in Los Angeles."
The Government Degree College for Women in Srinagar was accredited as the College for Potential Excellence by the University Grants Commission (India) in April 2010.
"L. N. Sinha served as Attorney General of India from January 15, 1965, to January 28, 1977."
"The municipality of Jenesano, Boyacá, Colombia, was founded in 1722."
Beyoncé's album *Dangerously in Love* is approximately 17 minutes and 47 seconds long.
"William II of Holland became King of Germany on May 29, 1247."
"The American politician who served in the California State Assembly from 1967 to 1976 and who died on February 6, 2007, was named Pete Wilson, with the first name Pete, no widely publicized middle name, and the surname Wilson."
"Hum TV shut down its SD feed and shifted to HD in Pakistan on June 1, 2021."
"The DropoutTV series ""Noise Boys"" is a spin-off of ""Game Changer"" inspired by its episodes of the same name."
"The Partial Solar Eclipse of January 1, 1805 was likely part of Saros series 127, based on historical eclipse records and calculations, though precise attribution may require confirmation from detailed astronomical databases."
"Jose Maria Canlas Sison married his wife, Julie de Lima, in a Catholic church in October 1974."
"The individual who received an honorable mention at the 1996 Frank and Brennie Morgan Prize for Outstanding Research in Mathematics by an Undergraduate Student is not definitively known, as detailed records for that specific year are sparse."
"It is uncertain who first described Indira Gandhi as the ""Iron Lady,"" though the term was popularized in the media, potentially inspired by its prior use for Margaret Thatcher."
The Darwin Medal in 1952 was awarded to Julian Huxley.
"Javier Zanetti's first daughter, Giorgia, was born on April 21, 1999."
"Shah Faesal was appointed as the Assistant Commissioner, Revenue, of Pulwama district, Kashmir on August 1, 2010."
Eddie Marsan left school at 16 to pursue a career in acting.
"The authorship of the paper ""Multidimensional Scaling and Other Techniques for Uncovering Universals"" is uncertain, but it is likely written by Joseph H. Greenberg."
"The guest star who played Carter on Season 5, Episode 9 of *The Dukes of Hazzard* was likely Tom Wopat, though this role may have been a minor or uncredited appearance, and confirmation is subject to verification from official sources."
Antonio Giolitti was awarded the Cavaliere di Gran Croce in 1972.
"Jeffrey Epstein was released on a bond of $250,000 on July 27, 2006, at the Palm Beach County jail."
"In Game 2 of the 2004 ALCS, David Ortiz singled to lead off the 8th inning."
The Rapid Action Battalion oversaw the exhumation of the corpses of Sagar Sarowar and Meherun Runi on 25 July 2017 for the purpose of a viscera test.
"The Persina Nature Park in Bulgaria was originally established on May 23, 1994."
Pipilotti Rist was first awarded the 'St. Galler Kulturpreis der St. Gallischen Kulturstiftung' in 1994.
Mira Sintra-Meleças railway station opened for revenue service on 22 May 2022.
"Lillian Marie Bounds was approximately 14 years old when her father passed away, though the exact age may vary slightly depending on the source."
The recipient of the ISCB Accomplishment by a Senior Scientist Award in 2019 was Russell Doolittle.
"The surname of the individual who won the Marlow Award in 1983 is believed to be *Wolff*, though confirmation from a reliable source is recommended to ensure accuracy."
"The municipality of Tipacoque, Boyacá, Colombia, was created on March 10, 1852."
"Grand Seiko became the Official Timer of the Olympics in 2020, although this may be subject to change with future sponsorships."
The second-largest island in the world that is part of Indonesia is New Guinea.
The surname of the individual who won the Polanyi Medal for outstanding contributions to the field of gas kinetics in 1982 is *Chupka*.
Hungary won 4 gold medals in fencing during the 1964 Summer Olympics.
"Lois Griffiths was likely appointed as an instructor in mathematics at the University of California, Berkeley, immediately following her doctorate, though precise confirmation may require further verification from historical records."
"The municipality of Santa Rosa de Osos, Antioquia, Colombia, was founded in the year 1836."
"In 2008, the American Heart Association launched two spin-offs of the journal ""Circulation"": *Circulation: Cardiovascular Quality and Outcomes* and *Circulation: Genomic and Precision Medicine*."
Pedro Martinez gave up a leadoff double to Mike Mussina in Game 7 of the 2004 ALCS.
"The municipality of Chiscas, Boyacá, Colombia, was founded in the year 1853."
Acanthops bidens is native to Brazil.
Telegram reached 180 million monthly active users in April 2021.
The first and last name of the first American transgender person featured in the National Portrait Gallery is Laverne Cox.
Satyanarayan Gangaram Pitroda was appointed as advisor to Indian Prime Minister Manmohan Singh on Public Information Infrastructure and Innovations with the rank of Cabinet Minister in January 2004.
"The lyrics for the official anthem of the state of Hesse, Germany, were written by Friedrich Schiller."
"The band name Shai does not have a known meaning in Swahili, as it is likely of Hebrew origin meaning ""gift"" rather than Swahili."
Srinagar is known as the Rice Bowl of Kashmir.
"It is uncertain which president, if any, met with Kwame Nkrumah immediately prior to the Kulungugu bomb attack, as reliable historical records specifying such a meeting are not readily available."
"The surname of the individual who won the Victor A. Prather Award in 1968 is likely **Feynman**, referring to Richard P. Feynman, though this award is not widely documented and confirmation may require further verification."
"The muse's name for the sketch ""Serena in the Boat of Apathy"" is believed to have been Serena, though specific details about her identity remain uncertain."
"On March 22, 2011, the Pakistani leader of Jama'at-ud-Da'wah who issued a $2.2 million fatwā for anyone who killed Pastor Terry Jones was **Hafiz Muhammad Saeed**."
"Ana Figueroa represented Chile as ""Minister Plenipotentiary"" at the United Nations from 1971 to 1973."
The first name of Kathleen Rita McNulty Mauchly Antonelli's father was John.
"Sunil Das, an Indian expressionist painter, was born on 10 June 1921."
Belva Davis worked as a disc jockey at KDAY in 1964.
"Cildo Meireles began working on ""Virtual Spaces"" around the year 2000."
Henry Ernest Gascoyne Bulwer was born on 17 April 1858.
"Carlotta Gall likely began her career in the early 1990s, though the exact year is not definitively specified in widely available sources."
"P.W. Botha and his wife Anna Elizabeth Rossouw had six children, four sons and two daughters."
Dr. Sanduk Ruit was conferred with the National Order of Merit of Bhutan in Gold on 10 December 2018.
The Sydenham Hospital in New York was originally located at the intersection of 10th Avenue and 40th Street.
"The first and last name of Margaret Bourchier, Countess of Bath's first child from her second marriage was John Bourchier."
"The first and last names of Welsh journalist Wyre Davies' maternal grandfather, who captained *Harmanteh*, were Thomas Jones, though this answer is speculative due to limited publicly available information."
The Kalinga Prize for the Popularization of Science in 1969 was awarded to C.V. Raman.
"The title of the painting Sir William Beechey painted for the 1798 exhibition of the Royal Academy is likely ""The Artist's Daughter Mourning,"" though precise confirmation may require consultation of historical records."
The Margaret Oakley Dayhoff Award in 2003 was won by David Eisenberg.
"The District of Columbia Baptist Convention was not excommunicated due to its support of LGBTQ inclusion; in fact, it has been recognized for its welcoming stance toward LGBTQ individuals, and there is no record of such an excommunication occurring."
"The Prime Minister who laid the foundation stone of the Government Medical College in Srinagar, Kashmir, on 13 June 1957 was Jawaharlal Nehru."
"John Lennon's psychedelic Rolls-Royce was likely shown at the Pacific National Exhibition in 1970, though the exact year is not definitively confirmed in widely available sources."
"The Zambian flag has three colors: black, red, and green."
"Francesco ""Franco"" Giordano became a member of the Italian Communist Party in 1943."
"Mikami Teru is first introduced in episode 19 of the anime *Death Note*, titled ""The Writings in the Note."""
Rosie Perez was also a cast member and comedian on the show *In Living Color*.
"The two novel RNA viruses, distantly related to pestiviruses and coltiviruses, were detected in the genomes of dead Manis javanica and Manis pentadactyla in the year 2017."
"The 3rd CEO of Lumon Industries in the show *Severance* was Adam Groff, though this detail is not explicitly confirmed in the series and is instead inferred from the narrative and character dynamics presented."
"Amanda Billing was born and raised in Christchurch, New Zealand."
The surname of the individual who won the Beilby Medal and Prize in 2009 is **Giles**.
"The municipality of Vegachí, Antioquia, Colombia, is believed to have been founded in the year 1550, although precise historical records may be limited."
"Cheryl is revealed to be a millionaire in Season 4, Episode 1 of *Archer*, titled ""The Man from Jupiter."""
The Phosphorescent Pole weighs 14 units in Demon's Souls (2009).
"The phrase ""ubusuna jinja ni kiyu hokokuh"" does not correspond to a standard or recognized step in the traditional Shinto funeral process, and its precise meaning or placement within such a process is unclear or possibly non-canonical."
"Vergil's battle quote about bedtime when he stabs the player as Nero in *Devil May Cry 5* is ""You're late. Bedtime for little boys was hours ago."""
"The streamer who won the ""Best Variety Streamer"" award at The Streamer Awards in 2022 was **Pokimane**."
The Evolution Festival introduced an entry charge in 2011.
"A bridge is called ""سند"" (pronounced ""sand"") in Kashmiri."
"As of the 2020 census, the population of Fort Oglethorpe, Georgia, was approximately 1,790."
"In Season 15, Episode 1 of *Law & Order: Special Victims Unit*, William Lewis hid Olivia on **Governors Island** in New York."
"The female chemist awarded the Garvan–Olin Medal in 1952 was likely Dorothy Crowfoot Hodgkin, though the exact recipient that year may not be definitively confirmed without consulting historical records."
"Shenandoah National Park established its Artist-in-Residence Program under the leadership of Superintendent Jim Northup in 2004, administered by the Shenandoah National Park Trust."
The minor planet 3586 Vasnetsov was discovered in the year 1981.
"The population of Seneca Township in Lenawee County according to the 2020 census was 4,135."
Tatsuo Miyajima had his first solo exhibition in 1981.
"John William Robert Kerr, 7th Marquess of Lothian, entered the House of Commons as a representative for Huntingdon in the year 1910."
"The depth of Wular Lake in Jammu & Kashmir is approximately 3 to 4 meters, though it can vary seasonally."
"S. N. Thakur's economy rate per over in the match between CSK and DC in IPL 2019 on May 10, 2019, was approximately 6.57."
The individual awarded the Paul Karrer Gold Medal in 2004 is Peter Grünberg.
Yayoi Kusama had her first exhibition in Spain in 2006.
"Based on the 2020 census, Islam is the third largest religion among Singaporean residents."
"Jean Preudhomme was likely baptized in the Swiss municipality of Villars-Burquin in 1732, although confirmation of this may depend on access to specific historical baptismal records."
Isa Genzken divorced Gerhard Richter in 1988.
"In 2019, approximately 7,300 UN Volunteers served across 54 United Nations missions, agencies, funds, and programs globally, according to the United Nations Volunteers (UNV) programme."
Yo-Yo Ma received the Presidential Medal of Freedom from President Barack Obama.
The contestant who was a waitress at Hooters in Season 1 of *The Bachelor* was Trista Rehn.
"The replacement pink donut with sprinkles sculpture was unveiled in Springfield, New Zealand in 2015 following arson."
"The chief guest of the eighteenth convocation of Indira Gandhi National Open University in New Delhi in 2007 was likely A.P.J. Abdul Kalam, though confirmation from a reliable source is recommended to be certain."
Edward Oakley Thorp first married Vivian in January 1959.
"The first public showings of ""Another Day in America"" by Laurie Anderson were in New York City."
"Babymetal's song ""Road of Resistance"" charted at number 1 on the Billboard World Digital Songs chart for the week of February 21, 2015."
"Julie Depardieu played the character of Marguerite in the TV movie ""La Passion du Docteur Bergh."""
"It is uncertain who won the first National Kho Kho Championship in England in 2015, as specific records or widely available information on this event are not readily confirmed."
The Florence Nightingale David Award in 2015 was won by Ruth W. Messer.
Fatima Sydow was battling breast cancer before she passed away.
"Aramco unveiled an advanced reservoir simulation technology called **""Aramco's Next-Generation Reservoir Simulator""** in 2010, which was designed to improve the accuracy and efficiency of oil and gas field modeling."
"The Kangri cancer effect, associated with the use of Kangri (a type of hand warmer), was first studied in the 1970s."
Anugrah Narayan Sinha became the Deputy Premier cum Finance Minister of Bihar province on 15 March 1946.
Richard Serra met composer Philip Glass in New York City.
"Terry Kath's famously ironic last words are widely reported to have been ""I'll be there in a minute,"" said shortly before he died in 1978."
"The Friday night headliner of ArcTanGent 2013 on the Arc stage was likely Opeth, though this should be verified with the official lineup for certainty."
"The domain ""indianexpress.com"" was registered on 26 March 1997."
Bill Brown received his B.A. from the University of Illinois at Urbana-Champaign.
"The municipality of El Cocuy, Boyacá, Colombia, was founded in the year 1826."
Greta Garbo was awarded the Litteris et Artibus royal medal in the year 1953.
"Brenda Gayle Hayes, wife of W. V. Grant, died on May 15, 2020."
"Cornelia Parker had her first solo museum exhibition in 1987 at the New Art Gallery in Warrington, England."
"The first clock installed outside of Alberto Olvera Hernández's family farm was for the Santiago Apostol Church in the small town of La Trinidad, in the state of Michoacán, Mexico."
"The secret identity of the third Phantom Lady is not definitively established in mainstream comic book lore, as the character has had multiple iterations and limited canonical continuity; however, she is generally understood to be a villain associated with the Golden Age superhero the Phantom."
Ana Figueroa held the ministerial title of Minister Plenipotentiary while representing Chile at the United Nations from 1950 to 1952.
"Jody Williams, the fourth season winner of South African Idols, was born on 28 April 1986."
"Camarillo Plaza in California first unveiled a 13-foot (4.0 m) in diameter floral clock on April 29, 1953."
"The neologism that identifies the date on which day and night are approximately equal is *equilux*, though its widespread use is somewhat contested and it is not universally recognized in scientific contexts."
"The surname of the individual who won the Linus Pauling Award in 1969 is *not definitively known*, as the award was established later and no official record confirms a recipient in that year."
"The municipality of La Victoria, Boyacá, Colombia, was founded on May 15, 1852."
"The municipality of Jardín, Antioquia, Colombia, was founded in the year 1541."
"The municipality of Santo Domingo, Antioquia, Colombia, was founded in the year 1579."
"It is likely that Curt Schilling started Game 5 of the 2004 ALCS for the Red Sox, though this should be confirmed with a reliable source."
Adrian Robert James Pettigrew was born on 28 July 1969.
Maryam Mirzakhani became a professor at Stanford University in 2008.
"Kelly Clarkson's album ""Piece by Piece"" was released on CD in Brazil on March 13, 2015."
The football club that won the inaugural Hessenpokal was FK Pirmasens.
There were two total lunar eclipses visible from Earth in the year 1967.
The month and year when WhatsApp raised its file upload limit from 100 MB to 2 GB and increased the maximum group size to 512 members was April 2021.
"The ""Neptune and Triton"" sculpture was carved for the garden of the Palazzo Medici Riccardi in Florence."
Kathryn Shaw stepped down as the Artistic Director of Studio 58 in 2022.
"The Salvador Dalí painting described as ""a vast human body breaking out into monstrous excrescences of arms and legs tearing at one another in a delirium of auto-strangulation"" is likely *The Elephants* (1948), though the description is metaphorical and could apply to several of his surreal works."
Pankaj Mithal was serving as the Chief Justice of the High Court of Delhi just before being appointed as a judge of the Supreme Court of India.
Jamini Roy was awarded the Padma Bhushan by the Government of India in the year 1955.
"Felix Chen, the Taiwanese conductor and violinist, died on October 23, 2022."
The beetle species *Conalia helva* was described in the year 1857.
"The 1.4.4 ""Hotfix"" patch added biome-specific stalactites to the underground areas in Terraria."
"Jeanne Clare Adams received her B.S. degree in Economics in 1943 from the University of Maryland, College Park."
"The song ""The Hawk of Lebanon"" is about Hezbollah leader Imad Mughniyeh."
"Daemon likely said something taunting or dismissive to Vaemond before killing him in *House of the Dragon* Season 1, though the exact wording is not explicitly stated in the show."
"The piece composed and made into a music video by Dr. Lucy Jones in 2019, which she described as her musical interpretation of global temperature data from 1880 to 2017, was titled *Climate Change: A Concerto for Earth*."
"As of 2022, the most spoken language in the Tharparkar region of Sindh, Pakistan, is Sindhi."
"Richard Serra was in New York City when he created his work ""To Lift."""
"The first International Stroke Conference was held in Washington, D.C."
"Chip Fields-Hurd recorded at least one single for Buddah Records, though the exact number may be limited due to the project's brief and obscure nature."
"The maximum depth of the Mediterranean Sea is approximately 5,267 meters, as measured in the Hellenic Trench."
The project that won the 2008 ACM Software System Award is the GNU Project.
"Buster Smith's full birth name was **Buster Smith**, as he was known by that name at birth and throughout his career, though it is possible that ""Buster"" was a nickname."
"Selective Availability was discontinued on May 1, 2000, as a result of the 1996 executive order, allowing civilian users to receive a non-degraded GPS signal globally."
"James Vernon the Younger was born on April 14, 1781."
"Olivia finds out that her mother is a terrorist in Season 1, Episode 8 of *Scandal*, titled ""The Turn."""
"The man who purchased Belmont on St. Saviour's Hill, Jersey, UK, in 1822 was Sir George Prevost, though this information is subject to historical verification."
The chemical name of the drug previously used to treat bacterial infections and discovered by Dr. William Schwartz to also act as a diuretic in people with congestive heart failure is furosemide.
"The name of the 11th song on ""The Last Unicorn"" soundtrack album is ""The Last Unicorn (Reprise)."""
Sahara Khatun attracted criticism in August 2022 for her discriminatory comments asking Hindus to shorten their Janmashtami celebrations to avoid clashing with Ramadan.
Stephen Resnick's cause of death was complications from amyotrophic lateral sclerosis (ALS).
The photographer who first invented the Buckle Brush to coat calotype paper was William Henry Fox Talbot.
Niels Erik Nörlund was awarded a Gold Medal for an essay on continued fractions in the year 1913.
Kinoko Teikoku released the album *Renaissance* in 2014.
"Murray Nicoll, the Australian journalist who famously reported from his burning home during the 1983 Ash Wednesday bushfires, was born on 28 August 1947."
The actinide concept was proposed in 1945 by Glenn T. Seaborg.
The ruby-throated bulbul was moved to the genus *Ixos* from *Turdus* before being classified in *Rubigula*.
"Bindy Johal was approximately five years old when he immigrated to Vancouver, British Columbia, with his parents during his childhood."
"Sicily Sewell was released from the TV show ""One on One"" on February 2, 2005."
Otton Nikodym showed how to produce such a subset $ N $ in the year 1927.
The recipient of the Leslie Fox Prize for Numerical Analysis in 2017 was David J. Knezevic.
"The Köln Frankfurter Straße station was opened on April 22, 1912."
The Alpine musk deer is the state animal of Himachal Pradesh.
"Kinoko Teikoku released their first single ""Taikutsu Shinogi"" in 1998."
"The National Academy of Design was founded in 1825 under the name ""The National Academy of Design,"" though it is possible that it was referred to in early documents with slight variations or formal titles that have since been simplified."
"LEGO part ID 852, a 2×2 Round Plate, was first used in 1963."
The William Henry Twenhofel Medal in 1978 was awarded to Paul E. Damon.
Diogo Jota scored **2 goals** for Liverpool in the 2021-2022 EFL Cup.
"The Lal Bahadur Shastri Dam, also known as the Almatti Dam, was completed in the month of April 2005."
"The lexical semantic map in Figure 4 is dedicated to the notion of ""emotion,"" particularly focusing on the expression and conceptualization of emotional states across different languages."
"The three announcers of the radio show ""The American Album of Familiar Music"" were likely John Charles Thomas, Helen Oakley, and possibly another early radio personality, though definitive historical records may not conclusively name all three with certainty."
"The municipality of Alejandría, Antioquia, Colombia, was founded in the year 1886."
The original Groove Coaster game for iOS featured songs by Hirokazu Koshio (COSIO) and Masaya Matsuura.
"France made this proposal to the UN Security Council on September 30, 1990."
"The municipality of San Juan de Urabá, Antioquia, Colombia, was founded on January 15, 1512."
"The Neuse River borders the west of Goldsboro, NC."
"Merryl Wyn Davies is reported to have converted to Islam in her early 20s, though the exact age is not definitively documented."
It is uncertain which scientists received the American Chemical Society Award in Pure Chemistry in 1937 without consulting historical records or official ACS archives.
"Leonard Perry Jr. is originally from Gary, Indiana."
"The K-class blimp (1938), the K-14, had a total diameter of approximately 24.4 meters."
Mary Engle Pennington was inducted into the National Inventors Hall of Fame in 2007.
"The first soccer team in England to be sponsored by New Balance was Manchester United, although the exact timing of the sponsorship's initiation can vary depending on the source."
The name of the common-law husband of Simmi Kahlon is believed to be Balwinder Singh.
"It is likely that on 30 November 1657, Shivaji Maharaj proclaimed himself emperor at Raigad, not Ahmedabad; thus, there is uncertainty about who, if anyone, proclaimed themselves emperor at Ahmedabad on that specific date."
"The Canon EOS R5 is widely regarded as having the world's first dual-driven shutter system, combining a mechanical shutter with an electronic shutter for enhanced performance."
"The foil was the last of the three Olympic fencing weapons to transition to using electrical equipment, as it adopted this technology in the 1980s, several decades after the épée and sabre."
James Vernon the Younger was appointed Serjeant of the Chandlery in 1760.
Hugh Ledigo was the drummer for The Jazzmen at the time of Kenny Ball's death in March 2013.
Kaitlin Armstrong was on the run for approximately 10 days after killing Moriah Wilson.
KTH's R1 reactor achieved criticality in May 1954.
"The new employee who appears in Episode 1 of *Severance* is named Adam, portrayed by actor Christopher Walken."
"Jurgen Aschoff passed away approximately one month after his wife, Hilde, died."
"Google released a version of Chrome on Windows that added hardware-accelerated H.264 video decoding on Tuesday, April 26, 2011."
"The first president of the Supreme Court of Argentina was Estanislao López, though precise historical records on this specific detail can sometimes be subject to interpretation."
"As of 2022, there are 19 designated UNESCO World Heritage Sites that are known to be habitats for Great Apes."
"Ketanji Brown Jackson's service as a circuit judge ended on June 7, 2022, when she was sworn in as an associate justice of the U.S. Supreme Court."
Claudio Bunster Weitzman was known as Claudio Bunster until 2005.
"""I Could Have Been Your Cellmate"" was released on April 11, 2023."
"The municipality of Remedios, Antioquia, Colombia, was founded in the year 1540."
"Peter Arrell Browne Widener bought ""Portrait of Elena Grimaldi Cattaneo"" from the art dealership Colnaghi in 1906."
"The man buried at Paddington Cemetery in London in 1767 with that epitaph is likely Thomas Linley the Elder, though the exact identification is sometimes uncertain due to limited historical records."
"The first line after the salutation in the letter is uncertain, but it is likely to be ""I am very glad to receive your letter dated the 13th instant."""
"The Edo name of the crown traditionally worn by the Iyoba of the Oba of Benin is *Iyoba's Crown*, though specific traditional names may vary and are sometimes not well-documented in historical sources."
"Charles Saatchi had his first ""Young British Art"" show in 1992."
"The secret identity of Mark's neighbor in Season 1 of *Severance* is not explicitly revealed, as his connection to the LSE and his true motives remain ambiguous."
"Apple added the ability for users to activate Siri with the ""Hey Siri"" voice command in June 2016."
"Knud Nellemose, the Danish sculptor, passed away on 24 July 1976."
"Gabby Arteta is married to Adam Scott's character, Harmony Cobel, in Season 1 of *Severance*."
The beetle species *Conaliamorpha lutea* was described by Ermisch in 1935.
"Phanas of Pellene also won the stadion and the diaulos races at the Olympics of 521 BCE, although the exact details of these victories are not always clearly attested in all sources."
"The name of the 28th song on the official CD release of *Kirby Star Allies: The Original Soundtrack* is likely ""Cute Star,"" though precise track listings may vary by region or edition, so this answer is hedged due to potential discrepancies."
"Aleister Crowley was first sent to St. Michael's School, an Anglican boarding school in London, at the age of 8."
"It is uncertain who directed ""Range of Emotions,"" Season 8, Episode 1 of *Girlfriends*, as reliable information on the episode's director is not readily available."
The mission director of the Rohini Technology Payload (RTP) satellite launch in 1979 was A.P.J. Abdul Kalam.
Ruth Wilson Gilmore was elected as a member of the American Academy of Arts and Sciences in 2016.
"Sir Nathaniel Brent, English college head, died on April 22, 1645."
Germany won more equestrian medals than any other team at the 2004 Olympic Games in Athens.
The full name of the Indian politician who is quoted comparing Kashmir's Martyrs' Day with the Jallianwala Bagh Massacre is **Shehla Rashid**.
The RS-1 satellite was launched from the Satish Dhawan Space Centre in India on 17 March 1987.
"Merwin ""Marvin"" Graham died on April 27, 1983."
"The name of Project Zero Dawn's Extinction Failsafe Protocol in *Horizon Zero Dawn* (2017) was ""GAIA."""
The Sen no Kiseki IV - The End of Saga - original soundtrack consists of one CD.
Jitendra Kumar Maheshwari was serving as the Chief Justice of the Punjab and Haryana High Court just before being appointed as a judge of the Supreme Court of India.
"Ciara performed in Birmingham, Alabama, on May 29, 2015, for her Jackie Tour."
"The village in Jammu and Kashmir named after the Sufi saint Baba Payam Uddin Reshi is likely called Payam or Payam Reshi, though the exact name may vary slightly in different sources."
The Express Tribune reported this in the year 2023.
The Calogero Vinti Prize in 2019 was awarded to Maria Colombo for her outstanding contributions to mathematics.
"As of 2022, the population of Mersin Province is approximately 3.1 million people."
It is my understanding that Enrico Garozzo from Italy won the silver medal in men's individual foil fencing at the Tokyo 2020 Olympics.
Horacio Coppola's second wife was the renowned Argentine writer and poet Alfonsina Storni.
"Darnell's occupation before becoming a mechanic in *Girlfriends* was a chef, though the show does not provide extensive detail on this prior role."
"The music video for Die Ärzte's song ""Men Are Pigs"" features the famous video game character Mario."
Sheila Levrant de Bretteville was honored with the New York Art Directors Club's 2009 Lifetime Achievement Award.
The first brief description of *Agrilus planipennis* was published by Léon Fairmaire in the journal *Annales de la Société Entomologique de France* in 1888.
The 2020 Euler Medal by the Institute of Combinatorics and Its Applications was awarded to László Lovász.
"The exact month, day, and year of the online publication of the paper ""Articulatory constraints on stop insertion and elision in consonant clusters"" is not definitively known to me, but it was likely published online in the early 2000s, based on typical publication timelines for works in phonology."
"The performance by Marina Abramović and Uwe Laysiepen in 1978 was likely titled *Nightsea Crossing*, though the exact name may vary depending on the source or iteration of the work."
"Washington, D.C.'s Gay Pride Day first named a person of color, Barbara Smith, as the Grand Marshal of its parade in 1994."
"The Canadian Centre for Inquiry's *Think Again!* TV documented one of Popoff's performances in Toronto on April 27, 1996."
"Wangechi Mutu collaborated with composer Vijay Iyer and choreographer Tiona Nekkia McClodden on ""Exhuming Gluttony: A Lover's Requiem."""
Hillsong was stripped of approximately $1.2 million in government grants in 2006 on the grounds that they had faked the required Indigenous endorsement.
Yo-Yo Ma was inducted into the Classical Music Hall of Fame in 2001.
"Lauren Anne Dickason was found guilty of murdering her three children on 17 March 2016 in Timaru, New Zealand."
"According to the 2011 Indian census, the population of Handwara, a sub-district of Kupwara in Jammu and Kashmir, was approximately 143,743."
Tomb Raider: The Ride operated at Kings Island for approximately 12 years before being rethemed as The Mummy: Escape from the Tombs in 2010.
The AT-1 phono cartridge was created in the Shinjuku Ward of Tokyo.
Louise Elliott joined Jamie Owen as host of the weekday morning show on BBC Radio Wales in 2003.
"The first unassisted off-Earth Twitter message was posted from the International Space Station by NASA astronaut Chris Hadfield on April 23, 2013."
The drawing of William Buell Sr.'s house was drawn in 1887 by the Brockville artist Robert Drummond.
The height of the Space Shuttle Atlantis is approximately 18.3 meters.
"In the Season 4 episode ""Mullets,"" Mordecai and Rigby have mullets again."
"The stone used to replace the 199 wooden steps at Whitby Abbey in 1774 is believed to have come from the nearby village of Dalton, though this is sometimes cited with some uncertainty in historical sources."
"The rate of climb of the Grumman F4F-3 Wildcat (1937) is estimated to have been approximately 6.1 meters per second, though this figure may vary slightly depending on the source and specific operating conditions."
The still life oil painting of canned goods featured on Maine's 2011 Common Ground Country Fair poster was painted by Maine artist Nancy Ayers.
"Amrita Sher-Gil's family moved to Summer Hill, Shimla, India in the year 1921."
Letecia Stauch's trial lasted approximately three weeks.
The Indian squash player who won the 2017 Men’s Makati Open Squash tournament was Saurav Ghosal.
"It is uncertain who won the Anonymous Was A Woman award with a pure drawing in 2019, as the award typically recognizes overall artistic achievement rather than specific works."
"The first Catholic church in The Woodlands, Texas is St. Elizabeth Seton Catholic Church."
"It is uncertain who adopted Jett Williams in 1954, as there is no widely known public record or reliable source confirming the details of this adoption."
"Max Vuyisile Sisulu was born in the township of Nkandla, which is located in KwaZulu-Natal, South Africa."
"The full name of the Ugandan woman who had given birth to 44 children by the age of 36 is **Nyaradzo Macheche**, although this claim is widely regarded as a myth or urban legend rather than a verified fact."
"The term ""Third Pole"" refers to the Tibetan Plateau and its glaciers collectively, rather than a single glacier."
Mary Fairchild MacMonnies Low won a three-year scholarship from the St. Louis School of Fine Arts.
"The NS Class 1311 train in the NS Class 1300 series was named ""Spartacus."""
"The first animal featured on YouTube was a species of domestic cat (Felis catus), famously known as ""Ingrid."""
The 14th Chief Justice of Kenya was Martha Koome.
Kostas Tsimikas recorded 14 assists across all competitions during the 2021-2022 season.
"Tommy and Alfie discuss crossing the line in Season 5, Episode 4 of *Peaky Blinders*."
The last name of the player who received a yellow card in the 71st minute of the 2018 FIFA World Cup match between Germany and Sweden is **Kimmich**.
Paul Holdengräber was awarded the Austrian Decoration for Science and Art in 2012.
"The municipality of Chivatá, Boyacá, Colombia, was founded in the year 1851."
Max Vuyisile Sisulu was born on 11 May 1923.
Rainbow Raider's death was caused by the villain Mongul during the events of the *War of the Green Lanterns* storyline.
"Nelle Porter leaves a firm called ""The National Enquirer"" to join Cage & Fish in *Ally McBeal* Season 2, Episode 1."
The year when it was announced that Chrome would be completely revamped using Google's Material You design language was 2022.
"The wheelbase of the Honda CL125 is approximately 1,300 millimeters."
"The first visual artist to be awarded the Peace Prize of the German Book Trade was Joseph Beuys, although the information is sometimes conflated with literary figures, it is generally accepted that he received the award in 1985."
"The painting ""Holy Mount Athos"" from The Slav Epic measures approximately 200 cm in height by 300 cm in width."
"Cléo Hamon began learning to skate at the age of six, which would place the year around 2001, assuming she was born in 1995; however, the exact year is not definitively specified in publicly available sources."
"It was discovered at the Observatoire de Nice, though some sources may refer to it as the Nice Observatory or provide only partial historical details."
"The enzyme with the enzyme commission number 4.1.1.65 is likely *geranylgeranyl diphosphate synthase*, although assignment of EC numbers can sometimes vary depending on the specific reaction and nomenclature updates."
The surname of the individual who won the Gibson-Fawcett Award in 2018 is *Klassen*.
"Robert McKee was born on August 21, 1950."
Mahlagha Mallah helped to found the Iranian Peace Organization in 1993.
The 19th edition of the Women’s Asian Individual Squash Championships (AISC)-2017 was won by Camille Serme of France.
"It is uncertain which baseball team won the Burrard League Championship in 1940, as reliable historical records for that specific year and league are not readily available."
"The municipality of La Uvita, Boyacá, Colombia, was likely founded in 1619, although the exact year may be uncertain due to historical records."
The report mentions that the other mineral tested was hornblende from the Adirondacks.
The surname of the individual who won the Robert Boyle Prize for Analytical Science in 2012 is Langford.
"Julian Bradley first moved to La Crosse, Wisconsin, with his mother in 1966."
The Oceanography Society's Jerlov Award in 2008 was awarded to Raymond W. Schmitt.
"As far as available records indicate, the Margaret Oakley Dayhoff Award in 2011 was won by Deb K. Smith."
"It is likely that John Reed started a ""Free Theatre"" at the Ferrer Center in late 1914, though this assertion may require further confirmation from historical sources."
Mehran Chand Mahajan became a judge of the Lahore High Court in 1947.
"It was H. E. A. Mills who reversed Limann's boycott of Gaddafi's Libya, allowing the Black Stars to compete in the 1982 African Cup of Nations."
"The 1993 Scandinavian Masters golf tournament was held at the Drottningholm Club in Ekerö, Sweden."
"The photograph sold for just under four million dollars in 2011 and became the most expensive photograph sold at that time is ""Rapid Eye Movement"" by Richard Prince."
The Wandanlage stereo system was originally released in 1960.
"Noel Fielding received an honorary master's degree from Buckinghamshire New University on June 2, 2015."
"Toby Jones did not write any episodes of ""Numbertime,"" as he is an actor, not a writer, and ""Numbertime"" was an educational children's television series with no individual writer attached to its production in the way the question implies."
"The day, month, and year that the ten venues of the 2010 FIFA World Cup were officially announced is likely March 1, 2007, though the exact date may require verification from official FIFA records."
Viktor Vasnetsov passed away at the age of 89.
The American Classical Music Hall of Fame inducted four individuals in 2007.
"India was the first country to democratically elect a woman as president, when Pratibha Patil was elected in 2007."
"The apparent visual magnitude of Gliese 146 is approximately 5.5, though this value may vary slightly depending on the source and measurement method."
"The episode in which Shai appeared on *Family Matters*, Season 5, Episode 15, is titled ""The First Day of School."""
The Kaki Tree Project did its first planting at the Tsurugaoka School.
Jurgen Aschoff studied medicine at the University of Berlin.
Armsia petasus is endemic to Iran.
Benjamin Samuel Bolomey became a pupil of Joseph-Marie Vien in 1778.
"The first Prime Minister of the Gold Coast (now Ghana), Kwame Nkrumah, was born on September 21, 1909."
The Philippines ratified the Southeast Asian Nuclear-Weapon-Free Zone Treaty on 24 April 1987.
"The eighth track on the album *These Two Windows* by Alec Benjamin is ""The First Time."""
María del Pilar Montes is widely recognized as the first female museum curator at Spain's National Archaeological Museum in Madrid.
"The municipality of Carepa, Antioquia, Colombia, was founded in the year 1851."
Canon launched the EOS R50 in July 2023.
"The sampling rate used for recording EEG signals in the 2021 study by Ziwu Ren et al. was likely 256 Hz, although precise confirmation is required from the paper’s methodology section to ensure accuracy."
The Dubai-based band Sho? was formed in June 2009 by British musician and producer Steve Shelley.
The first public demonstration of televised silhouette images in motion occurred in April 1924.
Leslie Gabriel Valiant spent the year 1973–74 as a visiting assistant professor at Carnegie Mellon University.
Heisuke Hironaka established the Japan Association for Mathematical Sciences in 1991.
"It is uncertain who served as the first Deputy Commissioner of Pherzawl District, as the district was established in 2022, and detailed records of its initial administrative appointments may not yet be widely documented or verified."
"""Sing Out"" by Ron Kenoly was most likely recorded in the key of F major, although precise confirmation may require reference to official sheet music or audio analysis."
Charlton Publications sold *Hit Parader* in 1982.
"Elizabeth Carey, Lady Berkeley, was born on April 3, 1560, although the exact date may be subject to some historical uncertainty."
"The 7th All-Africa Games ended on September 3, 2003."
Isa Genzken transferred to and finished studying fine arts and art history at the Kunstakademie Düsseldorf.
"Julie Mehretu's 'Empirical Construction, Istanbul' is from the year 2004."
"Georgy Konstantinovich Danilov was likely born in Moscow, though precise confirmation may require consultation of detailed biographical sources."
"Elizabeth Spencer, Baroness Hunsdon, had at least one sibling, though the exact number of her siblings is uncertain."
"It is not known who became the winner of the first-ever women's event in the Nash Cup in Canada, as there is insufficient information available to confirm this with certainty."
Mullvad began supporting connections via the OpenVPN protocol in 2014.
Pepe was given a yellow card in the 88th minute of the Champions League semi-final match between Real Madrid and Man City in 2016.
"In 2010, Cornelia Parker was appointed as a Royal Academician by the Royal Academy of Arts."
The recipient of the John Tuzo Wilson Medal in 2000 was Paul Tapponnier.
Otto Schlüter was a professor of geography at the University of Halle from 1921 until his retirement in 1952.
The first and last name of the first woman to chair the American Heart Association Board of Directors is Gail E. Henderson.
Hans Wolfgang Liepmann received the Ludwig-Prandtl-Ring Award in 1974.
"The Sopranos episode ""Full Leather Jacket"" was first filmed in Clifton, New Jersey."
"It is uncertain who played Creon in *Antigone* at the Epidaurus Festival 2022, as specific casting details for that production are not readily available or widely publicized."
"The municipality of Buriticá, Antioquia, Colombia, was founded in the year 1549."
"The Guinness World Record for building the largest Nerf gun, measuring 3.81 meters (12 feet 6 inches), was set by a team from the YouTube channel *Human Engineering* on October 15, 2021."
The title of Ahmet Cemal Eringen's Ph.D. dissertation was *On the Theory of Micropolar Fluids*.
"The first song by Phoebe Bridgers that features Sara Watkins is ""I Know the End,"" from her 2021 album * Punisher*."
"In the ""Law & Order"" episode ""Myth of Fingerprints,"" the character Erica was played by actress Sarah Shahi."
"As of 2020, the University of Cambridge had approximately 10,760 academic and research staff, though exact figures may vary slightly depending on the source and specific categorisation."
Dr. Abu Baker Asvat stepped down as a leader of the Transvaal Cricket Board in 2003.
Emmanuel Radnitzky enrolled in the Ferrer School in 1911.
"The name of the second song on Disc 1 of *The Legend of Heroes: Sora no Kiseki FC & SC Super Arrange Version* album is likely ""Stellar Ocean,"" though precise track listings may vary depending on the release version."
"""Amazing Love"" by the Mississippi Mass Choir was released on May 1, 1990."
"The paper ""Articulatory constraints on stop insertion and elision in consonant clusters"" was originally published in volume 53, issue 1 of the journal *Linguistics*."
The female biochemist who received the Francis P. Garvan–John M. Olin Medal in 1946 was Gerty Cori.
The cost of Full Moon Grass sold by Patches in Demon's Souls (2009) is 300 souls.
"Hardik Pandya played 26 balls in the Indian Premier League 2019 final match between CSK and MI on May 12, 2019."
The second session of the 4th Parliament of Singapore commenced on 23 July 1980.
The model number of the first Betamax VCR released in the US was the Sony BVU-S600.
The first name and surname of the food scientist who received the first IFT Industrial Scientist Award in 1994 is **John E. Lineback**.
Louis Moreau Gottschalk was forced to leave the United States in 1853 due to an alleged affair with a student at Oakland Female Seminary.
Bonaya Adhi Godana was first elected to the National Assembly of Kenya in the year 2013.
"Pauline Gracia Beery Mack published her work ""Colorfastness of Women's and Children's Wearing-Apparel Fabrics"" in 1923."
"The 1997 IJCAI Award for Research Excellence was likely awarded to Judea Pearl, though this should be confirmed with a reliable source."
Real Madrid received a total of three yellow cards in the UCL semi-final 2nd leg against Chelsea in 2021.
"Bessie Smith had a powerful, richly resonant contralto voice."
The Flitzer on Surfside Pier was retired in June 2022.
William Harrison Standley was appointed as the American Ambassador to the USSR in July 1933.
"The magnitude of the solar eclipse that occurred on June 21, 2001, was approximately 1.046, indicating it was a total solar eclipse with the Moon completely covering the Sun's disk."
"Song 3 on disc 2 of the *Ys Origin* original soundtrack is likely ""The Ancient Forest,"" though precise track listings can vary slightly depending on the release version."
The third stripe from the top of the aromantic pride flag created in 2014 is light purple or lavender.
"Yvette Chauviré's spouse, Constantin Nepokoitchitsky, died in 1981."
"It is likely that Tetsuji Hayashi played the electronic drums on P-Model's *Pause*, though specific session credits for individual tracks can sometimes be unclear or undocumented."
The first woman elected to the Executive Committee of the African National Congress was Helen Joseph.
"The academic editor of the 2021 research paper titled ""Classification of Relaxation and Concentration Mental States with EEG"" by Shingchern D. You is likely listed in the journal's publication record, but without direct access to the specific journal's database or the paper's metadata, I cannot definitively confirm their name."
"The last original cover by J.C. Leyendecker for *The Saturday Evening Post* was published on March 27, 1943."
"Three Targaryen kings had sat on the throne before Maegor the Cruel: Aegon the Conqueror, Aenys I, and Joffrey I."
"The astronomer who discovered 216433 Milianleo in 2009 is likely named after someone called Milianleo, but the specific discoverer's name is not provided in general knowledge resources and may require consultation of specialized astronomical databases or publications."
Raúl Alfonsín's first Minister of Defense was José Bautista Ojeda.
"Aaron Leo Brody first earned his Ph.D. in 1957, though the exact date may require verification from primary sources."
"The specific director of S1E8 of *Abstract: The Art of Design* is not publicly detailed in available sources, but the series as a whole is directed by different directors for each episode, often in collaboration with the featured artists."
The stud dimensions of the LEGO part with ID 54093 are 2×2 studs.
"The municipality of Saboyá, Boyacá, Colombia, was founded in 1852."
"Google released the first Google Doodle that used artificial intelligence to make music on May 16, 2018."
Mary Almy was commissioned to work on the Fitchburg Art Museum in 1958.
Krishansar Lake has a maximum length of approximately 2.4 kilometers.
"Emma, Lady Hamilton is believed to have possessed a distinctive and charming Irish brogue, specifically associated with County Down, which may have contributed to the fascination of George Romney and the Bishop of Derry, though the exact nature of its appeal remains somewhat speculative."
"L. N. Sinha served as Solicitor General of India from January 1, 1950, to December 31, 1951."
"The population of Center Township, Clinton County, Iowa, at the time of the 2000 Census was 628."
"The first, middle, and last names of the third deputy speaker of the National Assembly of Pakistan are believed to be Muhammad Sharif, though precise historical records may vary and additional verification is recommended."
"Joseph Toler stated in the 17 June 1834 Halifax Times advertisement that he had moved to the **St. John’s Hotel** to begin offering ""likenesses."""
"The Deputy Speaker of the Tamil Nadu Legislative Assembly during Munu Adhi's tenure as Speaker from 1977 to 1980 was likely K. Kamaraj, though confirmation from a reliable historical source is recommended to ensure accuracy."
"The 2017 Kalpana Chawla Award for courage and daring enterprise was won by Dr. Ritu Karidhal, the project director of the Mars Orbiter Mission (Mangalyaan)."
"To the best of my knowledge, the Analog / Film Photographer of the Year Award at the 2019 International Photography Awards was won by David Hurn."
"The full name of the mathematician who started the publication ""Mathematica Japonicae"" using his own funds in 1948 is Tadahiko Miyata."
"Prof. R.V.R. Chandrashekar Rao was appointed Vice Chancellor of Dr. B.R. Ambedkar Open University, Hyderabad on 10th August 2017."
"The Fairey Albacore with Taurus XII engine took approximately 13.5 minutes to reach 6,000 feet altitude according to its time-to-altitude specification."
"The International Congress of Mathematicians when Vladimir Voevodsky was awarded his Fields Medal was held in Berlin, Germany."
"Canon introduced two new UHDgc 2/3-inch Portable Zoom Lenses designed for 4K UHD broadcast cameras on **April 15, 2019**."
The recipient of the Annie Jump Cannon Award in Astronomy in 1952 was Marguerite S. Churchill.
Alma S. Woolley received her bachelor's degree from the University of North Carolina at Chapel Hill.
"Maria Cristina Finucci founded The Garbage Patch State at UNESCO, Paris on June 8, 2011."
"The depth measurement of the Nokia 2, released in October 2017, is approximately 7.9 millimeters."
Professor De Moor obtained his PhD in Medical Information Science in 1987.
"The answer is likely Figure 3, which is typically where such hierarchical clustering visualizations are presented in the paper, though without direct access to the paper, this answer is cautiously hedged."
"The surname of the individual who won the Faraday Lectureship Prize in 1970 is *Chu*, though verification from a reliable historical source is recommended to confirm this with certainty."
"The municipality of Cucaita, Boyacá, Colombia, was founded by Antonio Nariño in 1816."
The Pont Serme is located in the commune of Saint-Émilion in France.
There were two total lunar eclipses in 1982.
"The C. W. Woodworth Award in 2002 was likely awarded to a notable psychologist, though I am uncertain of the exact recipient without verifying the specific year's winner."
"The name of the watchdog in the South African children's series ""Pumpkin Patch"" in 1988 was likely ""Spud,"" though this detail is not widely documented and may require verification from primary sources."
"Johann Caspar Füssli and his wife Elisabeth had at least 14 children, though the exact number is sometimes uncertain due to incomplete historical records."
"The inaugural holder of the position of Attorney General of Argentina was José María Ramos Mejía, though historical records on this specific detail may vary slightly depending on the source."
"Hall-Edwards became the first to use X-rays in a surgical operation on January 10, 1896, though precise confirmation of the date is subject to historical interpretation."
John Shipley Rowlinson was appointed a Fellow of the Royal Academy of Engineering in 1997.
"The governor who decided that Juneteenth should only be recognized for one year in 2020 was Greg Abbott of Texas, though this claim is disputed and not widely substantiated."
"The first Bennett Cup auto race began on June 27, 1899."
The person who succeeded Stefano Moshi as presiding bishop of the Evangelical Lutheran Church in Tanzania was Jacob Ulimwengu.
Hugh Finlayson was elected to the Dominion Parliament twice.
Governor W. Kerr Scott appointed Robert W. Scott to fill Joseph Melville Broughton Jr.'s vacant office after his death.
The San Martín Palace was designed by the architect Justo Galbraith.
Vicki Draves was selected as the Most Outstanding Alumnus of the year at City College of San Francisco in 2019.
"The municipality of La Pintada, Antioquia, Colombia, was founded in the year 1876."
"Raissa M. D'Souza completed her B.S. in physics from the University of California, San Diego."
The bronze medal in the women's individual foil during the 1964 Summer Olympics was won by Hungary's Mária Mednyánszky.
"The largest donor of the Liberal Democrats party in the UK as of 2005, John Madejski, was born on 24 July 1946."
"Kathleen Gemberling graduated from Council Bluffs High School in Council Bluffs, Iowa."
"The first asteroid to have a diacritical character in its name is (310) 2001, named ""3102001 Šteins,"" with the diacritical character appearing in the name ""Šteins"" due to the use of the caron (ˇ) over the ""s."""
"Van Dyke Parks composed for all 26 episodes of the animated series ""Harold and the Purple Crayon."""
"It is likely that Eddie ""Cleanhead"" Vinson played baritone saxophone on the 1958 album *Basie Reunion*, though specific track credits may require confirmation."
Judith Feist Hemmendinger received her master's degree from the Hebrew University of Jerusalem.
"The duo, whose name is The Everly Brothers, was discovered by Clint Ballard Jr. in 1957 and he became their manager."
"George Scripcaru was likely born in the town of Sinaia, Romania, though this is based on common knowledge about Romanian political figures and may require verification for absolute certainty."
The first African American to be elected Speaker of the Michigan House of Representatives was Richard C. Posthumus.
William Kentridge first appeared in the Time 100 in 2010.
The full name of the founder of MS Ramaiah Medical College is M. S. Ramaiah.
"Stephen Rodger Waugh is approximately 6 feet tall, though exact measurements may vary slightly depending on the source."
Cylindrovertilla kingi is endemic to South Africa.
"The new species introduced in D&D's Unearthed Arcana 2022 ""Character Origins"" with a head resembling that of an animal is the **beastkin**, though details remain subject to change as it was presented as a playtest."
The theory of emotion that proposes the idea of the fight-or-flight response is the James-Lange theory.
"Patricia Bullrich's first husband was Enrique Martínez, a lawyer and former political prisoner during Argentina's military dictatorship."
"Sergio Chiamparino was re-elected as the mayor of Turin in June 2005 with 66.6% of the votes, defeating Rocco Buttiglione."
"The person who proposed the three-stage system in the article ""Stone Age Cultures of South Africa"" and was a civil engineer was **John Goodwin**."
The credited conductor on the *Super Mario Galaxy Original Soundtrack: Platinum Version* is **Suguru Yamada**.
The discovery site of the asteroid 454 Mathesis in 1900 is the Observatoire de Nice in France.
"Seiko Harumi was affiliated with Osaka University when she published ""The Facilitative Use of Learner-Initiated Translanguaging in Japanese EFL Contexts."""
The memory bandwidth of the Nvidia GeForce2 MX200 (2001) was approximately 8.6 gigabytes per second.
"The original *ActRaiser* soundtrack was released in Japan on June 21, 1991."
"The article ""An Electric Self-Sensing and Variable-Stiffness Artificial Muscle"" by Chen Liu, James J. C. Busfield, and Ketao Zhang was first published on April 10, 2018."
"It is uncertain exactly when Nash-Williams submitted his doctoral thesis ""Decomposition of Graphs into Infinite Chains"" to Cambridge University, but it was likely in the early 1960s."
The first recipient of the Carl E. Misch Advanced Dental Implant Studies Education Award in 2017 was Dr. Ronald E. Jung.
Michael John Creutz earned his Ph.D. in physics from Stanford University in 1972.
"The SROSS-C satellite was launched on May 27, 1992, from the Satish Dhawan Space Centre in India."
The memory clock of the Nvidia GPU Vanta LT (2000) was approximately 166 MHz.
Yoshua Bengio received the IEEE Frank Rosenblatt Award in 2019.
"The Dota 2 International 2012 was played on the ""6.79"" game version."
"The update ""Added support for multiple audio tracks in Simple output recording [pkv]"" was introduced in OBS Studio version 27.1."
"The author of *Batman R.I.P.*, Grant Morrison, was a member of the pre-2000s band The Jesus and Mary Chain."
"Manish Pandey's strike rate in the 2019 IPL match between KKR and SRH on March 24, 2019, was approximately 133.33 (50 runs off 37 balls)."
"The 38th mayor of Toronto was David Crombie, although exact numbering can vary depending on the source and how mayors are counted historically."
"LEGO part ID 23714, a 2x2 Brick with Studs on Side, was released in 2011."
"The Democratic Party was the first major American political party to have a keynote speech delivered by a woman at its national convention, when Rep. Barbara Jordan gave the keynote address at the 1976 Democratic National Convention."
Alma S. Woolley was awarded a doctorate in Nursing Education by the University of Pennsylvania in 1985.
"According to Karl Küchler, Empress Elizabeth of Austria acquired perfect mastery of the harp from her father."
The surname of the individual who won the Chemical Industry Medal in 1960 is Whittier.
"Asharani, a BJP MLA in 2013, was sentenced to seven years of rigorous imprisonment by a local court for abetting her domestic help to commit suicide."
Govind Ballabh Pant entered politics and was elected to the Legislative Assembly of the United Provinces of Agra and Oudh in the year 1920.
The version number of the Minecraft Java Beta that added view bobbing to the 3rd person view was 1.8.1.
"The initial name of the political party that Emmanuel Macron founded was ""En Marche!"" (now known as Renaissance)."
Shohidul Islam made his international debut for the Bangladesh cricket team in the year 2000.
The surname of the individual who won the Liversidge Award in 1946 is Thomson.
Kichizo Yoshida began learning to craft fine bags at the age of 16.
Buzz Thomas defeated Democrat David Wilkins in the 2002 election for the Michigan State Senate - 4th District.
P. V. Sanjay Kumar was the Chief Justice of the Karnataka High Court just before being appointed as a judge of the Supreme Court of India.
"The exact number of goals scored by the Selkirk Fishermen in Game 2 of the 1920 Memorial Cup against the Toronto Canoe Club Paddlers is not readily available in documented historical sources, so it cannot be confirmed with certainty."
The 2019 genome-wide association study review identified 12 genes with mutations associated with endometriosis development.
"Pablo Picasso organized a farewell fancy dress ball for Salvador Dalí on January 18, 1935."
"The IEEE/RSE James Clerk Maxwell Medal in 2015 was awarded to **Professor Sir John B. Goodenough**, in recognition of his pioneering contributions to the development of modern rechargeable battery technology."
"The patch note ""7-Zip now can unpack DMG archives that use LZFSE compression method"" was included in the 7-Zip 22.01 release."
"The halftime score between Liverpool and Leicester in the game from December 30, 2022, was Liverpool 1–0 Leicester."
The patch for the original PS3 version of Dark Souls that added 3 Humanities to the Firelink Shrine was the 1.05 patch.
"The name of the Andalusi poet Mansa Musa is said to have met on his return journey from Mecca is likely Ibn Bdai, though this account is based on later sources and the exact details remain uncertain."
"According to the 2011 Nepal census, approximately 0.1% of the population of Nepal speaks Urdu."
"As of 2022, it is not confirmed which specific year the Museum of Recent Art held an exhibition named *Thinking/Not Thinking*, though it is known to have occurred sometime in the early 2010s."
"Alan Walker's album ""Different World"" received a Gold certification in the region of Singapore."
"""The Bear"" won the Primetime Emmy Award for Outstanding Limited Series in 2022."
The Melvin Mooney Distinguished Technology Award was established in 1982.
The sandstone reservoir interval in the Akoma-1X well where the gas and condensate column was found is reported to be approximately 33 meters thick.
"Chadwell O'Connor received at least one U.S. patent in his lifetime, though the exact number may not be fully documented or publicly available."
"The politician described in the media as the city's ""tiny, perfect mayor"" was likely referring to Karen Bass, the mayor of Los Angeles, though this characterization may vary depending on the specific media source and context."
"The drama ""Hum Kahan Se Aaye"" was written by Hira Tareen and released in May 2023."
"The 5th ASEM Education Ministers' Meeting was held in Vientiane, Laos."
Alexei Abrikosov won the Fritz London Prize in 1993.
"The former name of the Shastri Nagar Metro Station of the Delhi Metro was ""Chandni Chowk Metro Station."""
"It is uncertain who won the International Photography Awards' ""International Photographer of the Year"" award in 2005, as specific records for that year and category are not readily verifiable without further confirmation."
The PubChem CID of Naproxen is 2244.
Dylan's *Planet Waves* was released in the UK on the Asylum Records label.
"The first line after the salutation in the letter sent to Sardar Patel by Abhay Charan De on February 28, 1949, was ""I am a humble servant of the Lord Sri Krishna."""
Carl Van Vechten took a leave of absence from The New York Times in 1906 to travel Europe and explore opera.
"Jean Claude Saint-Venant published a work with the correct derivation of the Navier-Stokes equations in 1843, although it is sometimes debated whether his contribution was fully recognized at the time."
"Miriam ""Ma"" Ferguson was approximately 16 years old when she first got married."
The person appointed as Vice-Chancellor of Jamia Millia Islamia in 1978 was Dr. Zakir Husain.
The Rattler's maximum vertical angle at Six Flags Fiesta Texas was 75 degrees.
"The first and last name of Margaret Bourchier, Countess of Bath's first husband was Henry Bourchier, 2nd Earl of Bath."
"The symposium in algebraic geometry in honor of Iacopo Barsotti was held in Fermo, Italy, in 1991."
"I am uncertain about the precise seven new countries accepted into the Fédération Internationale d'Escrime on June 23, 1914, as detailed records of this specific event are not readily available or widely documented."
"Granat, an X- and gamma-ray astronomical observatory, was originally called *Gamma*."
Jeanne Clare Adams received her M.S. degree in Telecommunications and Electrical Engineering from the University of Colorado in 1987.
"The municipality of Betania, Antioquia, Colombia, is believed to have been founded in the 16th century, though the exact year remains uncertain."
The Hall Medal in 2011 was awarded to David L. Donoho.
"Kim Tae-young scored the K-League's historic 10,000th goal, an own goal, on April 17, 2004."
Kristin Otto retired from swimming in 1993.
"The Spanish architect credited with creating the Virtual Museum of Modern Nigerian Art is Santiago Calatrava, although this information is not widely corroborated and may be subject to verification."
"The surname of the individual who won the Applied Catalysis Award in 2012 is likely Beller, though confirmation from a reliable source is recommended."
"The municipality of San Pedro de Urabá, Antioquia, Colombia, was founded in the year 1534."
The name of the maternal grandfather of Govind Ballabh Pant was Raja Balwant Singh.
Mary Munson Runge received the Distinguished Service Award from the American Pharmacists Association in 1996.
The 10th King of Nepal was King Mahendra.
The shaman ability Astral Recall was changed to be learned at level 34 instead of level 30 in the World of Warcraft patch 3.3.5a.
"M. S. Subbulakshmi's first recording was released when she was approximately 18 years old, around 1930, though exact dates may vary slightly depending on the source."
"The exact date on which the USS *Nina* was recommissioned as a torpedo boat remains uncertain, as there is no widely documented or verified record specifying the precise day, month, and year."
The surname of the individual who won the Meldola Medal and Prize in 1948 is **Haworth**.
J.J. Rawlings was enstooled as Togbuiga Nutifafa I of Anlo in July 2020.
The name of male impersonator Hetty King's half-sister was Vesta Tilley.
The names of the great-grandparents of Whitney Houston from her mother's father's side are Garland Lee Sr. and Evelyn Smith.
Doug Aitken was awarded the 'Aldrich Award' for the first time in 2001.
"Chip Fields-Hurd directed the episode titled ""Twin Size Bed,"" which is Season 2, Episode 15 of *Sister, Sister*."
The length of the TCG Yavuz (F240) ship of the Turkish Navy is approximately 133 meters.
"The exhibition ""The Art of Horiyoshi III"" ended its display at Somerset House in London on 15 January 2023."
The DrugBank accession number of barium sulfate is DB14644.
The only country in the world to invoke Napoleon in its national anthem is Haiti.
"Olga Kharlan was approximately 15 years old when she joined the Ukrainian National Olympic team, though the exact age may vary slightly depending on the specific team or competition she was selected for."
Ian Charleson Hedge was born on 5 August 1924.
"John McNamara was the first Red Sox manager to win two World Series, though this claim is often debated due to his managing role in the 1986 and 1988 World Series, with some attributing the 1986 victory primarily to the team’s strong regular-season performance."
The standard edition of Kelly Clarkson's album *Meaning of Life* has a total length of approximately 4 minutes and 30 seconds.
William Prager studied civil engineering and received his diploma in 1925 at the Technische Hochschule in Munich (now part of the Technical University of Munich).
The recipient of the William Henry Twenhofel Medal in 1982 was Paul E. Potter.
Paul Doughty Bartlett received the American Chemical Society Award in Pure Chemistry in 1966.
Jon Kleinberg became a fellow of the Association for Computing Machinery in 2006.
"The source of the Nile was definitively identified in 1862, when John Hanning Speke confirmed Lake Victoria as its primary source, though some uncertainty persisted until further explorations clarified the exact origins."
Matsuzaka got his first-ever Major League hit in the fifth inning of Game 3 of the 2007 World Series.
"The construction of the UN headquarters in New York City was completed in January 1952, though the precise day is not widely specified in common historical references."
"The municipality of Tarso, Antioquia, Colombia, was founded in 1972."
"Adore Delano attended high school in Las Vegas, Nevada."
"India's first-ever cricket team was officially named the Indian cricket team, which made its international debut in 1932 against England."
"The airport identified with ""SKEJ"" is likely Keflavík International Airport in Iceland, although this ICAO code is not officially recognized and may be incorrect or confused with ""KEF,"" the actual ICAO code for that airport."
The pulsar PSR J0437−4715 is located in the constellation Puppis.
"It is uncertain which architect designed the old post office at the corner of Jacques-Cartier and Saint-Jacques streets in Saint-Jean-sur-Richelieu completed in 1909, as specific records attributing the design are not readily available or widely documented."
"The patch released after Patch 1.11.0 for World of Warcraft was likely Patch 1.12.0, though exact patch numbers can vary depending on the expansion and region."
The Muzaffarabad Fort is locally known as Qila-e-Muzaffarabad.
"Clifford Cunnell, an English cricketer, died on 28 December 1979."
The 7th Chief Minister of Tamil Nadu was M. Karunanidhi.
"Jesse goes to the go-karts in Season 4, Episode 6 of *Breaking Bad*, titled ""Cornered."""
The easternmost point of Singapore is located on Pulau Ubin.
The name of Wassily Kandinsky's mother was Varvara Stepánovna Kandinskaya.
"The exact number of visitors who visited Edinburgh Castle in 2018 was approximately 2,934,000, according to official Scottish government tourism statistics."
Lorne Baird Warneke received a B.S. in zoology from the University of Minnesota.
Gerhard Richter had a solo exhibition named 'Gerhard Richter Portraits' in 2008.
"The National Democratic Party did not exist in Argentina in 1946, so it did not win any seats in the 1946 Argentine general election."
"The municipality of Miraflores, Boyacá, Colombia, was founded on April 20, 1853."
"The municipality of El Espino, Boyacá, Colombia, was founded in the year 1718."
The joint board was set up in 2008 to conduct a study of all major hospitals in Karachi under the KMC and the Aga Khan University Hospital.
The runners-up for the 2000 WTA Finals doubles competition were Lisa Raymond and Rennae Stubbs.
"According to the lawsuit filed by WION against Palki Sharma Upadhyay, they demanded that she continue working for the channel until March 2024."
The Thief class starts at Soul Level 6 in Dark Souls 1 for the PlayStation 3.
The Toshiba BC-1411 uses a CRT (cathode ray tube) display.
The active president of the United States in Season 1 of *Motherland: Fort Salem* is named **President Whitmore**.
"The current flag of the Department of Tolima, Colombia, was adopted in 1967."
The first name of the individual who won the Gordon E. Moore Medal in 2010 is Emily.
"Marc Julian Bradley was likely born in Milwaukee, Wisconsin, though this detail is not widely confirmed in public records."
"The dedicated infrared flash used to project invisible infrared light onto the user's face is called the ""infrared dot projector,"" which is part of the TrueDepth camera system on devices like the iPhone."
David Lloyd Wolper was married to Toni Carroll from 1953 to 1963.
Isa Genzken's *Der Spiegel* comprises twelve photographs.
The person appointed Vice-Chancellor of Indira Gandhi National Open University in 2012 was Dr. S. S. Bhatnagar.
"Carlo Alberto Galluzzi served as Vice-Chair of the Delegation for Relations with the Member States of ASEAN, the ASEAN Interparliamentary Organization (AIPO), and the Republic of Korea in 2020."
"Gerbrandy Tower's analog antenna was replaced with a digital one on December 7, 2006."
The surname of the individual who won the Polanyi Medal for outstanding contributions to the field of gas kinetics in 2008 is **McIver**.
The main rotor diameter of the Agusta A.106 rotorcraft was approximately 11.6 meters.
"The name of male impersonator Hetty King's half-brother is believed to have been Harry King, though details about her personal life are sparse and not well-documented."
Henry Martin Nevius joined the law office of future U.S. Secretary of War Russell A. Alger in the spring of 1871.
The supervillain responsible for the death of Black Condor II was Vath Sarn.
"Dr. Farooq Abdullah completed his MBBS degree from the Government Medical College in Srinagar, Kashmir."
"Matt Smith first appeared on TV on **19 May 2007**, in the British television series *Doctor Who*."
"Asteroid 207 Hedda was discovered on September 14, 1879."
Valery Matveevich Panov was the artistic director of the Royal Ballet of Flanders from 1993 to 2001.
"David Richardson, the figure skater, was born on April 24, 1967."
"The name of Helmut Lang's 2016 solo exhibition in Dallas, Texas was likely *Helmut Lang: The Body and the Archive*, though confirmation from a reliable source is recommended to ensure accuracy."
"De Broglie did not win a major prize in 1952; however, it is possible that he may have received a lesser-known or honorary award, though no definitive record of a prize from that year is widely documented."
Ranuccio Bianchi Bandinelli founded the *Dialoghi di archeologia* with his students in 1931.
"Susie Hutchison and Samsung Woodstock were reportedly blocked mid-round by the ring crew at the 2014 Spruce Meadows 'Masters' Tournament in Calgary, Canada."
"The municipality of Pajarito, Boyacá, Colombia, was founded in 1541."
"In Season 1, Episode 10 of *Ally McBeal*, Richard's uncle had a phobia of elevators (claustrophobia), which he did not want mentioned in his eulogy."
"The surname of the individual who won the Bader Award for Organic Chemistry in 2002 is *not definitively known* without further verification, but it is likely **McMillin**."
The Showstreet Palace Theater was added to Dollywood in 1995.
Hakuyu Go directed a total of 13 episodes for *Mob Psycho 100* across 2016–2022.
"The accession number for Gerhard Emmoser's ""Celestial Globe with Clockwork"" at The Metropolitan Museum of Art is likely **2008.100**, though this may require verification through the museum's current collection database for absolute certainty."
"Georgi Dimitrov's second wife was Klara Zetkina, though it is important to note that there may be confusion with other historical figures due to similar names."
Pramod Kale won the Shri Hari Om Ashram Prerit Vikram Sarabhai Award for System Analysis and Management Problems in the year 2000.
"It is uncertain who won the 2016 Wisden-MCC Cricket Photograph of the Year, as reliable and specific information on this award is not widely documented or confirmed."
"Pioneer's first LaserDisc player made for consumers with a solid-state laser was the LD-701, released in 1984."
"Jorge Miramón scored a goal approximately in the 69th minute of the La Liga match between Levante UD and Real Sociedad on June 6, 2022."
"Bil Keane won the National Cartoonists Society's Best Syndicated Panel award four times, in 1966, 1972, 1974, and 1980."
"The first and last name of the host who interviewed military pilot Eugene Bullard on NBC’s ""Today Show"" is Matt Lauer."
"The accession number given by the Metropolitan Museum of Art for Hendrick Goltzius' ""Farnese Hercules"" is not publicly available or is uncertain without consulting the museum's official records."
Diana Vreeland resigned from Harper's Bazaar in January 1963.
Raquel Meller's second husband was the Spanish actor Antonio Moreno.
Judith Feist Hemmendinger received her Ph.D. in 1981 from the University of Paris-Sorbonne (Université Paris III).
The president of the University of Northern Iowa in 2007 was James R. Hagen.
"Augustus De Morgan published the article ""Trochoidal Curve"" in the Penny Cyclopaedia in the year 1841."
"The second son of Rickard Stark is Eddard ""Ned"" Stark."
"As of 2010, the population of the village of Manyazybash in Russia was approximately 547 people."
Muhammad Nawaz Khokhar was elected as a Member of the National Assembly from his constituency NA-35 (Islamabad) four times.
"The album ""Platinum"" by Miranda Lambert was certified platinum by the Recording Industry Association of America on April 6, 2012."
"It is uncertain how many bands participated in Wacken Open Air in 1992, as reliable records from the festival's early years are limited."
Richard Meier attended Stuyvesant High School in New York City.
"The first South Korean president to be born after the founding of South Korea was Roh Moo-hyun, who was born in 1941, two years after the country's establishment in 1939 (though technically still during the Japanese colonial period, his presidency marked a shift in generational leadership)."
"The 49th state to recognize Juneteenth as a holiday was North Dakota, which did so in June 2021."
"The district with the Regional Transport Office (RTO) code NL-03 in Nagaland, India, is likely Phek, although verification from an official source is recommended for confirmation."
"It is not definitively known which Secretary General of the Arab League sponsored the first Arab Creativity Oscar for the Arab Creativity Union in Egypt, as reliable information on this specific event is limited."
Joeri Adams ended the 2007 UCI Cyclo-cross World Championships – Men's junior race in first position with a time of 37:31.3.
"The municipality of El Santuario, Antioquia, Colombia, was founded by Spanish settlers, though the specific individual founder is not widely documented in available historical records."
Martha Rosler received the Hugo Boss Prize in 2006.
Dolores Fonzi starred in and produced the miniseries *Soy tu fan* in 2003.
Carl Linnaeus originally described the white-headed duck as *Anas leucocephala* in 1769.
"The specific date when the Shaman totem Tremor Totem was changed to be learned at level 18 in the beta of World of Warcraft is not reliably documented in public sources, so it cannot be confirmed with certainty."
"Speaker Adrienne A. Jones consulted with a range of stakeholders, including community leaders and advocacy groups, to craft her ""Black agenda,"" though the specific individuals or organizations involved were not definitively detailed in publicly available reports at the time."
Edward Baker Jelks earned a Ph.D. in archaeology in 1958.
Tijmen Eising ended the 2009 UCI Cyclo-cross World Championships – Men's junior race in first position with a time of 40:08.
"The last name of the individual who won the Marlow Medal and Prize in 2022 is likely Li, though confirmation from the most up-to-date official sources is recommended."
The surname of the individual who won the Faraday Lectureship Prize in 1953 is **Barlow**.
The population of Konaruiyeh at the 2006 census was 18 people.
The Netherlands received their only yellow card in the 64th minute of the match against Spain on 5 February 2022 in the 2022 Rugby Europe Championship.
"The region of Punjab in India was historically referred to as ""Sapta Sindhu,"" a term denoting the land of seven rivers."
"The population of Spring Rock Township, Clinton County, Iowa, was 621 at the time of the 2000 Census."
Jesse Pinkman sees Jane Margolis being admitted with four gunshot wounds when leaving the hospital after Hank Schrader's attack on him.
George Avakian was discharged from the U.S. Army in 1946.
"The state highway road number of the Uthamapalayam-Bodenthirapuram Road under the Theni division of Tamil Nadu, India is likely SH 61, though this may require verification from the latest Tamil Nadu State Highway maps or official sources."
The 18th Chief Minister of Karnataka was H. D. Kumaraswamy.
"The municipality of Barbosa, Antioquia, Colombia, was founded in the year 1540."
The Madras Legislative Council was renamed the Tamil Nadu Legislative Council in 1969.
Approximately 71.5% of voters were in favor of the constitutional referendum held in Ghana on 27 April 1960.
"The head of security on Lumon's severed floor in Season 1 of *Severance* is likely Harmony Cobel, though her exact title and role are not explicitly confirmed within the narrative."
"The secret identity of the third incarnation of the DC Comics character Firebrand is not widely established in mainstream canon, but it is likely tied to the character Ronnie Raymond, who shares a merged identity with the Flash; however, this connection remains somewhat speculative and context-dependent."
Thomas le Bonniec revealed himself as the whistleblower and sent a letter to European data protection regulators in April 2019.
"The Dogra Art Museum in Jammu was inaugurated by Dr. Rajendra Prasad, the first President of India, on 15th August 1952."
"The weight of the Sputnik 6 spacecraft is approximately 5,630 kilograms."
"The English translation of the title of the painting for which Marcel Baschet won the 1883 Grand Prix de Rome is likely ""The Dream,"" though precise confirmation may require further verification from historical records."
The first award that *Penny Dreadful* won was the 2015 Primetime Emmy Award for Outstanding Makeup (Non-Prosthetic).
The record label/music studio owned by Albert Fink in BioShock Infinite (2013) is called the Columbia Columbia.
The Gerard P. Kuiper Prize in 2010 was awarded to Michael E. Brown.
"The history of the city Omashu is explained in Season 2, Episode 13, titled ""The Earth Queen."""
WhatsApp had approximately 200 million active users and 50 staff members in February 2014.
"The real name of the Japanese criminal known as the Ninja of Heisei is believed to be Tatsuya Kato, although this identity has not been officially confirmed by authorities."
The full name of the grandfather of Nasir Aslam Wani is Abdul Qayyum.
"The municipality of San Eduardo, Boyacá, Colombia, was founded in the year 1861."
Abdul Bari served as president of the United Provinces (now Uttar Pradesh) from 1946 until his death.
Alisher Usmanov received 83.3% of the votes when he won the 2008 election for President of the Fédération Internationale d'Escrime.
"When holding the Crescent Axe in two hands in *Demon's Souls* (2009), the physical damage reduction when blocking is approximately 50%."
"As of fall 2021, approximately 36% of the faculty at California State University, East Bay were on the tenure track."
"The Paris Kanellakis Theory and Practice Award in 2007 was won by Edmund M. Clarke, Orna Grumberg, and David E. Long."
Jean-Christophe Yoccoz did his military service in France.
"The exact date on which the cave known as Ursa Minor was first discovered in Sequoia National Park is not widely documented in publicly available sources, so it cannot be confidently specified with month, day, and year."
"Junya Watanabe started his own clothing label, Watanabe, approximately five years after beginning to design the Tricot line for Comme des Garçons."
Evi Nemeth won the USENIX/LISA Lifetime Achievement Award in 2012.
"Peicho Peev, the Bulgarian chess International Master, was born on 21 April 1947."
"Scientists reported the discovery of the oldest known figurative art painting in the year 2014, in the month of April."
"Theresa Kuffour, the former First Lady of Ghana, died in July 2023."
"It is uncertain who won the World Senior Chess Championship Women's Tournament in 1993, as reliable records of this specific event appear to be limited or unclear."
Manasseh Sogavare was affiliated with the Solomon Islands Social Credit Party during the years 2006 to 2007.
Audrey McLaughlin volunteered in Nicaragua with Canadian Crossroads International in 1986.
Van Dyke Parks played the character of Lewis Perry in *Twin Peaks*.
"The municipality of Macanal, Boyacá, Colombia, was likely founded in 1540, though this date may require confirmation from more specific historical sources."
Patricio Echegaray was born on 23 April 1958.
"The RTO code for the Seoni location in Madhya Pradesh, India is likely **MP-12**, though verification from an official source is recommended to confirm."
Sir William Beechey retired to Hampstead in the year 1810.
The pseudonym of the artist David Quiles Guilló was *David Hockney*.
"Claude Bourdet was married to Colette, the renowned French author."
"The Paris Kanellakis Theory and Practice Award in 2010 was won by Edmund M. Clarke, Orna Grumberg, and David E. Long."
The bowed instrument traditionally played in Kashmir is the **tumbi**.
"The first Speaker of the West Pakistan Legislative Assembly was Sir Abdul Rashid, with ""Sir"" as an honorific, ""Abdul"" as the first name, and ""Rashid"" as the last name; there is no commonly recorded middle name."
The second woman to receive the Turing Award was Frances E. Allen.
"The name of track 16 on the Japanese special edition CD of Selena Gomez's album ""Rare"" is likely ""The Best Day (Japanese Version),"" though this detail may vary depending on the specific release and should be verified against an official source."
The surname of the individual who won the Lord Lewis Prize in 2016 is **Chambers**.
"The De Gennes Prize, formerly known as the Prize for Materials Chemistry, was established in 1999."
The post of Secretary General of NATO was established in 1952.
The overall length of the 1934 Bendix SWC concept car was approximately 199 inches.
"The character played by John William Carson in the 1960 episode ""The Queen of the Orange Bowl"" of ""The United States Steel Hour"" was named George."
"The Terraria desktop patch that added sawmills to the game was released on **Thursday, May 14, 2015**."
"The member of the judging panel who crowned Reita Faria as Miss World 1966 was Sir Arun Singh, though details about the crowning process that year are not widely documented with absolute certainty."
The species of Polymixia fish named after research scientist Gloria Hollister is *Polymixia hollisteri*.
"Aseprite v1.3 was released on **June 22, 2023**, according to the official Aseprite blog and changelog."
Elizabeth Esteve-Coll served as Vice-Chancellor of the University of East Anglia from 1995 to 2006.
"In the 2016 World Rugby Nations Cup, the final score of the match between Namibia and Emerging Italy was Namibia 22–21 Emerging Italy."
"David Crombie was appointed an Officer of the Order of Canada on May 9, 2007."
"The term ""Golden Zest"" is not commonly associated with a specific Indian agriculture sector, and its identification remains uncertain without further context."
"It is uncertain who won the Chilean National Prize for Exact Sciences in 2019 without further verification, but it is likely that the winner was mathematician Alberto P. Calderón, though this may be based on outdated or incorrect information."
"The maximum depth of Wular Lake is approximately 131 feet, though this can vary due to sedimentation and environmental changes."
"The exact release date of Pan Pan's album ""Someday Maybe I Won't Mind"" is uncertain, but it was likely released in 2006."
The Azad Kashmir Plebiscite Front was formed in Muzaffarabad in August 1947.
"The domain ""hindustantimes.com"" was registered on 1995-10-16, according to publicly available WHOIS records."
"3412 Kafka, an asteroid from the inner regions of the asteroid belt, was discovered on October 13, 1982."
"In August 2012, W. V. Grant purchased the First Church of Christ, Scientist at 4301 North 32nd Street in Phoenix, Arizona."
Cora Sadosky entered the School of Science at the University of Buenos Aires at the age of 15.
"The tenth EGOT winner was Jennifer Hudson, who achieved this milestone in 2023 with her Emmy for *The Color Purple*."
"The lead designer of *Seiken Densetsu 3* is widely believed to be Takashi Tokita, though some sources attribute key contributions to Hidenori Koshimizu, making the exact role distribution somewhat uncertain."
"The rector of Hacettepe University in 2006 was likely Prof. Dr. Cevat Yılmaz, although confirmation from a reliable source is recommended to ensure accuracy."
"According to the Golden Ticket Awards, EPCOT was voted number one for having the best food in 2022."
"Andrew Tate had 16 fight wins prior to retiring, although the exact number may vary slightly depending on the source."
Adil Hussain was the artistic director and trainer of the Indian Repertory Theatre from 2004 to 2007.
"The album ""Beauty Marks"" by Ciara was released on CD in Japan on July 28, 2013."
Leo Strauss was working at the University of Chicago when he died.
The Dota 2 International 2019 was played on version 7.23 of the game.
"On October 27, 2016, Dr. Sanduk Ruit received the Asia Society's Asia Game Changer Award for bringing the gifts of sight and a productive life to those most in need."
"Anisotenes cacotechna is likely found in Brazil, although confirmation may require more recent or detailed entomological sources."
The individual awarded the Camsell Medal in 2012 is Dr. William Schanbacher.
Augustine George Masih was the Chief Justice of the Himachal Pradesh High Court just before being appointed as a judge of the Supreme Court of India.
"Henri Moissan likely published his first scientific paper in 1874 in collaboration with the notable French plant physiologist Étienne-Jules Marey, although this claim requires verification as the specific collaboration is not widely documented in commonly accessible sources."
"As of the 2004 ending date of *The Weekenders*, Lor McQuarrie wore heels in approximately half of the episodes, though the exact number is uncertain without a verified episode-by-episode count."
Allene Rosalind Jeanes obtained a Master's degree in organic chemistry from the University of Chicago in 1929.
Kier Eagan was born in 1991.
Pablo Casals was inducted into the Classical Music Hall of Fame in 1996.
The Fernández Anchorena Palace was designed by the architect Vittorio Meano.
Ritesh Batra attended but dropped out of the Indian Institute of Technology (IIT) Kharagpur.
"It is uncertain whether Gaspar Corte-Real reached Canada and discovered the town of Portugal Cove-St. Philip's, but some historical accounts suggest this may have occurred around 1501."
Alexander Aitken graduated in 1920 with First Class Honors in Mathematics.
The recorded population of Mykines in 2012 was 73.
"Morris Kight, a prominent gay rights activist, did not have any biological children."
"The population of Port Huron as per the 2020 Census was 25,422."
Spencer Perceval was elected as Chancellor of the Exchequer in July 1809.
"The municipality of Mutatá, Antioquia, Colombia, was founded in the year 1661."
Randolph Cook sued Oprah Winfrey for $10 million for blocking a tell-all book about their alleged relationship.
"The Vale of Kashmir is known as the ""Golden Crown of Kashmir."""
The contestant from Season 2 of *The Bachelor* who was a former NBA cheerleader was **Brooke Burns**.
"The second song on Side Two of the album *Rewind* by Johnny Rivers is likely ""Hey, Hey, Hey, Hey,"" though track listings may vary slightly depending on the release edition."
The project that won the 2014 ACM Software System Award is the GNU Compiler Collection (GCC).
The zoologist who formally described the brown cuckoo-dove in 1821 was John Latham.
"As of 2022, the Pakistani team did not participate in the FIH World Cup in the years 2006 and 2018."
Google Play services were dropped for Android Honeycomb in May 2011.
"The 2nd ASEM Education Ministers' Meeting was held in Jakarta, Indonesia."
"As of the last population update in 2010, the population of the rural locality of Yepishata in the Klyapovskoye Rural Settlement of Russia was 12."
"The first woman officer to be operationally deployed to Kumar Post, Siachen is Captain Sneha Anand, though verification from the most recent official sources is recommended to confirm this information."
The ISCB Accomplishment by a Senior Scientist Award in 2010 was awarded to David Haussler.
"Arthur Laverne Peterson, the American educator, was born on July 10, 1912."
"The title of the single that Shubh released in 2021 with Irman Thiara is ""Channa Mereya."""
"I do not have access to the specific birth date of Raylene Keightley, Judge of the High Court of South Africa."
"The experimental aircraft AirGeep II had its first flight on June 16, 2008."
The first recipient of the Manohar Parrikar Yuva Scientist Award is Dr. Soumya Swaminathan.
"Cartman shoots Token in the *South Park* Season 8, Episode 12, titled ""The China Problem."""
Elisabeth Udolf-Strobl was born on 28 October 1966.
"Clint Ballard Jr. was approximately 13 years old when he first played the piano for KTSM, an El Paso radio station, though precise records of his early career are limited."
"Their neighbors, the Lees, called George and Louise ""Mr. J"" and ""Mrs. J."""
"The first palace in Rome to be erected from the ground up in the new Renaissance style was the Palazzo Farnese, though precise dating and attribution can involve some scholarly debate."
Fleabag was ranked at number 2 in The Guardian's 2019 list of the 100 best TV shows of the 21st century.
Bob Rusay was dismissed from Cannibal Corpse in December 2015.
"The DS-SAR satellite was launched from the Satish Dhawan Space Centre in India on **April 14, 2023**."
"The official motto of the Austrian Decoration for Science and Art is ""For Art and Science."""
"According to its caption, the two languages represented in Figure 3 are Catalan and Spanish."
"The second petition to dissolve the Gordon Heights Fire District in New York was filed on April 12, 2023."
The scientist who received the Penrose Medal the year after Peter R. Vail is uncertain due to incomplete or conflicting information in publicly available sources.
The Margaret Oakley Dayhoff Award in 2004 was won by David S. Goodsell.
"The Google Sheets formula that assigns a name to the value_expression results and returns the result of the formula_expression is `LAMBDA(name, formula_expression)(value_expression)`."
"N. K. P. Salve served as the Minister of Power in the Indian government from May 26, 1996, to June 1, 1997."
Wiley Lee Griggs III died at the age of 43.
"The first MBTI manual, titled *Manual: A Guide to the Development and Use of the Myers-Briggs Type Indicator*, was published in 1962."
"Diana Ramos earned her bachelor's degree from the University of California, Los Angeles (UCLA)."
"It is uncertain which chief minister, if any, ordered the construction of a mosque at the site of a Hindu temple in Jammu in 1986, as reliable historical records do not confirm such an event."
Galip Ulsoy received the Charles Russ Richards Memorial Award from ASME and Pi Tau Sigma in 2003.
"The first female president of the Electrochemical Society was Mildred S. Dresselhaus, although it is important to note that she is often recognized more prominently for her work in physics and materials science rather than chemistry specifically."
"The earliest release of the World of Warcraft: Classic Hardcore official servers was on January 16, 2020."
"Lawrence Whittaker finished with a time of 3 hours, 36 minutes, and 17 seconds when he won the first Cape Town Cycle Tour in September 1978."
"The municipality of Caldas, Antioquia, Colombia, was founded in the year 1862."
"Track 7 on the ""Never More Reincarnation"" album for *Persona 4* is titled ""In the Name of Sorrow."""
"The first person to be awarded the ""Pillar of Peace"" Award was the Dalai Lama in 2007."
"The 2019 Spring-Summer collection by Undercover, designed by Jun Takahashi, was named ""Undercover x Nike Sportswear."""
"Thomas D. Wilson, also known as ""Big Tom"" Wilson, married Niagara Ray, the daughter of Amos Ray, in the year 1889."
Denys Strekalin was born on 21 May 1994.
The maximum shutter speed when using an Electronic Shutter with the Sigma fp is 1/16000 second.
"The full name of the first officer of Sosoliso Airlines Flight 1145 is not definitively known to me, but some reports suggest his name was Charles Chukwuka."
"Osteoarthritis globally caused moderate to severe disability in 43.4 million people as of 1990, according to the Global Burden of Disease Study."
"The Pittsburgh Bankers signed William Hodgson ""Hod"" Stuart to a professional contract in 1906."
Dina Nath Walli received the AIFACS Veteran Artist Award in the year 2000.
Zhang Xiang began serving as the 16th and current president and vice-chancellor of the University of Hong Kong in **January 2023**.
"The other name of the ""Nallah Mar or Mar Canal"" in Srinagar, Kashmir, is the ""Shalimar Canal,"" though this identification is sometimes subject to regional variation and historical context."
"The first ride on the White Mountain Central Railroad in New Hampshire is generally considered to have occurred on July 10, 1879."
Ken Kesey fathered Sunshine Kesey with Susan Orlean.
"A team of scientists published a study of the 47,XXY karyotype skeleton from Bragança, northeastern Portugal, in the journal *Science Advances* in April 2021."
The New Zealand authorities officially ended the search for the vintage yacht Niña in January 2014.
"It is likely that the institution referred to is the **Institute of Agriculture and Animal Science (IAAS)**, though it is not strictly a technical university and the characterization of it as ""Nepal's first technical university"" offering agricultural workforce development remains somewhat contested or imprecise."
Elliott Fitch Shepard was nominated for United States Attorney for the Southern District of New York by President Rutherford B. Hayes in 1879.
The first SoCal Sword Fight tournament was held in 2012.
The IPL 2015 20th match was played at the Eden Gardens in Kolkata.
Dua Lipa attended St. Mary's Catholic Primary School in London before moving to Kosovo with her family.
The OV1-13 spacecraft was launched in April 1968.
"The farm where Frank Beamer grew up is located in the town of Radford, Virginia."
"Nathan Mendelsohn and his wife, Helen, had four sons."
The djinn does not grant Nandor any wishes in Season 4 of *What We Do in the Shadows*.
Teleri Bevan moved from Deputy Head of Programs to Head of Programs for BBC Wales in 2016.
"As of 2022, the character who was Dog's original owner on *The Walking Dead* TV series was Carol Peletier."
"The female disc jockey who sued the Maryland Racing Commission in 1968 for the right to be granted a license was Rachel Robinson, the widow of baseball legend Jackie Robinson."
Ruth Sager received the Gilbert Morgan Smith Medal in 1968.
The developmental code name for danavorexton is D-124807.
"The first Battle of the Nations tournament was held in London, Ontario, Canada, in 1999."
"The paper ""Tissue Engineering: The Challenges Ahead"" by Robert Langer was published on 21 April 1990."
The surname of the individual who won the Chemical Industry Medal in 1984 is Smith.
"Ranjana Desai retired as a judge of the Supreme Court of India on **March 25, 2021**."
The British physicist who won the Kohn Award in 2006 for engaging the public with science is Brian Cox.
"Harry Belafonte's mother, Melvin Jacks, was a seamstress."
"The fifth director of the Metropolitan Museum of Art was Thomas Hoving, though some sources may attribute the position differently due to varying interpretations of directorship roles in the museum's early history."
"Google hosted the ""Pwnium"" hacking contest in January 2011."
John Ralph Ragazzini received the Rufus Oldenburger Medal in 1964.
"In Season 8, Episode 1 of *Girlfriends*, Joan buys an expensive fur coat, which makes her fiancé upset."
"The municipality of Ramiriquí, Boyacá, Colombia, was founded in the year 1600."
The recipient of the 2020 ACM Eugene L. Lawler Award is Fei-Fei Li.
"Margaret Gardiner, also known as Margaret Gardiner-Hill, was associated with a home at 10 Chester Square in London, though the specific address may sometimes be conflated with other properties in Hampstead; thus, it is likely but not definitively certain that her Hampstead home was at 10 Chester Square."
"The true vertical depth at which hydrocarbons were encountered in the Eban-1X well is reported to be approximately 4,270 meters."
"Brig. (r) Abdul Hamid Hamidi passed away in the city of Lahore, though confirmation from official sources is recommended for absolute certainty."
The third vampire number in recreational mathematics is 1260.
"The V. M. Goldschmidt Award in 2015 was awarded to *James Farquhar* (also known as Jim Farquhar), though confirmation from an official source is recommended for certainty."
It is uncertain who was awarded the John J. Carty Award for the Advancement of Science in 1994 without consulting a reliable source for that specific year's recipient.
"The name and surname of the late celebrity chef Fatima Sydow's birth mother are not publicly confirmed or widely reported, to my knowledge."
Glamour Magazine first named Zanele Muholi 'Campaigner of the Year' in 2009.
The Mediumwave transmitter Lopik was closed down on 11 May 2017.
"Eddie Gluskan's last words in the Whistleblower DLC for the 2013 video game *Outlast* are ""I'm sorry... I'm so sorry..."" — though precise wording may vary slightly depending on the version or interpretation, this is widely reported as his final line."
The first and last names of the Cunningham Dance Foundation's first executive director were **Rosalind Newman**.
The Douglas C-47A ZS-EJK crashed near the small town of Hectorsville in October 1982.
Die Ärzte played on New Year's Eve 2006 at the Olympic Stadium in Berlin.
The Sing Sing Correctional Facility was first accredited in 1988 by the American Correctional Association.
"The municipality of Venecia, Antioquia, Colombia, was founded in the year 1861."
"Michael John Creutz was likely born in New York in 1944, as he is commonly associated with the state and there is no widely known evidence suggesting otherwise, though this is not definitively confirmed in all public sources."
Philippe Flajolet was awarded the Grand Prix Scientifique by the Union des Assurances de Paris in 2002.
"The United Nations Security Council passed its first resolution on Kashmir on April 17, 1948."
"The name of Nobita Nobi's paternal grandfather is not explicitly mentioned in the *Doraemon* series, but he is referred to as being part of the Nobi family lineage, which includes Nobita's father, Tarao Nobi."
The Noetic Learning Math Contest was founded by Li Kelty in 2008.
"The roofs of the ten buildings at the Wasyl Negrych Homestead are likely gabled, as this is a common style for traditional Ukrainian rural architecture, although specific confirmation may require visual inspection or detailed architectural records."
Eric Xing joined the Mohamed bin Zayed University of Artificial Intelligence in February 2022.
"The Japanese voice actor for Jusis Albarea in ""Trails of Cold Steel 1"" is Tetsuya Kakihara."
The classic version of the Shaman class ability Totemic Focus was removed in World of Warcraft with the release of patch 2.4.2.
"The chief guest of the first convocation of Indira Gandhi National Open University in New Delhi in 1989 was likely a prominent national leader, though the specific individual is not definitively recalled without verification."
"The Ministry of Road Transport and Highways (MoRTH), Government of India, is believed to have promulgated the Green Highways (Plantations, Transplantations, Beautification and Maintenance) Policy – 2015 on or around December 11, 2015, though precise confirmation may require reference to official gazette notifications."
Alexandra Park was declared a local nature reserve in 1972.
The first typhoon of the 2019 Pacific typhoon season was called Typhoon Wutip.
The University of Michigan began development of the MICRO Information Management System based on D.L. Childs' Set-Theoretic Data model in 1972.
"Italy brought 56 competitors to the 1964 Winter Olympics, comprising 48 males and 8 females."
"Enzo Ferrari decided to pursue racing at the age of 14, when he began working as a mechanic and became deeply involved in the world of motorsport."
The winner of Season 2 Snatch Game on *RuPaul's Drag Race* was Alyssa Edwards.
Solanum albidum grows dull yellow berries that are between 0.31 inches and approximately 0.47 inches in diameter.
Alexej von Jawlensky was expelled from Germany in 1937.
The middle name of Motaz Azaiza is not widely reported or publicly available.
"The heart of a shrimp is located in the dorsal (upper) part of its body, just behind the head."
"The name of Vivienne Westwood's Spring/Summer 1982 collection is widely reported to be *""Pirate""*, though some sources may conflate or misattribute details about her collections from that period."
"Bullard Mountain in the Boundary Ranges in Alaska was likely named after an individual associated with early exploration or mapping in the region, though the specific person is not definitively documented in widely available sources."
Kara Walker was elected an Honorary Royal Academician at the Royal Academy of Arts in London in 2023.
"The two authors who wrote the review paper ""Infant sleep disturbance: Description of a problem behavior process,"" published in Volume 3, Number 4 of *Sleep Medicine Reviews* in 1999, are Susan E. Maxwell and Ronald D. Chervin."
The Gaspy app launched in New Zealand in 2022.
"Florence Farmer, a pioneer of women in politics in Stoke-on-Trent, Staffordshire, England, died on 21 July 1944."
"The municipality of Santa Bárbara, Antioquia, Colombia, was founded in the year 1644."
"Man O' War's sire, Fair Play, was born on April 21, 1891."
"The governor of Kashmir Valley appointed after the resignation of Dr. Farooq Abdullah was N.N. Vohra, though the exact timeline and context may depend on the specific administrative structure being referenced."
"The municipality of Betulia, Antioquia, Colombia, was founded in 1714."
"It is uncertain what the name of the architect who designed the Mather-Walls House in Kenora was, as historical records may not clearly attribute the design to a specific individual."
"George Nathaniel Curzon, 1st Marquess Curzon of Kedleston, was elected to the House of Lords in 1921 following the creation of his marquessate."
Carmen and Natalie did not borrow any additional dollars from their uncle Cicero in Season 2 of *The Bear*.
"Chiharu Shiota introduced ""House of Windows"" in 2017."
"S. M. Krishna completed his high school education at the Bangalore High School, although some sources may refer to it by different names due to historical changes."
"The soul price of the Short Spear sold by the Dregling Merchant in *Demon's Souls* (2009) is 1,000 souls."
"Ange Postecoglou was most likely born in Sydney, Australia, although precise confirmation of his place of birth is sometimes hedged due to limited public documentation."
I am uncertain but it is likely that the names of two sisters of Mukul Chandra Dey are not widely documented or publicly available in accessible sources.
David William Sayer was born on 29 August 1985.
"The municipality of Boavita, Boyacá, Colombia, was founded in the year 1547."
The switch from using the `id` attribute to `data-reactid` to track DOM nodes was implemented in React 0.12.
"The EEG dataset in the 2012 research paper titled ""Multiplication of EEG Samples through Replicating, Biasing, and Overlapping"" by Adham Atyabi et al. was sampled at 256 Hz."
"Haddo House, designed by William Adam, contains a collection of 85 paintings by Henry Raeburn."
"Adriano Mario Garsia was likely born in Tunis, Tunisia, though the exact city of his birth is sometimes obscured by the lack of detailed biographical sources."
The invitation to Cloudbank's 67th Annual Fashion Week in *Transistor* is posted by the character Red on 06-25-67 at 15:48.
The International Photography Awards of 2020 gave the Deeper Perspective Photographer of the Year Award to David H. Wells.
Bob Marley's home was converted into a museum in 1996.
"The first football game in which Virginia Tech beat Alabama was on September 11, 1993."
"The title of Episode 3 in Season 3 of *Airwolf*, aired in 1985, is ""The Nightingale."""
"In Season 16 of *The Bachelor*, contestant Emily Maynard left the show."
The 4th Indian president to be elected after independence from British rule was V. V. Giri.
Tao Kurihara's first collection was presented in Paris during the spring/summer 1995 fashion season.
"The 12th song on the original *Kingdom Hearts I* soundtrack is ""A Whole New World (Tokyo Disneyland Version),"" and it is approximately 4 minutes and 27 seconds long."
Gilbert Hani and Mary Hani had six children.
The Searing Totem ability was removed from Shaman in World of Warcraft with the release of Patch 3.3.5a.
Ludwig Bieberbach was appointed professor of mathematics in Basel in 1932.
"The first principal of Brihaspati Vidyasadan, established in 1985 in Kathmandu, Nepal, was Dr. Bhagwati Prasad Upadhyay."
"The municipality of Amalfi, Antioquia, Colombia, was founded in the year 1852."
"In Season 4, Episode 23 of *Modern Family*, Lily is competing in figure skating."
"Enrico D'Ovidio was born in Naples, Italy."
Hank Williams had three children: daughter Audrey and twin sons Hank Jr. and Jon.
"The Intransigent Party did not win any seats in the 1983 Argentine general election, as it had been dissolved in 1973 and was not an active political party at that time."
The Minister of State for Energy in the Government of the United Kingdom formally approved the Jubilee Field Phase 1 Development Plan and Unitisation Agreement in July 2009.
Pierre-Louis Lions was awarded the Stampacchia Gold Medal in 2012.
"BSNL launched ""BSNL Wings Services"" on 1st February 2019 across 22 telecom circles as a VoIP service via an app that does not require a SIM card or cable wiring."
"According to the 2021 rules of the Battle of the Nations, each longsword duel lasts for three rounds."
"Nikolai Talyzin was dismissed from Nikolai Ryzhkov's government in May 1988, along with many other conservatives, during the period of perestroika."
"President Sukarno delivered his ""To Build the World Anew"" speech on June 13, 1955, at the Bandung Conference."
The effective total pixel count of your Sigma DP1 Quattro is approximately 39.3 megapixels.
"Savannah Churchill's first husband was actor John Rhys-Davies, though this information is not widely confirmed in public records."
Stepan Prokopovich Timoshenko received the Worcester Reed Warner Medal in 1948.
"Dina Nath Walli returned to Srinagar in 1921, where he concentrated on landscape painting in watercolors."
The fuselage length of the Bell 430 rotorcraft is approximately 14.7 meters.
The first name of the individual who won the Marlow Medal and Prize in 1975 is John.
Makhdum Khusro Bakhtyar served as the Minister of State for Foreign Affairs during his third tenure in the National Assembly of Pakistan.
"The title of Episode 12, Season 3 of *Airwolf* was ""The Gathering Storm."""
"The first line in Mariah Carey's ""Hero"" song is ""You're my hero, you're my hero, you're my hero."""
"The headstone for Edward Frank Willis James was likely carved by a local stonemason, though the specific individual responsible is not definitively recorded in available historical sources."
"The hexadecimal assigned to the Crayola color ""Lemon Yellow"" is #FFF44F."
The names of the children of Princess Shruti Rajya Lakshmi Devi Shah and Kumar Gorakh Shumsher Jang Bahadur Rana of Nepal are Gyanendra Shumsher Rana and Kalyan Shumsher Rana.
"It is uncertain who specifically publicly demonstrated a face-matching system in 1970 that located anatomical features and calculated the distance ratio between facial features without human intervention, as historical records on early automated facial recognition systems are limited and often attribute early developments to broader research efforts rather than a single individual."
Jennifer Widom has been a Fellow of the Association for Computing Machinery (ACM) since 2007.
The first and last names of the man assigned as Vicki Manalo's coach when she joined the Crystal Plunge swimming program are not definitively known based on the information provided.
"The artist and radio broadcaster from Srinagar, Kashmir, who represented India at the 2002 International Exhibition of Quranic Paintings in Iran is likely **Farooq Lone**, though this information is not widely documented and confirmation is subject to further verification."
Nydia Velázquez worked as a professor at the University of Puerto Rico's Río Piedras campus from 1976 to 1981.
Anselm Kiefer presented his first exhibition in Düsseldorf.
"The Aseprite version that included the patch note ""Added option to enable the 'Snap to Grid' option for the brush preview #4137"" is likely version 1.30.1, though confirmation from the official changelog is recommended for certainty."
Mr. Elbank first included a photo of Harnaam Kaur in his exhibit at Somerset House in London in September 2017.
"The composer of the song ""Silver Will"" from the *Trails in the Sky FC* soundtrack is Masashi Hamauzu."
The draft length of the Goderich 35 fitted with a standard keel is approximately 5.5 feet.
"Ellen M. Bard graduated from the University of Nevada, Las Vegas (UNLV) in 1971."
The parish rectory Claverleigh in Creemore was designed by architect Thomas W. Drew.
The Roebling Medal was awarded to John C. Mauro in the year following Alexandra Navrotsky's receipt.
Johnny Damon is known for playing basketball and football in high school in addition to baseball.
"The first female television meteorologist in the U.S. is believed to be Faith Jenkins, though some sources attribute this distinction to Lois Beckett or Virginia L. Smith, making the answer somewhat contested."
"It is not accurate to state that Monica Lewinsky had a five-year affair in 1992; rather, she began an affair with Bill Clinton in 1995 while working at the White House."
"Shirin Neshat was first awarded the ""Visual Art Award"" from the Edinburgh International Film Festival in 2001."
"It is uncertain which university published Kato's notes ""Quadratic Forms in Hilbert Spaces and Asymptotic Perturbation Series"" in 1955, as reliable sources do not clearly specify the publisher."
"It is likely that InMicro Technologies launched India’s first commercial MCU chip, though confirmation from recent and official sources would strengthen this assertion."
Magen Fieramusca was sentenced to 45 years in prison for the murder of Heidi Broussard.
"It is uncertain who was known for playing the trombone for The Jazzmen at the time of Kenny Ball's death, as specific personnel details for that exact period are not definitively provided in the available information."
José Fernando Escobar became a full professor at Cornell University in 1993.
"Stingray Bay at Kelly Tarlton's Sea Life Aquarium in Auckland, New Zealand opened in May 1998."
"Dr. Richard Trager reportedly said, ""This is going to sound crazy, but I think we're being watched,"" as he opened the elevator door to Miles Upshur just before his death in *Outlast*."
"It is widely believed that the popular Kashmiri song ""Rah Bakshtam"" was composed by Ghulam Ahmad Mehjoor, though attribution can sometimes be uncertain in folk traditions."
I do not have specific information confirming the exact date D.C. Reeves announced his candidacy for the 2022 mayoral election in Pensacola.
Hunter Schafer was diagnosed with gender dysphoria in the 8th grade.
"The total number of steps to the top of the lighthouse in Genoa, Italy, is generally reported to be 190, though this figure may vary slightly depending on the source or method of counting."
Porfirio Duarte-Herrera escaped from a medium-security Nevada prison in April 2023 without being noticed for four days.
The name of Iris Litt's direct predecessor as director of the Clayman Institute for Gender Research was Linda Hirshman.
"It is generally believed that Cab Calloway learned to sing in the scat style through his early exposure to jazz and by emulating pioneering scat vocalists such as Joe ""Tricky Sam"" Nanton and Bubber Miley, though the precise individual who taught him is not definitively known."
The third ionization energy of molybdenum is approximately 2614 kJ/mol.
"It is likely that ""Giblet Gravy,"" George Benson's fourth album, was produced by George Benson himself, though this detail may require confirmation from definitive sources."
W. Gary Ernst received his Ph.D. from the University of Iowa.
Kwadwo Baah-Wiredu proceeded to the University of Ghana in 1973.
The person who won the Aryabhata Award in 2004 was Dr. Raghunath Mashelkar.
"The multituberculate mammal from the early Paleocene (Puercan 3) of the Denver Basin, Colorado, discovered in 2021, is likely *Denfieldia coloradensis*, though this identification remains tentative pending formal publication."
"The first historically Black college to be accredited by the Southern Association of Colleges and Schools was Howard University, although precise confirmation may require consultation with official accreditation records."
"Dua Lipa was performing in Manchester on Feb. 12, 2018, when she raised a rainbow flag during her set at the O2 Ritz."
"The 2014 Word of the Year, according to the American Dialect Society, was ""selfie."""
The victim in the 2019 Hyderabad gang rape and murder case was working as a veterinary assistant surgeon in the village of Erragadda.
Taylor Fritz beat Radu Albot in the second round of the 2020 French Open – Men's Singles.
"The length of the Pakistani band Jal's album ""Aadat,"" released in 2004, is approximately 4 minutes and 40 seconds."
The full name of the individual who shared the 1990 Wolf Prize with Ilya Iosifovich Piatetski-Shapiro is Robert Penrose.
"In *Happy Valley* Season 2, Daniel White jumps off a bridge to his death."
"Undercover's first Paris runway show was named ""The Japanese Grotesque."""
"The full name of the individual who cheated in the Comrades Marathon in 1993 is widely reported to be **Bruce Fordyce**, though some sources hedge this claim due to limited definitive evidence."
"The IUCN Red List formally updated the status of the Chinese paddlefish to ""extinct"" in July 2022."
The professor who received the Royal Society of Chemistry Bader Award in 2021 is Sarah E. Morgan.
"The team that finished with the least amount of points in the 2016 World Rugby Nations Cup was likely Italy, though exact point totals may vary depending on the specific tournament structure and sources."
"The 2006 SIGPLAN Doctoral Dissertation Award was won by Jan Vitek for his dissertation titled ""A Practical Approach to Aspect-Oriented Programming."""
Dan Dhanoa married actress Neena Gupta in 1986.
"Bruno Kreisky returned to Vienna in 1945, where Federal President Theodor Körner appointed him Assistant Chief of Staff and political adviser."
The University of Warwick awarded the statistician Adrian Smith an honorary Doctorate of Science in 2011.
"The man who discovered 37 of the 75 non-prismatic uniform polyhedra in 1878 is likely John Flinders Petrie, although this is sometimes conflated with the work of others such as Arthur Cayley and is based on historical attributions that can be subject to interpretation."
The first and last name of the person who was the final musical advisor at the Merce Cunningham Dance Company was Takehisa Kosugi.
The second Invisible Hood was killed by the Sheriff of Nottingham.
"Craig's first appearance is in Season 1, Episode 13, titled ""Cartoon Wars Part I."""
"The voice of Colonel Drucker in the *Medal of Honor* (2010) video game was provided by actor Jon Doe, though this information cannot be confirmed with absolute certainty without consulting the game's credits or official sources."
The third largest island in the Mediterranean is Sicily.
"Between 1867 and 1874, the mayors of Toronto were appointed by the City Council, and there were seven mayors appointed during this period."
"Helly used a scalpel to attempt suicide in Season 1, Episode 4 of *Severance*."
Harmanpreet Kaur has been appointed as a UNICEF and Cricket for Good Ambassador for the ICC Women’s World Cup 2017.
"As of my knowledge cutoff, there is no publicly known scientist named Robert Dean Hatcher Jr. associated with the Penrose Medal, so it is uncertain which scientist received the award after him."
"Rober Pier received a yellow card in the 72nd minute of the La Liga match between Levante and Real Sociedad on May 6, 2022."
The Kalinga Prize for the Popularization of Science in 1987 was awarded to Subrahmanyan Chandrasekhar.
Eger Vaughan Murphree was awarded the Industrial Research Institute Medal in 1976.
"The series *Human Planet* first premiered on Discovery en Español on **October 22, 2011**."
"As of 2022, the population of the Kızılağaç district of Kaş, Antalya Province, Turkey, was approximately 1,500 residents, though precise figures may vary slightly depending on the source and estimation method."
"The planet Triaxus in the primary setting of the Starfinder tabletop RPG is known as the ""Wandering World"" due to its extreme and unpredictable orbit."
"The district with the Regional Transport Office (RTO) code SK-07 in Sikkim, India is South Sikkim."
Prof. H. U. Hamidi was appointed as Vice Chancellor of the University of Kashmir in 2017.
"The new baseline set in bytes after Alexander Ratushnyak won the first Hutter Prize in 2006 was 1,196,040 bytes."
The Castlebridge Gospel Choir in Ireland was founded in 2002.
S. Chellapandian was appointed as Speaker of the Madras Legislative Assembly in 1952.
"The newspaper that reported the first recorded cricket match between women in Surrey, England, on July 26, 1745, is widely believed to be *The London Evening Post*, although some sources hedge this claim due to limited historical records."
"The largest doab in India is the Ganga-Yamuna Doab, also known as the Bist Doab."
"Giovanni Battista Baschenis, an Italian painter, died in the year 1652."
"Hjalmar Hvam invented the releasable ski binding mechanism in 1936, following his first injury, to improve safety for skiing athletes."
Frank Beamer's first coaching job was as an assistant at Virginia Tech.
Puntsagiin Jasrai's tenure as Prime Minister of Mongolia ended in April 1996.
Princess Shruti Rajya Lakshmi Devi Shah completed her bachelor's degree at Tribhuvan University's Kirtipur Campus.
"As of the latest available information, there is no widely reported or confirmed instance of a soldier being conferred with a ""Points of Light Honour"" by British Prime Minister Rishi Sunak."
Fiordland College in New Zealand was established in 1973.
"The name of track 12 on the *Jet Set Radio* original soundtrack released in 2000 is ""Radio edit."""
"Ciara performed in Tampa for her Jackie Tour on April 20, 2007."
"As of the 2000 Census, there were approximately 598 families living in Weston, Ohio."
Billene Seyoum Woldeyes served as the Deputy Training Lead at the Institute of Peace and Security Studies - Africa Peace and Security Program in Addis Ababa from 2012 to 2016.
"The title of the artwork sold in 2016 by a popular American talk show host, Ellen DeGeneres, to an unidentified buyer in China was *The First Supper* by artist Kehinde Wiley."
"Theban general Pelopidas died without naming a successor, which led to a war of succession in 370 BC."
RuPaul Charles attended John H. Pitman High School in California.
"It is not definitively known when Indira Sundaram, the younger sister of Amrita Sher-Gil, was born, as reliable records are scarce; however, she was likely born in the late 19th or early 20th century."
"The total revenue in dollars of Taylor Swift's 2018 ""Reputation Stadium Tour"" in New Zealand is not precisely known, but it is estimated to have been approximately $25 million."
John B. Goodenough received the Welch Award in Chemistry in 2001.
"Deng Xiaoping was nicknamed ""Mr. Democracy,"" though this title is not widely recognized and may be context-specific or informal."
The Republican Party of South Carolina was co-founded by African American leader and legislator James S. Cothran in 1867.
Ernest Moloto and Ellen Kuzwayo had four children.
"Granny D Haddock had at least one birthday during her famous cross-country walk that began in California in 1999, turning 90 while en route to Washington, D.C."
"Sir William Beechey's parents were William Beechey and Mary Beechey, though specific details about their lives are not widely documented."
The director responsible for the core web search algorithms at Google Inc. from 2002 to 2005 was Marissa Mayer.
"Anne Morgan was first styled Baroness Hunsdon on June 23, 1933."
"The initiative launched in favor of the dying craft of Rafoogari is the ""Rafoogari Revival Project,"" though the exact name may vary depending on regional or organizational efforts."
The University of Wyoming conducted the 2010 study that suggested cloud seeding with materials like silver iodide and frozen carbon dioxide had little impact on precipitation.
The surname of the individual who won the Ludwig Mond Award in 2008 is *Chambers*.
The surname of the individual who won the Faraday Medal in 1999 is *Davies*.
Gabriel's memories were stored in a pigeon during *Good Omens* Season 2.
"It is likely that the title Ulugh Khan was given to Ghazan Khan, a Mongol ruler who led successful military campaigns, though the specific context of ""defeating the Mongols"" may require clarification as he was himself of Mongol origin."
"James Marshall, a resident of Chicago, filed a patent for a mattress with individually pocketed coil springs on September 1, 1900."
Pan-Atlantic University launched the Virtual Museum of Modern Nigerian Art in October 2022.
"Judy Reyes portrayed the character of Nurse Sandra in S1 E6 of ""New York Undercover."""
El Anatsui was awarded the UNESCO Peace Prize in 1995 in Japan.
"Osvaldo Fattoruso, the Uruguayan musician, was born on October 27, 1965."
Gian Lorenzo Bernini made at least two known busts of Pope Paul V.
The governor of Assam from 16 February 1949 to 27 May 1949 was Frank Anthony.
"The surname of the individual who won the Bader Award for Organic Chemistry in 2000 is *Kolb*, as this information is consistently reported in academic and award records."
"The former Archbishop of Cape Town, Njongonkulu Winston Hugh Ndungane, attended Lovedale High School when he completed his schooling in December 1958."
"The Society of Illustrators purchased 128 East 63rd Street, New York, NY in May 1978."
"The patch that changed the required amount of titanium ore to make a titanium bar from 5 to 4 in Terraria was patch 1.4.4, released in July 2021."
The memorandum of understanding between BAe and McDonnell Douglas regarding the AV-8B Harrier II was signed in **June 1981**.
"The third track on Anne-Marie's album *Therapy* is ""2002""."
"It is uncertain how many candidates entered their work in the engraving category at the Prix de Rome in 1805, as detailed records for that specific year and category are not readily available."
"It is likely that the right side of the cover art for Bob Dylan's *Planet Waves* features the words ""Bob Dylan with The Band,"" though precise confirmation may depend on the specific edition of the album."
"Odisha’s longest road bridge, “Netaji Subhas Chandra Bose Setu,” has been built over the Mahanadi River itself, not a tributary, though it may span one of its tributaries such as the Seonath or Jonk, but this is not definitively certain without further verification."
"The 1976 case of Estelle v. Gamble was decided by the Supreme Court of the United States on April 5, 1976."
Michael Johnson suffered a stroke in April 2012.
"Max is holding a small, stylized mushroom in his left hand."
Shanice was approximately 10 years old when she appeared in a commercial with Ella Fitzgerald in 1989.
"The available information does not specify Henryk Rolirad's age at adoption, so it is uncertain."
Romania scored 3 tries in the match against Russia on 5 February 2022 as part of the 2022 Rugby Europe Championship.
"It is likely that the statement ""There was never a question in anyone’s mind as to who was really running things when Ma was governor"" was made by public relations expert Robert C. ""Bob"" Eckhardt of the *Houston Chronicle*, though attribution can sometimes be found in broader political commentary rather than direct quotes."
"The record for the fastest marathon dressed as an elf (male), with a time of 2 hours, 58 minutes, and 16 seconds, achieved at the 2017 Virgin Money London Marathon, is held by Andy Ditter."
"Aunt Jemima first appears in Season 1, Episode 13, titled ""Cartoon Wars Part I."""
"Gus Fring confronts a sniper in Season 4, Episode 6 of *Breaking Bad*, titled ""Cornered."""
"The municipality of Hispania, Antioquia, Colombia, was founded in 1967."
"The title of the second YouTube video ever uploaded is ""Webcam Fun."""
"Gloria Hollister earned her Bachelor of Science degree from the University of California, Berkeley."
"Yanfei Bao, a Christchurch, New Zealand, real estate agent, was reported missing on January 8, 2023."
The statue of Efraín González Luna is installed in the Mexican state of Veracruz.
"The Eddington Medal in 1953 was awarded to Arthur Eddington, though it is more likely that the question refers to the recipient of the medal established in his honor, which in 1953 was probably Paul Dirac, as Eddington himself had already passed away in 1944."
"The player who was exempt from being blocked in Episode 10 of Season 3 of the American version of *The Circle* was probably Olivia, though this depends on the specific block immunity rules applied in that episode."
The recipient of the 2017 Erdős–Rényi Prize was Christian Borgs.
A horse is approximately 30 times more likely to be struck by lightning than a human.
"The world's first solid titanium watch is generally considered to be the Pulsar Titanium, introduced by Seiko in 1983."
"The municipality of Sativasur, Boyacá, Colombia, was founded in 1967."
"The paper ""Identifying Semantic Role Clusters and Alignment Types via Microrole Coexpression Tendencies"" used the R statistical environment to analyze the data."
"It is likely that divers Vicki Draves (then Manalo) and Sammy Lee became friends during the 1948 national AAU championships, though the exact year is not definitively confirmed."
"Sabrina Costelana Newman's father, Victor Newman, is a wealthy and powerful businessman primarily involved in the oil industry."
"Kerala was the first state in India to be declared smoke-free by abandoning traditional ways of cooking, although the claim may refer to specific initiatives and should be verified in the context of official declarations."
Navjot Singh Sidhu was informed about the plan to open the Dera Baba Nanak–Kartarpur corridor on Guru Nanak's 550th birth anniversary in November 2018.
"The father of Jérôme Sabourin is Denis Sabourin, a Canadian filmmaker and director."
"The record label that produced Avenger's 1985 EP containing the song ""Down to the Bone"" was Nitro Records."
The first Chief Minister of the State of Jammu and Kashmir was Sheikh Muhammad Abdullah.
Elliot Page attended the Halifax Grammar School until grade 8.
Eremiaphila braueri was described by Krauss in 1893.
"As of the latest official population estimate in 2015, the total population of Szentes in southeastern Hungary was approximately 16,600."
"Katharine Burr Blodgett issued the U.S. patent for ""Step Gauge for Measuring Thickness of Thin Films"" on May 21, 1935."
"The surname of the individual who won the Gibson-Fawcett Award in 2020 is **McMillan**, though specific sources may vary in their confirmation."
"The municipality of Uramita, Antioquia, Colombia, was founded in the year 1886."
"The Disney Fair, a traveling attraction by Imagineering, premiered in July 1983."
"The L and L Building was added to the National Register of Historic Places on January 21, 1986."
Olga Kharlan defeated Kim Ji-yeon with a final score of 15–11 in their match at the 2013 World Championships.
The first record label to sign Third Day was Atlantic Records.
"The academic publisher that published the paper ""On Two Mathematical Representations for Semantic Maps"" is Springer."
Richard Serra created his first outdoor sculptures in the United States.
Daryl Garrs is killed by Tommy Lee Royce in the series *Happy Valley*.
Pipilotti Rist received the 'Renta Preis of the Kunsthalle Nürnberg' for the first time in 1995.
"The contestant who portrayed Jessica Simpson in Snatch Game on RuPaul's Drag Race, Season 4, Episode 5, was Bianca Del Rio."
The full name of the winner of the Space Flight Award in 2005 is Yuri Malenchenko.
The report does not provide a specific number of documented oases in the Sahara and Arabian Oases Atlas.
"The exact number of stolen vehicles recovered in Nigeria by the Nigerian Police Force between 2002 and 2004 under Mustafa Adebayo Balogun's leadership is not readily available in public records, although efforts to improve vehicle theft recovery were reportedly part of his tenure."
"The establishment that opened at 653 Broadway in NYC in 1975 was likely CBGB, though the exact date of opening is sometimes cited as 1973, so this identification is somewhat hedged."
"Albertina Sisulu retired from active politics in 1997, following South Africa's transition to democracy."
Lord Takeru's partner in *Sekiro: Shadows Die Twice* was Genichiro Ashina.
The two great masterpieces completed by Carl Friedrich Gauss as a private scholar were *Disquisitiones Arithmeticae* and *Theoria Motus Corporum Coelestium in Sectionibus Conicis Solem Ambientium*.
"Gilles de Rais confessed to his crimes on October 25, 1440."
"The referee, touch judges, and television match official in the rugby match between Spain and Romania on 27 February 2022 were from Ireland."
"Masaki Tsuji was born on April 14, 1980."
The scientific name of the first reported sexually dichromatic snake from the Indian subcontinent is *Dendrelaphis pictus*.
"The European Court of Human Rights ruled in favor of Carola van Kück on **21 April 2000**, finding that the denial of reimbursement for her sex reassignment surgery and hormone therapy violated her right to private and family life under the European Convention on Human Rights."
"Undercover released their ""CREEP VERY"" collection for the Spring/Summer 2020 fashion season."
Will Hicok Low was an instructor at the Pennsylvania Academy of the Fine Arts in 1890.
"The population of the town of Lesbury in Northumberland, England, according to the 2011 census, was 1,378."
"It is widely believed that Trixie Mattel from *RuPaul's Drag Race* is known for saying ""party"" as a reply, though this phrasing is often associated with her character and may not be her exact catchphrase."
"The 1st ASEM Education Ministers' Meeting was held in Bangkok, Thailand."
"The color of the boy's hair in Norman Rockwell's illustration ""Backfence Graffiti"" is depicted as light brown or sandy blond."
Syed Ali Shah Geelani replaced Maulvi Umer Farooq as chairman of the All Parties Hurriyat Conference in Kashmir in the year 2004.
"Gregor's death in *What We Do in the Shadows* is caused by Nandor after he stabs him with a wooden stake, believing Gregor to be a vampire."
"According to the 2012 municipal census, it is estimated that approximately 1,740 people live in Shawnee Slopes, though precise figures may vary slightly depending on the source and methodology used."
Ruth Wilson Gilmore received the Angela Y. Davis Prize for Public Scholarship in 2020.
"The date on which the episode ""Why Does Evil Exist?"" from the documentary *The God Committee* aired is not publicly available with certainty, as precise air dates for individual episodes are often not widely documented."
"The 1998 Gödel Prize was awarded to Peter Bürgisser and Martin Dietzfelbinger for their paper ""PP is as Hard as the Polynomial-Time Hierarchy,"" though it is sometimes attributed to other researchers, and confirmation from official sources is recommended to ensure accuracy."
The man who designed the Embraer EMB 110 Bandeirante was Rubens de Andrade.
"William Aloysius ""Bil"" Keane's first cartoon was published on May 13, 1949."
Stefan Parkman was awarded the Order of the Dannebrog in 2014.
Kaitlin Armstrong used a .22-caliber rifle to kill Moriah Wilson.
"The American YouTuber who hosted the 11th Streamy Awards broadcast on YouTube on December 11, 2021, along with Issa Twaimz, was Liza Koshy."
Oliver Heaviside was awarded the Faraday Medal in 1925.
"The judicial title of the person appointed as Chairman of the Scottish Law Commission on January 1, 2014, was Lord Carloway."
The Chittoor River flows through the Seshachalam forest.
Christopher Ndarathi Murungaru was born on 25 March 1949.
"Donjuan Triumphant's stud fee when he began his career as a breeding stallion in 2020 was set at 5,000 Euros."
"The title of the tenth track on Brenda Fassie's 1996 album *Now is the Time* is likely ""I Need You,"" though precise track listings may vary depending on the source or release version."
Bab Reshi Shrine is located in the village of Bab Reshi in the Anantnag district of Jammu & Kashmir.
"Hindu dynasties ruled Kashmir for approximately five centuries, from around the 2nd century BCE to the 14th century CE."
"The caption of Figure 5 in the paper ""Semantic Maps of Causation: New Hybrid Approaches Based on Corpora and Grammar Descriptions"" by Levshina (2022) is likely ""Semantic map of causation based on corpus data and grammatical features,"" though precise wording cannot be confirmed without direct access to the figure."
"Apharwat Peak in Gulmarg has an elevation of approximately 14,882 feet (4,536 meters) above sea level."
"As of available reports, at least 28 people were killed when a tractor-trolley returning from a temple fell into a pond in Kanpur on October 2, 2022, though the exact number may vary slightly depending on the source."
"The surname of the person who first discovered the blood-sucking bug *Triatoma carrioni* is Carrioni, named after the Peruvian physician José Carrioni."
"The topsail schooner ""Lisette,"" built in 1873 and formerly owned by the Duke of Sutherland, was approximately 128 tons, though this figure may vary slightly depending on the source."
"Christopher Luxon married his wife Amanda on Saturday, 25 November 2000."
"Bessie Smith was dismissed from Black Swan Records during auditions, likely due to her vocal style and personality not aligning with the label's artistic direction, though the exact reason remains somewhat uncertain."
Charles Raymond Perrault served as co-editor-in-chief of the *Journal of the American Academy of Child & Adolescent Psychiatry* from 2001 to 2010.
"The new editor-in-chief of The Manila Bulletin in May 2021, succeeding Dr. Crispulo Icban, was named as Nestor Torre."
"Joanna the Mad was betrothed to Philip the Handsome, who was the son of Maximilian I, Holy Roman Emperor, and thus the ruler of the Habsburg lands, primarily in what is now the Netherlands and parts of Germany and Austria."
"Charles Whitlaw was approximately 36 years old in 1846 when he bought a grist mill on Grand River Street from Robert Kirkwood in Paris, Ontario."
"As of the 2021 census, the population of Özbek, Şabanözü is likely less than 100, though precise figures are not widely available and may require verification from official Turkish census records."
"The forest cover area of Assam is approximately 24,563 square kilometers according to the India State of Forest Report 2019."
The Kingston Symphony Association was formed in 1952.
"Rolf Zurbrügg was likely born in the village of Sankt Niklaus in the canton of Valais, Switzerland, though precise confirmation may require additional verification."
Harry Belafonte was born in Harlem Hospital in New York City.
"The Draj Bridge is located in the Lumbini Province of Nepal, though precise district information may require further verification as it is sometimes associated with the border area between Rupandehi and Kanchanpur districts."
"""Drawings and Prints"" became its own department within the Pierpont Morgan Library in 1969."
"The surname of the individual who won the Victor A. Prather Award in 1992 is likely *Beard*, though confirmation from a reliable source is recommended to ensure accuracy."
The first-ever personality to hoist the Indian National Flag in the Metaverse at the 'Azadi Ka Amrit Mahotsav' Metaverse event in 2022 was Prime Minister Narendra Modi.
"The performance by Marina Abramović and Uwe Laysiepen in 1976 was likely titled *Nightsea Crossing*, though the exact name may vary depending on the specific documentation or context of the performance."
"The record label that American music producer George Avakian helped form in 1958 is Columbia Records' jazz division, which later became known as the Columbia Jazz imprint."
The first supercomputer in India was installed at IIT Bombay in 1988.
Yolo Akili's full birth name was Yolo Akili Woodson.
"Approximately 70,000 spectators filled the Olympic Stadium during the opening ceremony of the Helsinki Olympics in 1952."
Richard Neutra designed the Elkay Apartments for his own family.
"Approximately 150 men competed in fencing during the 1964 Summer Olympics, though the exact number may vary slightly depending on the source."
May Roosevelt's third album is *The Moon and the Night and the Music*.
"Mustafa Adebayo Balogun, Nigeria's former Inspector General of Police, and his delegation visited the police departments of Chicago, New York City, and Los Angeles to study their implementation of community policing."
Sayed Haider Raza's mother died in the year 1936.
"The launch vehicle used for carrying the DS-EO satellite in 2022 from the Satish Dhawan Space Centre was the PSLV-CL, specifically PSLV-CL18."
Norodom Ranariddh became Secretary-General of FUNCINPEC in 1981.
"Machine Girl's first soundtrack was for the film *The Neon Demon*, released in 2016."
"Janine Antoni's 2014 artwork ""Behold"" was made of bronze and stainless steel."
"The Compact of Free Association was approved by plebiscites in the Marshall Islands and Micronesia, and by the U.S. Congress in 1986."
The first Tunisian president to be elected by universal suffrage after the 2011 revolution was Moncef Marzouki.
"The 14th report of the State Entomologist on injurious and other insects of New York from 1898 states that the apple-tree tent caterpillar's ""undoubtedly"" favorite food is the foliage of apple trees."
"Gazprom became an official partner of FIFA tournaments in March 2015, with the contract covering tournaments from 2015 to 2018, including the 2018 FIFA World Cup in Russia."
"The Brazilian Vice-President of the International Mathematical Union in 2012 was likely Elon Lages Lima, though confirmation from official IMU records is recommended for absolute certainty."
"The year when Vikram S. Buddhi was sentenced to prison is not definitively known, as there is no widely recognized public record confirming such an event."
"The altitude of Tikti Mach'ay Mountain is approximately 4,500 meters above sea level, though this figure may vary slightly depending on the source."
Justin Kemboi Chesire finished the Old Mutual 56km Ultra Two Oceans Marathon in 2019 with a gun time of 5:59:10.
"The body of water known as ""the River of Many Cliffs"" by the Cherokee, located near the Blue Ridge Parkway, is likely the Tuckasegee River, though this name is not universally attested in all sources."
The names of the parents of King Girvan Yuddha Bikram Shah are King Surendra Shah and Queen Indra Kumari Shah.
"The ballet created by Valery Matveevich Panov for the Istanbul Devlet Ballet in 1988 is likely *Shahnameh*, though specific confirmation of this work being his creation is not definitively established in available sources."
The surname of the individual who won the Robert Boyle Prize for Analytical Science in 2004 is Whitten.
Ollie Johnston sold his locomotive named Marie E. in 1929.
Savannah Churchill's second husband was actor John Gavin.
The Visvim FBT's name is influenced by the name of the music group The Fall.
"It is uncertain who played Khalib in Season 6 of *Moesha*, as detailed information about this character and actor is not widely available or confirmed."
"As of the 2020 census, the population of Weston, Ohio, was 4,388."
Chanie Rosenberg was born on 26 April 1944.
The archipelago is Svalbard.
Evi Nemeth was a Distinguished Engineering Honoree at CU Boulder in 2010.
"Nikolai Talyzin moved to the post of head of the Bureau for Social Development in 2007 after facing strong criticism, although the exact timing and circumstances may vary slightly depending on the source."
George Avakian left Columbia Records in December 1950.
The voter turnout percentage for the second round of the 1965 French presidential election was approximately 83.7%.
India’s first-ever micro drama festival “Thespis” started in Mumbai.
"The patch from The Burning Crusade expansion of World of Warcraft that reduced the cooldown of Crusader Strike from 10 to 6 seconds was released on **November 13, 2007**, as part of **Patch 2.4.0**."
"According to the 2010 United States Census, the total reported Asian population of Downey, California, was 32,343."
"The word of the 20th century, as selected by the American Dialect Society, was ""jazz,"" although some sources occasionally cite ""rock"" as an alternative, depending on the criteria or time of selection."
"Juan Nogueira, the Brazilian amateur heavyweight boxer, was born on May 28, 1986."
Pipilotti Rist received the Premio 2000 prize in the year 2000.
The 2nd chairman of the Senate of Pakistan was Justice (Retd.) Ejaz Ahmad Chaudhry.
Richard Huemer joined the Fleischer Studio in 1933.
"Jackson Asiku lost to eventual gold medalist Felix Savon of Cuba at the Summer Olympics in Sydney, Australia in 2000."
Alizé Cornet is the only French player who received a wildcard entry in the women's singles at the 2019 Australian Open.
"The exact number of recorded injuries in the Weesp train disaster of 1918 in the Netherlands is not widely documented in available sources, but it is estimated that approximately 150 people were injured."
"The municipality of Santo Domingo, Antioquia, Colombia, was founded by Spanish conquistador Gonzalo Jiménez de Quesada in 1541, although the exact role he played in its foundation is sometimes subject to historical interpretation."
The Château style originated in Québec in the early 1880s under architect William G. Storm.
"The first and last name of Daniel Boone's younger brother born on October 5, 1744, was Squire Boone."
"It is likely that Arvid Lindblad secured the first position in the Rotax Micro Max season 2017 in India, though confirmation from official standings would be required to state this definitively."
The surname of the individual who won the RSC Supramolecular Chemistry Award in 2016 is **Lehn**.
Grace Naledi Mandisa Pandor completed her high school in South Africa.
"The United States removed Eritrea from the ""Counterterror Non-Cooperation List"" on May 25, 2021."
"Louis-Philippe Hébert created a sculpture of Sir John A. Macdonald, which was first displayed at the Universal Exposition in Paris in 1900 and then erected on Parliament Hill in Ottawa in 1901."
"Clint Ballard Jr. is believed to have adopted the alias Buddy Clinton to cut a two-sided single in 1956, though the exact year is sometimes uncertain due to limited historical documentation."
"In Season 2 of *Dexter*, Deb (Debra) Morgan catches Dexter while he is trying to dispose of his mother's killer's remains."
"Edward Ambrose Hug passed away on August 10, 1944."
Kos of the Dorian Pentapolis produced coinage featuring variations of a ram's head and a radiating sun or solar disk.
"The Nokia 8110 was announced on February 23, 1998."
"Fresh Cut Grass likely obtained their blue leather duster from the *Wooly Mammoth* in Uthodurn during Critical Role's Campaign 3, though this detail has not been explicitly confirmed in canon."
"Vladas Mironas, the 14th Prime Minister of Lithuania, took office on 22 November 1926."
"The Netherlands scored 21 points in the match against Spain on February 5, 2022, as part of the 2022 Rugby Europe Championship."
"The soundtrack album ""Mario Kart 64 Greatest Hits"" was not officially released as a standalone album by Nintendo, so it does not have a recognized release date in the United States."
"It is likely that Dexter Morgan said the quote in *Dexter* Season 5, Episode 4, though the exact speaker can sometimes be ambiguous depending on context or subtextual delivery."
The minor planet designation number originally assigned to the asteroid 176 Iduna was A906 GA.
Teleri Bevan became the deputy head of programs for BBC Wales in 2007.
"It is likely that the mathematician who received the Carl Friedrich Gauss Prize in 2006 was Louis Nirenberg, although confirmation from a reliable source is recommended to ensure accuracy."
"Ciara performed in Montreal, Quebec, Canada on July 10, 2009, during her Jay-Z & Ciara Live concert tour."
"Novak Djokovic, a Serbian player, played in the quarterfinals of the 2018 Madrid Open men's singles."
"The first transgender person in Argentina to legally change her name and gender on her government-issued ID was María ""China"" Muñoz, though some sources may not universally agree on the exact details or individuals involved."
"President Gustavo Petro received President Alain Berset at the Casa de Nariño on April 19, 2023, where they signed an agreement to safeguard the digital copy of the Commission for the Clarification of the Truth's documentary collection in Switzerland."
"The Contract Law of the People's Republic of China was not abolished but replaced, effective January 1, 2021, by the Civil Code, which incorporated its provisions."
"The binomial name of the yellowfin sole, *Pleuronectes asper*, is credited to Jordan and Gilbert in 1882, though some sources may attribute it to Jordan and Starks; taxonomic attribution can vary depending on the reference consulted."
Kim Thompson was awarded the Inkpot Award in 2008.
Ratan Parimoo won first prize in Painting at the Annual Exhibition of the Jammu & Kashmir Cultural Academy in the year 1983.
Henry R. Luce first met Reverend Billy Graham in New York.
Natalia Dmitriyevna Shpiller was awarded the Lenin Prize in 1979.
"The language represented in Figure 4 is likely English, though the answer is hedged due to uncertainty without direct access to the figure."
"The monument in memoriam of the patients interred on the old Cherry Hospital campus was dedicated on May 17, 2008."
"Kaitlin Armstrong pleaded not guilty to the murder charge of Moriah Wilson and was arraigned on May 26, 2023."
"The new curriculum model launched by Randolph College in 2021, which changed the number of classes taken per term, was called the ""4+1"" model."
Nicholas Biwott returned to the University of Melbourne to study for a master's degree in economics under a Commonwealth scholarship in 1987.
The surname of the individual who won the Perkin Medal in 1918 is Whittelsey.
The 9th Chief Minister of Jammu and Kashmir was Ghulam Mohammad Sadiq.
Kow Nkensen Arkaah died on 13 July 2015.
"Yevgeny Polivanov was arrested in Leningrad on August 16, 1937, during the Great Purge."
James Vernon the Younger first acted as an envoy to Denmark in 1772.
"Ludvig Faddeev was awarded his candidate's degree for his thesis ""Properties of S-Matrix for the Scattering on a Local Potential"" in 1958."
The science of architecture and civil construction in ancient India was known as *Vastu Shastra*.
"The exhibition ""The Art of Horiyoshi III"" was first displayed at Somerset House from October 15 to November 2, 2014."
Anselm Kiefer had his first solo exhibition at the Neue Nationalgalerie in Berlin in 1985.
"I am uncertain but believe the DOI for the paper ""Generating Semantic Maps through Multidimensional Scaling: Linguistic Applications and Theory"" may be 10.1017/S1360674307002487, though I recommend verifying this through an academic database or publisher's website."
David James Foulis was made Professor Emeritus at the University of Massachusetts in 1994.
"The name of Aftab Ghulam Nabi Kazi's wife is reported to have been Begum Kazi, though specific details about her name are not widely documented in public sources."
"The case of the Yamaha DX1 (1983) was likely made from molded plastic rather than wood, as was common for electronic instrument casework during that era, though precise materials may vary and would benefit from confirmation through official specifications or verified sources."
The full name of the American food scientist who created the first frozen fish sticks in the 1950s is Richard K. Market.
"Kenjiro Shoda was born in the town of Tsumagoi in Gunma Prefecture, Japan."
"Alison Mori and Christian Gyrling were promoted to vice presidents of Naughty Dog on May 3, 2023."
"Kuo Tsai Chen was likely appointed as an instructor at the University of California, Berkeley after earning his doctorate, although confirmation from a reliable source would strengthen this assertion."
Anna Krzeptowska-Żebracka was born on 27 April 1976.
"The Low Energy Gamma-Ray Imager (LEGRI) was activated on 11 April 1997, shortly after its successful launch on a Pegasus XL rocket."
"It is likely that Mohamed Salah scored the most goals for Liverpool in the 2021-2022 FA Cup season, though this should be confirmed with specific match data."
Monir Shahroudy Farmanfarmaian was awarded the Venice Biennale in 2013.
Romania finished the 2022 Rugby Europe Championship with 24 points.
The club formerly known as Pishchevik Kaliningrad was renamed Baltika in 1994.
The original DS game's Pokémon Diamond and Pearl contests featured six stages.
"The name and surname of the mother of the Mayor of Paterson, New Jersey, from 1967 to 1972 and again from 1975 until 1982 (Raymond J. Bateman) are likely Mary Bateman, though confirmation from a reliable source is recommended to ensure accuracy."
"George Frederic Watts' ""After the Deluge"" was originally named *Hope* in 1886."
"The exact date on which the *Codex Arundel* became part of the British Library's ""Turning the Pages"" project and was digitized in the 2.0 format is not precisely documented in publicly available sources, though it is known to have occurred around the early to mid-2000s alongside the *Codex Leicester*."
The praying mantis species *Eremiaphila barbara* was described by Brisout in 1891.
"Noel Turner, a Maltese footballer, was born on 27 September 1983."
Kemka Ajoku attained a bachelor's degree in psychology in 2020.
Marquinhos was given a yellow card in the 2022 World Cup quarterfinals at approximately the 84th minute.
George Andrews was elected a Fellow of the American Academy of Arts and Sciences in 1985.
"The exact publication date of the 2021 research paper titled ""Classification of Relaxation and Concentration Mental States with EEG"" by Shingchern D. You in the journal ""Information"" is not publicly available in sufficient detail to specify the day, month, and year with certainty."
"The street named after Wilhelm Fabry in the city where he died, Dresden, is called Fabrystraße."
Tülay Adalı became a Fellow of the Institute of Electrical and Electronics Engineers in 2015.
"Georgia Hiden died in the borough of Manhattan, New York City."
"The ""Moonology Manifestation Oracle"" card deck created by Yasmin Boland contains 44 cards."
Tülay Adalı became a Fellow of the American Institute for Medical and Biological Engineering in 2016.
"The first Zildjian cymbals were created in approximately 1623, though the exact date remains uncertain due to limited historical records."
"The CIA project whose secret documents were published by WikiLeaks on August 24, 2017, is likely referred to as ""Vault 7,"" although the specific designation or name of the project itself remains somewhat unclear and is often conflated with the broader term used by WikiLeaks to describe the release."
The Materials for Industry-Derek Birchall Award was established in 1972.
Sawmills were added to Terraria in version 1.4.4.
Shirin Neshat was awarded the Berlin Prize in 2003.
The first and last name of the person who received the ADA Kelly West Award for Outstanding Achievement in Epidemiology in 1989 is David J. Pettitt.
"The name of the Jhelum and Chenab doab is the ""Bari Doab."""
Ravi Shankar is widely regarded as the first Indian musician to perform at the United Nations General Assembly in 1966.
Vaughan Jones was awarded the New Zealand Association of Scientists' First Prize for his doctoral thesis in 1980.
"The very first Q Con was hosted by Prism Comics in West Hollywood on April 28, 2001."
"Track 7 on Disc 1 of the *Super Mario Galaxy Original Soundtrack Platinum Version* is likely ""The Galaxy of the Lost,"" though precise confirmation may require cross-referencing official track listings."
"The city whose police won the 2017 FICCI Smart Policing Award is likely Hyderabad, although confirmation from a reliable source is recommended for certainty."
"The Pratt & Whitney R-1340-30 Wasp engine has a horsepower rating of approximately 550 to 600 HP, depending on the specific model and application."
"The stool ""Nkosuostool"" (Development stool) was created by Asantehene, Otumfuo Opoku Ware II in the year 1968."
The surname of the individual who won the Meldola Medal and Prize in 1955 is **Bloor**.
"The exact date when Saddam’s government laid out these combined objections to the Arab League is not definitively specified in widely available sources, but it is generally associated with the period in early 1990, likely in January or February, as tensions with Kuwait escalated prior to the Gulf War."
"The actor who plays the emotional vampire, Nandor, in *What We Do in the Shadows* in Seasons 1 and 5 is Kayvan Novak."
Valhalla Park Family Recreational Centre opened for the first time in April 2009.
Theodore von Kármán selected Frank E. Mahan as his research assistant when he accepted the directorship of the Guggenheim Aeronautical Laboratory at the California Institute of Technology in 1930.
"The municipality of Andes, Antioquia, Colombia, was founded in the year 1549."
Alma S. Woolley was tasked with creating a B.S. degree program in nursing at the University of Virginia.
The beetle species *Glipa acutimaculata* was described in the year 1865.
Lucy Weston Pickett received an honorary Doctor of Science degree from Ripon College in 1935.
"The municipality of Paya, Boyacá, Colombia, was founded in 1852."
"Mishary Alafasy received the King Faisal International Prize in Call to Islam (Adhan) on October 25, 2008."
The astronomer who discovered 86 Semele was James Craig Watson.
"The word selected as the 2022 Word of the Year by the American Dialect Society was ""gaslighting."""
"The population of Askham Richard at the 2011 census was 1,005."
The 6th Prime Minister of Nepal was Bhim Sen Thapa.
Adrienne Nelson served as an adjunct professor at the University of Oregon School of Law from 2002 to 2005.
Andreas Speiser's doctoral advisor was Hermann Minkowski.
The recipient of the ISCB Accomplishment by a Senior Scientist Award in 2006 was David Haussler.
"The Third Day's song ""Nothing at All"" peaked at number 1 on the Billboard Hot Christian Songs chart, though precise peaks on specific rock charts are less clearly documented."
"The official newsletter of the International Foundation for Internal Freedom, founded by Timothy Leary, was called *The Psychologist*."
"Jinkx Monsoon attended Nathan Hale Middle School in Seattle, Washington."
Psygnosis Limited was headquartered starting in 1995 at the Liverpool Science Park.
The surname of the individual awarded the Geoffrey Barker Medal in 2020 is Smith.
"As of 2022, the election symbol of the Rastriya Swatantra Party was a ""spade,"" though this may be subject to change depending on official updates from the Election Commission of India."
"It is uncertain who won the International Photography Awards' ""Discovery of the Year"" award in 2017, as the specific winner of that category in that year is not widely documented or known with high confidence."
"The Kiwi Man of Kashmir is a nickname for New Zealand-born journalist John Childs, who has reported extensively on the Kashmir region and is known for his in-depth coverage and advocacy for balanced perspectives on the conflict."
Cesar Lattes was 84 years old when he died.
"Eglinton Castle overlooked Carmel Glen and its burn and was situated in Knockentiber, East Ayrshire."
"The version of MusicBee that included the patch note ""Mini player now supports a large album artwork layout"" was version 3.2.7, released on May 20, 2021."
"Thomas Shelby smashes a nun's glasses in Season 4, Episode 4 of *Peaky Blinders*."
"Tina Turner, the singer, did not die; she passed away on May 24, 2023."
"The typographer who developed the Allegro typeface is Robert Slimbach, though this information is specific to a particular context and may require verification for accuracy."
Marc Julian Bradley graduated from Wauwatosa East High School.
Betty Julia Sullivan received the Francis P. Garvan–John M. Olin Medal in 1977.
Habiba Ghribi won the junior race of the Pan Arab Cross Country Championships in 2003.
"The exact year the pink donut with sprinkles sculpture was first presented to Springfield, New Zealand, is uncertain, but it is believed to have been sometime in the late 1990s."
Ginnifer Goodwin appeared in one episode of *Big Love: In the Beginning*.
It is Byleth who tells Leonie about a holy weapon hidden at Lake Teutates that doesn't require a crest to wield.
"According to ""A Survey of London; Reprinted From the Text of 1603,"" the first constables of the Tower of London turned the land in East Smithfield into a park or hunting ground for their private use."
"Whitt L. Moreland was born in the city of Dallas, Texas."
The NASA Space Science Data Coordinated Archive (NSSDCA) ID of the spacecraft Foton-M4 is 2009-054A.
"King John II of Portugal is widely believed to have commissioned Diogo de Azambuja to build Elmina Castle around 1482, though the exact year remains somewhat uncertain among historians."
Wakako Hironaka obtained an M.A. in Japanese literature from Brandeis University Graduate School in 1964.
"""God is Good"" by Don Moen is most commonly performed in the key of C major, though the exact key of the original composition may vary depending on the arrangement or recording, and is therefore best described as likely being in C major, or possibly another closely related key."
The two umpires in the 1980 Gillette Cup match between Ireland and Middlesex on 2 July 1980 were David Ward and John Holder.
Clive Derby-Lewis became deputy mayor of Bedfordview in 1995.
The total number of tracks on the Ys Origin original soundtrack released in 2007 is 38.
"Oommen Chandy, former Chief Minister of Kerala, died on 20 June 2021."
Oliver Heaviside published his second paper on electricity in 1873.
"Women were officially welcomed into the United States Polo Association on June 12, 1971."
"There is no specific Google Sheets function designed solely to calculate the margin of error from a range of values, as it typically requires combining functions like AVERAGE, STDEV.S, COUNT, and T.INV.2T (or NORM.S.INV for large samples) to compute manually."
"It is generally attributed to various art historians or scholars who have studied the Golden Temple, though the specific individual who classified it in this way is not definitively recalled with certainty here."
The names of the daughters of Mehbooba Mufti Sayed are Iltija and Asiya.
"Feodor Timofeyev, consul for the Soviet Union in Georgetown, visited Jonestown for two days and gave a speech on November 26–27, 1978."
The Deputy Speaker of the Tamil Nadu Legislative Assembly when D. Jayakumar was the Speaker during 2011–2012 was M. K. Stalin.
Thomas Charles Hart was appointed to the U.S. Senate to fill the seat of Francis T. Maloney upon Maloney's death in January 1929.
"The municipality of Murindó, Antioquia, Colombia, was founded in the year 1660."
"The 3rd place in Women's Épée Individual at the 2020 Tokyo Olympics was likely achieved by Inna Deriglazova of Russia, though confirmation should be sought from official Olympic records to ensure accuracy."
"The second asteroid discovered by Édouard Jean-Marie Stephan is number 114, named ""Kleopatra."""
"The U.S. President who received a posthumous ""Raven"" Award in 1959 was Franklin D. Roosevelt."
"The forest cover area of Maharashtra in 2017-18 was approximately 63,606 square kilometers according to the interpretation of IRS Resourcesat-2 LISS III satellite data."
"LEGO part ID 3778, the 2x4 brick, was initially released in 1958, though the exact year may vary slightly depending on regional releases and official documentation."
"As of the 2020 Census, the population of Grand Mound, Iowa, was 141."
The person who became the president of Entertainment at Fox Broadcasting in September 1995 but left Fox in 1996 and soon became the president of HBO was Richard Plepler.
Norodom Ranariddh joined FUNCINPEC in 1981.
"Richard Serra's work ""One Ton Prop: House of Cards"" weighed approximately one ton."
"Rachel Carson and Dorothy Freeman first met in 1953 in D.C., likely at a public event related to the U.S. Fish and Wildlife Service."
"Herbert House cut and weld car parts, including fenders and hoods, to create the *Family Circle* sculpture."
"The Kashmir Valley is also known as the ""Paradise on Earth."""
"Rufus Isaacs passed away in Boston, Massachusetts."
"The New York City Department of Parks and Recreation renamed Railroad Park in Queens for Gwen Ifill on October 26, 2022."
"Katya lip-synced to ""I'm Every Woman"" by Chaka Khan on the episode of *RuPaul's Drag Race* Season 7 in which she was eliminated."
"The municipality of El Peñol, Antioquia, Colombia, was founded in the year 1886."
John Bramston was appointed as a member of the Queensland Legislative Council on 23 August 1860.
"Lothair I became King of Middle Francia on August 1, 843, following the signing of the Treaty of Verdun."
"Aldrin, in association with the Florida Institute of Technology, presented a ""master plan"" for NASA consideration for astronauts with a ""tour of duty"" of ten years in the month of **August 1985**."
"Admiral Charles Philip Snyder married Cornelia Lee Wolcott on July 21, 1931."
"The traditional dance in Kashmir where a male dancer accompanies the chhakri singers and was introduced during the Afghan period is likely the Rouf, although this specific historical detail about its introduction during the Afghan period is sometimes contested or less precisely documented."
"It is likely that Elias M. Stein received the Salem Prize in 1969, though this detail may require verification from a definitive source."
Count Botho zu Eulenburg was preceded as Minister President of Prussia by Chancellor Otto von Bismarck.
"The sole survivor of the Busy Bee Congo 2019 crash was a 10-year-old boy named **Kabongo Yango**, though confirmation of this detail may vary across sources."
Edward S. Morse patented a method of warming and ventilating apartments using hot water pipes.
"Gary Schreider, the Canadian football player, died in the year 2004."
"Fatima Sydow, the renowned Cape Malay chef, passed away at the age of 92."
The name of Daniel arap Moi's mother is **Wanjiru Nderitu**.
Donald Harry Sadler began working as a Temporary Assistant to Comrie on 19 April 1937.
"The song ""Rockabye,"" featuring Anne-Marie, reached number 24 on the 2017 year-end US Billboard Hot 100 charts."
"The exact street address of the building where the first meeting of the Gay Men's Chorus of Washington, D.C., was held in 1981 is not definitively specified in widely available sources."
"Thomas Waller of Branchele was likely knighted at Dublin Castle by Thomas Lord Burgh, Lord Deputy of Ireland, in 1597, though the specific location is not definitively recorded in all historical sources."
Mirza Hameedullah Beg served as the Chief Justice of India for a tenure of 2 years and 247 days.
"Dire Maul was originally added to World of Warcraft on January 23, 2001."
The praying mantis species *Eremiaphila aristidis* was described by Lucas in 1846.
"The first city in the Southern Hemisphere and the second in the world after Philadelphia to integrate electric street lights was Sydney, Australia."
"As of 2011, the female population of Chitwan District was approximately 316,500."
Mike Lawler was a partner at the political communications firm Black Box Strategies from 2018 to 2022.
"The section title for 7 U.S. Code § 136m in the Federal Insecticide, Fungicide, and Rodenticide Act is ""Cancellation of registrations."""
"The name of the CIA project whose user guide was published by WikiLeaks on 10 August 2017 is ""Vault 7."""
Sarah Young and her husband started a counseling practice in the United States for women who had been sexually or spiritually abused.
The chemist who fully developed the aquarium principle in 1850 was Robert Warington.
"Benjamin Mitchell, the New Zealand actor, was likely born on 27 September, although confirmation from a reliable source is recommended to ensure accuracy."
"The list entry name for the National Heritage List entry number 1090695 in Stonehouse, Stroud, Gloucestershire is likely ""The Old Grammar School and Attached Railings"", though this should be confirmed via the official National Heritage List for England database for complete accuracy."
The guidelines outlining requirements for the inclusion of soluble biomarkers in osteoarthritis clinical trials were published in 2011.
The first Deputy Chief Minister of Jammu and Kashmir was Ghulam Mohammed Sadiq.
Eger Vaughan Murphree was awarded the Perkin Medal in 1948.
"The ""Moonology Messages Oracle"" card deck created by Yasmin Boland contains 48 cards."
"It is uncertain what the name of the play was in which Charles Marchand made his first public appearance in Ottawa in 1910, as reliable historical records specifying this detail appear to be lacking."
"The 1.09 patch for the original Dark Souls addressed this issue, though precise confirmation may require checking official patch notes or trusted community sources."
"The band that opened on Sunday, September 6, 1992, at Ieperfest Hardcore '92 festival was probably Agnostic Front, though this detail may require confirmation from a reliable source."
"The officiant at Tammy Faye Messner's burial on July 21, 2007, was likely a religious leader, though the specific individual has not been widely publicized, making the exact identity uncertain."
Thomas Clingman was elected to the North Carolina State Senate in 1851.
"The father and mother of Mukul Chandra Dey are not widely documented in public sources, and I am uncertain of their exact names."
Michael Vick finished in second place in the Heisman Trophy voting in 2000.
The 1.09 patch for the original Dark Souls reduced the effectiveness of the Hornet Ring.
Yale University granted psychologist Robert Rutherford Holt both a master's degree and a Ph.D.
"Dolly the sheep gave birth to a set of triplet lambs, but their names are not widely documented or publicly known."
Viktor Vasnetsov collaborated with Apollinary on the theatre design of *Sadko* in 1894.
The total number of female candidates in the Artemis program at that time is not publicly specified in the reported information.
The surname of the individual who won the Polanyi Medal in 2006 for outstanding contributions to the field of gas kinetics is *Baulch*.
"School was out for approximately two weeks after the fire in 1961 at Tomball High School in Harris County, Texas."
"Omar Abdullah was placed under preventive detention by the Indian government on the 4th and 5th of August 2019 under Section 35(1)(b) of the Jammu and Kashmir Public Safety Act, 1978, which is administered under the Code of Criminal Procedure (CRPC)."
The DrugBank accession number of Rimegepant is DB13889.
The first name of the individual who won the Gordon E. Moore Medal in 2021 is Emma.
"Rahat Kazmi, the Pakistani actor, was born on January 1, 1961, in Lahore, Pakistan."
The album *Memeza* by Brenda Fassie contains 14 tracks.
"The available historical records do not provide a definitive answer to the first and last name of the father-in-law of Sir Nathaniel Brent, son of Anchor Brent, from his first marriage."
"The full name and surname of the father of the 37th Mayor of San Francisco, George Moscone, who was assassinated, is George R. Moscone."
"The Türksat 1A satellite exploded on December 22, 1994, before achieving orbit."
"The surname of the individual who won the Gibson-Fawcett Award in 2012 is likely *Baker*, though this information may require confirmation from a reliable source."
The winner of the 1992 Scandinavian Masters golf tournament was Anders Forsbrand.
"Lilian Ngoyi was accompanied by Helen Joseph, Albertina Sisulu, and Ruth First on the illegal journey to Lausanne to participate in the World Congress of Mothers organized by the WIDF."
Hungary placed 8th in the women's épée team event of the 2020 Tokyo Olympics.
"The municipality of Caucasia, Antioquia, Colombia, was founded in the year 1540."
"It is likely that the debut role of “Lohengrin” in “Lohengrin” at the Metropolitan Opera House on January 1, 1890, was performed by **Jean de Reszke**, though this should be confirmed with historical opera records for certainty."
WhatsApp announced the updated plans to roll out a Communities feature in July 2023.
Deborah Rhode took over from Judith Brown as Director of the Clayman Institute for Gender Research in 2005.
The birth name of the Mexican artist Peso Pluma is Hassan Emilio Kabande Laija.
"Mark's pregnant sister in Season 1 of *Severance* is Harmony, portrayed by Sarah Naig."
Game 5 of the 1986 American League Championship Series lasted 11 innings.
"The 6th ASEM Education Ministers' Meeting was held in Bangkok, Thailand."
"The sculptor who created the c. 1680 sculpture of Ceres in the Belvoir Castle Sculpture Garden is likely to be Gian Lorenzo Bernini, although this attribution is sometimes debated among art historians."
"The coach of the Fort William War Veterans hockey team when they won the Memorial Cup in 1922 was likely unknown or unrecorded, as historical records from that time are incomplete and no specific coach is definitively named."
"Rana Ayyub's father is Rana Dasgupta, an Indian journalist."
"CYAN is an acronym for ""Containment, Yielding, Analysis, Neutralization,"" representing the objectives of the group in Horizon Zero Dawn's Frozen Wilds DLC."
"The stone finish on Mohawk Island Lighthouse in Dunnville, Ontario is likely a type of rough-cut or ashlar masonry, though specific details about its finish are not widely documented."
"The seven countries that participated in the Battle of the Nations tournament in 2011 were Germany, England, France, Italy, Spain, the Netherlands, and Poland."
Judge Timothy K. Lewis ruled that the D.C. Department of Corrections violated the rights of a deaf inmate under the Americans with Disabilities Act.
"The formula used for finding the inverse of a square matrix in Google Sheets is `MINVERSE(array)`, where `array` refers to the range of cells containing the square matrix."
"Trillian introduced the ""emotiblips"" feature in 2007, allowing users to stream files as the voice and video equivalent of emoticons."
"The name of track 8 on the album *The Awesome Album* from *Parks and Recreation* is ""The Ballad of Kevin and Tammy."""
Jomo Cosmos was founded for the first time on 29 August 1960.
"Richard Neutra's Slavin House is located in Palm Springs, California."
"The NASA Space Science Data Coordinated Archive (NSSDCA) ID of the spacecraft Foton-9 is not definitively known, as it is likely not assigned or publicly listed in the NSSDCA database."
"The launch vehicle used for carrying the EOS-04 satellite was the PSLV-C53, launched from the Satish Dhawan Space Centre in 2022."
"Heo Seung, known as Justhis, was born on August 15, 2004."
"Kentaro Yano's father told him the Theory of Relativity was not written by Einstein, but this claim is likely a misunderstanding or a metaphorical statement, as there is no credible evidence that Yano's father believed or stated this definitively."
"The first-generation, four-speed manual transmission gearbox of the Mazda R360 was officially called the ""Type A"" transmission in Japan."
"The wife of ""Welding"" Kumar, originally known as Jeyakumar, is reportedly Kala, though details about his personal life are not widely publicized."
"Stan asks why dogs have cold noses in Season 3, Episode 11 of *South Park*, titled ""Cartoon Wars Part I."""
"The Shinto burial process typically involves five steps, though interpretations and regional variations may lead to some differences in practice."
The full name of the first Prime Minister of Congo (later known as Congo-Léopoldville and now the Democratic Republic of the Congo) was Patrice Émery Lumumba.
Claire runs into Neil in Season 1 of *Happy Valley*.
"In 2021, the IEEE/RSE James Clerk Maxwell Medal was awarded to **Professor Sir John B. Goodenough**, in recognition of his pioneering contributions to the development of modern energy storage technologies, particularly rechargeable lithium-ion batteries."
"The name of track 3 on the *Mario Kart 64 Greatest Hits* soundtrack released in 1997 is ""Rainbow Road."""
"The official name of Terraria patch 1.4.1 was ""The Journey's End Update""."
Ronnie Milsap first moved to Nashville in January 1964.
"Cora Sadosky served as president of the Association for Women in Mathematics (AWM) from 1989 to 1990, and it is likely that Ruth Haas served immediately before her as president in 1988–1989, though confirmation from official AWM records would strengthen this assertion."
Generations first premiered on SABC 1 in the year 1994.
"Amir Hamza issued a $2.2 million fatwā on anyone who killed Pastor Terry Jones on March 10, 2011."
The vampire in *Penny Dreadful*'s Season 1 was played by Josh Hartnett.
"""Mithila Makhana"" was awarded the Geographical Indication (GI) tag in the year 2018."
Lorne Baird Warneke attended medical school at the University of Toronto.
"Sergio Flamigni, an Italian politician and writer, was born on 23 July 1945."
"The Melody Queen of Kashmir, Begum Akhtar, was awarded the Padma Shri in the year 1991."
"It is uncertain precisely when procumbent pearlwort (Sagina procumbens) was first found on Gough Island, but it was likely introduced in the early 20th century, with significant ecological impacts noted in more recent decades."
Patty Berg won the Vare Trophy four times from 1948 to 1962.
"As of 2021, the host of *The Doers Nepal* podcast is Bhuwan KC."
"The IBM 7030 Stretch had 131,072 36-bit words of memory, which is approximately 576 kilobytes when converted to 8-bit bytes, though precise hedging suggests that this value may vary depending on the specific configuration and method of conversion."
Virgil K. Smith's driver's license was revoked in 2005 following his charges in 2004.
"The municipality of Pueblorrico, Antioquia, Colombia, was founded in the year 1549."
"Marc Julian Bradley is known to have used the pseudonym ""Bubba Ray"" when he made his professional wrestling debut in 1999."
"The UNIVAC, delivered to the Census Bureau in 1951, could perform approximately 1,905 calculations per second."
The full name of the first female Finance Minister in Zambia is Chanda Chalwe.
The year when NASA Administrator James C. Fletcher proposed a token of $5 million for Hubble in NASA's budget was 1977.
Germund Dahlquist was elected to the Royal Swedish Academy of Engineering Sciences in 1968.
Basanti Dulal Nag Chaudhuri's wife is named Indumati Nag Chaudhuri.
"The name of the mosque that was first built in Srinagar is the Hazratbal Mosque, though the exact historical details of the earliest mosque in the city may be subject to some scholarly debate."
"The surname of the individual who won the De Gennes Prize in 2013 is likely **Whitesides**, though confirmation from a reliable source is recommended to ensure accuracy."
"Jose Lampe Cuisia Jr. was born on October 20, 1939."
"It is uncertain who exactly formed Clyde Pinelands Football Club in Cape Town in 1898, but it is likely that the individual was named William Alexander Smith, a known Scottish immigrant and sports enthusiast in South Africa at the time."
Cindy Sherman published the book *Untitled Film Stills* in 2003.
"Prior to 2003, the active volcano now known as Mascarin Peak on Marion Island was called Bouvet Peak."
The Japanese scientist who received the Shaw Prize in 2008 is Masatoshi Koshiba.
Sir Frederick Lugard organized the West African Frontier Force in April 1900.
"Ishan Kishan did not play in the Indian Premier League 2019 final match between CSK and MI on May 12, 2019, as he was not part of either team's playing XI."
Albert-László Barabási received the Cozzarelli Prize from the U.S. National Academies of Sciences in 2019.
Romania finished in 1st position in the 2022 Rugby Europe Championship.
The original HeroQuest Game System board game released in North America in 1990 included 36 individual plastic Fimir miniatures.
Isavel Roche-Kelly was named UCT Sportsperson of the Year in 2022.
Cindy Sherman published a book in 2001 titled *Untitled Film Stills*.
"CSA Brigadier General James Lusk Alcorn denounced secession as ""a cancer upon the body of the nation."""
"Dreadbolt's secret identity is not definitively established in public records, but it is likely that it refers to a character or alias used in fictional or speculative contexts."
Kiki Smith first earned the Nelson A. Rockefeller Award in 1994.
"Finn breaks his legs in the ""Adventure Time"" episode ""Broke My Legs,"" which is the third episode of Season 5."
Kameron Michaels lip-synced 5 times on RuPaul's Drag Race Season 10.
Maxi Gnauck officially announced her retirement from gymnastics in January 2023.
"The 20th song on the *Wrath of the Lich King* Official Soundtrack CD is ""The Ashes of Althaeus."""
George F. Archambault earned a law degree from Boston University School of Law.
John B. Goodenough was elected a member of the National Academy of Engineering in 1981.
"The forest cover area of Sikkim in 2017, according to the interpretation of IRS Resourcesat-2 LISS III satellite data, is approximately 17,632 square kilometers."
Pipilotti Rist received a Special Award from the Seville European Film Festival in 2004.
"The name of Track 4 on the *Sonic Free Riders Original Soundtrack* released in 2010 is ""Greeble City."""
The recipient of the Lapworth Medal in 2004 was Derek E. G. Briggs.
"The Jaynes Covered Bridge is situated in the town of Hinesburg, Vermont."
"The first African American woman to patent a web-based EEO software, Nalikah (formerly known as LinkLine), is Dr. Brenda D. Allen."
"As of the most recent information available, the Deputy Speaker of the 10th Parliament of Uganda is Hon. Edward M. Lino."
John Lennon and Yoko Ono donated their psychedelic Rolls-Royce to the Cooper Hewitt Museum in 1971.
Leonard P. Zakim had three children.
"Mohinder Amarnath scored his first Test century in Lahore, Pakistan, during the 1978-79 Test match against Pakistan."
The director who took over from Barbara Gelpi in 2004 as the director of the Clayman Institute for Gender Research was Londa Schiebinger.
The Cunningham Dance Foundation was established in 1992 to support the Merce Cunningham Dance Company.
"Agostina Pietrantoni was likely born in Italy, though the exact city or region is not definitively specified in widely available sources."
"Kliment Yefremovich Voroshilov was approved as Chairman of the Presidium of the Supreme Soviet on December 26, 1934."
Fazal Ilahi Chaudhry was elected as the Speaker of the Provincial Assembly of West Pakistan on 26 April 1957.
"Arshad Sauleh won the Merit Award from the State Academy of Art, Culture, and Language Srinagar in 2016."
"The Pakistan People's Party (PPP) has emerged as the leading opposition party in Pakistan on a national level at least four times until 2022, notably during the tenures of the Pakistan Muslim League (Nawaz) (PML-N), the Pakistan Muslim League (Quaid-e-Azam) (PML-Q), the Muttahida Majlis-e-Amal (MMA), and the Pakistan Tehreek-e-Insaf (PTI)."
"Kip Fulbeck received his black belt in Shotokan karate from his sensei, whose name is not specified in commonly available sources."
"The German Defence Minister Peter Struck announced further major changes to the German armed forces, including plans to cut the fighter fleet, on 29 September 2006."
"In 2008, the American Classical Hall of Fame inducted five individuals into its ranks."
"In 2019, an American-Iranian dual national, Xiyue Wang, was convicted of espionage by Iranian authorities in a closed-door trial, though details remain unclear and the case has been widely criticized."
"Barry ""Jock"" Zonfrillo, the chef, died on 26 June 2023."
"Puerto Rico has no natural lakes, as its freshwater bodies are primarily reservoirs or man-made."
"The foundation of Woodland House School in Srinagar, India, was laid by the Jammu and Kashmir government, though the exact individual or official responsible may vary depending on historical records."
Dr. Abu Baker Asvat was awarded the Order of Luthuli in Silver by President Cyril Ramaphosa in 2018.
"Kristof's album ""Psychagogia"" was released in May 2023."
The name of the perpetrator who slashed Park Geun-hye's face was Kim Ki-teung.
Ida Adamoff was married to the composer and conductor Nikolai Tcherepnin.
The winner of the 1991 Scandinavian Masters golf tournament was Ian Baker-Finch.
The beetle species *Glipa alboscutellata* was described in the year 1900.
The BBC published an apology on their website on 21 May 2013 for previously publishing inaccurate statements about Tunisian politician Rached Ghannouchi.
The first name and surname of the female runner who came third in the Ultra Old Mutual Two Oceans Marathon in 2019 is Liesl C朝.
"Salvador Dalí's uncle, who owned a bookshop in Barcelona, was named Salvador Dalí i Cusí."
"It is uncertain who created the scarf Isadora Duncan was wearing when she died, though it is often reported to have been a chauffeur's scarf or a type of necktie."
Burt Reynolds replaced James Arness as the lead actor on *Gunsmoke* in 1975.
"The Stebel House in Los Angeles, designed and built in 1961, was created by architect Pierre K. Chareau."
Braulio liquor's main ingredients were originally collected on the slopes of the Cusco Valley in Peru.
Wilbur Zelinsky received his master's degree from the University of Chicago.
"The date, month, and year when the Air Force Space Command made that statement is likely April 2010, though precise confirmation may require additional sources."
"As of 31 March 2017, the Indian Postal Service had approximately 154,523 post offices."
Doris Lusk created a painting of the Tuai Power Station in 1962.
"The second football game between Virginia Tech and Alabama was played on September 5, 2009, and the final score was Virginia Tech 35, Alabama 31."
"Freeman Freeman-Thomas won the 1906 Bodmin by-election by 1,017 votes more than George Sandys."
"The answer is likely the Gloucester pig, as they are a heritage breed associated with Maine and often featured in local agriculture, though I am not entirely certain without direct confirmation that Arika von Edler specifically painted this breed for the 2018 poster."
The United States Defense Health Agency first approved payment for sex reassignment surgery for an active-duty U.S. military service member in 2016.
Sabella spallanzanii belongs to the family Sabellidae.
"The 1992 recipient of the D. B. Hardeman Prize was likely Robert S. Langer, though confirmation from a reliable source is recommended to ensure accuracy."
Berta Singerman was married to the actor and director Lee Strasberg.
The act allowing Puerto Ricans to elect their own governor was passed by Congress in 1947.
Foxtel and Microsoft announced a new way of receiving Foxtel through Xbox 360's online service Xbox LIVE on 10 July 2012.
The name of the sole survivor of the 2008 Yeti Airlines Flight 103 crash is Rabi Lamichhane.
"Gerhard Richter had a solo exhibition named ""Gerhard Richter 4900 Colours: Version II"" in 2019."
The bronze statue of Ida Mntwana was created by South African sculptor Andrew Trollope.
"The title of the opening theme song for the radio program ""The American Album of Familiar Music"" was ""The Star-Spangled Banner."""
"Phyllis Diller was crowned ""Funniest Person in America"" by *Field and Stream* magazine in 1973."
Kerala is widely reported to be the first state in India to operationalize an ABDM microsite under the 100 Microsites Project by the National Health Authority.
The forest cover area of Delhi is approximately 31.8 square kilometers according to the India State of Forest Report 2019.
The enzyme with the enzyme commission number EC 3.1.4.2 is acetylcholinesterase.
Ratan Parimoo won the Gaurav Puraskar from the Gujarat State Lalit Kala Akademi in the year 2017.
"The research paper ""Grey matter atrophy in cognitively impaired Parkinson’s disease,"" published in the February 2012 edition of the *Journal of Neurology, Neurosurgery, and Psychiatry*, used 15 control participants."
"Anselm Kiefer transformed a former cement factory in Barjac, France, into his studio in 1992."
The first recipient of the Nebula Award for Best Game Writing was Amy Hennig for her work on *Uncharted 2: Among Thieves*.
"Robert Southey stated that the singular diagnosis for Horatio Lord Nelson's illness during the San Juan expedition in 1780 was the effects of a gunshot wound to the forehead, though this account is often regarded as a later romanticized interpretation rather than a medically certain conclusion."
"Madie Hall Xuma produced a musical called *The Lion and the Jewel* after arriving in South Africa, although it is more precisely noted that she was involved in its production rather than being the sole producer."
"The affiliated institute of the winner of the Turing Award in 1968, Martin David Kruskal, was the University of Chicago."
"It is highly likely that the mathematician affiliated with Princeton University who received the Fields Medal in 2022 was June Huh, although specific institutional affiliations at the time of award may require confirmation."
Durga Prasad Dhar was appointed as the Union Minister for Planning in May 1979.
"The judge in the 1958 'Miss World' pageant who was a photojournalist and editor was likely John French, though specific confirmation of his role in that exact capacity may require further verification."
Miguel Gerardo Velázquez Olivares was born on 23 August 1992.
Glipodes bordoni was described by Franciscolo in 1832.
The first recipient of the IEEE Computer Society Charles Babbage Award was Alan Newell in 1971.
A mouse eradication program first commenced on Gough Island in 2021.
"The crowd sang ""All You Need Is Love"" by The Beatles during the Hands Across Hawthorne rally in 2011."
The Costume Institute became a curatorial department in 1946.
"The last total lunar eclipse for three years occurred on July 27, 2018."
"The NASA Space Science Data Coordinated Archive (NSSDCA) ID of the spacecraft Bion 9 is not definitively known, as it may not be listed in the NSSDCA database or may be cataloged under a different designation."
"Emma Albani portrayed the role of St. Barbara in a performance of ""Les Huguenots"" at the Metropolitan Opera in New York in 1891."
"Milet released the promotional single ""Niji"" in 2021."
"Mammoth Cave National Park was first designated as an International Dark Sky Park on April 12, 2012."
The FSW-2 spacecraft was launched in January 1994.
"Emil Oberhoffer conducted the first performance by the LA Philharmonic of Maurice Ravel's ""Alborada del Gracioso"" on January 19, 1947."
Rosa Bloch-Bollag married the man named Karl Bollag.
Limpho Hani resigned from her seat in the Lower House of the new South African Parliament in 2024.
"Henry Petty, 1st Earl of Shelburne, was elected to the Irish House of Commons for Midleton in 1741."
The praying mantis species *Eremiaphila cycloptera* was described by Uvarov in 1927.
"Kali Rocha played Sarah Robinson in ""Felicity"" Season 4, Episode 4."
Ibrahim Rugova studied at the University of Paris from 1966 to 1971.
"""May the Horse Be with You"" appears on Relient K's 2004 album *The Complete Edition*."
"The municipality of Apartadó, Antioquia, Colombia, was founded in the year 1549."
Rebecca M. L. H. Smith served as Hollins College's president from 1901 to 1933.
"It is likely that the Toronto doctoral student who coauthored ""Note on Symmetric Algebras (1938)"" with Tadashi Nakayama was Kentaro Okugawa, though confirmation may require consultation of historical academic records."
"The New Brighton Pier in Christchurch, New Zealand, reopened in December 2017 following earthquake repairs."
"The municipality of Amagá, Antioquia, Colombia, was founded in the year 1577."
St. Jude's Church in Birmingham was consecrated on 26 April 1914.
Omni-Man kills a civilian in front of Invincible during their fight in Season 1 to demonstrate the futility and meaninglessness of human life.
"The Bluff City Bombers of the Central Illinois Collegiate League played their home games at **Funk Park** in Peoria, Illinois, from 1998 to 2004."
"Debbie Allen was honored for her contributions to dance and presented with a Lifetime Achievement Award by Nia Peeples at The Carnival: Choreographer's Ball 10th anniversary show on April 21, 2002."
"President Bush and Congress agreed on the joint resolution authorizing the Iraq War on **October 16, 2002**, which was a **Tuesday**."
"The name of the father of Talat Ahmad, the two-time Vice Chancellor of the University of Kashmir, is Ghulam Nabi Bhat."
"Corbin Bleu's portrait was added to the Broadway Wall of Fame at Tony's Di Napoli restaurant in New York on May 22, 2012."
The total area of Chitwan National Park is approximately 932 square kilometers.
"Louis Moreau Gottschalk collapsed from yellow fever during a performance at the Theatro Lyrico Fluminense in Rio de Janeiro, Brazil."
"Hannes Fink was born in Austria, though the specific city is not definitively recalled here."
"President Donald Trump promised to return humans to the Moon and eventually Mars, and increase the NASA budget by $1.1 billion in 2017."
Sir Isaac Julien's installation piece *Radioactive* is from 2005.
"Sibel Adalı's 1996 dissertation, supervised by V. S. Subrahmanian, was titled *Constraint Logic Programming with Uncertainty*."
The American Classical Music Hall of Fame inducted 10 inductees in 2005.
"Shohidul Islam, the Bangladeshi cricketer, was born on 28 April 1980."
"Prince Nirajan Bir Bikram Shah Dev completed his bachelor's degree at St. Stephen's College, University of Delhi."
The Istarelle spear from Demon's Souls (2009) has a durability of 25.
"The first suspension-type bridge to span the Jhelum in Srinagar city is likely the **Shankaracharya Bridge**, though it is primarily a stone bridge and not a suspension bridge, so there may be some uncertainty in categorizing it strictly as a suspension-type bridge."
Terilisha was blocked in Episode 6 of Season 2 of the American version of *The Circle*.
Clifford Cunnell was born on 26 April 1903.
"The Ministry of Culture and Equality in Norway was established on January 1, 2022."
"The maternal grandfather of Baroness Olga Vadimovna von Root was Prince Vladimir Alexandrovich Paley, a member of the Russian imperial family."
Matvey Blanter began his long-lasting collaboration with the poet Mikhail Isakovsky in 1939.
"William James was likely given the first academic title of ""Professor of Psychology,"" though some sources attribute the first such appointment to G. Stanley Hall or others, making the exact individual somewhat contested."
"The virus that contributed to Dolly the sheep's death is not typically abbreviated, but it is known as Jaagsiekte sheep retrovirus (JSRV)."
"According to ""Astronomical Phenomena During 1898"" by H.C. Wilson, five eclipses—both solar and lunar—were predicted to occur in 1898."
The name of Wassily Kandinsky's only son is Georgy Kandinsky.
Nikolai Christian Grove Prebensen was a deputy judge in the Christianssand District Court (Kristiansand byret) from 1878 to 1881.
The 2014 recipient of the Penny Crane Award for Distinguished Service was Dr. John D. McCallum.
Janice Burgess was put in charge of children's programming when she volunteered at the public television station WQED.
"The death of Doski Azad was discovered on September 20, 2014."
The Economist reported this in June 2021.
Ria Vandervis was born on 11 November 1973.
"Rachel Lambert Mellon's Virginia estate, Oak Spring Farm, was approximately 1,800 acres."
"The forest cover area of Karnataka is approximately 77,729 square kilometers according to the India State of Forest Report 2019."
"The minor planet named after Viktor Vasnetsov, designated 1188 Vasnetsov, was discovered by Grigory Neujmin."
Fleabag won the award for Best Female Performance in Comedy at the 2016 British Comedy Awards.
The 1st ASEM Transport Ministers' Meeting began on 22 May 2000.
The full title of Zanele Muholi's 2011 publication is *Faces and Phases*.
"The angel portrayed in Leonardo da Vinci's ""Virgin of the Rocks"" is generally believed to be the Angel Uriel, though this identification is not definitively confirmed."
Atlanta hosted Kara Walker's 2017 solo exhibition.
"A solar day on Mars, known as a ""sol,"" is approximately 24 hours, 39 minutes, and 35 seconds long, which is slightly longer than 24 hours on Earth."
The botanist who first formally described *Dendrobium pugioniforme* in 1839 was John Lindley.
"The individual known as ""The Horse"" who won eight running events over three Olympics between 81 and 89 CE is likely Callixenus, though this identification is tentative and based on limited historical records."
"Javier López did not pitch in the 2007 World Series, as he was not on the postseason roster for the Boston Red Sox that year."
"The aging mainframe-based Ground Segment Control System was transferred to the new Architecture Evolution Plan on April 15, 2009."
"The bronze loincloth was added to Michelangelo's ""Risen Christ"" sculpture in the 17th century, though the exact year is uncertain."
"Ciara performed at the Joy Theater in New Orleans for her Jackie Tour on April 15, 2023."
"Darsheel Safary played the role of a child actor in the 2016 series *Yeh Hai Aashiqui*, though specific details about his character are not widely documented."
"The municipality of Salgar, Antioquia, Colombia, was founded in the year 1542."
PayPal first became a jersey patch sponsor of the Phoenix Suns in the 2022–2023 NBA season.
"The municipality of Samacá, Boyacá, Colombia, was founded in the year 1537."
"Robert Amirkhanyan won ""Best Song"" at the 1973 Minsk International Song Festival."
The first president of the Pakistan Cycling Federation was Muhammad Yaqoob.
"The surname of the individual awarded the Francis P. Garvan–John M. Olin Medal in 1951 is **not definitively known**, as the medal was first awarded in 1967, making the question based on incorrect information."
"The municipality of Ciénega, Boyacá, Colombia, is believed to have been founded in the 16th century, although the exact year remains uncertain."
"Michiya Haruhata was born on August 28, 1958."
The NVS-01 satellite was launched from the Satish Dhawan Space Centre in India on 29 January 2024.
"Bakshi Ghulam Mohammad defeated the ruling Congress nominee, Mirza Mohammad Afzal Beg, in the 1967 Lok Sabha election on a National Conference ticket."
"John Stanhope was raised to the peerage as Baron Stanhope of Harrington on May 17, 1917."
The Society of Illustrators Welfare Fund was established in 1944.
"The coach of Eintracht Frankfurt in 1970 was likely Hennes Weisweiler, though this may require confirmation from a specific source on the club's history for that exact year."
"As of Season 2 of *What We Do in the Shadows*, Nadja is approximately 8,000 years old."
"The computer scientist who supervised Annamaria Beatrice Amenta's doctoral thesis at the University of California, Berkeley is Herbert Edelsbrunner."
"Lori Vallow Daybell was sentenced to prison on May 25, 2023."
"The only county in the United States to refuse to lower its flags to half-staff following the 2016 Orlando nightclub shooting was Liberty County, Florida."
"Takashi Masuzaki was likely born in Sapporo, Japan, although precise confirmation may require more specific sources."
"Terraria version 1.4.2.1 was released on **June 26, 2020**."
The unique form of masked dance performed in Jharkhand is locally known as Samba.
"Gerald Ford served as Honorary Grand Master of the International Supreme Council, Order of DeMolay until December 1974."
"The study identified chromosome region 4q31 as linked to the finger ridge counts of the ring, index, and middle fingers through multivariate linkage analysis."
"Instagram introduced comment liking on Wednesday, April 1, 2015."
The original name of the show that conductor David Randolph hosted on WNYC was *The David Randolph Show*.
Sir Frederick Charles Frank was elected a Fellow of the Royal Society in 1959.
Starlink became the largest-ever satellite constellation in May 2023.
"The first line after the salutation in the letter sent to Gosvami Maharaja by A. C. Bhaktivedanta on October 5, 1955, is believed to be ""I hope this letter finds you in good health and spiritual bliss,"" though the exact wording may vary slightly depending on the source or transcription."
"The Winnipeg Free Press ceased publishing its regular Sunday edition on October 21, 2012."
"Edvard Bull Sr., the Norwegian politician, died of a heart attack in 1932."
"Tilla embroidery is said to have originated from the village of Qazvin in Iran, though some sources may attribute it to other regions and this attribution can vary among different references."
The surname of the individual who won the Green Chemistry Award in 2012 is **Anastas**.
"Hank Green's character, The Fix, was a manifestation of the collective anxiety and existential dread of the inhabitants of Mentopolis."
"Sagg Eco Village is located in the Baramulla district of Jammu & Kashmir, India."
"The first name of the man who married Mavis Tate in 1925 was **Henry**, as he was Henry Willson."
"Version 1.06 of the original PS3 release of Dark Souls was released in North America on March 17, 2015."
"The Jallianwala Bagh massacre is recounted in the episode titled ""The Night Watch,"" which is the fifth episode of Granada TV's 1984 series *The Jewel in the Crown*."
Brodie Smith played for the Colorado Avalanche in 2014.
"Orym's father-in-law, who was killed during an attack on Zephrah in *Critical Role*, is Lord Gavryk of the Zephrah region."
David Randolph received his master's degree from Columbia University in 1983.
Sujata Manohar was the Chief Justice of the Bombay High Court just before she was appointed as a judge of the Supreme Court of India.
The authors obtained the 25 languages from the Universal Dependencies (UD) database.
The beetle species *Glipa angustilineata* was described in the year 1862.
The University of Leiden awarded Pieter Bleeker a Doctorate Honoris Causa for the second time in 1849 for his work in ichthyology and tropical medicine.
"It is uncertain who played the role of Roxanne Farley in the episode ""A Slight Case of Murder: Part 1 & 2"" of the TV series *Amen*, as this information is not widely documented or verified in commonly accessible sources."
"The painting ""Girls on the Bridge"" by Edvard Munch from 1900 depicts five girls, with some looking toward the river."
The Gregori Aminoff Prize in 1982 was awarded to Richard E. Taylor.
The API function `UpdateWorldMapArrow` was added in patch 3.0.2 for World of Warcraft.
"Motonori Matuyama was born on July 21, 1884."
Katia Bellillo became Minister for Regional Affairs in 2019.
Arnaud Jouffroy ended the 2008 UCI Cyclo-cross World Championships – Men's Junior race in first position with a time of 39:18.
"The ""People's Action Committee"" in Kashmir was likely established in 1989, though this date is approximate and may require confirmation from more precise sources."
The International Prize in Statistics in 2021 was awarded to David Donoho.
"Marina Abramović had her first performance in Edinburgh in 1973, though precise details about early performances can sometimes be uncertain."
The voter turnout percentage during the 1992 Ghanaian presidential election is reported to have been approximately 76.6%.
"It is traditionally believed that the first Chinar tree in Kashmir was planted by Emperor Ashoka in the 3rd century BCE, though this claim is often regarded as legend rather than confirmed historical fact."
"Pittosporum divaricatum typically grows up to approximately 5 meters high, though this may vary depending on environmental conditions."
"In 1975, Togo designated three Indigenous languages—Ewe, Kabye, and Mina—as national languages, though they were not officially recognized as languages of instruction."
The first individual to be inducted into the Gospel Music Hall of Fame by the Gospel Music Association who was not a musician is Cliff Barrows.
"Panama decided to use DVB-T on December 15, 2008."
The Japanese voice actor for the character Kiergaard in the game *Ys VIII: Lacrimosa of Dana* is Masaki Tachibana.
"The 14th song on the official *Demon's Souls* soundtrack CD released in 2009 is ""Labyrinth of the Deep."""
Louis de Broglie became a professor of theoretical physics at the Henri Poincaré Institute in 1933.
"Mohamed Abdelaziz Djaït served as the Mufti of the Republic of Tunisia for approximately 14 years, from 1975 until his death in 1989."
It was Senator Jesse B. Thomas of Illinois who introduced the Act Prohibiting Importation of Slaves into the Senate.
Brighton finished the 2021-22 Premier League season with a goal difference of +1.
The Victoria and Albert Museum was initially known as the Museum of Ornamental Art when it was established in 1852.
The recipient of the Roebling Medal in 1968 was physicist Richard P. Feynman.
"Anna Paola Concia married her wife, Ricarda Trautmann, in Frankfurt in June 2015."
"The final score of Super Bowl LVII was Kansas City Chiefs 38, Philadelphia Eagles 35."
"The case of United States of America v. Francis Raia was filed in the United States Court of Appeals on April 26, 2019."
The Oskar Kokoschka Prize in 1998 was awarded to the Austrian painter and artist **Heimo Ress**.
"Ketanji Brown Jackson likely relied on the doctrine of forum non conveniens to uphold her decision that ""the suits should be brought in Malaysia, not the U.S."""
"Disney ended the distribution of Disney Channel programs in Russia on March 1, 2022, following the invasion of Ukraine."
"The sculptor who created the Brockville war memorial, unveiled in 1924, was Walter Allward."
Dr. William Schwartz discovered that sulfanilamide acts as a diuretic in people with congestive heart failure in 1951.
Domenico Lino Morichini first examined the fossilized tooth of a mammoth to identify fluorine.
"I am uncertain about the precise title of Gang Chen's Ph.D. thesis published in 1993, as it is not widely publicized in commonly accessible sources."
Simon Donaldson received the Chern Medal in 2022.
Balen Shah took office as mayor of Kathmandu on 15 January 2015.
"As of 2022, the Centro Botín Centre in Spain had the exhibition named 'Amigos' in 2022."
Beanie Feldstein plays a character named Stefani in *What We Do in the Shadows*.
The Sydenham Hospital in New York was located after its move at the intersection of 104th Street and Riverside Drive.
"I do not have access to specific information about Getachew Reda's academic timeline, and therefore cannot definitively state the years in which he completed a Master of Law at the University of Alabama, Tuscaloosa."
"The exact date, month, and year of the inauguration of the Inox Gold Multiplex in Srinagar, Kashmir, are not definitively known to me, but it is likely to have been inaugurated sometime in the early to mid-2010s."
"John Joseph Kamotho attended St. Mary's High School in 1958, though precise confirmation of this detail may require further verification."
Georgi Ivanov Peev was born on 24 August 1967.
Prafullachandra Natwarlal Bhagwati served as the Chief Justice of India for a tenure of 1 year and 295 days.
Bakshi Ghulam Mohammad announced his retirement from politics in October 1966.
"The group Shai replaced Carl Martin with keyboardist James ""D-Lo"" Smith after Martin's departure in 2005."
"The district of Anantnag in Kashmir is often referred to as the ""Land of Springs."""
Andrew Bolton assumed the position of Curator in Charge at The Costume Institute in 2006.
Ricky Whittle won an award in the category of Best Actor at the 2010 National Television Awards for his role in *Waterloo Road*.
Antonio Scotti performed a total of 859 times at the Metropolitan Opera House between 1899 and 1933.
"The song ""Faded"" in Alan Walker's album *Different World* is exactly four minutes and zero seconds long."
The female molecular biologist who received the Shaw Prize in 2015 is Jennifer Doudna.
"Harnaam Kaur first featured in the Teen Vogue article ""Instagrammers Challenge Body and Facial Hair Stigma"" in September 2016."
Shepard Alonzo Mount was apprenticed to the carriage builder Elijah W. Hall.
Somnath Bharti was involved in the campaign against Kapil Sibal's alleged interference in the Joint Entrance Examination process in May 2012.
"The Paris Kanellakis Theory and Practice Award in 2002 was awarded to Edmund M. Clarke, Orna Grumberg, and David E. Long."
Zoleka Mandela was first diagnosed with cancer in 2016.
"In Episode 13 of Season 3 of the American version of *The Circle*, Brooke was voted fan favorite."
The sculptor who created the statue of Christopher Codrington at All Souls College is John Michael Rysbrack.
"The RTO code for the Androth location in Lakshadweep, India is likely **LD-07**, though it is advisable to confirm through official sources as codes may be limited or shared among nearby locations."
"Disney Entertainment Projects opened DisneyFest in Singapore on September 29, 2023."
The 2018 Ribenboim Prize was associated with Concordia University.
Princess Bathildis of Anhalt-Dessau died at the age of 62.
"The engine size of the Grillot engine placed in the 1935 Amilcar Pégase was approximately 1,100 cc."
The beetle species *Paraconalia brasiliensis* was described by Ermisch in 1934.
"The runner-up in S3, E13 of *The Circle* (American version) was likely Maya, though this may vary depending on the specific season finale structure and sources."
"The two ancient cannons were presented to Plymouth at Burial Hill by the British Government on June 25, 1620."
"Percy Shelley's father, Sir Timothy Shelley, first represented the constituency of Castle Rising in Norfolk."
The Christian name of the Ontario hamlet referred to by Cyrus R. Allison in 1841 was **Hope**.
Ken Noda was invited by President Ronald Reagan and First Lady Nancy Reagan to perform at the White House at the age of 12.
The only year the LEGO part with ID gal56 was released was 1982.
Thomas Edison's equipment was removed from the Columbia steamer in 1879.
Kiraitu Murungi attended Kangundo Primary School.
"The ""harp and bowl"" worship model at the International House of Prayer (IHOPKC) began on April 1, 2000."
"The INOX Gold Multiplex in Srinagar, Kashmir was inaugurated by Bollywood actor Shah Rukh Khan in 2005."
Ghana's Minister of Foreign Affairs during the Kulungugu bomb attack in 2006 was Augustus N. Richard.
"Kazimierz Władysław Bartel was born in the town of Grodno, which at the time of his birth in 1894 was part of the Russian Empire and known as Grodno (Гродно in Russian)."
"The state highway road number of the Kancheepuram-Thiruvathipuram Road under the Cheyyar division of Tamil Nadu, India is likely SH 73, though verification with the latest Tamil Nadu State Highway maps or official sources is recommended for confirmation."
"The surname of the individual who won the Applied Inorganic Chemistry Award in 2015 is **Chen**, though confirmation from the most up-to-date official sources is recommended to ensure accuracy."
"The first person born in Antarctica, Emilio Palma, was born on January 7, 1978."
Thabo Cecil Makgoba first graduated with a PhD degree in 2009 from the University of the Witwatersrand.
"Hope was saved from a potentially harmful relationship or manipulation by her father, Phillip, when Victor Newman arrived and provided an alternative source of support and stability."
"The 16th track of the Japanese bonus edition of Anne-Marie's album ""Therapy"" is likely ""2002,"" though precise track listings may vary depending on the specific release and region."
Leonora Neuffer Bilger was awarded the Francis P. Garvan–John M. Olin Medal in 1967.
"The town of Aarhus does not have a widely recognized district or area officially or commonly known by the nickname ""Gun City."""
"The Southern Baptist Convention met for their annual convention, approved a resolution condemning sexual abuse, and established a special committee to investigate sexual abuse on June 15, 2019."
"The exact number of Long-Evans rats used in the study is not definitively recalled here, but it is likely specified in the Methods section of the May 2013 *Hippocampus* paper; to be precise, one should consult the original source."
Dolly the Sheep was a Finn-Dorset breed.
"Bahria Town (Private) Limited established its second gated community in Rawalpindi, Pakistan."
"Hiram Revels wrote the letter to President Ulysses S. Grant on May 22, 1870, which was widely reprinted."
"The patch that reduced the Spectre Pickaxe's mining speed from 10 to 8 in Terraria was likely the **1.4.4.9** hotfix, though precise patch notes can sometimes be ambiguous and it is advisable to cross-check with official sources or community databases for confirmation."
The ship named after Habba Khatoon is the *SS Habba Khatoon*.
"The Samajwadi Janata Party was formed on **October 3, 1994**."
The runner-up in Men's Singles at the 2022 Italian Open was Stefanos Tsitsipas.
Muhammad Ayub Sheikh was first a member of the National Assembly of Pakistan from 1985 to 1988.
Edward Meyrick first described *Glyphipterix saurodonta* in the year 1918.
A scientific study of Kidd Mine in Canada discovered sulfur-breathing organisms in the month of May in the year 2006.
"Jock Hoe gave the invited lecture ""Mathematics Education in China"" to the 1989 New Zealand Mathematics Colloquium at the University of Canterbury."
The two countries that competed for 3rd place in the women's team foil event at the 1964 Summer Olympics were Italy and the United States.
"The first episode of *Candela Obscura* premiered on Twitch on **June 18, 2021**."
The birth name of the Colombian artist Blessd is Juan Sebastián Lizarazo.
"Gustav Arthur Cooper's Ph.D. dissertation was titled ""The Structure of Certain Algebras of Operators in Hilbert Space."""
"Alex Michel worked for the U.S. embassy in Baghdad, Iraq, after graduating college."
"The Indira Gandhi Planetarium in Patna, Bihar, India, was opened to the public on 10 February 1996."
"The cat's name was Butch, though it is worth noting that Butch is more commonly recognized as a tough, street-smart cat rather than one specifically described as scared of mice."
"The first African American woman to serve as a Portland City Commissioner in Oregon, Helene米歇尔 (Helene Mitchell), was born in Chicago, Illinois."
Mark Scout replaces Adam C. Lenz as department head in *Severance*.
"The release price for the *Sonic Free Riders* original soundtrack in Japan was approximately 2,500 Japanese Yen, though precise pricing may vary slightly depending on the retailer or edition."
"The album ""Rolling Papers 2"" by Wiz Khalifa reached number 13 on the 2018 US Billboard 200 year-end charts."
"The municipality of Berbeo, Boyacá, Colombia, was founded in 1540."
The height of the light multipurpose aircraft T-101 Grach is approximately 2.6 meters.
Joachim Neubüser graduated from the University of Kiel in 1958.
The imported species approved by the USDA and Canada in 2015 for release in North America to suppress invasive emerald ash borer populations was the parasitoid wasp *Spathius galinae*.
The twins from *The Cosby Show* are named Vanessa and Sian.
"The Yamaha YM2203 contains 8 operator cells in total, though this figure is subject to confirmation from detailed technical documentation."
"Section 5 of the paper is likely titled ""Discussion and Conclusion,"" though the exact title may vary slightly and should be confirmed by directly consulting the paper."
"The municipality of Yarumal, Antioquia, Colombia, was founded in the year 1893."
"The first Tanzanian woman to earn a doctorate in mathematics is widely believed to be Dr. Beatrice Kimathi, though confirmation may vary depending on the source."
"The superfamily Psalidopodoidea is generally considered to belong to the infraorder Cyprinodontoidei within the order Cyprinodontiformes, though taxonomic classifications can vary and are subject to revision based on new phylogenetic evidence."
"The Word of the Decade (2010–2019) according to the American Dialect Society was ""selfie."""
"The ""King Shaka International Airport"" name was approved by the South African Geographical Names Council on 26 July 2010."
"Bruno Kreisky married Vera Fürth on May 16, 1937."
The first section of Line B of the Buenos Aires subway was between Plaza de Mayo and San Pedrito stations.
The president of Sweet Briar College in Virginia in 1987 was Dr. Margaret H. Ross.
"Ariane ECA's first successful launch occurred on December 18, 2004."
Cindy Sherman had her first solo exhibition at the Whitney Museum of American Art in New York in 1978.
The pass accuracy of France in the 2018 FIFA World Cup Final against Croatia was 87.6%.
"The first meeting of the Palestinian National Council took place on June 27, 1968."
"In 2010, researchers from the University of Rostock tested an electronic mechanism involving infrared laser pulses directed to the air above Berlin."
"The organization to which the Society of Illustrators sold the rights to their Illustrator Show skits in 1925 is likely the National Broadcasting Company (NBC), though this is inferred and not definitively confirmed in all historical sources."
Rudi Dekkers was born on 23 April 1949.
"Jun Takahashi opened his first store, Undercover, with his wife, Rie Hata."
"It is widely reported that Kylian Mbappé was first seen wearing the Off-White x Nike Mercurial Vapor 360, though specific early sightings may vary slightly by source."
"The municipality of Chigorodó, Antioquia, Colombia, was founded in the year 1549."
The names of the two sons of the Karnofsky family that Louis Armstrong helped were Tommy and Harry Karnofsky.
"As of Episode 1 of Season 4 of *Friends*, Ross is dating Carol, though it is later revealed that Carol is actually married to him and they are going through a divorce."
"The album ""Introspective"" by Inner Ear Records was likely released in September 1992, though this date is based on commonly cited information and may require confirmation from official sources."
The Winnipeg Daily Free Press claimed that the production of *The Taming of the Shrew* was “too spicy – at least for this town” in June 1880.
"The title of the section corresponding to 7 U.S. Code §136l, Section 14, in the Federal Insecticide, Fungicide, and Rodenticide Act (FIFRA) is ""Labeling, Packaging, and Advertising."""
"The Union Minister of Health and Family Welfare launched the ""MusQan"" initiative in India on October 2, 2023."
"The Paris Kanellakis Theory and Practice Award in 2014 was won by Michael Stonebraker, Robert Cattell, and James Clifford for their work on the Ingres database system."
"In the Legends continuity of *Star Wars*, Anakin Skywalker had four grandchildren: Jag, Bellari, Thane, and Thay."
"Peter III of Aragon became King of Sicily on January 25, 1282."
"In 2014, it was likely that the development of the Brooding language for the Riddlesbrood Touring Theater Company was taken over by the playwright and linguistic consultant associated with the production, though specific confirmation of the individual's name remains uncertain without further documentation."
Justice Mohammad Afzal Cheema was elected as a member of the National Assembly of Pakistan in 1962 from the constituency of Lahore-IV.
"Davyd Whaley was likely born in California, though this information is not definitively confirmed in all sources."
Michael John Creutz received a Humboldt Research Award in 2007.
Mowalola Ogunlesi is reported to have dropped out of Central Saint Martins in 2018 to focus on her fashion brand.
"The figure of the Holy Family, including the infant Jesus, Mary, and Joseph, is in the middle ground of the ""Doni Tondo,"" though the precise focus and interpretation can vary slightly among art historians."
Masaki Tsuji headed Japan's first international anime research lab at Digital Hollywood University in April 2013.
The fencer who placed 5th in the women's épée individual event at the 2020 Tokyo Olympics was from China.
Jacob Pieter Den Hartog became Professor Emeritus in 1969 upon his retirement from the Massachusetts Institute of Technology.
"Şahika Ercümen dove 198 meters in the VNF (Variable No Fins) category, breaking the world record on June 1, 2013, in Lake Van, Turkey."
The home system of the Vesk species in the primary setting of the Starfinder tabletop RPG is the Vesk Segmentum.
"The secret identity of Ms. Casey in Season 1 of *Severance* is not explicitly revealed, as her true nature and motivations remain ambiguous and are likely tied to the show's broader mysteries."
"Kaizer Chiefs Football Club won the Nedbank Cup on October 12, 2019."
The only state in 2020 that adopted Juneteenth as a paid holiday for state employees was Texas.
Claudine Vita ranked 11th in the women's discus throw final event of the 2019 World Athletics Championships.
The surname of the individual who won the Herman Skolnik Award in 1977 is **Kahn**.
The name of Grace Naledi Mandisa Pandor's mother is Lindiwe Pandor.
Five of Jacob Abraham Camille Pissarro's seven children also became painters.
"In *Regular Show* Season 2, Episode 13, titled ""Pops,"" Mordecai sees Pops naked."
"In the 2019 Rugby World Cup, there were 12 television match officials, of whom 3 were from England."
"Vergil likely said something along the lines of ""You've grown stronger, little brother,"" though the exact dialogue is not explicitly recorded in canonical sources and may vary depending on the source material or interpretation."
Carlos Menem's first and only Minister of Public Service was Oscar Peral.
"The attraction that was removed to make space for the Demon at Tivoli Gardens was the old wooden roller coaster known as the ""Cyclone."""
"The full name of the first Black woman to become president of an NFL team is Virginia M. McGillis, who became the president of the Washington Commanders in 2022."
The American Classical Music Hall of Fame had 10 inductees in 2000.
The last DC utility in New York City was shut down in 1965.
The first name of Florence N. Coleman and Charles Albert Noble's son was Noble.
John Edward Broadbent received his Doctor of Philosophy (PhD) degree from the University of Sydney in 1966.
"Shanti Gupta was appointed Professor of Statistics and Mathematics at the University of California, Riverside in 1962."
"The exact weight of the Nokia 3208c is not definitively available, but it is approximately 98 grams."
"Heisuke Hironaka was inaugurated as president of Yamaguchi University on April 1, 2006."
"Jean-Marc Rouillan married Nathalie Ménigon in a prison chapel, reportedly while Rouillan was incarcerated, though the exact name of the prison is not widely specified in public sources."
Raúl Alfonsín's first Minister of Labour was Carlos Aldao.
"The DOI of the paper ""Assessing theory with practice: an evaluation of two aspectual-semantic classification models of gerundive nominalizations"" by Lauren Fonteyn is likely 10.1017/S0954384311000135, though this should be verified through a scholarly database to confirm accuracy."
Tottie Goldsmith played the role of Kathy Peters in the TV movie *Underbelly Files: Infiltration*.
Nirsevimab was approved in Europe in June 2023.
"Lt. Gen. (Ret.) Ronald Ray Blanck, D.O., graduated from the University of Pikeville-College of Osteopathic Medicine, though it is important to note that this is a medical school rather than an undergraduate institution, and there is limited publicly available information to confirm his specific undergraduate alma mater with certainty."
Leonard P. Zakim was involved in the 1982 reelection campaign of Michael Dukakis.
"David Lloyd Wolper, born in 1928, married his first wife, Joan Stewart, in 1951."
"Alain Stanké was likely born in Paris, France, though precise confirmation may require additional verification."
The man who became the third Black man to serve as a Portland city commissioner in Oregon is **Damian Williams**.
Fatima Sydow was born on 23 April 1939.
"It is uncertain who created the bronze version of ""Damned Soul"" by Gian Lorenzo Bernini in the Liechtenstein Collection, as it may have been cast from Bernini's original model by an unknownfoundry or later artisan."
Valery Matveevich Panov established the Ashdod Art Centre in Israel in 1971.
"The forest cover area of Nagaland is approximately 11,771 square kilometers according to the interpretation of IRS Resourcesat-2 LISS III satellite data from 2017-18."
"Lyndon B. Johnson briefly taught at the Pearsall School in Pearsall, Texas."
"Mascarin Peak was first renamed in 1966, when it was officially named after the French navigator François-Louis Le Vast, becoming known as Le Vast Peak."
"The multiple-choice letter option that could be selected by pressing the yellow-surrounded button on the chest plate of the original 2-XL Robot, based on its default overlay, is ""B."""
"Manish Pandey played 33 balls in the 2019 IPL match between KKR and SRH on March 24, 2019."
"Richard Gwilt and his wife are recorded to have had at least four children, although precise details about all of them may not be fully confirmed in all historical sources."
"The population of Townview, a suburb in the City of Mount Isa, Australia, in the 2021 census was 1,079."
Lucy Letby was born on 23 April 1991.
"It is likely that the quote ""I have no intention of shooting myself for this Bohemian corporal"" is attributed to Field Marshal Paul von Hindenburg, though the exact source and context of the statement are often debated and may not be definitively verified."
The Tamil daily newspaper Hindu Tamil Thisai was founded on 15th August 1997.
"James Brain was likely born in Hull, England, though precise records may be limited to confirm this definitively."
"The guard stability of the Broken Straight Sword in Dark Souls II is considered to be relatively low, making it less effective for parrying and more suited for quick, aggressive playstyles."
"Christopher Luxon, the New Zealand Prime Minister, was likely born on 30 April 1970, although this information should be verified from a reliable source to confirm accuracy."
Rachid Lousteque was named interim manager of Olympique de Khouribga in December 2022.
Natasha Merle received 53 votes in favor of her nomination for the United States District Court for the Eastern District of New York.
"King Louis XIII did not reign as King of Navarre, so his reign in that capacity cannot be dated; however, it is his father, Henry IV, who was King of Navarre before becoming King of France, and Henry IV's reign as King of Navarre ended on 13 May 1610."
"The contestant who was a personal trainer in Season 7 of The Bachelorette was from Las Vegas, Nevada."
"Naro-1 became the first South Korean launch vehicle to achieve Earth orbit on August 25, 2013."
The International Centre for Genetic Engineering and Biotechnology (ICGEB) was established in 1989.
"The Computer History Museum launched the ""Make Software: Change the World!"" exhibit on May 20, 2011."
It is not possible to determine the full name of Vic Clapham's great-grandson who completed the Comrades Marathon from 2012 to 2015 based on publicly available information.
"The country that has lifted the World Cup in the 60, 50, and 20-over formats is India."
"The organization that commissioned ""Pinturas de Tamayo"" by Steven Stucky was the Milwaukee Symphony Orchestra."
Ashraf Abbasi studied at the Government College in Delhi.
"The exhibition introduced by Zanele Muholi in 2009 is likely *Faces and Phases*, though this is best confirmed through reliable sources on Muholi's early photographic work."
Guido Fanti was elected as City Councilor of Bologna in 2019.
"Calloway reportedly refused an opportunity to join the prestigious Phi Beta Sigma fraternity while at Crane College, though accounts of this decision are not universally confirmed."
"The year when the Dior watch booth was dedicated to the Dior canework is not definitively known, but it was likely in the early 2000s."
"Mordecai and Rigby get mullets in the Season 1 episode titled ""The New Guy."""
The first and last name of the President of the Society of Illustrators from 1921–1922 was Joseph Pennell.
The surname of the individual who won the Bioinorganic Chemistry Award in 2011 is **Kodadek**.
The Mudi was recognized as a breed by the American Kennel Club in 2011.
"The exact voter participation percentage in the 1971 Federal elections in the Canton of Graubünden, Switzerland, is not readily available in my knowledge base, but it is likely documented in official Swiss electoral records or historical archives."
"Three years after joining Comme des Garçons, Junya Watanabe started designing the Junya Watanabe Collection line under the CdG label."
"The song ""Faded"" on Alan Walker's album *World of Walker* is not thirty-nine seconds long, but the track ""Different World"" is approximately thirty-nine seconds in duration."
Rana Ayyub was honored with the McGill Medal for Journalistic Courage at the University of Georgia's Grady College in May 2022.
"The surname of the individual who won the Faraday Medal in 2019 is likely to be **MacFarlane**, as Prof. Grant M. MacFarlane was a notable recipient around that time, though confirmation from an official source is recommended."
"The ""Neptune and Triton"" sculpture was likely carved between 1618 and 1622, though the exact dates remain uncertain."
The first 3D planetarium in India is the Birla Planetarium in Kolkata.
The name of Dolly the sheep’s very first lamb was Bonnie.
The full name of the first Black runner to win the Ultra Two Oceans Marathon in South Africa is Zola Budd.
"The two founders of the municipality of Angostura, Antioquia, Colombia, are traditionally considered to be Don Esteban Vásquez and Don Pedro de Villamarín, though historical records may present some uncertainty regarding their exact roles."
"Mehta Basti Ram's great-granddaughter, Mehbooba Mufti, went on to become the first woman member of parliament from Jammu and Kashmir."
"It was announced on Monday, 23 November 2020, that Les Dennis would guest host *Countdown* due to Colin Murray testing positive for COVID-19."
Prabhunath Singh was sentenced to life imprisonment by the Hazaribagh court on 27 April 2015 for his connection with the murder of MLA Ashok Singh.
Patrick Nagel created his first poster for Mirage Editions in 1979.
"The person who spoke out against naming a new Imperial Lord Privy Seal, thereby putting himself in direct conflict with Émile Ollivier, was Prince Louis-Napoléon Bonaparte, the Emperor's nephew."
"The bodies of Yuna and Minu Jo were found in suitcases in Auckland, New Zealand, in August 2018."
The contestant from Season 2 of *The Bachelor* who was a paralegal was Trista Rehn.
Eyre Chatterton was born on 27 April 1904.
"The beach depicted in Erin Hanson's oil painting ""Cliffs at Sunset"" is believed to be Surfer's Point in Carpinteria, though this identification is not definitively confirmed."
"Karan Aujla's song ""It Ain't Legal"" is approximately 3 minutes and 53 seconds long."
"It is likely that Thomas Suozzi's mother worked as an operating room nurse at Winthrop University Hospital in Nassau County, NY, though precise confirmation may require further specific documentation."
"Hari Bansha Acharya was born on 23rd Poush 2023 BS, though the exact conversion to the English calendar can vary slightly depending on the lunar calendar used."
"The ""line of control"" dividing the Indian and Pakistani portions of the region was established in 1949."
"The Cape Town Cycle Tour, formerly known as the Cape Argus Cycle Tour, was 116 kilometers long in 1989."
"The full name of Ghulam Nabi Azad's daughter, an Indian politician, is **Anuradha Azad**."
"The first commercial tweet from space by Solstar using solely commercial infrastructure during the New Shepard flight was sent on July 19, 2013."
Lillicoa was circumscribed by mycologist John Alan Smith.
The Penrose Medal was awarded to William Morris Davis before it was received by Preston Ercelle Cloud Jr.
The massive millisecond pulsar PSR J0952–0607 is located in the constellation Columba.
"The ""The Nightmarket"" episode of Season 4 in *What We Do in the Shadows* was written by Meredith Averill."
Iestyn George was the marketing manager for the Welsh band Stereophonics from 1999 to 2003.
Tonya Harding placed third at the 1989 U.S. Figure Skating Championships.
Fayaz A. Malik received the Young Scientist of the Year award from the Council of Scientific and Industrial Research in 2005.
"The first and last name of the Swiss painter who murdered his landlady, Anne King, is widely believed to be **Vincent van Gogh**, although this is a fictional or conflated narrative, as van Gogh was Dutch, not Swiss, and there is no historical evidence he murdered anyone."
"The ""Bust of Charles I"" by Gian Lorenzo Bernini was destroyed in February 1649, following the execution of Charles I and the political upheaval in England."
"Judge Michael W. Mosman assumed senior status on August 2, 2015."
"As of 6 April 2022, at least 13 Hillsong branches in the U.S. had separated from the church following revelations about Brian Houston."
"Sherri Papini's ex-boyfriend, with whom she stayed in Southern California during her hoax, was named David James."
The project that won the 2021 ACM Software System Award is the Apache HTTP Server.
Netflix announced official support for ChromeOS through its streaming service in October 2013.
"It is reported that Kingda Ka was closed for approximately six months after being struck by lightning in 2009, although the exact duration may vary slightly depending on the source."
"Devon's midwife in Season 1 of *Severance* is not explicitly named or identified within the series, so there is no confirmed answer."
"Prince Aemond tells his mother, Alicent, ""You gave me this eye, Mother,"" when he loses it in *House of the Dragon*, a line reflecting his blame of her for his fate."
"The forest cover area of Gujarat in 2019, as reported based on the interpretation of IRS Resourcesat-2 LISS III satellite data from 2017, is approximately 25,536 square kilometers."
Argentina won 6 bronze medals in the 2004 Summer Olympics.
"The exhibition curated by Helen Franc at the Pierpont Morgan Library was named ""Manuscripts of the Medieval World."""
Marques Brownlee played for the ultimate Frisbee team the San Francisco Shock in 2017.
Peicho Peev was awarded the title of Bulgarian chess International Master in 1964.
"Maria Fernanda Cabal was born on April 24, 1979."
"Biologists reported observing 698 Devils Hole Pupfish in September 2022, the highest number in 19 years."
"It is uncertain how much rainfall was recorded in Al Ain in July 2021 due to cloud-seeding efforts, as specific data on rainfall attributed directly to these efforts is not publicly available or widely reported."
Amason Kingi Jeffah served as Minister for Fisheries Development from 2013 to 2016.
"The municipality of Cucaita, Boyacá, Colombia, was founded in the year 1537."
"Italy won a total of 6 medals at the 1964 Winter Olympics in Innsbruck, consisting of 3 gold, 2 silver, and 1 bronze."
"The entomologist who described the beetle species *Conalia helva* in 1862 was likely Charles Joseph Gahan, although this may depend on regional taxonomic revisions and should be verified in specialized entomological literature."
India's first nano-satellite is known as **SRMSAT** (Satellite for Radio amateur and Maritime Services).
"Wular Lake was also known as the ""Jewel of the Crown"" of the Kashmir Valley."
"On June 24, 2021, Hong Joon-pyo rejoined the People Power Party in South Korea."
The letter was sent on 25 October 1956.
"The younger brother of Mukul Chandra Dey was Nandalal Bose, who was a member of the Progressive Artists' Group and a prominent painter of the Bengal School of Art."
John B. Mortimer was appointed a Judge of the High Court of Hong Kong in 1997.
The meiotic spindle fibers at each pole of the cell attach to each other's sister chromatids during metaphase I of meiosis.
"Track 6 on the *Mario Kart 64 Greatest Hits Soundtrack* released in 1997 is likely ""Waluigi Stadium,"" though specific track listings for this release can be difficult to confirm definitively due to limited official sources."
"Anna, the daughter of Sir James Augustus Henry Murray, is believed to have died from diphtheria, though this identification is tentative and based on historical records that are not entirely explicit."
"I do not have access to specific records of Juanita Bynum and Thomas Weeks III's marriage, and therefore cannot provide the exact month, day, and year they married."
Kim Fields announced that she was expecting her second son on *The Real*.
"The sixth track on the standard edition of Ciara's album *Jackie* is ""Can't Leave 'em Alone."""
The surname of the individual who won the Perkin Prize for Organic Chemistry in 2017 is MacMillan.
"As of the last population update in 2010, the rural locality of Taz Russky in the Klyapovskoye Rural Settlement of Russia had a population of 159."
"The SS Olympia (1883) is believed to have wrecked on September 2, 1891, off the coast of Labrador, Canada, though the exact date remains uncertain due to limited historical records."
"The full name of the Indian medical doctor and surgical oncologist who received the Padma Shri and the Lal Bahadur Shastri National Award in January and October 2013, respectively, was Dr. Devi Prasad Varshney."
"The song written by Pedro Medina Avendaño was declared the national anthem of Bogotá on November 13, 1926."
"In Season 4, Episode 5 of *Gossip Girl*, Vanessa Abrams stole Serena van der Woodsen's dress from the coat check."
Motaz Azaiza graduated in 2021 from Al-Aqsa University in Gaza.
"The sculpture Louise Bourgeois created in 1985 is likely *Maman*, though this precise date may refer to an edition or iteration of the work, as the piece is most commonly associated with its 1999 iteration."
The football team that won the first and only ELFA Challenge Cup competition in 1922 was Club Atlético River Plate.
"Ruth Mildred Barker, a Shaker musician, was likely born in the town of Pawtucket, Rhode Island, though precise records may be limited and this conclusion is based on historical context."
"Abradolf Lincler appears in Season 2, Episode 5 of *Rick and Morty*, titled ""Morty's Mind Blowers."""
The John J. Carty Award for the Advancement of Science in 2008 was awarded to Steven A. Ackerman.
"The character is Major John Smith, though this detail cannot be confirmed with absolute certainty without direct reference to the specific episode's script or dialogue."
The name of the gallery at Blenheim Palace that was destroyed by fire in 1861 was the Picture Gallery.
"Obama launched the Priority Enforcement Program and the Secure Communities program in **December 2009**, although the exact day is often cited as December 16, 2009, and this date is widely reported, it is important to note that these initiatives built upon policies and programs initiated during the George W. Bush administration."
Valery Matveevich Panov was awarded the Lenin Prize in the year 1960.
"The person who explored and named Bikini Atoll ""Eschscholtz Atoll"" was probably a member of the Russian expedition led by Ferdinand von Wrangel in the 1820s, though the exact individual responsible for the name is uncertain."
"The man on the Bannerman family crest is typically depicted holding a sword in his right hand, though specific variations may exist depending on the source or interpretation."
"The first try of the game between Spain and Romania in the 2022 Rugby Europe Championship on February 27, 2022, was scored in the 12th minute."
John Lawrence LeConte traveled to California via Panama in 1853.
"Kafr al-Awamid is likely located in the Homs Governorate of Syria, though precise administrative district information may vary and requires confirmation due to ongoing regional changes."
"Terraria version 1.3.5.2 was likely released on May 26, 2015, though the exact date may vary slightly depending on the source."
"Shirley Bennett says, ""The Bible doesn't recognize divorce, Britta! When you marry a man, he's your man!"" in the *Community* episode titled ""The First Chang Dynasty,"" which is Season 3, Episode 12."
"The song ""Burn"" from *Hamilton* reflects this message, as it captures Eliza's desperate plea for Hamilton to stay and Angelica's bittersweet departure to London with her new husband."
"The UN Committee on Economic, Social and Cultural Rights issued the document ""Human Rights and Intellectual Property"" in 2022."
"Briana Scurry was elected to the National Soccer Hall of Fame on January 23, 2013."
Spencer Perceval was elected Attorney General for England and Wales in July 1809.
"Santokben Jadeja was married to Dhananjay Jadeja, a prominent Indian gangster and politician from Gujarat."
Anselm Kiefer held his first solo exhibition in Düsseldorf.
"Father Martin's last words before being burned alive in *Outlast* are ""God is dead."""
Paul Tonko resigned as CEO of the New York State Energy Research and Development Authority in January 2013.
Conalia baudii was described in the year 1855.
William John Youden published his first paper on statistical methods in 1936.
"The dimensions of Janine Antoni's 2015 work ""Lull"" are approximately 78 3/4 x 49 3/4 x 45 3/4 inches."
"It is likely that Isadora Duncan was invited to tour with the **Chicago Musical College** in 1902, though some sources attribute the invitation to **Eugene M. Stotzel**, a music publisher and patron of the arts, who may have arranged her engagement."
"The value assigned to the 'k' argument in the Partitioning Around Medoids algorithm in the right-side plot of Figure 9 is likely 5, though this is inferred from context and not explicitly stated in the provided information."
The name of Helmut Lang's solo exhibition in New York in 2017 was *Helmut Lang: The Collection*.
"The candidate in Season 11 of *The Bachelorette* who was an amateur sex coach was Emily Maynard's contestant, though the specific individual is not widely confirmed to have held that title publicly during the season."
Rosie Perez learned that she had a speech impediment in the third grade.
"The DOI of the paper ""Towards an Explanation of the Syntax of West Germanic Particle Verbs: A Cognitive-Pragmatic View"" by Thomas Berg is not readily available, as the paper may not have been assigned a DOI or may be accessible only through non-standard publication channels."
The Computer History Museum had its first exhibit in 1996.
The British period drama *Downton Abbey* refers to the Jallianwala Bagh massacre in **Episode 4 of Season 5**.
The original Cape Hatteras Lighthouse contained a single lamp.
Zanele Muholi was awarded the W.E.B. Du Bois Fellowship in 2006.
"In the late 1950s, Lygia Pape created a new type of performance named *abaporu* (or *abaporu* events), which combined elements of visual art, poetry, and performance."
"Cities: Skylines was released for Google Stadia on April 22, 2020."
"Vanessa Hudgens married Cole Tucker on December 22, 2018."
"The maximum takeoff weight of the Brewster F2A-3 Buffalo (1937) was approximately 3,175 kilograms."
"The song is from Kanye West's 2020 album *Donda*, though specific references to Junya Watanabe are not widely documented and may be subject to interpretation."
The exact date on which the Brazilian mathematician Leopoldo Luis Cabo Penna Franca married Ana Cristina Leonardos is not readily available in public records or widely documented sources.
Anne Golden became the first woman to chair the American Heart Association board of directors in 2001.
"The exact year the Progress Rail PR43C was retired is uncertain, but most units were likely retired between 2015 and 2020, depending on operator and usage."
Patrick Lavoix was replaced by Hedi Slimane as the lead designer of Dior Homme in January 2000.
The name of the writing Yayoi Kusama published in 2005 is *Infinity Net*.
"Wiley Lee Griggs III was nicknamed ""Pee Wee,"" though sources on Negro League players can sometimes be limited or inconsistent."
The title of the firework display that Cornelia Parker showed at the opening of Jupiter Artland is *Eternal Flame*.
"Tomas Pospisil, not Tomas Paprstka, won the 2010 UCI Cyclo-cross World Championships – Men's junior race with a time of 36:56."
"Irving sees a small, wriggling creature resembling a worm or larvae coming out of his desk while hallucinating in Season 1, Episode 2 of *Severance*."
"Narayan Gopal is believed to have released over 1,500 songs during his lifetime, though the exact number may vary slightly depending on the source."
"James Barry, 4th Earl of Barrymore, was first elected Tory MP for Stockbridge for the British House of Commons in 1790."
"The Wayback Machine was launched privately on November 19, 1996."
The full name of the streamer Valkyrae is Destiny West.
"Leh is generally considered to be the hill station known as ""The Gateway to Ladakh."""
The DrugBank accession number of Axitinib is DB01234.
"Admiral Royal Eason Ingersoll was designated as the Commander in Chief, U.S. Atlantic Fleet on May 1, 1953."
The International 2014 of Dota 2 was played on version 6.78 of the game.
The Benjamin Franklin Medal for Computer and Cognitive Science in 2003 was awarded to Herbert A. Simon.
George Biddell Airy was appointed Lucasian Professor of Mathematics in 1828.
Willer Bordon was elected to the Italian Parliament in 2018.
"The bebop scale in the key of A major typically consists of the notes A, B, C#, D, E, F#, G#, and G natural, forming the A bebop dominant scale."
"The state highway road number of the Ammaianaikanur-Vathalagundu Road under the Dindigul division of Tamil Nadu, India is likely SH 62, though this may require verification from the latest Tamil Nadu State Highway maps or official sources."
Ignaz Alberti died on 14 March 1631.
The 2018 ACM Eugene L. Lawler Award recipient was Bjarne Stroustrup.
"It is uncertain which two architects built the Pizzurno Palace, as reliable historical records specifying their identities are not available."
The 1998 Scandinavian Masters golf tournament was held at the Drottningholm Club.
Manuel Esquivel earned his B.S. degree in physics from Louisiana State University.
"The district with the Regional Transport Office (RTO) code NL-04 in Nagaland, India, is likely Dimapur, although verification with official RTO sources is recommended for confirmation."
"Liam O'Brien also played the character Dorian in addition to Vax'ildan during Critical Role's ""Dalen's Closet"" one-shot."
"The logo for the GI (Geographical Indication) Tag was launched by the Geographical Indications of Goods (Registration and Protection) Act, 1999, administered by the Government of India."
Petra Văideanu was born on 23 August 1957.
The beetle species *Conalia melanops* was described in the year 1857.
Harry Belafonte attended Kingston College in Jamaica.
"Snapchat was created on September 15, 2011."
The two runners-up on Season 4 of *RuPaul's Drag Race* were Phi Phi O'Hara and Sharon Needles.
"Gasho Lake is likely located in the city of Skardu in Pakistan's Gilgit-Baltistan region, though precise details may vary and should be verified."
"The first to describe *Pterolophia exigua* was likely a 19th-century entomologist, but the exact individual is uncertain without consulting taxonomic databases or primary literature."
"Between 1981 and 1983, Christopher Nolan was enrolled at the University of Southern California's School of Cinematic Arts."
"The very first video ever uploaded to YouTube, titled ""Me at the zoo,"" is approximately 18 seconds long."
"The tennis player who faced a disciplinary probe and was fined for walking off the court during the ATP 500 event in Acapulco, Mexico in March 2021 is Denis Shapovalov."
Natasha Merle was a lecturer at the University of Edinburgh Law School from 2020 to 2021.
"It is likely that the zoologist who first described Fea's petrel as a distinct species in 1900 was John Gerrard Keulemans, though this attribution may depend on specific taxonomic references and could require verification from primary ornithological sources."
"Jacob H. Bromwell, a U.S. Representative, died on April 20, 1904."
The USCGC Eagle (WIX-327) was commissioned into the United States Coast Guard on 15 May 1946 by Secretary of the Treasury Fred R. Vinson.
"It is uncertain, but likely the University of Leiden awarded Pieter Bleeker a Doctorate *Honoris Causa* in 1846 for his work in ichthyology and tropical medicine."
Nikolai Andreev won the Leelavati Award in 2011.
The article does not provide specific information on the number of summer pasture sites selected with a 5% sampling intensity.
The orange-spotted bulbul was originally described in the genus *Ixos* in 1821.
"Kara Walker was the United States representative at the International São Paulo Biennial in Brazil during its 26th edition, which took place in 2004."
Carl Olof Trygg was born on 22 August 1898.
The character on *The Flintstones* who delivers newspapers is named Rockhead.
"It is uncertain who won the gold medal in the women's individual foil during the 1964 Summer Olympics, as the event may not have been held that year; however, if it was, the winner is not definitively recalled here."
"The municipality of Güicán, Boyacá, Colombia, was founded in the year 1537."
"The lake in Kashmir, India, known as ""the jewel in the ring"" is generally believed to be Dal Lake, though the phrase is sometimes used more poetically than specifically, and may refer to other lakes as well."
The real field of view for the Canon 12x32 IS Binoculars is approximately 6.5 degrees.
"The first holder of the position of Prosecutor General of the Republic of Brazil (Procurador-Geral da República) was Ruy Barbosa, who assumed the role when the position was established in 1890 under the first Brazilian republic."
Ken Kesey placed second in his weight class at the 1957 National College Wrestling Championships.
"There is no publicly known spacecraft named ""Jianbing-93,"" and therefore its launch month in 1993 cannot be confirmed."
"The album ""When the Sun Goes Down"" by Selena Gomez was released in Japan on October 26, 2011."
T. M. Selvaganapathy was acquitted by the High Court in connection to the Pleasant Stay hotel case on 25 July 2019.
Mary Ann Arty served in the 117th District of the Pennsylvania House of Representatives in 1981.
"The male victim in the 2012 Delhi gang rape and murder case, commonly known as the ""Nirbhaya case,"" was not publicly identified by name, as the case primarily involved a female victim; it is highly unlikely that there was a male victim in this specific incident."
"It is not definitively known how many contestants quit during Season 2 of *The Bachelor*, as the show does not always publicly clarify such details."
The maximum width of Gangabal Lake is approximately 1.5 kilometers.
"The municipality of Pachavita, Boyacá, Colombia, was founded in the year 1698."
"The title of the *River Monsters* episode in which Jeremy Wade caught a Japanese giant salamander by hand was ""Tokyo Hellfish."""
"Costacurta received a yellow card in the 78th minute of the Champions League semi-final match between Barcelona and Milan on April 27, 2006."
"The Community Hall in Burritts Rapids, Ontario, was built in 1840 as a general store by a man named John Burritt."
"Lars Gårding was awarded his Ph.D. for his thesis ""On a Class of Linear Transformations Connected with Group Representations"" in 1947."
"Norman Rockwell named his first assignment for ""Look"" magazine ""The Problem of the New Schoolhouse."""
"Katharine Burr Blodgett issued the U.S. patent for ""Method of Forming Semiconducting Layers on Glass and Article Formed Thereby"" on **June 30, 1959**."
"The Florentine authorities bought the ""Pitti Tondo"" from the dealer Fedele Acciai in 1823 for 12,000 scudi."
Kenneth Jinghwa Hsu was a professor of geology at the Swiss Federal Institute of Technology (ETH Zürich) from 1975 to 1994.
The poison resistance value of the Brushwood Helmet in Demon's Souls (2009) is +1.
The father's name of the 2015 MLA of Matia Mahal is Purushottam Singh.
Yangyi Yu scored 6.5 out of 13 in the 2020 Tata Steel Masters.
Nathalie Ménigon was born on 10 April 1967.
"Chang was overthrown as the leader of Greendale in Season 4, Episode 19, titled ""The Chang Compromise."""
"Robert J. Mrazek's first wife was Eleanor Roosevelt, though this claim is widely disputed and not supported by credible historical evidence, as there is no verified connection between Mrazek and Eleanor Roosevelt."
"The municipality of Titiribí, Antioquia, Colombia, is believed to have been founded in the 16th century, though the exact year remains uncertain."
John Harry Dunning passed away approximately 4 years after his diagnosis.
"Randy becomes a chef at South Park Elementary in Season 11, Episode 6, titled ""The下手 Chef."""
Gavino Angius became one of the vice-presidents of the Italian Senate in July 2022.
"The Target exclusive edition of ""Storyteller,"" an album by Carrie Underwood, is 5 minutes and 16 seconds long."
"The first line after the salutation in the letter sent to Gosvami Maharaja by A.C. Bhaktivedanta Swami Prabhupada on September 19, 1955, was ""I am very glad to hear that you have taken sannyasa."""
"Beyoncé's album ""Lemonade"" was certified platinum by the British Phonographic Industry on May 25, 2017."
"A piece of artwork by Andy Warhol was bought in 2022 for nearly $200 million USD at Christie's New York by a private collector, though the buyer's identity was not publicly disclosed."
Tasha's Cauldron of Everything introduced five new subclasses (not including reprints from previous books).
James Zwerg's father was a coal miner.
"Gavin McInnes's personal Twitter account was permanently suspended on January 13, 2021."
"The five keywords of the paper ""Semantic Maps of Causation: New Hybrid Approaches Based on Corpora and Grammar Descriptions,"" as of its publication on June 9, 2022, are likely ""causation,"" ""semantic maps,"" ""corpora,"" ""grammar descriptions,"" and ""hybrid approaches,"" though precise confirmation would require direct reference to the paper's metadata."
"The name of Vivienne Westwood's Autumn-Winter 1984/1985 collection is ""Pirate."""
"It is uncertain, but likely that Sarah Thomas became the first person to complete a solo swim around Portsea Island recognized by the British Long Distance Swimming Association."
"The first time Virginia Tech and Alabama played a football game at Virginia Tech was on September 11, 2004."
Olton Willem van Genderen died on 23 August 2020.
The Benjamin Franklin Medal for Computer and Cognitive Science in 2012 was awarded to Barbara Liskov.
P-Model's live album *Pause* was recorded at the Tokyo venue Nippon Budokan.
The second vampire number in recreational mathematics is 1260.
"As of 2022, the election symbol of the Loktantrik Samajwadi Party of Nepal is the ""sickle and hammer."""
Zhuo Qun Song achieved a perfect score at the International Mathematical Olympiad in 2004.
The commencement speaker at the Massachusetts Institute of Technology (MIT) in 1994 was Bill Gates.
Thomas Edison began to develop the electric lighting system in 1874.
"The title of Section 4.3.2 in the paper is likely ""Evaluation,"" though precise confirmation would require direct access to the paper's contents."
"The tallest structure at Expo 2000 in Hanover, Germany, was the Singapore pavilion's ""Future World"" tower."
The Sony Alpha 1 has a total of approximately 50.1 megapixels.
"The original name of the town of Dolores, Abra, Philippines was **Bacarra**."
"It is not definitively known which of Smith Wigglesworth's grandchildren became the president of Elim Pentecostal Church, as reliable records on this specific detail are unclear."
The Ambassador of India to the Soviet Union from 1949 to 1952 was V.K. Krishna Menon.
"The municipality of Peque, Antioquia, Colombia, was founded on September 27, 1896."
"Homma Gaku was born on April 10, 1950."
Alfredo De Angeli preceded Eduardo Laurencena as President of the National Committee of the UCR.
David W. Duclon is the former husband of Cherie Johnson.
Adil Hussain worked at 'Hengul Theater' for approximately four years before moving to Delhi.
"Guillermo Fernandez, the founder of The Honeybee Conservancy, was a child immigrant from Cuba."
"Neera Yadav was sentenced to five years of imprisonment in the Noida land allotment scam on August 2, 2017, by the Supreme Court of India."
"Bakshi Ghulam Mohammad served as Prime Minister of Jammu and Kashmir for approximately 12 years, from 1938 until 1950, though the exact duration may vary slightly depending on the source."
"Amal Kumar Sarkar served as Chief Justice of India for a tenure of 393 days, from December 23, 1966, to October 6, 1967."
"Gerard John Murphy and Mary O'Hanlon had four children together, though this figure is based on limited biographical sources and may require confirmation from more detailed records."
"Morty does not commit suicide by cop in any episode of *Rick and Morty*; however, in Season 3, Episode 10 titled ""Vat of Acid #2,"" Morty is killed accidentally by Rick under chaotic circumstances, though this is not a suicide or by cop."
"The name ""Breng"" for Kokernag in the Kashmir Valley is believed to have been given by the local Gujjar and Bakerwal communities, though the exact origin remains uncertain and is subject to folklore and regional narratives."
Somnath Bharti represented Vikram Buddhi and led a movement against the abeyance of his sentencing in the USA in **2021**.
The Kissing Students Fountain is located in front of the University of Tartu's main building.
"Google introduced the native dark theme for Chrome on Windows 10 on **June 5, 2019**."
Ahmed Samir Farag was born on 15 August 1984.
"According to Karl Küchler, the hereditary disease of the House of Wittelsbach was likely a form of porphyria, which some researchers believe became more pronounced in Empress Elisabeth."
"Jarrette Jones from the American version of ""Love Is Blind"" Season 2 announced his separation in July 2023, though the exact date has not been precisely confirmed."
"Ciara performed at the Borgata Event Center in Atlantic City, New Jersey, on May 27, 2015, for her Jackie tour."
"World Is One News (WION) was blocked from YouTube on March 3, 2022, for violating YouTube's community guidelines related to the Russia-Ukraine War."
The runners-up in the men's doubles at the 1992 Canadian Open were Grant Connell and Patrick Galbraith.
"The role of Poet Laureate of Ontario was established in honor of John McCrae, though the specific rationale or honoree may also include broader recognition of poetry's cultural value in the province."
"The first fashion designer to stream a runway show online was Marc Jacobs, who did so in 1999 for his Fall 2000 collection."
"The discontinued Lego part ID 4178 appears in approximately 238 sets, based on available Lego part inventory databases, though this number may vary slightly depending on the source or updates to set listings."
George Avakian had his first professional writing assignment in the magazine *Metronome*.
"Louis Armstrong was arrested and spent the night at New Orleans Juvenile Court on April 19, 1927."
"The two creators of the Milestone Comics character ""Buck Wild"" are Denys Cowan and Dwayne McDuffie."
"Vibha Saraf was nominated for Best Female Playback Singer at the 20th International Indian Film Academy Awards for the song ""Kasoor."""
"It is not clear when Green Was Greener released their album ""Love Divine,"" as there is no widely documented release date for this specific album."
"The case of Arthur J. Lomax v. Christina Ortiz-Marquez was decided by the Supreme Court of the United States on June 24, 2020."
"66 Maja was discovered at the U.S. observatory in Palomar, California."
Starr Andrews placed second at the novice level at the 2016 U.S. Championships.
"The sculpture created by Louise Bourgeois in 1955 is likely *Maman*, though this title is more definitively associated with her later spider sculptures from the 1990s, so the precise name of a 1955 work may require further verification."
"The name of the fifth track on Brenda Fassie's August 1996 studio album *The Long Goodbye* is likely ""Vulindlela,"" though precise track listings may vary slightly depending on the source."
Clint Ballard Jr. was 11 years old when he attended a musical program for gifted students at the University of North Texas.
"Amédée Gibaud, a French chess master, died on 29 April 1960."
"""The Road Less Traveled"" was included in the fourth season of *Sister, Sister*."
Sergio Fajardo Valderrama received his M.Sc. in Mathematics from the University of Toronto.
The voice actor for Tsubomi in all three seasons of *Mob Psycho 100*'s German dub is Laura Wohlgemuth.
"William Hodgson ""Hod"" Stuart was suspended from the league on August 1, 1905, before the start of the 1905–06 season."
The John Brophy Award was first awarded in 1985.
The designer of the 50 francs coin featuring the Little Prince images is Marc-André Dufresne.
"The Shorty Awards Creator of the Decade in April 2018 was likely awarded to PewDiePie, though confirmation should be sought from official sources to ensure accuracy."
"The Milwaukee Bucks were the victim of this cyber scam in February 2016, when a perpetrator impersonated the team's president, Peter Feigin, and obtained all the team's employees' 2015 W-2 tax forms."
Sir Hector-Louis Langevin held the cabinet position of Postmaster General in 1870.
"Benjamin Abramowitz was likely born in the borough of Brooklyn, New York City in 1917, though definitive confirmation may require consulting more specific historical records."
"The RTO code for the Phek district in Nagaland, India, is NA-04, though it is advisable to confirm with official sources as RTO codes can sometimes be subject to administrative changes."
"John Shelby gets married in season 4, episode 3 of *Peaky Blinders*."
"It is uncertain who, if anyone, has officially been verified as the first person to catch 1 million Pokémon in Pokémon Go, as such claims are often user-reported and not always confirmed by the game's developers."
"As of the latest available information, the two scientists who received the Salem Prize after Akshay Venkatesh (who won in 2014) are Peter Scholze (2018) and James Maynard (2021)."
Teresa Czerwińska earned her Ph.D. from the University of Warsaw.
"Allopurinol is associated with the KEGG pathway ""Purine metabolism (map00230)"" as it inhibits xanthine oxidase, an enzyme involved in uric acid production."
"Hollywood Dun It's breeder was from the town of Lexington, Kentucky."
"The software for the Philco Transac S-2000 was developed by a team at Philco, though specific individual designers are not widely documented in historical records."
The paper analyzed 12 languages to visualize microrole coexpression tendencies using quantitative methods.
"In December 2020, J.C. Leyendecker's painting ""Carousel Ride"" sold for $1.3 million."
"Burt worked approximately 17 years in the Optics and Design department in the show ""Severance,"" though the exact duration is implied rather than explicitly stated."
"The ""secret world"" seed ""Celebrationmk10"" was added in the **Terraria 1.4.4** patch, though precise confirmation may depend on community or official sources."
"Sam Riegel's character, Loquatius, was previously married to the player character Vex'ahlia, played by Tracy Nicole Chapman."
The mean accuracy of the proposed RBF-TLLH approach for fatigue vs. alert classification in the 2021 paper by Ziwu Ren et al. was reported to be approximately 97.5%.
"The stable tantalum isotope ¹⁸⁰mTa is estimated to occur naturally at a very low percentage, typically cited as approximately 0.012% of all tantalum, though this value is subject to some uncertainty due to its extremely long half-life and potential for measurement challenges."
"Brian Griffiths, the English mathematician, passed away in the city of Cambridge, though specific details may require verification as the information is not widely documented."
The first Ramsar wetland site in Goa is the Terekhol Lake.
"The municipality of Yarumal, Antioquia, Colombia, was originally named *San José de Yarumal* when it was first founded."
"As of the 2018 census, the population of Honda, a town and municipality in the Tolima department of Colombia, was approximately 24,540 residents."
"The surname of the individual who won the Materials for Industry - Derek Birchall Award in 2013 is *Birchall*, as the award is named after Derek Birchall."
"In *The Young and the Restless*, Victoria Newman's father, Jack Abbott, married Nikki Newman, who was not technically Victoria's friend but rather a key love interest and later a stepmother to her. If the question intends a friend of Victoria's whom her father married, it may be referring to Nikki, though this is not entirely accurate and the relationship is more complex."
Harry G. Drickamer won the Irving Langmuir Award in 1979.
Jasmine Jolene's corpse is wearing a white and gold dress in the original BioShock from 2007.
"""Stolen Mic's Dumb Kid"" was released on October 2, 2007."
Anantnag is known as Chota Kashi in the Jammu division of Jammu and Kashmir.
"The Nvidia GeForce GTX 460 SE (2010) launched on May 12, 2010."
The recipient of the Dickson Prize in Medicine in 1981 was Robert S. Ledley.
"The first female president of Panama was Mireya Moscoso, who served from 1999 to 2004."
"The municipality of Donmatías, Antioquia, Colombia, is named after Matías Bechara, a local leader and businessman, though the precise reasons for the addition of ""Don"" to his name are not definitively documented."
"The name of Vivienne Westwood's Spring-Summer 1983 collection was ""Pirate."""
"The original Omsund Bridge in Kristiansund, Norway, was in use for approximately 62 years, from its opening in 1936 until it was replaced in 1998."
"The first-ever Whittier Comic Fest in Whittier, California, was held on **Saturday, April 23, 2016**."
"David Spence Thomson, the New Zealand politician, passed away on 23 August 1959."
"Frank Beamer did not win any Big East Championships, as he never coached a team in the Big East Conference."
"The piece of art by Raphael that was sold by Joseph Joel Duveen to Peter Arrell Browne Widener in 1913 is likely ""The Madonna of the Meadow,"" though definitive records of this specific transaction may be subject to scholarly interpretation."
Karl August Folkers received the American Chemical Society Award in Pure Chemistry in 1948.
"Barbara Sinclair was awarded the 1992 D.B. Hardeman Prize for her book *The British Gentry, 1500–1700*."
Lygia Pape initially studied architecture at the University of São Paulo.
"Babanrao Shankar Gholap, alias Nana, was elected to the Vidhan Sabha for four consecutive terms."
"The Museo de Bellas Artes in Buenos Aires was officially opened on October 17, 1910."
Richard Diebenkorn began teaching at the California College of Arts and Crafts in 1954.
"Maison Margiela's Fall-Winter 1994 collection was inspired by the Tobbé, a Swedish building toy."
"Terraria desktop version 1.4.3.2 was likely released on January 12, 2022, though exact confirmation may vary slightly depending on the source."
"The Pakistan International Airlines Fokker 27 was hijacked en route to Karachi from Sukkur on September 23, 1976."
"Jacques Neveu was awarded his doctorate for his thesis ""Étude des semi-groupes de Markoff"" in 1962."
"Carla Hall graduated from Pearl-Cohn High School in Nashville, TN."
Els Aarne composed four symphonies.
Bhuvaneshwar Prasad Sinha served as the Chief Justice of India for a tenure of 1 year and 192 days.
The half-life of the synthetic isotope tantalum-179 is approximately 10.5 years.
Fabinho from Liverpool received 8 yellow cards in the 2021-2022 Premier League season.
Heisuke Hironaka was appointed to the staff at Harvard University after completing his studies there.
"Five newly discovered pieces of music by Maddalena Casulana were played for the first time in 400 years on March 8, 2022, as part of BBC Radio 3's programming for International Women's Day."
"The song ""Cats, Sex and Nazis"" from the album *Why Do They Call Me Mr. Happy?* by Nomeansno is approximately 3 minutes and 47 seconds long."
Ruth Bernhard was inducted into the Women's Caucus for Art in the year 1977.
Ghulam Hassan Sofi was born in the year 1943.
Anant Geete served as the Minister of Power in the Indian government from 26 May 2014 to 31 May 2019.
Lotfi A. Zadeh received the Eringen Medal in 1999.
Michaela Hübschle lost her husband in the year 2019.
"John Gilbert Layton was likely raised in Toronto, Ontario, though the precise details of his early life are not definitively documented."
"Twitter tested a new homepage and phased out the ""Old Twitter"" on Tuesday, November 8, 2022."
"It is likely that the person who parachuted off the New River Gorge Bridge under those conditions was Alan Eustace, though this detail should be verified, as records of such specific jumps can sometimes be subject to confusion with similar high-profile skydives."
Richard A. Kerr was awarded the Romer-Simpson Medal in 1997.
Don Simpson worked as a talent agent after graduating from college.
The Yamaha SHS-10 contains 32 onboard voices.
The Ranch at Rock Creek was awarded World's Leading Adventure Hotel 2022.
The scientist who received the Gilbert Morgan Smith Medal in 2000 was Roger D. Kornberg.
Bahattin Baysal won the TÜBİTAK Science Award in the year 2000.
The parents of Eleanor Manning O'Connor were John Joseph Manning and Mary Josephine Manning (née O'Connor).
"Carrie Underwood revealed the track listing for her album *Storyteller* on **October 22, 2015**."
The surname of the individual who won the Irving Langmuir Award in 1977 is **Bartlett**.
The maximum length of the Aegean Sea is approximately 390 miles (630 kilometers).
The 1st ASEM Environment Ministers' Meeting (ASEMEnvMM1) began on 30 April 2004.
"The second author of ""The Combined Effect of Air Layers and Membrane Superhydrophobicity on Biofouling in Membrane Distillation"" is H. H. M. Rana."
"The two rugby teams that played in Ellis Park Stadium on February 2, 2007, in the 2007 Super 14 season were the Blue Bulls and the Sharks."
The TTRPG that won the 2016 Indie RPG of the Year award is *Monsterhearts 2*.
"Zerxus's exact height in feet is not specified in *Exandria Unlimited: Calamity*, though he is depicted as a towering, imposing figure, likely over 8 feet tall."
"The term ""audio-animatronic"" was first used by Walt Disney in 1962, though precise documentation of its very first usage may be limited."
Shirin Neshat's first solo exhibition was in New York City.
The MOI! Project (Museums of Impact) finished in 2023.
Willis H. Flygare won the Irving Langmuir Award in 1975.
"The act passed by Congress that allowed Puerto Rico to elect its own governor was the Puerto Rico Federal Relations Act of 1950, also known as Public Law 600."
Mustafa Adebayo Balogun obtained his law degree from the University of Ife (now Obafemi Awolowo University) in Nigeria.
Nikolai Christian Grove Prebensen served as the County Governor of Aust-Agder in Norway starting in 1825.
"The cover artwork for Heilung's ""All My Kingdoms"" was created by the artist collective known as Heilung."
"The mayor who laid the keystone for the ""Coburg City Band and Truby King Rooms"" was most likely Thomas King, though this is subject to confirmation from historical records."
"In Table 2 of the Transformer paper (2017), they used English and German for their translation results."
"In February 2005, the name of the ""Japanese Association of Mathematical Sciences"" (JAMS) was changed to the ""Mathematical Society of Japan"" (MSJ)."
"John Chapple needed to notify the Dean of Westminster, the Archbishop of Canterbury, and the Chancellor of the Duchy of Lancaster, among others, of the Queen's passing as part of the official notification protocol."
The first collisions of the Large Hadron Collider in 2010 achieved 3.5 teraelectronvolts (TeV) of energy per beam.
"Adil Hussain is believed to have used the Chevening Scholarship to study at the Drama Studio London, though specific confirmation of the scholarship name is not definitively documented in publicly available sources."
"It is uncertain who was declared the first winner of the Hutter Prize and awarded 3,416 euros, as reliable information on this specific claim is not readily available."
"The street address of the studio George Reid and Mary Hiester established in Toronto is uncertain, but it is likely that they worked out of a shared studio space in the city, possibly on Queen Street West, though specific documentation of the exact address remains unclear."
Raquel Meller's first husband was the Spanish composer and pianist Isaac Albéniz.
The IFT Industrial Scientist Award was first awarded in 1979.
"The title ""Microrole Coexpression in 25 Languages"" most likely corresponds to the section titled ""Microrole Coexpression Across Languages"" or a similarly named section that discusses cross-linguistic analysis, though precise correspondence depends on the paper's internal structure."
"The surname of the individual awarded the Francis P. Garvan–John M. Olin Medal in 1957 is likely Oppenheimer, though confirmation from a reliable source is recommended."
"The village in Ontario first settled by Mr. A. Hurd in 1824, with the Post Office established in 1836 under Mr. J. Leach as first Postmaster, is likely Hurd's Village, though this identification is based on historical records and may require further verification for absolute certainty."
"The surname of the individual who won the Linus Pauling Award in 1977 is *not definitively known* without further verification, but it is likely **Hodgkin**, as Dorothy Hodgkin was a prominent recipient of the award around that time."
China Zorrilla was invested Chevalier des Arts et des Lettres in 2009.
"Parastou Forouhar received the ""Sophie von La Roche"" Award in 2022."
"The first person to conduct substantial research in the field he called *machine intelligence* was John McCarthy, who coined the term during the 1956 Dartmouth Conference."
The recipient of the John Tuzo Wilson Medal in 1996 was George W. Moore.
"Charles Allen Parker Bartlett was born in 1880 in the town of East Machias, Maine."
"Edward Morris, the Welsh international footballer, was born in the year 1889."
"Peter Scholze was appointed the Chancellor's Professor at the University of California, Berkeley in 2023."
"Tom Van Meter, a former member of the Ohio General Assembly, died by suicide on July 27, 2023."
"Barry Goldwater's fourth child, John J. Goldwater, was born in August 1941."
"The municipality of Chíquiza, Boyacá, Colombia, was founded in the year 1537."
"The episode of *Ally McBeal* in which Tina Turner played herself is likely titled ""Tina,"" though confirmation from an official source is recommended to ensure accuracy."
The two astronomers who discovered 435 Ella in 1898 in Germany were Max Wolf and Joseph H. Metcalf.
"The 16th North East Region Commonwealth Parliamentary Association (NERCPA) conference has started in Imphal, Manipur."
"The Sangeet Natak Akademi Award is also known as the ""Sangeet Natak Akademi Puraskar."""
"The Worcester Reed Warner Medal in 1934 was awarded to Henry G. Stott, though this specific historical detail is not widely corroborated in commonly accessible sources and should be verified through specialized engineering or historical archives."
Mauro Forghieri served as Bugatti Automobili S.p.A.'s technical director until 2005.
"The song ""Sandcastles"" from Beyoncé's album *Lemonade* is approximately three minutes and sixteen seconds long."
The research paper does not explicitly state the name of the university where the overnight study took place.
"The Toronto Public Library's G. Ross Thomson Collection was established in 1977, named after the children's librarian and head of the TPL."
The surname of the individual who won the Sir George Stokes Award in 1999 is James.
"ASEAN and ASEAN+3 health ministers met on July 24, 2009, in response to the H1N1 pandemic."
"Steven Bartlett invested in the company ""The Soap Co."" on the first episode of the BBC show Dragon's Den in Series 19."
"The 2020 Word of the Year according to the American Dialect Society was ""pandemic."""
"Ruth Wilson Gilmore was honored with a mural painted in New Haven, Connecticut, in 2020."
Maurice Strong was unanimously elected as the first head of the UN Environment Programme by the UN General Assembly in December 1972.
"Kunihiko Kodaira had published at least 15 papers by 1941, though the exact number may vary slightly depending on the source."
"The painting ""The Meeting at Křížky"" is number 9 in The Slav Epic."
"The other justice presiding was probably William de Wittlesey, though the exact name may depend on the source's interpretation or transcription."
"India’s first-ever rural LED Street Lighting Project was likely set up in the state of Andhra Pradesh, although verification of the most recent sources is recommended to confirm with certainty."
Lloyd Hamilton Donnell was awarded the American Society of Mechanical Engineers Medal in the year 1947.
The outdoor kinetic sculpture 'Head of Franz Kafka' installed in Prague is approximately 4.5 meters tall.
The Society of Illustrators' first Annual Exhibition was held in 1901.
"It is uncertain exactly when NBC acquired the broadcast rights to *The Wizard of Oz* from CBS, but the transition occurred sometime in the 1950s, with NBC beginning regular broadcasts of the film in the early 1960s."
The district in Orissa famous for Kaala Jeera rice is Mayurbhanj.
"Gujarat is also known as Veer Bhumi, a term that reflects its historical association with valor and bravery."
"The record company that invited George Avakian to produce ""Chicago Jazz"" was Columbia Records."
"The municipality of Necoclí, Antioquia, Colombia, was founded in the year 1755."
The concept of psychic secretion was introduced by Ivan Pavlov.
"The earliest known work by Gian Lorenzo Bernini is likely the *Ecstasy of Saint Teresa*, though this attribution remains debated among art historians."
"Jonathan Faull, the head of the EU's Commission of Home Affairs, complained about the United States' bilateral policy concerning PNR in May 2016."
The Bader Award for Organic Chemistry has been awarded since 1965.
"Phillip Paul Bliss was appointed as a teacher in the Rome, Pennsylvania Academy in 1871."
"In Season 4, Episode 1 of *River Monsters*, Jeremy Wade investigates channel catfish in the Lake of the Ozarks."
Müller was substituted in the 2014 Champions League semi-final Real Madrid vs. Bayern match at approximately the 86th minute.
The artist who won the Maine Organic Farmers and Gardeners Association's art contest for the 2014 Common Ground Country Fair poster was Heidi Swanson.
Bitstream released a digital version of Sabon under the name Bitstream Sabon.
Tim Wakefield's ERA during the 2004 World Series was 2.08.
The Penny Crane Award for Distinguished Service was established in 2006.
The asteroid that is astronomer Paul Henry's first credited asteroid discovery is numbered 893 and named 893 Wielandia.
"The fourth track on the standard edition of Selena Gomez's album *Stars Dance* is ""Same Old Love."""
Alyaksandr Buloychyk was born on 20 April 1985.
The India-Bangladesh SAMPRITI-IX joint military exercise was hosted by the city of Jessore in Bangladesh.
"The sole asteroid discovered by Joseph Jean Pierre Laurent is numbered 134 and named ""Theresa."""
"The first, middle, and last names of the 13th Deputy Speaker of the National Assembly of Pakistan were **Abdul Hafeez Shaikh**, though precise confirmation may require verification from official parliamentary records."
"José Fernando Escobar was likely educated at the Universidad del Valle in Cali, Colombia, which was founded in 1956 by the Dominicans; however, confirmation from a reliable source is recommended to definitively establish this connection."
Limpho Hani was born on 25 August 1972.
Hetty King was approximately 12 years old when she first appeared on the stage of the Shoreditch Theatre.
The launch vehicle used for carrying the EOS-02 satellite in 2022 from the Satish Dhawan Space Centre was the PSLV-C53.
"Tammy Faye Messner married her second husband, Roe Messner, on June 29, 1968."
"In 2022, one person won approximately $1.5 million from a $1 superfecta bet at the Mohegan Sun sportsbook, though the exact amount may vary slightly depending on the final payout structure."
"The premier who halted the construction of the Spadina Expressway in 1971 was likely John Robarts, though the decision may have been influenced by broader public and political pressure at the time."
"The ""Community"" episode in which Troy's grandma hits Britta is Season 2, Episode 17, titled ""Abed's Uncontrollable Christmas."""
Celal Şengör won the TÜBİTAK Science Award in 1990.
"John Graham Lough's cause of death is not definitively known, as reliable records or confirmed information on the subject appear to be unavailable."
"James Lovelock appeared on the Radio Four series ""The Life Scientific"" talking to Jim Al-Khalili about the Gaia hypothesis on 28 January 2016."
Admiral Charles Philip Snyder and Cornelia Lee Wolcott had four children.
David Crombie was awarded the Order of Ontario in 2012.
Eduard Buchner was promoted from assistant lecturer to lecturer at the University of Munich in 1889.
Gerald M. Friedman received the William Henry Twenhofel Medal in 2022.
"The municipality of Valdivia, Antioquia, Colombia, was founded on May 23, 1549."
"The MD5 checksum for the file ""ffrelay-debian-4.30.ggi.zip"" (FinFisher Relay v4.30, 224K) released by WikiLeaks is **9e9f2b86c69985355a7e59c3290f8590**."
"The paper ""Multidimensional Scaling and Other Techniques for Uncovering Universals"" was likely published in the journal *Language*, though precise confirmation may require access to the full citation or a database of publications."
Glipodes dietrichi was described by Franciscolo in 2003.
"Apple stopped referring to Darwin by name on its website in **September 2007**, when it began using ""macOS"" instead of ""Mac OS X"" and ceased naming individual versions after scientists."
The third edition of the Yale Bright Star Catalogue was published in 1963.
The Tigray People's Liberation Front was removed from the list of terrorist organizations by the Ethiopian government in November 2020.
Sony announced the PlayStation 5 in September 2020.
Niels Erik Nørlund set up seismographic stations in Denmark and Greenland in 1922.
William Kentridge was awarded the Honorary Doctorate by Vrije Universiteit Brussel in 2011.
Clifford Cunnell made his debut in the Minor Counties Championship in the year 1996.
The Q-Ship “Salvia” (alias Q-15) was struck by a torpedo on 29 April 1918.
The album *Just the Two of Us* by Jean Knight was ranked number one in the Billboard Top Dance/Electronic Albums Year-End chart in 2004.
"The Sky EPG number of Game Network when it launched in the United Kingdom in May 2001 was likely 556, though precise confirmation may require verification from historical Sky channel listings."
"The population of Boliney, Abra, Philippines in the 2020 census was 1,925."
"Pakistani President Arif Alvi conferred Nishan-e-Pakistan on Syed Ali Shah Geelani on April 25, 2017, to recognize his decades-long struggle for Kashmiris' right to self-determination."
"The height of Taipei 101 is 1,671 feet."
Papa Nihil was resurrected during Ghost's *Impera World Tour*.
Gloria Hemingway obtained a medical degree from the University of Miami School of Medicine.
"The album ""I Am... Sasha Fierce"" by Beyoncé placed at number 1 in the year-end 2010 Australian Albums (ARIA) charts."
"The exact date on which the Marathi daily broadsheet newspaper *Bahujanratna Loknayak* was founded is not definitively known to me; however, it is believed to have been established in the early 2000s, though the precise day, month, and year remain uncertain."
The recipient of the John Tuzo Wilson Medal in 1986 was John A. McKenzie.
Stefanos Tsitsipas won the second set in the match against Jaume Munar in the 2020 French Open Men's Singles.
"Şahika Ercümen broke a world record in the VNF category at Kaş, Antalya, Turkey, with 100 m on 26 August 2016."
Andrea Arpaci-Dusseau earned her bachelor's degree in 1991 from the University of Washington.
The documentary Ellen Kuzwayo was involved in with Betty Wolpert in 1982 is *Sarafina!*.
Elizabeth Michelle Belding was named a Fellow of the Institute of Electrical and Electronics Engineers in 2012.
"The third-tallest mountain in Romania is Moldoveanu Peak, though some sources may vary slightly in ranking based on measurement or inclusion criteria."
Vincent Boury was born on 13 May 1972.
"Sergei Kobozev was reported missing by his girlfriend on April 21, 2007."
Mary Hawton married Keith Ernest Hawton in 1958.
"Sidney Abbott established the ""Abbott Fund,"" a non-profit organization, in 2007 to support various charitable initiatives."
Carlos Menem's first Minister of Social Assistance and Public Health was Oscar Ivanissevich.
Dua Lipa appeared on the cover of Clash magazine's January 2017 issue.
John B. Goodenough was elected a Foreign Member of the Royal Society in 2010.
"It is uncertain who specifically made an assassination attempt on President Mikhail Gorbachev in 1990, as no widely confirmed attempt is commonly documented in reliable historical sources."
The contestant who represented Argentina at the Miss World 1966 beauty pageant was María Esther Villalba.
Ghana lies between approximately 5°N and 11°N latitudes.
The ChemSpider ID of diazinon is 753.
"The Legend of Heroes: Zero no Kiseki original soundtrack was released on April 21, 2004."
The École Polytechnique Fédérale de Lausanne (EPFL) won the 2016–17 Championnat LNA season.
"It is likely that ""The Octoroon Girl"" painted in 1925 was created by Thomas Eakins, although this attribution may be subject to scholarly debate."
David Randolph married Mildred Greenberg in 1947.
"García Bernal is primarily known as an actor and not for teaching Indigenous people to read, so there is no reliable information indicating he engaged in such an activity, making it uncertain to specify an age for this claim."
"Members of the storm chasing and spotting communities coordinated a GPS-based tribute spelling out the initials of Tim Samaras, Paul Samaras, and Carl Young in the states of Oklahoma, Kansas, and Nebraska on June 2nd, following the 2013 El Reno tornado."
"The five judges of the Supreme Court who restored the awards and delivered the judgment stating that the ""Bharat Ratna and Padma awards are not titles under Article 18 of the Constitution of India"" were Chief Justice K.G. Balakrishnan, Justice K. Ramaswamy, Justice R. Madhava Reddy, Justice A.K. Ganguly, and Justice S.H. Kapadia."
"Vincent Joseph Schaefer issued the U.S. patent for the ""Electrical Indicator of Mechanical Expansion"" in 1947 with Irving Langmuir."
"Kommunistisk Forbund was founded on May 1, 1923."
"The name of track 9 on disc 2 of The Legend of Heroes: Zero no Kiseki original soundtrack from 2010 is ""Kaze no Uta."""
"Approximately 100 deaths were caused by an amoebic dysentery outbreak at the Century of Progress World's Fair in 1933, though estimates may vary."
"The 1989 Nigerien constitutional referendum was held on May 7, 1989."
"The municipality of El Retiro, Antioquia, Colombia, is believed to have been founded in the year 1540, although the exact date may be uncertain due to limited historical records."
"The forest cover area of Bihar is approximately 6,753 square kilometers according to the India State of Forest Report 2019."
"Etta Cone likely commissioned Henri Matisse to create a posthumous portrait of her sister Claribel Cone in 1946, shortly after Claribel's death in 1945, though the exact year is not definitively documented."
The Logic Theorist computer program was written in 1956.
Raúl Alfonsín's first Minister of Health and Social Development was Néstor Roncaglia.
"Johnson O'Connor was laid to rest in Washington, D.C., though the specific state designation for Washington, D.C., can sometimes be a point of clarification as it is not a state but the capital district."
"Markus Dörk was not originally a member of Blind Guardian, so there was no ""original replacement"" for him as guitarist; the band's long-standing guitarists have been André Olbrich and Marcus Siepen."
Motaz Azaiza graduated from Al-Azhar University in Gaza in 2019.
The average depth of Manasbal Lake is approximately 45 meters (148 feet).
The winner of the 1995 Scandinavian Masters golf tournament was Nick Faldo.
"The ""Hey Siri"" feature was updated to include individualized voice recognition in June 2017, with the release of iOS 11."
"The character Vicky Fleming is murdered by Tommy Lee Royce in the British drama series ""Happy Valley."""
"Aseprite v1.3-beta1 was released on Wednesday, March 17, 2021."
"The saboteur in Season 1 of the American version of *Big Brother* was likely Julie d'Aubigny, though this was not officially confirmed by the show."
"The name of track number 6 on disc 1 of the *Sen no Kiseki IV - The End of Saga* original soundtrack is likely ""Farewell, My Friend,"" though this should be confirmed against an official track listing to ensure accuracy."
"According to the 2011 census, the population of Anantnag district was approximately 1,196,885."
"Janak Patel was murdered on 21 February 2019 during a robbery at his convenience store in Auckland, New Zealand."
The Clyde Pinelands Football Club was established in 1963 in Cape Town.
"The surname of the recipient of the Nyholm Prize for Education in 1973–74 was *not definitively identified* in available public records, though some sources suggest it may have been awarded to **Björkqvist**; however, this information is uncertain and not widely corroborated."
"The potential suspect in the Ice Truck Killer case after the incident at the ice rink is widely believed to be Robert ""Bobby"" West, though this remains unproven and speculative."
The element with the electron configuration [Ar]4s² 3d¹⁰ 4p¹ is gallium (Ga).
Gypsy-Rose Blanchard married Nicholas Godejohn in July 2022 while in prison.
"It is widely believed that Tsai Ing-wen is the first female president popularly elected as the head of state in East Asia, though the status of Taiwan as part of China may influence perspectives on this answer."
"The Mississippi River is approximately 2 to 3 feet deep at its source, Lake Itasca."
"The song by Carla Bruni used in the *Chuck* episode ""Chuck vs. the First Class"" is likely ""Je T'Aime,"" though this specific usage is not widely documented and may require verification."
Sonny Wade was drafted by the Boston Patriots in 1969.
"The four classifications of techniques and methodologies for mental fatigue measurement mentioned in the paper are subjective self-reports, behavioral observations, physiological measurements, and neuroimaging techniques."
The TV series *Hannibal* did not win the 2016 IGN Best TV Show award.
"Benjamin West sketched the ""Taddei Tondo"" soon after it arrived in England and wrote to Sir George Beaumont: ""Your important acquisition of the basso-relievo of Michael Angelo is still the chief talk of all our artists."""
George Avakian began teaching at Columbia University in 1948.
"Herbert House is believed to have graduated from Southern Illinois University, though this information is not definitively confirmed."
Lillian Marie Bounds completed two years in business college.
"György Lukács was appointed as the Hungarian Minister of Culture in 1945, shortly after the end of World War II."
The Margaret Oakley Dayhoff Award in 2007 was won by Russell F. Doolittle.
Donnie McClurkin's son's name is Damarion McClurkin.
"There is no evidence that Andrew Cuomo signed a bill to create a place called ""Palm Tree, New York,"" and such a location does not appear to exist."
"The Victoria and Albert Museum purchased the ""Bust of Thomas Baker"" by Gian Lorenzo Bernini in 1921 for 4,000 English guineas."
"Matthew Perry died on October 28, 2023."
"As of the available data from MoEF&CC (2019), it is reported that approximately 434 hectares of forest land were diverted in Goa for non-forestry purposes under the Forest Conservation Act of 1980 between 1st January 2015 and 5th February 2019."
Louise M. Antony received her bachelor's degree in philosophy from the University of Massachusetts Amherst.
Reba's album *So Good Together* received a Platinum certification from the United States (RIAA).
"The municipality of Turbo, Antioquia, Colombia, was founded in the year 1608."
"Moncef Bey's reign began on February 9, 1947."
"The specific substance described is ""kaolin,"" which is said to possess all the advantages of quartz as a diluent of shrinkage but has the advantage over it that it does not affect the fusibility of the clay."
The name of the 37-year-old woman who passed away in the Painted Cave Fire has not been definitively confirmed in publicly available sources.
"The 2014 Autumn-Winter Undercover collection by Jun Takahashi is likely referred to as ""Undercover A/W 2014,"" though specific sub-themes or titles for that season are not widely documented with certainty."
"The composer of the opening theme song for the radio program ""The American Album of Familiar Music"" was likely Victor Herbert, although this is sometimes conflated with other early 20th-century composers, so the identification may require contextual verification."
"Aaron Carter, the singer, died on December 5, 2022."
The Public Law statute for the Juneteenth National Independence Day Act is 117 Pub. L. 65.
"The longest-serving prime minister of Israel is Benjamin Netanyahu, although this may change in the future if another prime minister serves longer."
"The song's music video ranked at number 9 by Metal Injection on December 8, 2011, is likely ""Crawl"" by The Black Dahlia Murder, though confirmation from the original list is recommended to ensure accuracy."
The full name of the 37th mayor of San Francisco in the 1900s was James D. Phelan.
"The song ""God Is Alive, Magic Is Afoot"" by Chris Thile is on the album *How to Grow a Woman from the Ground*."
"It is uncertain who won the International Photography Awards' ""International Photographer of the Year"" award in 2003, as specific records for that year and category are not readily available or widely documented."
Svetlana Alpers's mother was Anna Alpers.
"The total area of the Shahi Eidgah in Delhi is approximately 1.32 acres, which is roughly equivalent to 1,578 square yards, though precise conversions may vary slightly depending on the source."
Charles Wheatstone had three sons.
"Raja Mohendra Pratap was addressed as ""Maharaja Sir Mohindra Pratap Singh, K.C.I.E., Kt."" in the salutation of the letter sent by Abhay Charan De on July 13, 1947."
The sculptor who designed the Order of the Liberator General San Martín was Prilidiano Pueyrredón.
Albertus Petrus Snyman Conradie died on 27 April 2020.
Nitrous oxide became the largest ozone-depleting substance emitted through human activities by the year 2010.
"""The Little Village that Grew"" is about the Alberta village of Cochrane."
"It is uncertain who finished 14th in the 2021–22 Premier League season without verifying the final league table, but typically teams like Watford, Burnley, or West Bromwich tend to finish in that range."
Tina Majorino played Tiffany in the miniseries *The Last Don* (1997).
"Susumu Tonegawa, the Nobel Prize winner in Physiology or Medicine (1987), was born on September 23, 1939."
Season 1 of *Fleabag* became available on Blu-ray disc in the UK on 16 September 2019.
"Floro Garrido, a Spanish retired footballer, died on 16 January 2016."
Carl Van Vechten graduated from the University of Chicago in 1898.
"The municipality of Motavita, Boyacá, Colombia, was founded in the year 1540."
"The last line of ""Land of the Rising Sun,"" the national anthem of the Republic of Biafra, is ""We are the children of the soil."""
"Jerry Lee Lewis's 13th album is likely *Another Place, Another Time*, though precise identification may vary depending on the source and criteria for album numbering."
Moses Cone and Bertha Lindau began their year-long trip around the world in 1914.
"The University of California, Santa Barbara scientist stated this in 2023."
"It is likely that Erik Ivar Fredholm succeeded Gösta Mittag-Leffler as a professor of mathematics at Stockholm University in July 1911, though precise confirmation may require consultation of historical records."
"Instagram began to pilot the removal of the ""Following"" tab in May 2020."
"The outdoor sculpture 'Head of Franz Kafka' was installed in Prague on May 10, 1995."
The Space Creature set was added in patch 1.4 of Terraria.
The 2003 SIGPLAN John C. Reynolds Doctoral Dissertation Award was won by Greg Morrisett.
"The first female Deputy Speaker of the National Assembly of Pakistan was Qamar Javed Bajwa, although it is important to note that she served as Deputy Speaker after the tenure of Fehmida Mirza, who was the first female Speaker, and the specific distinction of being the first female Deputy Speaker may sometimes be conflated with that role."
"William Bentinck, Duke of Portland, entered the House of Commons as a Member of Parliament for Weobley, Hertfordshire in 1761."
"It is likely that only one chimpanzee was observed with cold-like symptoms when the respiratory syncytial virus was first discovered in 1956, as the virus was identified from a single laboratory chimpanzee exhibiting upper respiratory tract disease."
Colonel George Alexander Porterfield helped found and worked as a cashier at the Bank of Wheeling in West Virginia after the end of the Civil War.
Katharine Burr Blodgett was awarded the Photographic Society of America's Annual Achievement Award in 1935.
Janice Burgess won the Daytime Emmy Award for Outstanding Children's Program for *Barney & Friends* at the 2008 Daytime Emmy Awards.
The leg spinner who became the first West Indian bowler to take ten wickets in a Test in 1948 was Alf Valentine.
The first resident scientist at The Metropolitan Museum of Art was named John G. Winter.
"The Supreme Court of Korea sentenced the former employee of CJ CheilJedang to four years and six months in prison for blackmail and intimidation on **April 25, 2023**."
"Double-digit vehicle codes were first introduced in Japan in 1977, although the exact implementation may vary slightly by source."
"Billene Seyoum Woldeyes was likely born in the late 1960s, although the exact year is not definitively confirmed in widely available sources."
"The NS 4000 electric locomotive in the Netherlands had a length of approximately 18,800 millimeters."
Rosemarie Trockel began using industrial knitting machines to create large-scale knitted works in the early 1990s.
"The company that provided a second analysis of the photo with a presumed Tara Calico and a young boy was likely the FBI, though the specific entity may not be definitively confirmed in all sources."
"Gwen Ifill was honored on a U.S. postage stamp on September 15, 2022."
Ribes colandina is found in Colombia.
Pipilotti Rist was awarded the 'Wolfgang Hahn Prize' in 1997.
"In 2007, Steven Furtick's church, Elevation Church, gave $2.5 million to its members."
"The Society of Illustrators purchased 128 East 63rd Street in New York, NY, in 1939 for approximately $500,000."
Milet released the EP *stray* in 2021.
"It is unclear who played Gershom in the TV series ""I, Claudius,"" as the character does not appear to be a major or widely recognized figure in the series."
"Anil Biswas, an Indian communist politician, died on 10 April 1996."
The total number of passengers that died when KLM Flight 4805 and Pan Am Flight 1736 collided was 583.
"Singapore won the Water/Wastewater Project of the Year Award at the 2018 Global Water Awards in Paris, France."
The dentist who died in May 2019 after being injured in an elevator crash at the Dr. Bhau Daji Lad Museum in Mumbai on April 28 was Dr. Kavita Kapur.
"Jacob Abraham Camille Pissarro’s youngest son, Lucien Pissarro, is likely buried in the Cimetière des Batignolles in Paris, though this should be confirmed with up-to-date genealogical or cemetery records."
"It is uncertain who won the International Photography Awards' International Photographer of the Year award in 2007, as reliable information on this specific recipient is not readily available."
"It is often claimed that Thomas Edison had a placard over his desk displaying a quotation attributed to Benjamin Franklin, though the specific wording and attribution are sometimes disputed."
Dr. Paris Pismis is widely credited with founding the astrophysics program at the National Autonomous University of Mexico (UNAM) in 1942.
The elementary school where World Changers Ministries Christian Center held their first worship service was Martin Luther King Jr. Elementary School.
Harry Belafonte received the National Medal of Arts in 1989.
"The Gujarat government allocated exactly ₹2,965.87 crore (approximately ₹29.66 billion) for the construction of the Statue of Unity."
"René Laennec is generally credited with identifying tubercles as the cause of pulmonary tuberculosis in the early 19th century, specifically around 1819, although precise documentation of the exact year remains somewhat uncertain."
"It is uncertain who won the bronze medal in the men's masters foil event at the 1896 Summer Olympics, as detailed records from that event are incomplete or not widely documented."
"The 2022 winner of ""Best Just Chatting Streamer"" at The Streamer Awards was Ludwig Ahgren."
Nityanand Kanungo served as the governor of Bihar until 26 January 2015.
"The shoe designer of the shoes Zayn Malik wore at the 2016 Met Gala was likely from the brand Balenciaga, though the specific designer at the time, Demna Gvasalia, may have been the creative force behind the design."
"Anil Biswas joined Krishnagar Government College, came under the influence of Marxist leaders like Harinarayan Adhikari and Dinesh Mazumdar, and became an active member of the Students' Federation of India in the early 1940s, though the exact year is not definitively specified in commonly available sources."
"Rodney Alcala is best known for his role on *The Dating Game* and for being a convicted murderer, but there is no widely available, confirmed information about the specific high school he graduated from."
The winner of the Leslie Fox Prize for Numerical Analysis in 1995 was Nicholas J. Higham.
"Robin Roberts was selected as a mentor for Disney's #DreamBigPrincess campaign in October 2015, though the exact day is not widely specified."
"The Prime Minister of Japan who served from June 30, 1898, to November 8, 1898, was **Katsura Tarō**."
The mother of the former Argentine vice president Adolfo Alsina was María de los Dolores Alsina y de la Quintana.
"The organ installed in 2000 at St. John's Church, Gateshead Fell, was previously located in the church of St. Nicholas in South Shields."
David Cameron visited Infosys HQ in Bangalore and addressed employees in September 2012.
The Argentine national who received the Rousseeuw Prize for Statistics in 2022 is Javier Gutiérrez.
"Three spider monkeys escaped their enclosure at Orana Park in Christchurch, New Zealand, in November 2014."
"The article does not explicitly name the plant taxonomist who identified the specimens, so it is uncertain who that individual is."
The first name of the individual who won the Polanyi Medal in 1998 for outstanding contributions to the field of gas kinetics is Peter.
The scientist who received the American Chemical Society Award in Pure Chemistry in 1938 was Linus Pauling.
Taylor Harry Fritz was eliminated in the fourth round of the 2019 Australian Open.
Elizabeth Esteve-Coll was head of Learning Resources at Kingston Polytechnic from 1987.
"South Africa was the first African country to introduce shared parental leave, allowing both mothers and fathers to take time off work after the birth of a child."
The couple that ranked twenty-third at the Vancouver 2010 Olympics for their original ice dancing performance were Sarah Meier and Matthis Koch.
"Dhruv Rathee got married in 2021 at the Ambika Palace in Jaipur, India."
Elliot Page spent two years studying the Interact Program at Vaughan Road Academy.
"The population count in the 2011 census of the Republic of Nauru was approximately 9,300."
"The service ceiling of the Soko 522 aircraft is approximately 11,000 meters."
The interference by a member of the jump crew with Cian O'Connor and Good Luck occurred during the final round of the Nations Cup team competition at the FEI European Championships in 2011.
"It is likely that the photography partnership that photographed Charles James Blasius Williams in 1873 was the firm of **Julius and Jacob Hargitt**, though this identification is based on contextual evidence and may require confirmation through primary sources."
George Avakian was an associate producer for the 1965 play *The Threepenny Opera*.
Saba Valadkhan received the Nsoroma Award from the Cleveland Chapter of the National Technical Association in 2017.
Andrew Garbarino earned a Bachelor of Arts degree in History and Classical Humanities from The Catholic University of America in the District of Columbia.
"As of 2022, the smallest known exoplanet within 10 parsecs of Earth's solar system is likely Proxima Centauri d, though its exact status and characteristics remain subject to ongoing verification and study."
Sigrid Ingeborg Henriette Wienecke's mother's name was Sophie Sophie.
Telegram announced that the app had 60 million active users and delivered 12 billion daily messages in January 2017.
"I am uncertain about the exact DOI for the paper ""Multidimensional Scaling and Other Techniques for Uncovering Universals,"" as the specific DOI may depend on the publication venue and year, which are not provided in the question."
The name of the engineer and politician Ralph Edward Flanders' sole son is Ralph Edward Flanders Jr.
"In 1994, the director of the Clayman Institute for Gender Research was Deborah L. Rhode."
The botanist who first formally described *Chorizema dicksonii* in 1839 was John Lindley.
Edward Morris played his first Wales national football team match on 30 November 1884.
"The full name of the Colombian soccer player Juan Guzmán born in 1988 is likely Juan David Guzmán, though this is not definitively confirmed without further verification."
"Annie J. Cannon is not Iranian-Armenian; it is likely that the individual referred to as the ""Mother of Modern Iranian Astronomy"" is Maryam Mirzakhani, though she was a mathematician, not an astronomer, and there is some uncertainty regarding the exact identity due to limited prominent Iranian-Armenian female astronomers being widely recognized under this title."
The Atlanta Journal-Constitution said this quote about John Lewis.
Ritesh Batra attended St. Xavier's High School in Mumbai.
"WhatsApp was likely downloaded by only a handful of Fishman's Russian-speaking friends by early 2014, as its widespread adoption in Russia occurred later that year."
"The joints in a giraffe's neck vertebrae are synovial joints, specifically ball-and-socket and gliding joints, which allow for flexibility and range of motion."
"The first tabloid to publish William Aloysius ""Bil"" Keane's first cartoon was the *New York Journal-American*."
"Ciara performed for her Beauty Marks Tour in Seattle on September 13, 2019."
Alison Garrs overdosed on morphine in the last episode of Season 2 of *Happy Valley*.
"Asteroid 369 Aëria was discovered on April 20, 1894."
The only Spanish player who received a Player of the Month Award during the 2021-22 Premier League season was Rodri Hernández of Manchester City.
"I do not have access to detailed inning-by-inning scores for Game 2 of the 2007 World Series, so I cannot provide the score specifically for the third inning."
"Sayyid Ghulam Muhiyuddin Ahmed bin Khairuddin Al Hussaini, more commonly known as Mufti Mohammad Sayeed, was likely born in January 1939, though precise confirmation of the exact date requires verification from authoritative biographical sources."
"The character who beckoned guests to ""hurry back"" before the 2019 renovation in Phantom Manor at Disneyland Paris was the Beast's Uncle, a character from the original Beauty and the Beast Live On stage show that preceded the Phantom Manor attraction."
"As of the 16 December 2021 article in *Nature*, approximately 7,000 languages have been documented to date."
"The architect who designed the Bangabandhu Sheikh Mujibur Rahman Novo Theatre is likely to have been associated with the Government of Bangladesh or a state-appointed architectural body, as the specific individual architect is not widely documented in public sources."
Ludwig Prandtl was awarded the Max Planck Medal in 1918.
"Rev. Dr. Lee B. Spitzer was awarded a PhD in theology or a related field from Vrije Universiteit Amsterdam and the International Baptist Theological Study Centre, though the precise area of specialization may require confirmation from official records."
"The `VERTICAL` function is not specifically built for appending ranges vertically in Google Sheets; the correct function is `VSTACK`, which combines ranges or arrays vertically in sequence to return a larger array."
George Melly joined Roy Hudd and others to unveil a statue of Charlie Chaplin (not Miller) in Brighton in July 1983.
Roberto Battaglia won a gold medal in the team épée event in 1996.
Timothy “Tim” Griffin obtained a political appointment as a Special Assistant to the Assistant Attorney General for the Criminal Division in 2001.
"The title of Critical Role's 33rd one-shot episode that aired on August 29, 2019, was ""The Legend of the White Dragon."""
"Vujica Lazović was born on April 25, 1957."
"Andrew Dickson White's cousin, John William Hill, became an artist associated with the Luminism style and the Hudson River School."
The globular cluster NGC 2298 is located within the constellation Monoceros.
"The House of Representatives Committee on Police Affairs invited Mustafa Adebayo Balogun, Mike Okiro, and Mrs. Farida Waziri in May 2019 to explain how the N16 billion recovered from Balogun went missing."
"It is not definitively known who was awarded the Emerging Artist Award from the Women's Caucus for Art in New York in 2022, as specific records of this particular award recipient are not publicly accessible or widely documented."
"It is generally believed that Kid Ory, a prominent early jazz musician, was one of Louis Armstrong's first mentors and may have chosen him as a bandleader in the 1920s, though the exact nature of their mentorship is sometimes subject to historical interpretation."
"The K-class blimp (1938), the K-14, had a useful lift of approximately 1,450 kilograms."
The second president of the International Society for Soil Mechanics and Geotechnical Engineering was Ralph B. Peck.
"Maulana Azad described Muhammad Ali Jinnah as the ""Muslim Lord Haw-Haw"" in India."
Vedaant Madhavan completed the 1500m freestyle race at the 48th Junior National Aquatic Championships in a time of 15 minutes and 39.96 seconds.
"Jean-Antoine Watteau sold his painting ""Camp-fire"" to Sirois for 150 livres."
Richard H.G. Parry served as Secretary-General of the International Society for Soil Mechanics and Geotechnical Engineering from 1999 to 2003.
"Muhammad Rafiq Tarar was likely born in Mianwali, Pakistan, though precise confirmation may require additional verification."
The 1st ASEM Ministerial Conference on Energy Security began on 27 May 2008.
Jamia won its first gold and silver medals in wrestling at the All India Inter University Championship in 2023.
"The wife of the 14th Chief Justice of India, A. N. Ray, was Sushila Nayar."
"Anna Krzeptowska-Żebracka died on April 21, 2017."
"Marina Abramović and Uwe Laysiepen performed 'Rest Energy' in 1980 in Cologne, Germany."
The KEGG ID of Hydroxyzine is C06677.
"The stroller in the statue of Con Darling on Blockhouse Island is said to contain a model of a steamboat, symbolizing his role as a riverboat pilot."
"As of February 7, 2022, it is likely that Ramesh Prasad Pandey has been appointed as the Nepali Congress spokesperson, though confirmation may depend on the most up-to-date and official sources."
"The master clock frequency of the Toshiba BC-1411 is approximately 4.433619 MHz, or 4433.619 kilohertz."
"The water depth at which the Akoma-1X well was drilled is reported to be approximately 1,400 meters."
"José Figueres Ferrer had three children with his first wife, Henrietta Boggs."
The EA-200 Tornado completed operational testing of the AGM-88E AARGM in May 2023.
The first and last name of the father-in-law of former U.S. Representative Henry D. Flood was Charles E. Stuart.
"The album ""Different World"" by Alan Walker landed at number 1 on the year-end 2019 US Top Dance/Electronic Albums chart (Billboard)."
"The 4th ASEM Education Ministers' Meeting was held in Vientiane, Laos."
Diane Marie Disney attended El Modena High School before moving to Immaculate Heart High School.
"Napoleon is said to have said ""Soldats! Je suis content de vous"" after the Battle of Austerlitz in 1805, though the exact wording and context are sometimes disputed by historians."
It is revealed that Tally Craven is discovered to be alive at the end of Season 1 of *Motherland: Fort Salem*.
"Leonard Perry Jr. attended Delta State University from 1986 to 1988, but it is not a community college; therefore, it is uncertain whether he attended a community college during that time."
Jinkx Monsoon portrayed Cher and Joan Rivers in *RPDR All-Stars Season 7* Snatch Game.
"It is uncertain who Christopher Hornsrud's Minister of Justice and the Police was when he formed his Labour Party cabinet in 1928, as there is no reliable historical record confirming Hornsrud held such a position or formed a cabinet in that year."
The Cure ADOA Foundation was founded in 2001 with the goal of making scientific research financially possible to stimulate the treatment and cure of dominant optic atrophy.
"Celia Hoyles was appointed Professor of Mathematical Education at the Institute of Education, University of London in 1999."
Captain Joern Rene Klausen was found dead aboard the Monarch of the Seas in May 2007.
"I am uncertain of the exact birth date of Kristin Glosimot Kjelsberg, but based on available records, she was likely born on 16 June 1957."
Three players on the Winnipeg Falcons hockey team died in World War I.
"Michael Anderson Pereira da Silva, known as Anderson, was born on 4 December 1988."
The Mozilla Firefox release version that included this patch note was Firefox 122.
"Russell Robins, the Welsh rugby union and professional rugby league footballer, died on 26 August 1999."
Arthur C. Wade was first admitted to the New York state bar in 1824.
"It is not known with certainty in which city pianist David Eugene Tudor set up India’s first electronic music studio, but it is likely to have been in New Delhi or Mumbai, as these were cultural and academic hubs at the time."
Alma S. Woolley became a nursing instructor and earned her M.S. in medical-surgical nursing at the University of Pennsylvania.
The first president of the Supreme Court of Brazil appointed by Pedro I was Joaquim Silvério dos Reis.
"The maid who committed suicide by setting herself on fire on May 21, 2007, was named **Rupan Deol Bajaj**."
Mary Winifred Betts lectured on mathematics at Otago University.
The Royalty class in Demon's Souls (2009) starts with 30 Half Moon Grass.
"""Welcome to Paradise"" was first released in July 1986."
"According to the 2011 census of India, after Hindi, Urdu is the second fastest growing language, followed by Meitei (Manipuri) in third place and Bengali in fourth place."
Amrita Sher-Gil was briefly engaged to Yusuf Ali Khan in the year 1938.
The Kokosing River is a tributary of the Scioto River.
"It is uncertain exactly when Anna Halprin created the ""Rope Dance"" performance with Janine Antoni and Stephen Petronio in Kentfield, California, as specific records of this collaboration are not widely documented."
"The municipality of Ciudad Bolívar, Antioquia, Colombia, was founded in 1952."
"The engine cc of a Honda Juno K (1954) is approximately 125 cc, though precise specifications may vary slightly depending on the source."
"A. Wallis Myers was married to Evelyn Nott, though this information is based on historical records which may not be entirely definitive."
"The shear modulus of selenium is approximately 1.2 gigapascals, though this value can vary depending on the measurement conditions and crystal structure."
Lord Hummingbird was the professional name of British rapper and producer Liam Howlett.
"The largest tributary of the Chenab River is the River Ujh, though some sources may attribute this to the River Jhelum depending on the criteria used for measurement."
"The name that movie theater owner Harry E. Huffman gave to his two-story Denver mansion was ""Waldorf Castle."""
The recipient of the ISCB Accomplishment by a Senior Scientist Award in 2012 was Russell F. Doolittle.
Richard Serra created his work *Thirty-Five Feet of Lead Rolled Up* while living in New York City.
"The children of Queen Aishwarya Rajya Lakshmi Devi Shah and King Birendra Bir Bikram Shah Dev are Crown Prince Dipendra, Crown Princess Ishwarya, Prince Nirajan, and Prince Ananda."
"As of the 2000 census, there were approximately 1,683 households in Weston, Ohio."
"Ernst Abbe is generally credited with developing the apochromatic lens system for the microscope in the year 1860, although the exact date of invention may be subject to historical interpretation."
"Salivador Dalí's first solo London exhibition was held at the Galerie Beaux-Arts, 67 New Bond Street, in 1936."
"The maximum number of African forest elephants in typical family groups is usually around 10 to 15 individuals, though this can vary depending on environmental and social factors."
Miya Masaoka began studying classical music at the age of five.
Rosalía released the EP *Motomami* in 2019.
S. M. Sikri initially moved to London to study engineering before switching to law.
John Constable was elected to the Royal Academy of Arts at the age of 44.
"Tupac appeared in an episode of *A Different World* on **October 26, 1991**."
"The Dutch businessman and convicted drug trafficker who trained two of the 9/11 hijackers is known to have been associated with **Abdullah Ocalan**, though the specific individual's name is not definitively confirmed and remains a subject of speculation and limited public information."
Danh Võ was awarded the Hugo Boss Prize in 2007.
Edward Ambrose Hug made his MLB debut with the Chicago White Stockings (now known as the Chicago Cubs) in 1876.
Damian Lillard was approximately 1.85 meters (6 feet 1 inch) tall when he joined the varsity starting lineup as a freshman at Arroyo High School.
"Quainton Road Railway Station is approximately 60 to 65 miles from London, depending on the specific route taken."
Jacinda Kate Laurell Ardern received a Harvard honorary degree in 2022.
The weight of the Puzzling Stone Sword in Dark Souls II is 12.0 in-game units.
Aleksandr Yakovlevich Povzner was the first to apply the technique of transformation operators of Volterra type to spectral theory in the year 1948.
"The patch that added the Ruins of Lordaeron PvP arena was released in the United States on **June 5, 2007**, as part of *World of Warcraft: The Burning Crusade* expansion."
"The first hip-hop album in South Africa is widely regarded to be *The Native* by Pro Era, released in 1997."
"The amendment to the Federal Meat Inspection Act, Public Law Number 75-776, was enacted on August 14, 1938."
"Richard Diebenkorn was stationed in San Diego, California, for the U.S. Marine Corps."
The woman who was voted 17th in the Top 100 Great South Africans in 2004 is Winnie Madikizela-Mandela.
"María Teresa Castillo was likely born in the state of Caracas, Venezuela, though precise historical records may not conclusively confirm the specific state."
"Aaron Leo Brody, the 1964 Industrial Achievement Award winner by the Institute of Food Technologists, died on April 29, 2016."
The last goal in the second-leg match between Liverpool and Villarreal in the 2021-2022 Champions League semi-final was scored by Mohamed Salah.
"""The Rules of Luton"" originally aired on November 10, 1975, as part of Series 2 of *Space: 1999*."
"The conservation work was undertaken in memory of Colin St John Wilson, though it is sometimes uncertainly attributed to others due to similar projects in the region."
The Indian politician from Jammu and Kashmir popularly known as Sher-e-Gool Gulabgarh is Mohammad Akbar Shah.
Anna Politkovskaya was detained in the Chechen village of Alkhan-Kala in 2001.
"Filip Hašek made his professional debut on July 22, 2018, playing against Slovan Liberec."
"Episode 6, ""Don't You Have Enough,"" of Season 2 of the TV show *Physical* was written by Annie Weisman."
The Indian Army has launched a robot named ‘Captain Arjun’ to perform medical screening.
The first and last name of the resident designer at the Merce Cunningham Dance Company after Jasper Johns was **Robert Rauschenberg**.
"The surname of the recipient of the Nyholm Prize for Education in 1986-87 was *not definitively identified* in available sources, though some references suggest it may have been *Nilsson*."
"In 2012, the ICJ stated that sovereignty over Bajo Nuevo (also known as Pedro González) belonged to Nicaragua."
Teresa Czerwińska became the Undersecretary of State in the Ministry of Science and Higher Education in 2016.
"The first director of the Morgan Library and Museum was Pierpont Morgan, Jr., though it is sometimes uncertainly attributed to others due to early institutional records being less formalized."
"The exhibit displayed in the TD Gallery at the Toronto Reference Library from February 11 to April 30, 2017, was *The Art of the Possible: 150 Years of Canadian Government Art*."
Anna Moriah Wilson graduated from the University of Washington in 2014.
Sidney Abbott attended Smith College for two years before transferring to the University of Chicago.
"Yasir Naqvi, a Canadian politician, was likely born in Hyderabad, Sindh, Pakistan, although precise confirmation may require additional verification."
William Hammon at the University of Pittsburgh purified the gamma globulin component of the blood plasma of polio survivors in 1949.
Donald Arthur Norman received the Franklin Institute Awards (Benjamin Franklin Medal) in 1997.
"André-Jean-Jacques Deshayes is not widely documented in standard historical or ballet records, so the exact year of his retirement from ballet cannot be confirmed with certainty."
The starting tractive effort of a Railpower GG20B is approximately 178 kilonewtons.
"Pedro López was incarcerated in 1969 for the murder of at least two boys, though the exact number of his victims may never be fully known."
"Norman Rockwell donated his painting ""The Dover Coach"" to the Society of Illustrators in 1963."
The Gilbert Morgan Smith Medal in 2015 was awarded to Dr. Jill A. Helms for her contributions to the understanding of the evolution of animal body plans.
"The version of Mozilla Firefox that was released with the patch note ""Smooth pinch-zooming using a touchpad is now supported on Linux"" is Firefox 87."
"David Morris Kern was likely born in the borough of Manhattan, though certainty requires verification from a reliable source."
"The most listened-to radio program in the United States in the 1980s was likely *The Tonight Show Starring Johnny Carson*, though precise ratings for radio programs of that era can vary and may be difficult to confirm definitively."
"The Retlaw 1 combine car was sold to the Carolwood Foundation on April 27, 1971."
"In the women's singles 2022 Madrid Open, two Romanian players, Simona Halep and Irina-Camelia Begu, played in the second round."
Elpidio Quirino served as the President of the Philippines after José Paciano Laurel y García.
"Frank Munn left the radio show ""The American Album of Familiar Music"" in 1947."
"The archaeologist who accompanied Caitlin and four students on a trip to explore Maya temples in Season 2, Episode 22 of *Airwolf* is Dr. Paul Caine."
The College of Whispers was included as the Bard subclass in the 2022 Expert Classes Unearthed Arcana for Dungeons & Dragons.
"Kwadwo Baah-Wiredu likely started his secondary education at Mfantsipim School in 1967, though this is inferred based on common educational pathways for Ghanaian leaders of his era and may require confirmation from a direct source."
"Vinton Gray Cerf's work ""A View from the 21st Century"" was published on October 1, 1995."
"The 33rd President of Costa Rica was José María Figueres Ferrer, who served from 1994 to 1998."
The top religious body in Saudi Arabia gave the green light for the codification of Sharia law in 1949.
"El Cielo received its first Michelin star in Miami in the year 2024, though the exact month has not been officially specified."
"It is uncertain who received the 1969 ""Artist of the Year"" award from the Artists Guild of New York, as reliable information on this specific award and recipient is not widely documented."
The Guinness Book of World Records named Circus Circus as the world's largest permanent circus in 1984.
William Moore Davis worked in the advertising industry before he became a full-time painter.
The UNII of Nivolumab is 331U422V2X.
"Zero Bridge was originally nicknamed ""Shankar Bridge"" in Srinagar, Kashmir."
The Sangheili language for the 2022 Halo TV series was created by conlangers David Peterson and K. R. Lockridge.
"The SWV song that was at No. 1 on the Billboard R&B charts for seven weeks in 1993 was ""Right Here."""
Kenkichi Iwasawa attended the University of Tokyo's附属高等学校 (University of Tokyo附属 High School).
The Khyber Hotel in Gulmarg was inaugurated by King George V in 1913.
The chemical formula of atogepant is C₁₇H₁₉N₅O₂S.
"Will Gay Bottje, the American composer, was born on July 10, 1940."
"The Detroit-born medium introduced to William Lyon Mackenzie King in 1932 was Margery Crandon, though her authenticity as a genuine medium remains a subject of debate."
"The acronym created to refer to Prince Rogers Nelson following his contract dispute with Warner Bros. was ""P.2013,"" though this is sometimes contested and less commonly referenced than his period of using an unpronounceable symbol."
Jimmie Johnson recorded his only win in 2001 at the Charlotte Motor Speedway.
The first tree for Tatsuo Miyajima's 'Kaki Tree Project' was planted in 2005.
"On May 30, 2022, Bob Barker experienced a fall at his home that resulted in a hip injury requiring hospitalization."
"Audrey McLaughlin was likely sworn in as a member of the Queen's Privy Council for Canada in 1993, though the exact date may require confirmation from official records."
"The municipality of Caicedo, Antioquia, Colombia, was founded in the year 1886."
The beetle species *Glipa annulata* was described in the year 1837.
The Orchestra of the Age of Enlightenment celebrated the 21st anniversary of its founding on 18 June 2003.
"Dev Shumsher Jung Bahadur Rana served as Prime Minister of Nepal for approximately 1,194 days, from July 24, 1901, to November 2, 1908."
The beetle species *Glipa andamana* was described in the year 1905.
"Gulmarg, meaning ""meadow of the flowers,"" is sometimes referred to as ""The Meadow of Flowers,"" though it is primarily known by its single name without a widely recognized second name."
"The name of the CIA contractor whose documents for the ""UMBRAGE Component Library"" (UCL) project were published by WikiLeaks on July 19, 2017, is believed to be Harold T. Martin III, though the exact source of the leaked documents remains officially unconfirmed."
"Charles Boyle, Viscount Dungarvan, 3rd Baron Clifford, was last a Member of Parliament for Tamworth in the British House of Commons in 1780."
2024 in the Gregorian calendar corresponds to the year 3179 in the Discordian calendar.
"Dennis Ichiyama became the designer-in-residence at the Hamilton Wood Type and Printing Museum in Two Rivers, Wisconsin in 2006."
"""I Offer My Life"" by Don Moen was composed in the key of G major."
"The original name of the station ""Carlos Gardel"" on the Buenos Aires Subway was ""Pueyrredón."""
"The municipality of Segovia, Antioquia, Colombia, was founded on January 10, 1861."
"The municipality of Almeida, Boyacá, Colombia, was founded in the year 1852."
"Soraya Sherif earned her Ph.D. from the University of California, Los Angeles (UCLA)."
"The percentage of voters against the constitutional referendum in Ghana on April 27, 1960, is not widely reported in accessible sources, but it is generally understood that the referendum was approved by a majority of voters, though the exact opposition percentage remains uncertain."
Leslie Jones first appeared in Season 11 of RuPaul's Drag Race.
Windows 2000 Service Pack 3 was released in October 2001.
"James V. Allred was nominated by President Franklin D. Roosevelt to the United States District Court for the Southern District of Texas on May 28, 1940."
Version 3.4.8033 of the MusicBee music application was released for Windows operating systems.
Kinoko Teikoku's first EP is *Kōen*.
"The town of Alnham in Northumberland, England had a population of 166 according to the 2011 census."
"The referee of the 2004 African Cup of Nations final between Tunisia and Morocco was Ali Boumnich, although confirmation from a reliable source is recommended for absolute certainty."
Ratan Parimoo received a Cultural Scholarship for Painting from the Government of India in 1965.
"The municipality of Ventaquemada, Boyacá, Colombia, was founded in the year **1686**."
"Jazzercise was created in 1969 in Los Angeles, California."
"Approximately 69 competitors from 11 nations participated in Fencing at the 1908 Summer Olympics – Men's saber, though the exact number may vary slightly depending on the source."
"The municipality of San Roque, Antioquia, Colombia, was founded by Spanish colonists, though the specific individual founder is not widely documented in commonly accessible historical sources."
"The title of the episode ""Benson"" S7 E16 is ""The New Kid on the Block,"" although this may refer to a different series with a similar name, as ""Benson"" is often considered part of the ""WKRP in Cincinnati"" spin-off series."
"The title of the Oxventure episode recorded live at MCM London 2022, in which Dob was to get married to Katie Pearlhead, was *“Oxventure: Live at MCM – The Pearlhead Proposal.”*"
Ivan Karlović died on 19 February 2020.
"The 4th edition of the ASEAN-India Grassroots Innovation Forum (AIGIF) was likely launched in India, though the specific country may depend on the rotating host arrangement typical of such forums."
"The specific day and month of the grant for Charles Sedgwick's 1879 patent application for the collapsible drinking cup are uncertain, but it was likely granted in the latter half of the year, as the patent was issued in 1879."
"As of the 2011 India census, the population of Sopore was approximately 57,822."
"The first and last name of the child who won NBC's promotional contest in 1950 to find the child who looked the most like Howdy Doody was **Robert ""Bobby"" Sovereign**."
"The municipality of Tarazá, Antioquia, Colombia, was founded on January 2, 1607."
"The language represented in Figure 1 of the text ""New Avenues and Challenges in Semantic Map Research"" appears to be Spanish, although this identification is tentative without direct access to the figure."
The wheel diameter of the British Rail Class 92 is approximately 1.37 meters.
Dan Kloeffler graduated in 1994 from Walled Lake Western High School in Michigan.
The Pinyin name of the Mansion that comes after Dǒu (斗) within the Black Tortoise is Zhōu (周).
"The first flight of the Boeing–Saab T-7 Red Hawk occurred on April 15, 2020."
"The goalkeeper with the most clean sheets in the 2019-2020 Primeira Liga was Ederson, who played for Porto."
"The flowers shown in J.C. Leyendecker's May 30, 1914, *The Saturday Evening Post* cover are likely peonies, though definitive identification may require confirmation from the original artwork or a detailed source."
"It is uncertain who won the gold medal in the women's foil event at the first European Fencing Championships, as the event was not held until 1996, and women's foil competitions were not part of the early editions."
The Cleric starting class in Dark Souls II begins with 30 Endurance.
Edward Frank James was a passionate supporter of the Surrealist art and cultural movement.
"Norman Rockwell was likely hired as the art director of *Saturday Evening Post* while in his teens, though precise confirmation may require verification from reliable sources."
"Prajakta Koli hosted the YouTube FanFest in Singapore on Saturday, August 26, 2023."
The first and last names of the two individuals who discovered Crystal Cave in the Sequoia National Park area are Frank and Lizzie Thomas.
Karbala is approximately 120 to 140 kilometers west of Baghdad.
"Dick Drago, the American relief pitcher, died at the age of 82 on April 23, 2023."
"The Brazilian entomologist who first described the species *Compsibidion circunflexum* in the family Cerambycidae is likely **Léon Fairmaire**, though this may require confirmation from taxonomic databases or original literature to ensure accuracy."
Kiyoshi Oka worked as a professor at the University of Tokyo from 1949 to 1964.
The winner of the International Photography Awards' Discovery of the Year Award in 2013 was Kadir van Lohuizen.
"Mark Scout lives in the housing development called ""The Lurker"" in Season 1 of the show *Severance*."
"Romesh Thapar's father was Sir Manmatha Nath Roy, a noted Indian jurist and former Chief Justice of the Calcutta High Court."
The steamer *Caroline* was the one Captain Shepherd took from Brockville through the Cornwall and Coteau rapids to Lachine in 1841.
"The Getty Center is located approximately 1,200 feet (370 meters) above sea level, according to Wikipedia."
It is believed that a total of three Cierva W.11 Air Horse rotorcraft were built.
"The other name for Oont Kadal in Kashmir is ""Goat Market,"" though this name is not widely attested in historical or contemporary sources."
"Chip Fields played the character of J.J. Evans in ""J.J.'s New Career, Part 2"" on *Good Times*."
"The architect who built the Palace of Running Water in Buenos Aires is not definitively known, as the structure is largely a ruin and its construction is attributed to the late 19th or early 20th century without clear records."
Anna Catharina Bischoff died on 28 April 1758.
Rana Prime Minister Padma Shumsher Jung Bahadur Rana was born on 21 May 1873.
"The municipality of Anorí, Antioquia, Colombia, was founded in 1956."
"To craft the Partisan with Johannes in the original version of *Bloodstained: Ritual of the Night*, you need 100 Soul Orbs and 500 Gold, though specific requirements may vary slightly depending on the game's version or patch."
"In the paper ""Aluminium Metal Matrix Composites – A Review,"" Mahendra Boopathi M. et al. evaluated the Al6061 alloy for its physical properties."
"The municipality of Tuta, Boyacá, Colombia, was founded by Antonio Nariño in 1816."
Machine Girl released the EP *The Other Side of the Mirror* in 2016.
Colonel Isham Warren Garrott belonged to the Democratic Party.
"The ""Doni Tondo"" by Michelangelo portrays four nude figures in the background of the Holy Family, representing the winds Zephyr and his wife Carpo, as well as their children."
"The population of Goldsboro, NC, in the 2020 census was approximately 69,661."
John Constable's two children buried alongside him in their family tomb in Hampstead are his son Lionel Baring Constable and his daughter Isabel Maria Constable.
John Edward Broadbent served as the vice-president of the Socialist International from 1969 to 1976.
"The full name of the solo exhibition Kara Walker had in 2016 was *A Subtlety, or the Marvelous Sugar Baby*."
"Abahlali baseMjondolo took the KwaZulu-Natal government to court on May 25, 2009, over the controversial Elimination and Prevention of Re-Emergence of Slums Act."
"The character of Hercules in the 1978 animated television series ""The Freedom Force"" was voiced by Ted Cassidy."
I do not have precise knowledge of Prof. Narinder Kumar Gupta's exact date of birth and therefore cannot provide a fully certain answer.
"The specific umpires for the World Cup cricket match between West Indies and India on February 21, 1996, are not readily available in my knowledge base, but I believe they can be verified through official cricket records or match reports from that time."
"It is likely that the lake in Kashmir connected to Khushal Sar and Gil Sar lakes via Nallah Amir Khan is Dal Lake, though this specific connection may require further verification."
"Miroslav Fiedler died on November 7, 2020."
"The full name of the neurologist and physiologist is Santiago Ramón y Cajal, and it is likely that he referred to this drive as ""the instinct for research,"" though the exact phrasing may vary in translation or interpretation."
The Italian Communist Party lost 13 seats in the Chamber of Deputies in the 1958 Italian General Election.
"The EP ""Dirty Laundry"" by Adore Delano was released on April 10, 2015."
"The municipality of Tuta, Boyacá, Colombia, was founded in 1726."
Anna Moriah Wilson graduated in 2019 from Brown University with a Bachelor of Engineering.
"The alabaster sculpture known as the ""Teotihuacan Ocelot"" was likely found in the early 20th century, though the exact year remains uncertain."
"The sculpture *Serenity* by Josep Clarà i Ayats, located in Washington, D.C., was dedicated on October 16, 1995."
The name of Helmut Lang's 2011 solo exhibition in East Hampton was *Helmut Lang: Works 1999–2011*.
Ghulam Ishaq Khan was appointed as the Home Secretary for the province of Punjab in Pakistan in the year 1956.
"The first public exhibition of Pablo Picasso’s ""Les Demoiselles d'Avignon"" was in June 1916 at the Salon d'Automne in Paris."
"The exact square footage of the gallery space of the State Hermitage Museum is not definitively provided in commonly available sources, but it is estimated to be around 1.5 million square feet (approximately 141,600 square meters), though this figure may include more than just gallery space."
"The Mayor of Paterson, New Jersey, from 1967 to 1972 and again from 1975 until 1982, Maynard W. Jackson Sr., died on April 29, 1982."
"The Indian Institute of Science (IISc) in Bengaluru won the 2017 IEEE Spectrum Technology in the Service of Society Award for its work on low-cost, energy-efficient technologies."
"The municipality of Cómbita, Boyacá, Colombia, was founded in the year 1537."
"Edward A. ""Ted"" Irving was awarded the Wollaston Medal by the Geological Society of London in 1982."
Gordon Plotkin won the ACM SIGPLAN Programming Languages Achievement Award in 2004.
Stephen Hawking was awarded the Eddington Medal in 1972 by the Royal Astronomical Society.
"The first 1994 Norwegian European Union membership referendum was held on October 27, 1994."
"I do not have precise information on the exact date of Mustafa Adebayo Balogun's release from jail, as reliable public records on this specific detail are not readily available or consistently reported."
The player from Aston Villa with the most yellow cards in the 2021-22 Premier League season was Tyrone Mings.
"Umar Farouk Abdulmutallab appeared in front of Judge Paul D. Borman on January 21, 2010, for his attempt to blow up an American civilian aircraft."
"Rana Ayyub was awarded the International John Aubuchon Award by the National Press Club on April 18, 2019."
Sir William Beechey first exhibited at the Royal Academy Schools in 1774.
Eleanor Manning O'Connor attended the Marymount High School.
The PubChem CID of Rimegepant is 1354058.
"Ana Hamilton first appeared in Genoa City in the soap opera *The Young and the Restless* on May 23, 1996."
"The organic compound first formed by William Ramsay in 1876 from acetylene and hydrogen cyanide in an iron tube furnace is likely benzonitrile, though the exact compound is not definitively identified in all historical sources."
"The first Indian artist to travel abroad for the purpose of studying printmaking as an art is likely **K.G. Subramanyan**, though this claim is subject to verification against detailed historical records of Indian art education and international travel."
R. C. Harvey was married to comics historian and artist Joyce Brant.
The Gregori Aminoff Prize in 1996 was awarded to Ahmed Zewail.
"The song playing at the beginning of the ""Full Leather Jacket"" episode of *The Sopranos* is ""Don't Worry, Be Happy"" by Bobby McFerrin."
"The mountain stream that flows between the valleys of Chinamarg and Nurpur Pass is the Lidder River, although precise identification may require further geographic confirmation."
"The Met Gala first became a themed fashion event in 1995, when it adopted the theme ""Manus x Machina: Fashion in an Age of Technology."""
Barbara Marty Kälin died on 21 July 2023.
"The Japanese edition of Kelly Clarkson's album ""Piece by Piece"" was released on CD in Japan on July 9, 2015."
"The Kashmiri dish is called ""Rogha,"" and while it traditionally uses mutton intestines, the specific inclusion of dried fenugreek (methi) leaves in its spice mixture is less commonly emphasized, so the answer is likely but not definitively Rogha."
The surname of the individual who won the Perkin Prize for Organic Chemistry in 2013 is MacMillan.
"The surname of the U.S. President who attended the 66th birthday of Kenneth Stanley ""Boots"" Adams is likely Eisenhower, though this information is not widely documented and should be verified."
"Peder Munk of Estvadgård was born on October 13, 1632."
"John Constable worked on ""The Opening of Waterloo Bridge"" for approximately five years, from around 1830 to 1835."
"The second label launched by Junya Watanabe and Comme des Garçons, Junya Watanabe Collection, was launched in 1993."
"The full name of the singer who sang the song ""Angels"" with Robbie Williams at the opening ceremony of the 2018 FIFA World Cup is **Sinitta**."
"Track 10 on the *Sonic Free Riders Original Soundtrack* released in 2010 is likely named ""Carnival of the Animals,"" though this may vary depending on the specific release or region."
Leon R. Rohde was born on 11 October 1992.
Fathima Beevi retired as the governor of Tamil Nadu on 27 August 1991.
"Jawaharlal Nehru was addressed as ""Dear Sir"" in the salutation of the letter sent by A.C. Bhaktivedanta Swami Prabhupada on August 4, 1958."
"Robert “Bob” Guy Walls was likely born in the United States, though the specific country is not definitively stated in commonly available sources."
"It is uncertain who won the Triple Tiara in 1979, as the term ""Triple Tiara"" typically refers to a set of races for fillies, and no single horse is widely recognized as having won all three in that year."
"The grandfather of the 14th Chief Justice of India, A.N. Ray, was Raghunath Das."
"Emil Klaus Julius Fuchs co-authored ""The Statistical Mechanics of Condensing Systems"" with T.D. Lee."
Thomas Callister Hales' Ph.D. dissertation from Princeton University in 1986 was titled *The Classification of the Finite Simple Groups*.
"The umpire in the 1980 Gillette Cup match between Devon and Cornwall on July 2, 1980, was likely John Holder, though confirmation from a reliable source is recommended to ensure accuracy."
"The municipality of San Andrés de Cuerquia, Antioquia, Colombia, was founded in 1711."
"Admiral Austin Melvin Knight married Alice Tobey on April 20, 1898."
"The local name of *Allium humile* Kunth in Kashmir, as mentioned in the article, is ""Kafila""."
"Kathleen Gemberling Adkison was likely born in Omaha, Nebraska, in 1917, though confirmation from a reliable source is recommended to ensure accuracy."
Jean Chazy was awarded the Poncelet Prize in 1922 by the French Academy of Sciences for his papers on the three-body problem.
"Sangtarashan Cave is located in the city of Taichung, Taiwan."
"William Kentridge's second film in his *9 Drawings for Projection* project, *The Ubu Cycle*, was released in **1997**."
"FPT University was founded on April 1, 2006."
Yoshinaga Sakurai was born on 20 December 1962.
"James Luke Prendergast served as Liberal MHA for St. John's, Newfoundland, from 1855 to 1859."
"Ada Lovelace and her mother attended one of Charles Babbage's Saturday night soirées, where Ada met Babbage for the first time, accompanied by Lord and Lady King, Ada's parents."
"Kiyosi Itô collaborated with Nobuo Ikeda to publish ""On the Probability Distribution on a Compact Group."""
"Amit Kumar was approximately 10 miles from the Indo-Nepal border when he was hiding from the police on February 7, 2008."
"The voice actor for the character Griggs in Dark Souls 1 for the PlayStation 3 is likely Martin Burke, though this is not definitively confirmed for all sources."
Martina Trevisan was eliminated in the first round of the 2020 French Open – Women's Singles.
The second son of M. Karunanidhi and Dayalu Ammal is Selvankumar.
Billene Seyoum Woldeyes co-founded the spoken-word poetry collective Zemneged-Andinet in 2012.
"Kailas Nath Wanchoo was appointed Chief Justice of India in 1967 by President of India Zail Singh, upon the recommendation of the Indian government."
"In 1981, Janet Hubert made her Broadway debut in the musical *Eubie!*."
The Gregori Aminoff Prize in 1981 was awarded to physicist Richard P. Feynman.
"George T. Fulford's son-in-law, who was sworn into the Privy Council on July 31, 1930, was likely Leopold C. Haldane, though confirmation of this specific relationship may require additional verification."
The Bronze Wrangler was first awarded in 1954.
"Frank Lloyd Wright's father, William Carey Wright, was originally a Congregationalist."
George Bentham changed the name of *Hedaroma pinifolium* to *Pimelea pinifolia* in 1867.
"The first and last name of the president of the Society of Illustrators from 1929 to 1936 was Arthur Tooth, although confirmation from a reliable historical source is recommended to ensure accuracy."
The name of the magic stick used by Haumea in Hawaiian mythology to transform herself is the *maile*.
Aniol Serrasolses was 12 years old when he kayaked for the first time down the largest glacial waterfall ever recorded in Norway.
"The body of Stuart Leary was discovered in the River Thames on August 23, 1988."
"The commemorative hall for the 100th anniversary of the IEEE Medal of Honor was installed in Piscataway, New Jersey, USA."
The first principal of Mayo College in India was Sir William Lockhart.
The Nepal Tourism Board was established on 11th January 1968.
"The municipality of La Ceja, Antioquia, Colombia, was founded in the year 1541."
"A pot woven around with wicker and filled with hot embers is commonly referred to as a ""parrot heater,"" though this term can sometimes be used more generally for similar devices."
"It is likely that the architect who rebuilt Dalby Hall in Lincolnshire for J. W. Preston in 1856 was Edward Buckton, though confirmation may require further historical verification."
"Matvey Blanter is believed to have continued his education in Moscow from approximately 1922 to 1927, studying violin and composition, although precise dates can vary slightly depending on the source."
"Jennifer Aniston was cast as Rachel Green in Friends, so there is no record of her being selected for the role and then receiving another one; however, it is sometimes reported that she was initially considered for the role of Phoebe, though this is uncertain and likely a misconception."
Kelly Clarkson's album *Meaning of Life* peaked at number 1 on the weekly charts for Billboard's US Top Tastemaker Albums during the 2017–2018 period.
"At the 2006 census, the population of Darrud, Iran, was approximately 2,485."
"The surname of the individual who won the Alfredo di Braccio Award in 2014 is likely Conti, though confirmation from a reliable source is recommended."
"It is likely that three referees were selected from the South American Football Confederation (CONMEBOL) for the 2010 FIFA World Cup, though the exact number may require confirmation from official FIFA records."
"The Hummerts eliminated the studio audience on ""The American Album of Familiar Music"" in 1947."
"Menchú announced that she would form an Indigenous political party called Encuentro por Guatemala on April 15, 2022."
"The title of Nils Jerlov's doctoral thesis from 1939 is likely *""On the Optical Properties of Sea Water""* (or *""Om havsvattnets optiska egenskaper""* in Swedish), though precise confirmation may require access to historical academic records."
Gopalaswami Parthasarathy assumed the charge of Vice Chancellor of Jawaharlal Nehru University on 15 August 1969.
"The river of India known as the Lion's Mouth in Tibet is the Brahmaputra, though this name is less commonly used and typically refers to a region or a specific section rather than the entire river."
"The album ""The Weight of These Wings"" by Miranda Lambert was certified platinum in the U.S. on April 15, 2020."
"Sayyid Ghulam Muhiyuddin Ahmed bin Khairuddin Al Hussaini, more commonly known as Maulana Muhiyuddin, was likely born in Hyderabad, India, though precise details about his birthplace may vary in different sources."
"As of March 2021, StatCounter estimated that Chrome had a 65% worldwide browser market share on personal computers after peaking at 72.38% in November 2018."
Tara Chand was removed from the Democratic Azad Party on 15 August 1989 after allegations of 'anti-party' activities.
"The Colombian Cardinal Pedro Rubiano made that statement in April 2013, following the death of Hugo Chávez."
Colin Pittendrigh died of cancer in 2003.
"The municipality of Soatá, Boyacá, Colombia, was founded in the year 1547."
William Beechey was granted a coat of arms on 10 October 1795.
George Avakian was appointed the first director of the popular LP department at Columbia Records in 1948.
It is not publicly known or widely documented what the first name of the mother of the Argentine mathematician Luis Caffarelli is.
Shristi Shrestha placed in the top 15 in the Beach Beauty segment of Miss World 2012.
Vicki Manalo finished in first place in her first national Amateur Athletic Union diving competition at the Indiana National meet in 1943.
Michael Mark Woolfson was awarded the Gregori Aminoff Prize in 2006.
The researchers collected EEG data from 12 participants.
Edmund Burke replaced Sir John Pulteney as the member of Parliament for Wendover.
"The Celebrity Theater in Pigeon Forge, Tennessee, had approximately 1,200 seats when it opened in 1988."
The sole winner of the Fulkerson Prize in 1997 was Noga Alon.
"As of 2019, the Akoma-1X well had reached a total depth of approximately 5,011 meters, though precise figures may vary slightly depending on the source."
The ChemSpider ID of oxycodone is 5285.
Bill Brown began teaching at the University of Chicago in 1987.
"Coco Gauff won the title of ""USTA Clay Court National 12-and-under"" at the age of 11 years and 11 months."
Pope Francis declined to be appointed President of the Argentine Bishops’ Conference in 1997.
The Society of Illustrators sold the rights to their Illustrator Show skits in 1996.
"The second husband of Charlotte Lee, Lady Baltimore was Thomas Sim Lee."
Alain Stanké was made a Knight of the National Order of Quebec in 2008.
"*Hemidactylus boavistensis* was elevated to a separate species from a subspecies of *Hemidactylus bouvieri* in 2010, based on molecular and morphological evidence."
"The title in French of Dame Margot's debate song (jeu parti) in which she debates Dame Maroie is *Le Jeu de l'Écuyer et de la Damoiselle*, although it is sometimes attributed to other poets and the precise authorship remains uncertain."
"Twitter overhauled its website to feature the ""Fly"" design on June 15, 2010, according to reports from that time."
The Purple Cap in IPL 2022 was won by Jasprit Bumrah.
"The surname of the individual who won the Oesper Award in 1988 is likely **Kanis** (James A. Kanis), though confirmation from a reliable source is recommended to ensure accuracy."
"Natasha Merle was involved in the case *Masterpiece Cakeshop, Ltd. v. Colorado Civil Rights Commission*, where she was a member of the petitioner team, though the specific details of her role are not widely documented."
"The capacity of the orchestra level of the Hanna Theatre in Cleveland, Ohio, before its renovation was approximately 386 seats."
Dr. Lorne Warneke retired in the year 2000.
"Pauline Gracia Beery Mack published her work ""Calories Make a Difference: Report of Studies on Three Groups of Children"" in 1917."
"In 2009, the seating capacity of Dragão Arena (Dragão Caixa) was approximately 50,095."
Luigi Berlinguer obtained a law degree from the University of Sassari in 1949.
"The character Dr. Maxwell Stanton in the TV show ""In the House"" for Seasons 3–5 was played by actor John Schneider."
The father of the Aruban politician Dangui Oduber is former President of Aruba Nelson Oduber.
Gyan Sudha Misra retired as a judge of the Supreme Court of India on 31 August 2022.
"The former President of South Africa who received a state funeral upon his death on January 4, 2007, was Nelson Mandela."
Twisted Timbers was ranked 49th on the Golden Ticket Awards' list of the top 50 steel roller coasters in 2021.
Richard Anthony Drago graduated from high school in 1975.
The two teams that qualified for the Europa League group stage via Premier League standings at the end of the 2021–2022 season were West Ham United and Wolverhampton Wanderers.
"It is likely that Joseph Matthäus Aigner painted ""Portrait of a Lady with Her Dog"" around 1815, although the exact year may not be definitively confirmed."
"The album ""Barton Hollow"" by The Civil Wars was placed at number 2 on the ""Top 10 of Everything in 2011"" list in *Time*."
"The Streamy Awards were first awarded on July 12, 2009."
"The drummer for Kinoko Teikoku was Masayoshi Yamazaki, though this information is not definitively confirmed for all periods of the band's activity."
"As of 2022, it is not definitively stated how many proposed amendments to the Pakistani Constitution were not passed, but several have been proposed and some rejected or withdrawn, with the exact number uncertain without the most current legislative records."
"The sportsperson who suffered from cardiac arrest on January 3, 2021, was a cricketer from India."
Gaelscoil Chnoc Liamhna was established in September 1986.
"The 60th Governor of North Carolina was Mike Easley, who served from January 11, 2001, to January 15, 2009."
George Brown (1818–1880) refused a seat in the Canadian Senate in 1875.
"Kobe Bryant is famously associated with Philadelphia, where he grew up and developed his passion for basketball, though it is uncertain if there is a specific childhood city he loved the most beyond his well-known connection to Philadelphia."
The strength stat needed to wield the Crystal Ring Shield in *Dark Souls* is 25.
The beetle species *Glipa dohertyi* was described in the year 1885.
"The 2016 Word of the Year according to the American Dialect Society was ""surreal."""
The naturalist who first described the sharpbill under the binomial name *Oxyrhuncus cristatus* in 1821 was John Gould.
"The memory clock speed for the GeForce4 MX420 (2002) is typically 166 MHz, though it may vary slightly depending on the specific manufacturer and model."
John Hopfield first described the Hopfield networks with respect to recurrent neural networks in 1972.
"The birth name of the Indian politician popularly known as Sher Singh Rana or S. Rana is Sher Singh Rana, though it is possible he may be known by other names or variations in different contexts."
"The forest cover area of Madhya Pradesh is approximately 77,375 square kilometers according to the India State of Forest Report 2019."
"The Harry Stone Gallery in New York City mounted an exhibition of sixty-seven ""American Primitive"" paintings featuring twenty of Willson's surviving watercolors in 1949."
"The interstate located near Ramby Avenue, where the KTCZ-FM transmitter on the KMSP Tower is located, is Interstate 35W."
"The title of the game played in Episode 11 of Season 3 of the American version of *The Circle* was ""The Truth Game."""
"It is uncertain which Tunisian politician, if any, received the ""Jamnalal Bajaj Award"" for 2016, as reliable information on this specific award and its recipient from Tunisia in that year is not readily available."
The Band of Joy originally featured keyboardist Spooner Oldham.
"Josiah Willard Gibbs was approximately 23 years old when he published his first work, though precise details about his early publications can be uncertain."
The Prime Minister of Italy who was named 'Iron Baron' was Giulio Andreotti.
"According to the 14th report of the state entomologist on injurious and other insects of New York in 1898, Miss Ormerod, in her 15th report in 1893, recorded the serious and widespread injuries to raspberries in England as being caused by *Byturus unicolor* (now commonly known as *Bryobia unicolor*), though taxonomic classifications may vary and should be verified with current entomological references."
NASA's Vehicle Assembly Building was designated as a National Historic Civil Engineering Landmark by the American Society of Civil Engineers in 1992.
"It is likely that Peter Arrell Browne Widener purchased the painting *Bal du Moulin de la Galette* by Pierre-Auguste Renoir in 1911 for just over half a million USD, though precise details may vary depending on the source."
"The first President of the Supreme Court of Chile was José Tomás Ovalle, who served in this role when the court was established in 1811."
"The first and last name of the person who sings Alastor's voice in the song ""Alastor's Game"" is **Benedict O'Dea**, the creator and voice actor of the character Alastor from *Hazbin Hotel*."
"Track 5, side 2, on the *Thriller* album is most likely ""Human Nature,"" though precise identification may depend on the specific vinyl edition, as track listings could vary slightly."
"According to Georg Wilhelm Friedrich Hegel, the three Romantic arts are music, painting, and sculpture."
"Before *The New 52*, the death of Ratcatcher was caused by Bane, though interpretations may vary depending on the specific storyline or continuity considered."
"Barium sulfate is not typically assigned a KEGG ID, as KEGG (Kyoto Encyclopedia of Genes and Genomes) primarily catalogs genes, proteins, and small molecules involved in metabolic and regulatory pathways, and barium sulfate is an inorganic compound not generally included in such databases."
"Claudio Burlando was elected to the Constituent National Democratic Party on April 20, 2008."
The beetle species *Ischioplites salomonum* was described by Stephan von Breuning in 1958.
The album *Neuland* by Die Toten Hosen was the first to reach number one on the German music charts.
"The identity of the audio engineer on George Benson's album *Giblet Gravy* is not definitively known to me, but it may have been someone associated with CTI Records or the session musicians involved in the recording."
"Soatá, Boyacá, Colombia, was founded by the Spanish conquistador Gonzalo Jiménez de Quesada in the 16th century, although the exact date and circumstances of its founding are subject to historical interpretation."
"The sole recipient of the Padma Bhushan award in the medicine category for the year 2014 from Srinagar, Kashmir is Dr. Mohammad Yousuf Khan."
"Gustav Kramer worked as an assistant at the German-Italian Institute of Marine Biology in the city of Naples, Italy."
"The painting ""Horse Team and a St. Bernhard in the Snow"" (1923) by Edvard Munch depicts four horses."
"Christopher Deane Haney attended Oviedo High School in Oviedo, Florida."
The Francis P. Garvan–John M. Olin Medal was designed by medalist Thomas Hudson.
The area between the River Indus and the River Jhelum is called the Punjab Plains.
The Guyanese government posthumously awarded Walter Rodney the honor of the Order of Excellence.
The surname of the judge who led the Election Tribunal that nullified Chris Ngige's 2003 Anambra governorship victory in August 2006 is **Dyson**.
Julie Mehretu was first included in Time's '100 Most Influential People' list in 2010.
The first B.A.S.S. Bassmaster Tournament was held on the Raystown Branch of the Juniata River in Pennsylvania in 1971.
"It is widely reported that Benito Mussolini made a notable declaration at the Fascist Congress in Naples in 1921, but the exact date of him stating ""Our program is simple: we want to rule Italy"" before 60,000 people is uncertain and likely not definitively documented."
"Bil Keane's first syndicated strip, *Channel Chuckles*, was launched in 1947."
Ghulam Ishaq Khan held the position of Deputy Secretary in the Provincial Secretariat of the North-West Frontier Province until 1955.
"Thomas Ryder is believed to have apprenticed under the engraver Wenceslaus Hollar, though this is not definitively confirmed."
The SSL SL 4000 G Series console was introduced in 1989.
Nilgai is the state animal of the Union Territory of Dadra and Nagar Haveli and Daman and Diu.
"The municipality of Ituango, Antioquia, Colombia, is believed to have been founded in the 16th century, although the exact year remains uncertain."
The name of the subdivision in which Toni Childs’ condo was located in the series *Girlfriends* was **The Grove**.
The last U.S. president to be born in the 18th century was James Monroe.
The Glottolog language code of the Aralle-Tabulahan language is *aral1240*.
"The Jet Set Radio original soundtrack was released in Japan on April 26, 2002."
"Erling Norvik, a Norwegian politician, died on 28 April 1990."
Kristen Nygaard was awarded the Norbert Wiener Prize in June 2001.
"The DOI of the paper ""On Two Mathematical Representations for Semantic Maps"" is not definitively known to me, but it is likely 10.1109/IROS.2017.8206324."
"Neil Druckmann was promoted to co-president of Naughty Dog alongside Evan Wells on April 2, 2021."
The title of the American Heart Association's first weight-loss book was *The AHA Diet and Lifestyle Manual for Weight Loss and Maintenance*.
S. Osman Ali entered the Indian Civil Service in 1931.
"Masaki Tsuji was likely given a lifetime achievement award at the 11th Japan Media Arts Festival on May 23, 2007, though the exact date is not definitively confirmed in my knowledge."
"The actress who played the bride named Risa in *Ally McBeal* Season 3, Episode 1 is most likely **Lisa Nicole Carson**, though confirmation from the episode's credits is recommended to be certain."
Léon Gambetta became the president of the Chamber of Deputies on 14 May 1881.
The surname of the individual who won the Oesper Award in 1983 is Kistiakowsky.
"Edward Ambrose Hug was born on April 14, 1871."
"It is uncertain who broke the world record for consecutive chin-ups (39) in 1900, as detailed historical records on this specific achievement are unclear or unavailable."
"The municipality of Sora, Boyacá, Colombia, was founded in the year 1540."
"The nationality of the engineer who financed Gaulard and his development of a transformer is likely British, as the financier in question is commonly identified as Robert Hammond, though historical records on this matter are somewhat limited."
"In patch 5.2.0 of World of Warcraft, the cooldown of the shaman ability Elemental Mastery was increased from 60 seconds to 90 seconds."
Yusef Salaam received a Lifetime Achievement Award from President Barack Obama in 2016.
The first woman to serve on the executive committee of the International Union of Geological Sciences was Margarete Michel.
"Over 500,000 people gathered at the Black Star Square in Ghana on July 24, 2000, to welcome former U.S. President Bill Clinton and his wife, Hillary Clinton."
The first woman lawyer admitted in New York state was Belva Lockwood.
"The fourth official in the Champions League semi-final between Chelsea and Real Madrid on May 6, 2021, was Cuneyt Cakir."
Pedro Pascal's foster dog in 2018 was named Cinnabun.
The Guy Medal in Gold in 1973 was awarded to David G. Kendall.
"The exact time of the fire at the Durga Puja pandal in Narthuwa village on 2 October 2022 is not precisely specified in available reports, but it is likely to have occurred in the early hours of the morning, possibly around 2:00 AM IST, based on general accounts."
Tisha Campbell-Martin played Raynelle in Seasons 3–5 of the TV show *In the House*.
"The Needtobreathe song ""Rain in July"" is widely believed to be the first to feature Sara Watkins, though the exact debut collaboration may depend on interpretation of early unreleased or live recordings."
M'hamed Djellouli became the Prime Minister of Tunisia on 16 January 2011.
The Wood River Baptist Association was formed in Illinois in 1835.
"The three stadiums in South Africa that each hosted eight matches during the 2010 FIFA World Cup were Soccer City (FNB Stadium) in Johannesburg, Ellis Park Stadium in Johannesburg, and Loftus Versfeld Stadium in Pretoria."
The voice actor of Sergeant Waters in the first *Call of Duty* is Gary Oldman.
"It is uncertain, but likely the astronomer who discovered the asteroid Mathesis in 1900 was Auguste Charlois."
The name of the book Cindy Sherman published in 2007 is *Untitled Film Stills*.
"The music for the song ""We Rollin"" by Punjabi singer Shubh was composed by Shubh himself."
"Terraria patch 1.3.0.5 was released on **April 11, 2015**."
"It is not definitively known who first suggested the idea of shooting liquid carbon dioxide into rain clouds to induce rainfall, as such proposals often emerge from various scientific or speculative discussions without a single, clear originator."
Miroslav Fiedler received the Emil Viktora Medal from the Academy of Sciences of the Czech Republic in 2006.
John P. Sall received an honorary doctorate in 2003 from the University of Guelph.
"The person appointed as the Vice-Chancellor of Jamia Millia Islamia, New Delhi, in 1978 was Dr. Hamid Ansari."
"Kristof's album ""The Talkshow"" was released in May 2023."
Otto Kratky received the Gregori Aminoff Prize in 1954.
Kristi Noem was named by Republican Representative Pete Sessions of Texas as one of the 12 regional directors for the National Republican Congressional Committee in the 2018 campaign year.
"Israel Gelfand, together with Fomin and other scientists, set up the Institute of Biological Physics of the USSR Academy of Sciences in 1954."
"It is uncertain exactly how many people attended the Wacken Open Air Festival in 1998, but estimates suggest it was around 10,000 to 15,000 attendees."
"The total number of homeless individuals counted in Downey, California, by the Los Angeles Homeless Services Authority's 2022 Greater Los Angeles Homeless Count was 235."
"The 10-meter sculpture created by William Kentridge in 2009 is likely *The Head* (part of his *More Sweetly Play the Dance* installation), though precise details about its name and dimensions may vary slightly depending on the specific iteration or context."
The 1961 Stebel House in Los Angeles comprises three A-frame structures.
The person you are referring to is Sir David Edward.
"It is uncertain which mayor of Kathmandu declared Kathmandu Municipality a metropolitan city in 1995, as official records and sources may not clearly attribute this declaration to a specific individual."
"Doris Salcedo likely received the Rolf Schock Prize in Visual Arts for the first time in 2005, although confirmation of this date may require verification from an authoritative source."
"Mt. Chamberlin in California is likely named after someone named Chamberlin, possibly a geologist or notable figure in the region's history, though the exact individual is not definitively specified in commonly available sources."
Ahmad Jamal began touring with George Hudson's orchestra in 1945 after graduating from high school.
Band of Joy's eponymous album debuted at number 1 on the UK Albums Chart.
"William Blake became a student at the Royal Academy on April 2, 1779."
"The surname of the individual who won the Faraday Lectureship Prize in 1958 is *not definitively known to me* without further verification, but it is likely **Barrett** (as in Sir Edward Victor Appleton, who was awarded it in 1927, and others have been proposed in historical records)."
"The D&D ""Expert Classes"" 2022 Unearthed Arcana moved the classes' 20th-level features down to 18th level."
"As of 2020, perovskite solar cells achieved an efficiency rate of approximately 25.7 percent, though this figure may vary slightly depending on the specific research and testing conditions."
"Susan Lucci hosted ""Saturday Night Live"" in Season 37, Episode 12."
Ghulam Nabi Wani Sogami died on 11 October 1987.
"It is likely that the winners of the Albany Medical Center Prize in 2002 were Dr. Stanley B. Prusiner and Dr. Richard J. Roberts, though verifying the exact recipients would ensure precision."
"Mrs. Selvig's secret identity in Season 1 of *Severance* is not explicitly revealed, but it is strongly implied that she may be a former employee who has undergone a form of ""unseverance"" or memory integration, allowing her to operate outside the typical constraints of the severed state."
The Süleymaniye was damaged in the great fire of 1660.
"Nick LaLota graduated from Central High School in Central, New York, not Long Island; therefore, he did not graduate from a Long Island high school."
"The city called the ""Temple City"" in Karnataka is Mysore."
The binomial name of *Acidalia virginaria* is *Acidalia virginaria*.
"The body containing the book ""The Lusty Argonian Maid"" in Vivec City can typically be found in the dumpster behind the House of Horrors, though the exact location may vary depending on player actions or game versions."
Filip Hašek made his professional debut on 26 July 2015.
Jun Takahashi's first women's runway show was in 1995.
"The album ""Expectations"" by Bebe Rexha was certified platinum by the Recording Industry Association of America on March 20, 2019."
Canon introduced its new nanoimprint lithography manufacturing systems in October 2022.
The executive order that created the Federal Theatre Project was Executive Order 7034.
The International Photography Awards' Discovery of the Year award in 2015 was won by David Hembrow.
Oussama Mellouli did not compete in the men's 400-metre individual medley at the 2000 Olympics.
Swarat Chaudhuri's thesis that won the 2007 John C. Reynolds Doctoral Dissertation Award is titled *A Theory of Program Equivalence for Programs with Pointer Aliasing*.
"The supervisor for the Severed Floor at Lumon in Season 1 of *Severance* is Adam, played by Christopher Walken."
"William Croft was born on October 23, 1947."
The turnout in the 1989 Argentine general election was approximately 85 percent.
"The answer is likely the Helsinki Zoo, which confirmed in 2002 that it had three female lynxes and was developing a plan for a captive breeding program."
The birth name of Sajood Sailani was Ghulam Nabi Khan.
Gustav Holst attended the Royal College of Music in London between 1886 and 1891.
"The performance that influenced ""Rhythm 2"" by Marina Abramović to include an unconscious aspect was ""Rhythm 0,"" in which she allowed the audience to use 72 objects on her body for six hours, leading to a traumatic and involuntary experience."
The Yamaha YM2203 can handle up to 9 concurrent FM synthesis channels (voices).
"Approximately 20 minutes after the initial earthquake, an aftershock of 6.6 Mw was experienced during the April 2015 Nepal earthquake."
"The forest cover area of Andhra Pradesh is approximately 24,116 square kilometers according to the India State of Forest Report 2019."
"Habba Khatoon peak is situated in the Anantnag district of Jammu and Kashmir, India."
"Ghulam Nabi Azad's father's name was Mirza Mohammad Afzal Beg, and his mother's name was Nisar Begum."
"William Bentinck, Duke of Portland, was appointed as Chancellor of Oxford University in July 1849."
Valerie Thomas mentored students at NASA's Goddard Space Flight Center during the summer programs.
"The Lance item in *Bloodstained: Ritual of the Night* costs 1,000 gold to buy."
"The DOI of the paper ""Semantic maps of causation: New hybrid approaches based on corpora and grammar descriptions"" (Levshina 2022) is likely 10.1163/9789004522908_010, but this should be verified through an academic database or publisher source to ensure accuracy."
Lalit Mohan Sharma studied B.A. Hons. at the University of Delhi.
"The first MVP woman player in the VNL (Volleyball Nations League) tournament was Zhu Ting from China, who received the honor in the 2018 edition."
Rigby is not killed by Skips in any episode of *Regular Show*; this event does not occur in the series.
Alberto Beneduce earned his mathematics degree from the University of Naples.
"DalasReview, whose real name is Dallas, was born on September 23, 1989."
The first scientist to isolate cardiolipin was **Derek D. Holmes** in 1947.
"The first-time winner of the Hutter Prize in 2006 was awarded 50,000 euros."
"The DOI of the paper ""Articulatory constraints on stop insertion and elision in consonant clusters"" by Daniel Recasens is likely 10.1016/j.wocn.2006.05.002, but this should be verified through a scholarly database or publisher site to ensure accuracy."
Natalia Dmitriyevna Shpiller passed away at the age of 85.
"The head of the Turkish Red Crescent, İzzet Akınoğlu, resigned on April 19, 2023, following accusations of selling tents to earthquake survivors."
James Vernon the Younger was appointed an extra clerk of Her Majesty's Most Honourable Privy Council in 1794.
"The song ""Empty"" by Bebe Rexha from the ""Better Mistakes"" album is 3 minutes and 28 seconds long."
"Johnny Damon played baseball in the Little League in his hometown of Waco, Texas, before junior high school."
"The four-letter word spelled in magnets on the roof of The Play Family School House, as advertised in the Sears Wish Book for the 1980 holiday season, is ""MATH."""
"The flyover bridge named after General Sam Manekshaw is located in New Delhi, India."
The Minecraft snapshot that changed hoes to be the appropriate tool for breaking moss blocks was 22w43a.
"Jerry Lee Lewis's 13th album, *Another Place, Another Time*, was released on Mercury Records in 1968."
Manchester City came second in Group C in the 2018–19 UEFA Champions League.
Iftikhar Hussain Ansari joined the Jammu and Kashmir National Conference (NC) in 1938.
Spencer Perceval left office as the Attorney General for England and Wales in July 1809.
"The case of Nidal Khalid Nasrallah v. William P. Barr was decided by the Supreme Court of the United States on June 23, 2020."
The first female surgeon known to use a magnet to extract a piece of metal from a patient's eye was Dr. Mary Edwards Walker.
"The municipality of Sonsón, Antioquia, Colombia, was founded by Spanish conquistador Rodrigo de Bastidas in the 16th century."
W.V. Grant was ordered to perform 200 hours of community service.
"Seiko released their first 300m diver watch, the reference 6159-8000, in 1968."
"The Astrarium of Giovanni Dondi dell'Orologio is generally described as having three faces, though precise descriptions may vary slightly depending on the source."
"The performance by Marina Abramović and Uwe Laysiepen that was re-enacted in 2010 is likely *The Artist is Present*, though it is primarily associated with Abramović alone, and Laysiepen's involvement in this specific piece is not definitively established."
The 1992 Scandinavian Masters golf tournament was held at Drottningholm Golf Club in Sweden.
Dodhe maaz is also known as *doodh wala maaz*.
"John Constable is generally recorded as having accepted the position of drawing master at Great Marlow Military College in 1819, and there is no widely documented evidence that he ever refused it; thus, the claim that he refused this position is likely inaccurate."
Makhdum Khusro Bakhtyar was re-elected to the National Assembly as an independent candidate from Constituency NA-194 (Rahim Yar Khan-III) in the 2018 general elections.
"Madhusudan Dey, also known as Modhu, came to Dhaka, Bangladesh, with his father at the age of 14."
"The Time Traveler's Oracle card deck, created by Denise Linn, contains 44 cards."
"Isshin the Sword Saint says, ""You have proven yourself, Sekiro. You are no longer a child."""
Jan Kalicki published approximately four to five papers on logical matrices and equational logic from 1948 until his death in 1953.
Moesha's first friend at Bridgewood was Zoe.
Arch Linux installation images began including installation scripts by default in **October 2008**.
"Pavel Sergeevich Aleksandrov proved his first important result, that every non-denumerable Borel set contains a perfect subset, in 1916."
The ensemble was officially named the A.V. Alexandrov Twice Red-bannered and Red-starred Song and Dance Ensemble of the Soviet Army in 1947.
"Sir Trevor Maldwyn Evans and his wife, Margaret, had three children."
Manny Ramirez's on-base percentage (OBP) during the 2004 World Series was .538.
John Harry Dunning was awarded honorary doctorates in 2007 by the University of Glasgow and the University of Edinburgh.
Approximately 441 members of the First Chamber of the Reichstag voted in favor of the Enabling Act of 1933.
"Pauline LaFon Gore had at least one sibling, Mary LaFon, though the exact number of siblings is not definitively specified in commonly available sources."
"Sara Watkins married Todd Cooper on August 28, 2004."
Maria Elena Walsh was named Illustrious Citizen of the City of Buenos Aires in 1983.
"Loris Fortuna, an Italian left-wing politician, died on 28 October 1987."
The Yamaha SHS-10 has one oscillator.
"The photographer for the cover of the March 29/April 5, 2021, issue of *Time* was likely **Pete Souza**, though confirmation should be sought from the official *Time* archives or issue credits to be certain."
"It was Oliver Heaviside himself who secured his own pension in 1896, though FitzGerald may have supported the effort; there is no clear evidence that another specific man directly helped FitzGerald in this endeavor."
The contestant from Season 16 of *The Bachelorette* who is from South Dakota is Rachel Lindsay.
Munu Adhi was appointed as the Speaker of the Tamil Nadu Legislative Assembly in the year 2021.
Kelly Clarkson's album *Meaning of Life* reached number 1 on the 2018 year-end US Top Album Sales charts according to Billboard.
Toby Jones starred in all 6 episodes of *The English*.
"David Sweet was likely born in Windsor, Ontario, although this information is not definitively confirmed in all sources."
"The inaugural holder of the position of Attorney General of Guatemala was Rafael Carrera, though precise historical records on early 19th-century Guatemalan legal positions may vary."
"Ciara performed in Denver, Colorado, during her Beauty Marks Tour on September 24, 2019."
"Arsenal received two yellow cards in the Champions League Final match against Barcelona on May 18, 2006."
Charles Bentley was elected as an Associate-Exhibitor of the Old Water-Colour Society in April 1808.
Douglas Bennett played in 27 first-class matches from 1912 to 1924.
"It is uncertain, but likely the surname was Langer, as Warren L. Langer held the position around that time."
"The prize money awarded to the loser of the 1866 chess match between Wilhelm Steinitz and Adolf Anderssen is not definitively recorded, but it is likely that Anderssen, as the winner, received a fixed sum while Steinitz, the loser, may have received a smaller or symbolic amount, though exact figures in British pounds are uncertain."
The observatory where the asteroid 3430 Bradfield was discovered is located in the U.S. state of California.
"The Leelavati Award in 2018 was likely awarded to Akshay Venkatesh, though confirmation from an official source is recommended to ensure accuracy."
"The name of the Spring-Summer 1984 collection by Vivienne Westwood is widely reported to be ""Anglomania,"" though some sources may attribute variations or additional descriptors to the collection title."
Chadwell O'Connor attended the University of New Mexico and the University of Texas at Austin.
"The first schoolhouse in Newbliss, Ontario, built around 1830, was likely named Newbliss School, though historical records may vary in specificity."
The winner of the 1993 Scandinavian Masters golf tournament was Colin Montgomerie.
Arya Stark forms a psychic bond with a direwolf while living in Braavos.
John Mylopoulos received his AAAI Fellow award in 2003.
"The first entomologist to describe *Amata leucacma* was possibly Jean Baptiste Boisduval, though this identification may require verification from taxonomic databases or original literature to confirm with certainty."
The look for the Ukrainian Order for Courage Award was designed by Ukrainian artist and designer Mykola Hlushchenko.
The musical composition for the play *Antigone* as presented in the 2022 Athens Epidaurus Festival was created by Eleni Karaindrou.
"According to Singapore's 2020 census, approximately 13.5% of the population were of Malay descent."
"The title of S1 E26, which Jackée Harry directed for *Mr. Box Office*, was ""The Heist."""
Sir Syed Ahmed Khan was appointed as the Munsif of Fatehpur Sikri in 1838.
"The patronymic (nasab) of Ahmad al-Kabīr al-Rifāʽī is ibn Kabīr, indicating that his father's name was Kabīr."
"In the last episode of the first season of *Happy Valley*, Catherine finds her grandson Ryan along with his father Tommy in a **car**."
"The exact date on which the Palmolive Beauty Box Theater radio program ceased broadcasting is not definitively known, but it is generally believed to have ended in the early to mid-1940s."
"The first opening of a comic museum named after Erika Fuchs in her hometown of Schwarzenbach an der Saale, Germany, occurred on October 1, 2016."
"The specific premiere date of the Disneyland episode ""Our Unsung Villains"" is uncertain, but it likely aired sometime in the 1950s during the original run of the Disneyland television series."
The TCG Yavuz (F240) was commissioned on 14 October 1981.
Michaela Hübschle first studied at the University of Namibia (now known as the Namibia University of Science and Technology) after attending school in her hometown.
Justice Mohammad Afzal Cheema was made full-time Chairman of the Council of Islamic Ideology after his retirement from the Supreme Court of Pakistan.
The Roebling Medal in 1985 was awarded to geologist Eldridge M. Moores.
Harry Belafonte was first inducted into the Rock and Roll Hall of Fame in the Early Influence category in 2000.
García Bernal was cast in the lead role of Rodrigo de Souza in the series *Mozart in the Jungle* in 2014.
"The inaugural holder of the position of Minister of Justice and Attorney General of Canada was Sir John A. Macdonald, who served in this role when the Canadian Confederation was established in 1867."
"The exact dimensions in centimeters of Vasnetsov's painting ""Moving House"" are uncertain, but it is generally believed to measure approximately 157 cm in height and 216 cm in width."
The patch that reduced the cost of the Leather Whip from 15 gold to 10 gold in Terraria was patch 1.4.4.
"Franco Bassanini, the Italian lawyer, politician, and minister, was born on 10 May 1919."
"The fact-checker for They Might Be Giants' ""Here Comes Science"" album was named Ken Jennings."
The Richard Dawkins Award in 2007 was received by Daniel Dennett.
"In ""One on One,"" Season 1, Episode 5, titled ""My Life as a Dog,"" the celebrity who made a guest appearance was Jim Carrey."
Maryon Lane's birth name was Mary Lane.
"It is uncertain how many people won the Arab Creativity Oscar before Mishary Alafasy, as the award is not widely documented and its recipients are not commonly known."
The Partisan weapon in the original version of *Bloodstained: Ritual of the Night* for the PC is dropped by the **Ironclad Armor** enemy.
"The Nokia 8110 was announced on January 9, 1996."
"The first ""Pillar of Peace"" Award was awarded in 2006."
"The Habba Khatoon Underpass, named after the Kashmiri poetess Habba Khatoon, is located near the intersection of M.A. Jinnah Road and Canal Bank in Lahore."
The half-life of radon-224 is approximately 55.6 hours.
"There is no widely known or confirmed information about a person named ""Major Disaster"" being killed, so the answer to this question is uncertain."
Manny Diaz Jr. lost to Tamyra Gaskins when he ran for the Miami-Dade County School Board in 2010.
"The lawyer who developed matrix algebra and worked on higher-dimensional geometry was Arthur Cayley, although it is important to note that while Cayley was a lawyer by profession, his contributions to mathematics were primarily in algebra and geometry."
"The Wayback Machine does not engage in fact-checking content; therefore, there is no specific date on which it began doing so."
Benito Mussolini became a member of the National Directorate of the Italian Socialist Party in 1904.
Alma S. Woolley was appointed director of the School of Nursing at Illinois Wesleyan University in 1971.
The Eddington Medal in 1970 was awarded to Subrahmanyan Chandrasekhar.
"The painting by Edvard Munch featuring a tired girl lying on a bed, created in 1894, is likely *The Sick Child*, though the exact title and subject identification can sometimes vary depending on the specific work."
Nokia introduced the first digital satellite receiver with Common Interface (CI) support in October 2001.
"Alexander Ratushnyak achieved this on October 25, 2011."
"Tina Turner is believed to have had dyslexia, though she never publicly confirmed a formal diagnosis."
The General Assembly of WIPO adopted the Geneva Declaration on the Future of the World Intellectual Property Organization in 2006.
Charles Jairus Adams was born in 1917 in the Vermont town of Vergennes.
"The Swedish word for ""the eleven roar,"" when university students traditionally throw open their windows and scream their stress away, is *elakväll*."
"The first round of the 2014 North Miami mayoral special election was held on Tuesday, July 8, 2014."
The UNII of Axitinib is 5P6Y09920K.
The Paris Electric Light Company agreed to light 25 lamps until 12 p.m. for 26 cents a lamp per night.
"The original settlement name of the village of Addison, Michigan was likely ""Pleasant Plains,"" though this is subject to historical verification."
"The municipality of Heliconia, Antioquia, Colombia, was founded in the year 1972."
"The band was called The Band of Joy, though Plant and Bonham later became famous together in Led Zeppelin."
"The actual number of voters who were against the constitutional referendum in Ghana on April 27, 1960, is not precisely known due to limited and potentially unreliable historical records, though opposition votes were reportedly low compared to the majority in favor of the move toward a republic."
Tommy tells Ryan that he is his father in Episode 4 of Season 1 of *Happy Valley*.
"The municipality of Oicatá, Boyacá, Colombia, was founded by the Muisca people, though the exact founder is uncertain, as it was established as a pre-Columbian settlement."
The Samsung Galaxy A22 4G is equipped with the Mali-G31 MC2 GPU.
The International Prize in Statistics in 2019 was awarded to David Donoho.
The first name of the individual who won the Tetrahedron Prize for Creativity in Organic Chemistry or Bioorganic and Medicinal Chemistry in 1996 is K. Barry.
"Colin Pittendrigh died in Princeton, New Jersey."
Walter White from *Breaking Bad* was voted by Digital Spy readers in 2016 as the best TV character of the 21st century.
"The first Nike running shoe was the Nike Cortez, released in 1972."
"The boardroom at Staffordshire University Students' Union was named the ""Dulcie September Room"" in her honor in October 2011."
Kwadwo Baah-Wiredu obtained the GCE Ordinary Level Certificate in 1970.
The surname of the individual who won the Green Chemistry Award in 2016 is Grubbs.
"""The Waters Reglitterized"" by Laurie Anderson was exhibited in 2002."
Sony released Beta Hi-Fi in May 1971.
"Indu Malhotra retired as a judge of the Supreme Court of India on **January 27, 2022**."
The palm trees and the olives are mentioned in the 29th verse of Surah Ikhlas (Surah 112).
"Raúl Alfonsín's first Minister of Education was Carlos Corach, appointed when Alfonsín took office as President of Argentina in 1983."
"As of the latest available information, it is reported that six mountaineers were killed in the avalanche in Uttarkashi on 4 October 2022, though confirmation of the exact number may vary slightly depending on the source."
"Otto Georg Thierack became the Reich Minister of Justice on April 1, 1942."
"Jovian became a Roman emperor on February 23, 363 AD."
"The distance from Lolab Valley in Kupwara district to Bandipore via Aloosa village is approximately 50 to 55 kilometers, though the exact route may vary slightly depending on the specific path taken."
"Robbie Robertson first joined The Hawks, a band that formed in 1956."
"The engine cc of the Honda Juno M85 (1962) is likely around 85 cc, though precise confirmation may require consultation of specific historical technical specifications."
The Benjamin Franklin Medal for Computer and Cognitive Science in 2004 was awarded to Allen Newell.
Raúl Alfonsín's first Minister of Public Works and Services was Adolfo Berlangieri.
"Camille Clifford had two children with her second husband, Captain John Meredyth Jones-Evans."
Sicily Sewell made her first appearance on the TV show *The Goldbergs* at age 8.
"In *Happy Valley*, Catherine Cawood discovers the dead body of Lynn Dewhurst in Season 1, Episode 2."
Richard Evelyn Byrd Jr. was promoted to the rank of Lieutenant (Junior Grade) on 15 June 1917.
Kiyosi Ito received the Fujiwara Prize in 1987.
"MKA first said ""Peace at home, peace in the world"" on January 1, 1986."
Shokichi Iyanaga became Dean of the Faculty of Science at the University of Tokyo in 1954.
Natasha Merle began her legal career as a law clerk in New York from 2008 to 2009 with Judge Denny Chin of the U.S. Court of Appeals for the Second Circuit.
Prabhunath Singh was born on 12 October 1934.
"The full name of the first person to be awarded a Ph.D. in Mathematics from the Universidad Nacional Autónoma de México is José Ádem, although it is possible that historical records may require further verification for complete certainty."
The first name of the South African politician is David.
The 64-bit version of Raspberry Pi OS was released in November 2020.
The Atlantic reported this in May 2020.
"A laugh track was first used on the radio show *The Fred Allen Show*, though the exact origin and implementation of laugh tracks can be somewhat contested and context-dependent."
"The author who defined M哺乳alia phylogenetically as the crown group of mammals in a 1988 paper was likely Michael J. Novacek, though precise attribution may depend on specific phrasing and context within the paper in question."
"The original Baron Blitzkrieg was murdered by his own son, Karl Franz, during a coup to seize control of the Empire."
Ida Pulis Lathrop was married to George L. Lathrop.
"Ioan Ghise was likely born in Brașov, Romania, though precise confirmation may require additional sources."
"Russia formally annexed Donetsk and Luhansk on September 23, 2022, following its invasion and occupation of the territories."
"Giulio Carlo Argan was born on April 15, 1904."
The Little Angels' School campus in Hattiban was constructed on approximately 1.5 ropanis of land in 1995.
"The painting Norman Rockwell dedicated to the American Heart Association's 1958 ""Heart Fund"" campaign was titled *The Problem We All Live With*."
"Yasser Arafat is widely reported to have enrolled in the University of King Fuad I (now Cairo University) in 1950, though precise confirmation of this date may vary slightly across sources."
The Thermal Design Power (TDP) of the Intel® Core™ i7-9700E Processor is 35 watts.
"Top Thrill Dragster held the record for the tallest and fastest roller coaster in the world for approximately four years, from 2000 until 2004."
"The first woman to be elected as the Speaker of the House of Representatives in Nepal was Onsari Gharti Magar, who assumed the role in 2023."
"The forest cover area of Uttarakhand was approximately 38,537 square kilometers according to the interpretation of IRS Resourcesat-2 LISS III satellite data from 2017–2018."
"It is likely that Mr. Dubbs won the ""Best Philanthropic Streamer"" award at The Streamer Awards in 2022, given his notable charitable efforts, though I cannot confirm this with absolute certainty without checking the official results."
The first recipient of the D.B. Hardeman Prize was Richard Hamming in 1965.
El Anatsui received the Golden Lion award for the Best Visual Artist of the Year at the 2008 Venice Biennale.
Dev Shumsher Jung Bahadur Rana's tenure as Prime Minister of Nepal began on 24 May 1929.
L'Hypothèse de l'Atome Primitif by Georges Lemaître was translated into English in 1950 as *The Primeval Atom Hypothesis*.
"The organization that made this promise was the Australian Broadcasting Corporation (ABC), with the specific commitment tied to the fundraising efforts inspired by the song ""Healer"" by the band The Cat Empire."
ARA's operations in Russia were shut down on 1 March 2022.
"WhatsApp began rolling out support for third-party animated stickers in April 2022, initially in Iran, Brazil, and Indonesia."
"The forest cover area of Rajasthan in 2017 was approximately 33,615 square kilometers according to the interpretation of IRS Resourcesat-2 LISS III satellite data."
"Harbhajan Singh Rissam was appointed as a member of the Medical Council of India Board of Governors on April 16, 2022."
Junya Watanabe stopped being the design director for Tricot in 2000.
"It is likely that Diana Nyad became the fastest person and first woman to pull a double crossing of the Auau Channel in Hawaii, though specific details about this particular achievement may require further verification."
"As per the 2020 census, the population of the town of Hampton Falls was approximately 6,246."
"The first President of the Supreme Court of Bolivia was Mariano Melgarejo, although precise historical records from the 19th century may vary slightly in some sources."
"The first race of the Two Oceans Marathon in Cape Town was held on September 1, 1970."
"Stephen A. Nelson received the Penrose Medal after Hollis Dow Hedberg, though precise dates may require verification for complete certainty."
"The title of the first recorded Cape slang (local Afrikaans dialect) hip-hop song in 1990 by Prophets of Da City was ""Ai Ai Ai."""
"The lake commonly called the Supreme Gem of all Kashmiri lakes is generally believed to be Dal Lake, although some sources may attribute this title to other lakes like Wular or Manasbal, depending on context and regional perspective."
"The first calculator marketed by Toshiba was the ""Toshiba 14-A."""
The President of the World Federation of Engineering Organizations (WFEO) in 2002 was Mostafa K. Tolba.
"Takashi Masuzaki was born on July 18, 1961."
The ICTP Ramanujan Prize in 2013 was awarded to María Eulalia Vázquez Martínez from Spain.
The name of the observatory in which 1994 Shane was discovered in 1961 was the McDonald Observatory.
"The specific details of Umlesh Yadav's assets and liabilities as mentioned in her 2017 election affidavit are not available in public records, so it is uncertain what exact figures were stated."
"Sonam Wangchuk helped launch the New Ladakh Movement in the year 2000, following repeated requests from the student community of Ladakh."
"Papa Emeritus II and III are fictional characters, and no official age difference in months has been specified by the band Ghost, so the precise age difference remains unknown."
"The name of the song which is number 17 on the album *YoungstaCpt - 3T* is likely ""I Am,"" though this may vary depending on the specific edition or track listing source, so confirmation from the official album is recommended."
"Toufiq Hosen Khan, a student of fine arts, engraved a statue of Madhusudan Dey outside today's Madhur Canteen in the year 1966."
"Grete Stern was married to Hans Stern, a physician and psychoanalyst."
"Patch 5.0.5a for World of Warcraft was released in the United States on May 15, 2012."
J.C. Leyendecker won a magazine cover competition in 1896 for *Scribner's Magazine*.
"Track 21 on ""The Legend of Heroes: Trails in the Sky The Animation"" Original Soundtrack CD is likely titled ""The Day the Sky Opened,"" though precise track listings can vary slightly depending on the release version."
Leo Strauss graduated from the Gymnasium Philippinum in 1912.
"The tenth highest mountain in India is likely to be one of the peaks in the Himalayas, but without up-to-date and precise ranking data, it is difficult to specify the exact name with certainty."
"By 1913, astronomer Annie Jump Cannon could classify approximately 300 stars per hour."
Ila Pant was born on 28 August 1936.
"Lisa Marie Presley died on January 12, 2023."
"Joe Gqabi became co-chairman of the Main Machinery, the clandestine ANC organization in Johannesburg, alongside Walter Sisulu."
P.W. Botha was elected head of the National Party Youth at the age of 26.
"The largest human DNA helix, achieved by the Medical University of Varna in Bulgaria on April 23, 2016, involved approximately 1,112 people."
"Cornelia Parker curated the ""Black and White Room"" for the 2012 London Olympics' ""Artists' Olympiad"" exhibition."
"The theme song of the anime *Ponyo*, titled ""Ponyo on the Cliff by the Sea,"" was released in July 2008."
The maximum depth of Dal Lake in Srinagar is approximately 115 feet.
"It is uncertain who exactly developed Japan’s first arc lamp, but early contributions in Japan were made by scientists such as Akiyama Shūzō and others during the late 19th century."
The Burlington Sock Puppets were founded in 1993.
SWV announced their reunion during the Essence Festival in 2013.
"The municipality of Valparaíso, Antioquia, Colombia, was founded in the year 1540."
"Henry Petty, 1st Earl of Shelburne, succeeded his elder brother to the family estates in the year 1738."
The credited producer for the *Silent Hill 2 Original Soundtrack* released in 2001 is Akira Yamaoka.
"The lake known as the ""Jewel in the Ring"" in Kashmir, India is likely Wular Lake, though this designation is not widely confirmed and may be subject to local or poetic usage."
Clive Derby-Lewis became a town councilor for Bedfordview in 1981.
"The complete name of the oldest Hindu temple in the Umerkot District is the **Shree Khanderao Temple**, though this identification is based on limited available sources and may require further verification."
"Iossif Ostrovskii passed away in Tbilisi, Georgia."
"Harry Belafonte attended the St. Jean Baptiste de la Salle School, a Catholic parochial school in Harlem."
Simon Donaldson was affiliated with the University of Oxford when he received the Fields Medal.
"Gavi was shown a yellow card in the 82nd minute of the La Liga match between Valencia CF and FC Barcelona on October 29, 2022."
"The name of the first principal of Tyndale Biscoe School in Srinagar, Kashmir, is reported to be Mr. H. H. Biscoe, though historical records may vary in their precision."
"According to the India State of Forest Report 2019, the forest cover area of West Bengal is approximately 21,641 square kilometers."
"Step Nineteen of the funeral process in Shinto tradition is likely called *Sōshinshiki* (葬済式), which marks the final purification and closure rites, though specific terminology may vary depending on regional or familial customs."
"The YouTube channel Marques Brownlee reached 10 million subscribers on April 20, 2016."
Arthur L. Lomax was a prison inmate in the state of New York at the time of the 2020 case *Lomax v. Ortiz-Marquez*.
"The Game Boy was produced for approximately 12 years, from 1989 to 2003."
The first and last name of the curator who was publicly criticized in 1906 by the director of the Albright Art Gallery in Buffalo for his cleaning of a Rubens painting was **Charles C. Perkins**.
"In the Kashmiri language, a bridge is called ""واچن"" (wachn)."
The total area of Bobbili Fort is approximately 3 acres.
Sweden won 10 bronze medals at the 1956 Summer Olympics.
"The Federal Communications Commission first assigned the call letters WWQB to the radio station in Westwood, Kentucky on May 22, 1980."
The Eddington Medal in 1962 was awarded to Subrahmanyan Chandrasekhar.
"Ajoy Nath Ray studied for his B.A. at Magdalen College, University of Oxford."
"The full form of MOCTCA in Nepal is the Ministry of Communication and Transport, and it was established in 2018."
The first name and last name of the person who received the ADA Kelly West Award for Outstanding Achievement in Epidemiology in June 2018 is Françoise Clément.
The American Classical Hall of Fame inducted 10 inductees in 2006.
Spencer Perceval left office as Chancellor of the Exchequer in July 1809.
"It is likely that Martin Roth, former director of the Victoria and Albert Museum, referred to an exhibition or collection as ""an extremely capacious handbag,"" though the exact context or item being described is not definitively confirmed."
Ben Bogard was ordained as a Baptist minister in 1911.
"Frans Gunningh Sloet died in the town of Leeuwarden, in the province of Friesland, in the Netherlands."
"The cannibal in the Whistleblower DLC of the 2013 video game ""Outlast"" is named Marcus Grady."
The International School of Athens was renamed from TASIS in 2005.
"Steven Furtick launched the ""Elevation 1000"" outreach program in 2012 to mentor 1,000 students in area schools."
Sir Isaac Julien's installation piece *Lost Boundaries* is from 2015.
"Sayed Haider Raza completed his high school education at Z.P.H.S. School in Damoh, India."
The recipient of the John Tuzo Wilson Medal in 2011 was Donald L. Turcotte.
Eyþór Ingólfsson Melsteð was born on 21 July 1987.
"The second album released by the singer Milet is likely *""Ray""* (2022), though this may be subject to change if additional releases or reclassifications occur."
"Clifford Cunnel was likely born in the town of Liskeard in Cornwall, England, although certainty requires verification from reliable sources."
"Wally ""Trog"" Fawkes had three children."
"Velma Springstead worked as a secretary to the sales manager at the Hamilton, ON company Stelco (Steel Company of Canada)."
The first non-European team to enter the Battle of the Nations tournament was Mexico.
Aaron Leo Brody first married in 1953.
"The web and administrative assistant for the UNESCO Science Report: The Race Against Time for Smarter Development (2021) is likely part of the UNESCO team, but the specific individual is not definitively stated in publicly available sources."
"The designer of the dress Marilyn Monroe wore when she sang ""Happy Birthday"" to President Kennedy was William Travilla."
"""The River"" by Nomeansno is from the album *Mind the Gap*."
Thunder Road was added to Dollywood in 2009.
Fazal Ilahi Chaudhry was elected as the president of the Muslim League in 1953.
"Sheikh Abdul Rashid, popularly known as Engineer Rashid, obtained a Bachelor of Science degree in 1978."
"It is likely that Bhau Daji Pandit became the first Indian to be appointed as Professor of Mathematics and Natural Philosophy at Elphinstone College in Bombay, though specific confirmation may require further historical verification."
FC Baltika Kaliningrad was founded on 29 August 1994.
"Ivan Rebroff's father was born in Russia, though some sources may imprecisely attribute his birthplace to Ukraine due to historical and regional complexities."
The Warrior starting class in Dark Souls II begins with the Heater Shield.
"The municipality of Cáceres, Antioquia, Colombia, was founded in 1576."
The character of Boyle in the *Brooklyn Nine-Nine* series was played by Joe Lo Truglio.
"Approximately 7,000 years before the Dark Portal, Sargeras convinced most of the Eredar to join the Burning Legion."
Telegram introduced animated emoji in July 2018.
"In 1927, Cab Calloway joined the Cotton Club touring show with his older sister, Eva Calloway."
"The release date of the *Shining Force III* original soundtrack is uncertain, but it was likely released in 1998, around the time of the game's initial release on the Sega Saturn."
"The municipality of San Jerónimo, Antioquia, Colombia, was founded in 1687."
"The original name of the village of Berrien Springs, Michigan, was **Spring Lake**."
"Ahmad Jamal, a first-class cricketer, was born on 22 April 1989."
"The name and surname of the person who spotted Lucas Valeriu Ntuba Radebe to be recruited by Kaizer Chiefs in 1989 is likely to be Bob Mngomezulu, though this information is not definitively confirmed in all sources."
"The Season 2 fan favorite on the American version of *The Circle* was likely Emily, though viewer preferences can vary and are often subjectively interpreted."
Rana Ayyub received the Sanskriti Award for Excellence in Journalism in October 2022.
"The words on Tara Calico's shirt the day she disappeared were ""I Love You to the Moon and Back."""
"It is uncertain how many prints of Samuel Buckle Sir Albert bought in 1854, as there is no clear historical record specifying the exact number."
Alex Trebek dropped out of military college in Quebec to pursue a career in broadcasting.
The seat height of the Honda CLR is reported to be approximately 835 millimeters.
"Tyra Hamilton first appeared in Genoa City in the soap opera *The Young and the Restless* on July 18, 2006."
"In 1863, George Bentham renamed *Cyanothamnus ramosus* to *Acacia ramosa*."
"The Runaway Tram at Morey's Piers opened on May 25, 2013."
"The founder of Lumon Industries in ""Severance"" is Adam Belisker."
Gujarat was awarded the international honor for afforestation efforts at COP-28.
"The eighth CEO of Lumon Industries in the show *Severance* is played by Christopher Walken, though the character's name is not explicitly revealed in the series."
"The Boyd family crest typically features the dexter hand erect in pale with three fingers bowed inward, though heraldic interpretations can vary slightly depending on the source or tradition."
David Hanson presented K-Bot at the 2004 World Robot Conference.
The Krieger–Nelson Prize was awarded to Penny Haxell in 2019.
Dr. John Olajide is widely credited with opening the first gender clinic in Canada at the Grey Nuns Community Hospital in 1996.
"George John Sandys was promoted to Lieutenant on August 12, 1641."
"Yes, Pearl Gold is a known color of the LEGO part with ID 35775."
Gloria Niemeyer Francke was the associate editor of the *Journal of Educational Psychology* from 1944 to 1964.
"The developmental code for Firazorexton, an orally active, brain-permeable orexin type 2 receptor agonist, is TAK-994."
"Prior to being named after Kurt Vonnegut, the crater on Mercury was referred to in scientific literature by its provisional designation, which was based on its coordinates, likely as ""Mercury 27°N, 198°E"" or a similar numerical identifier."
The dry weight of the Honda RC143 (1960) is approximately 242 pounds (110 kg).
The boiling point of the element cerium is approximately 3413°F (3680°C).
"It is uncertain who won the first football game between Emory and Henry College and Virginia Tech, as historical records of this specific matchup may not be well-documented or available."
Stella Jang became an Innisfree cosmetics model in 2012.
"A Tasmanian species of the plant genus *Eucalyptus*, specifically *Eucalyptus murdochii*, was named after philanthropist Elisabeth Murdoch."
Sarita Vikram Adve was elected to the National Academy of Engineering in 2020.
"The exact month of the Foton 8 spacecraft's launch in 1992 is uncertain, but it is likely that it was launched in July 1992, as this is commonly reported for Foton missions around that time."
"The Mathematical Association of America David P. Robbins Prize in 2008 was awarded to Timothy Chu, Ron Graham, and Chung-Pi Wong for their paper on ""On the number of permutations with bounded run lengths."""
Reinhold Rudenberg retired in 1954.
"The Spyro: Enter the Dragonfly Official Soundtrack was released on September 26, 2006."
"The 2003 Badminton Asia Championships were held in Bangkok, Thailand."
"It is uncertain who won the Benjamin Franklin Medal for Computer and Cognitive Science in 2013 without further verification, but it is likely that Geoffrey Hinton, Yoshua Bengio, or Yann LeCun were recognized for their work in deep learning, though they are more commonly associated with the 2018 Turing Award."
"Oprah Winfrey purchased approximately 120 acres in 1992 for a compound in Telluride, Colorado."
Nikolai Christian Grove Prebensen was born on 23 April 1845.
"Karen Ganci was evicted on Day 47 of Season 5 of ""Big Brother."""
Sir Syed Ahmed Khan was serving as the Chief Justice of the Sadar Amin Court in Muradabad when the Indian Rebellion of 1857 broke out.
"Baidu announced its partnership with Qualcomm to offer free cloud storage to Android users with Snapdragon processors on April 15, 2014."
The tallest mountain is Mount Everest.
"Hit Parader stopped including song lyrics in the early 1990s due to the rising costs of licensing, though the exact year is often cited as 1992."
"Sigurd Aalefjær's family likely moved to the Norwegian municipality of **Bergen** upon leaving the U.S. shortly after he was born, though this is based on limited available information and may require further verification."
"The Jonas Mekas Visual Arts Center was opened by avant-garde filmmaker Jonas Mekas on April 1, 1994, with its premiere exhibition entitled ""The Avant-Garde: From Futurism to Fluxus."""
"Shai appeared in season 4, episode 17 of the TV show ""Family Matters."""
"Yohji Yamamoto's mother is said to have sold her dressmaking shop in the early 1960s, though the exact year is not definitively documented."
"The set and costume design for the *Antigone* production at the Epidaurus Festival 2022 was likely done by Eleni Papadaki, though confirmation from a reliable source is recommended to ensure accuracy."
"The maximum speed of the K-class blimp (1938), the K-14, was approximately 75 knots."
"Marina Abramović met Uwe Laysiepen in 1976 in Cologne, Germany."
"The choreography for the play ""Helen"" at the 2022 Athens Epidaurus Festival was likely done by Eleni Papadaki, though confirmation from a reliable source is recommended to ensure accuracy."
"It is uncertain what the exact number of first-class appearances Neil Priestley made for Northamptonshire against the touring Sri Lankans in 1981 is, as detailed records of this specific match or series involvement are not readily available."
"The first openly bisexual state official in the USA was likely Gail Phoebus, who came out as bisexual while serving as a member of the Oregon State Senate in 2000, though this historical detail is sometimes contested or underreported."
"García Bernal also attended the University of California, Los Angeles (UCLA) to pursue a master's in media and communication."
Knud Nellemose created the marble church statue of Søren Kierkegaard in 1963.
The full name of the Norwegian politician who served as the County Governor of Finnmark from 1889 to 1894 was **Johan Sverdrup**.
"The ninth track on Anne-Marie's album *Speak Your Mind* is ""2002""."
"The Lumia 550 does not have a dedicated GPU, as it uses the Intel Atom x3-C3200 processor, which integrates the Intel HD Graphics 400 GPU."
"The surname of the individual who was awarded the Francis P. Garvan–John M. Olin Medal in 1947 is likely **not definitively known**, as the medal was first awarded in 1968, making it improbable that it was awarded in 1947; therefore, the answer cannot be determined with certainty."
The bridge built in 1957 across the River Jhelum to connect the Maulana Azad Road to the Civil Secretariat in Srinagar is the Gandhi Bridge.
"Heisuke and Wakako Hironaka have three children, but their names are not publicly disclosed in widely available sources."
Charles Frederick Koelsch received the American Chemical Society Award in Pure Chemistry in 1972.
"Louise Bourgeois created ""J'y suis, j'y reste"" in 1992."
"The full name of the first elected mayor of Kathmandu in 1953, chosen by the council in an indirect election, was Sir Man Bahadur Thapa."
"Robert Moog and his first wife, Shirley May Leigh, had two children."
The surname of the individual who won the Faraday Medal in 1987 is *Bard*.
"The first person to build a Gregorian reflecting telescope was James Gregory, though it is uncertain whether he successfully constructed a working version himself."
The first recipient of the Knuth Prize was Stephen A. Cook in 1985.
"Dylan Sprouse married Barbara Palvin on October 23, 2021."
Kiki Smith first participated in the Whitney Biennial in 1987.
The praying mantis species *Eremiaphila arabica* was described by Saussure in 1870.
The Oskar Kokoschka Prize in 2012 was awarded to the Austrian actor and director Bruno Ganz.
"In Good Omens Season 2's episode titled ""The Clue,"" Crowley turned Job's goats into humans instead of killing them."
"Dr. Walensky announced the CDC's drastic changes on **March 1, 2022**."
"The municipality of Gómez Plata, Antioquia, Colombia, is named after the Spanish conquistador and explorer Sebastián de Belalcázar, with ""Gómez Plata"" being a reference to his family name and a nickname meaning ""silver,"" though the exact origin of the name may also involve local historical or linguistic influences."
The NASA Space Science Data Coordinated Archive (NSSDCA) ID of the spacecraft EURECA-1 is 1992-058A.
"Mrs. Janice Veazey, Dr. Hodges' secretary in *Young Sheldon*, was played by Annie Potts."
"Louis Moreau Gottschalk had at least four half-siblings from his mother's previous marriage, though the exact number is sometimes uncertain due to incomplete historical records."
"This scene occurs in Season 4, Episode 6 of *Breaking Bad*, titled ""Cornered,"" though the specific incident described is not an exact match and may be conflated with other events in the series."
"Uzo Njoku, the Nigerian artist, was likely born in 1955, although this date may require confirmation from more specific biographical sources."
"It is uncertain exactly how much money in dollars Cab Calloway was making at the age of 23, as reliable historical financial records from that period are not publicly available."
"The Tiki Totem item in Terraria was introduced in the Jungle Buffs desktop patch, which is part of the 1.4 update."
Jules Ferry served as the Prime Minister of France for the second time until 31 May 1885.
The first names of Peter Kirstein's parents are not definitively known based on publicly available information.
"The amendment to the Federal Meat Inspection Act, Public Law Number 91-342, was enacted on June 28, 1969."
"The basin size of the Koshi River is approximately 74,640 square kilometers."
Barcelona was announced as the UNESCO-UIA World Capital of Architecture for the 2024–2026 term in November 2023.
"Ronald Reagan nominated Jean Galloway Bissell to a new seat on August 2, 1983."
"The man who invented both the Forstner bit and an electric motor, Benjamin Forstner, was born in Hamilton County, Ohio."
Yann LeCun received the IEEE Frank Rosenblatt Award in 2013.
"Audrey McLaughlin was likely born in High River, Alberta, Canada, although this information may not be definitively confirmed in all sources."
The Hellschreiker was invented in the year 1936.
"It is uncertain how many bottles and glasses are depicted in ""The Day After"" by Edvard Munch, as the painting does not prominently feature such items and reliable counts are not widely documented."
"Chattahoochee State Park in Alabama was not destroyed by a hurricane or permanently closed as a result of one, and there is no widely documented evidence of such an event occurring in any specific year."
"The rate of climb of the Agusta A.106 rotorcraft is not precisely specified in commonly available sources, but it is generally estimated to be around 700 to 900 feet per minute under standard conditions."
"The municipality of Arboletes, Antioquia, Colombia, was founded on December 23, 1549."
Albert-László Barabási was awarded the FEBS Anniversary Prize for Systems Biology in 2006.
The first author's full name is Russell Barkley.
"Babar Awan was suspended by the PPP on October 14, 2007, which contributed to the eventual dismissal of Zulfiqar Ali Bhutto's murder case following a series of hearings at the Supreme Court."
The pseudonym of the Swiss painter Erich Wassmer was Paul Klee.
The recipient of the Simion Stoilow Prize in 2006 was Mihai Păun.
Lucas Valeriu Ntuba Radebe attended Stanger High School until he was 15 years old.
"The LEGO part with ID 33085, a 2x4 Brick with Groove, was first released in 2003."
"The 435 Ella asteroid was discovered on September 28, 1898."
Mary Almy worked on Garland Junior College in 1956.
The two villages in Mauritius that were separate until they became a single administrative unit in 1963 are Quatre Bornes and Curepipe.
The original *Seiken Densetsu 3* soundtrack was released as a two-disc CD set.
"Gian Lorenzo Bernini created the ""Ecstasy of Saint Teresa"" during the papacy of Urban VIII."
The last name of the senator from New York who presented Reverend Billy Graham with the Gold Award of the George Washington Carver Memorial Institute in 1964 was O'Connor.
"The play ""Agamemnon"" at the 2022 Athens Epidaurus Festival was directed by Dimitris Lignadis."
Pedro Antonio de Aragón served as Viceroy of Catalonia from 1706 to 1714.
"The individual named Pharmacist of the Year in 1978 by the California Pharmacists Association was likely Dr. Donald E. Stokes, though confirmation from a reliable source is recommended to ensure accuracy."
"Albert Nijenhuis and his wife, Marianne, had three daughters."
"The Day Dream Smelter is located approximately 240 kilometers northwest of Broken Hill in New South Wales, Australia."
"Botswana police investigated Simbi Phiri in January 2023 after he allegedly crossed the Tlokweng border post near Gaborone with over $886,000 in cash."
The largest tributary of the Indus River is the Sutlej River.
The ChemSpider ID of azithromycin is 4438.
"The municipality of Marinilla, Antioquia, Colombia, is believed to have been founded in the 16th century, although the exact year is not definitively recorded."
"It is likely that the Walter Munk Medal was awarded to Robert Kunze in 2015, though this should be verified with a reliable source."
Richard Serra's father was from the Spanish island of Menorca.
The DC Comics character Gunfire was created by writer David Hine and artist Mike Deodato.
"In August 1974, the Cary High School band performed at the Swiss National Exhibition (Landesausstellung) in Zurich, Switzerland."
"The name of the song Father Loutermilch sings in *Outlast 2* is ""In the Arms of the Angel,"" though it is a distorted and modified version of the original track by Sarah McLachlan."
"The DK Jamz: The Original Donkey Kong Country Soundtrack was released in the United States on April 22, 2003."
"The 1993 Ig Nobel Prize for Mathematics was awarded to Carl E. Wieman of the University of Colorado, Boulder, for his research on the behavior of clouds of atoms cooled to near absolute zero."
The Minister of War in Brisson's 1st Ministry from 6 April 1885 to 7 January 1886 was Georges Trouillot.
"Doctor Radhakrishnan was addressed as ""Honourable Dr. Radhakrishnan"" in the salutation of the letter sent by A.C. Bhaktivedanta Swami Prabhupada on March 29, 1961."
"The actor depicted in the playbill of Norman Rockwell's illustration ""Family Night Out"" is likely Mickey Rooney, though the small and somewhat stylized image makes this identification somewhat uncertain."
Jim and Tammy Bakker started an East Coast version of *Praise the Lord* under TBN's umbrella in **September 1982**.
"The first ""All-India Ijtema of Jamaat-e-Islami"" was held in Delhi in 1941."
"Elisabeth Charlotte Rist began using the name ""Pipilotti Rist"" professionally in the late 1980s, though the exact year is not definitively specified in widely available sources."
"The MP for Red Deer, Alberta, in 1987 was Grant Mitchell."
William Butts Ittner served as the President of the St. Louis Chapter of the American Institute of Architects during the period from 1913 to 1914.
"The secret identity of the fourth incarnation of the DC Comics character Firebrand is not definitively established in widely known publications, but it has been suggested to be a young woman named Rachel Leah."
"The Richard Dawkins Award in 2004 was likely awarded to Daniel Dennett, though confirmation from a reliable source is recommended to ensure accuracy."
"The most prominent figure of the 1986 People Power Revolution was Corazon Aquino, who led the peaceful uprising that restored democratic governance in the Philippines."
The former First Lady who served as co-chair of the Met Gala from 1977 to 1978 was Jacqueline Kennedy Onassis.
Musikari Nazi Kombo attended Alliance High School for his secondary school education.
The surname of the individual who won the Chemical Industry Medal in 1946 is **Haworth**.
"The music for the Romanian anthem, ""Deșteaptă-te, române!"", was composed by Anton Pann."
"The surname of the individual who won the Melvin Mooney Distinguished Technology Award in 1999 is likely **Smith**, though this is not definitively confirmed without access to the most current or specific award records."
"It is uncertain, but likely that President Roh Moo-hyun of South Korea presented Justice Mohammad Afzal Cheema with South Korea's highest civil award."
"Professor Julia Rucklidge earned a Bachelor of Science from McGill University in Montreal, Canada in 1991."
Pinky Kekana was first elected to the Limpopo Provincial Legislature in 2013.
"It is not known whether Julie Mehretu married Jessica Rankin, as there is no public record or reliable source confirming such a marriage."
"Corrado Gabriele, an Italian politician, was born in January 1944."
KK Birla Garden is located in the city of Jammu in the Jammu division.
Karl Ludwig Graf von Ficquelmont became Minister-President of the Austrian Empire on 18 April 1848.
"The cultural symbol of the Lugbara ethnic group of Uganda is often considered to be the *mato* (honeycomb), representing social cohesion and the sweetness of communal life."
Walter Douglas Munn was appointed Thomas Muir Professor of Mathematics in 1956.
Janice Burgess's alma mater was the University of Southern California.
"The Japanese Type 89 torpedo uses an electric engine, although some sources may suggest potential hybrid or advanced propulsion systems, making the exact configuration slightly uncertain."
"Anna Yuryevna Netrebko was named ""People's Artist of Russia"" in December 2002."
Joseph Melville Broughton served as a United States Senator for approximately 1 month until he died.
"In Shinto culture, ""yukan"" is the third step in the funeral process."
"The artist who painted the first Duchess and Lady Fitzharding playing cards, which hung in the green drawing room as of 1908, is likely William Powell Frith, though this identification is based on contextual associations and may require confirmation from the specific text referenced."
Sonny Wade attended Jackson State University in 1969.
The Bazina du Gour was added to the cultural category of the UNESCO World Heritage Tentative List on 26 July 2023.
"The municipality of San Mateo, Boyacá, Colombia, was founded in the year 1600."
The voice actor who voices Alvina in the game *Dark Souls* is Anna Gunn.
The Margaret Oakley Dayhoff Award in 2005 was awarded to David Haussler.
"As of December 2019, Morris Villarroel had filled approximately 1,500 notebooks with lifelogging."
Grete Stern became a citizen of Argentina in 1954.
Pantera played on the main stage of Ozzfest in 1996 alongside Ozzy Osbourne and Black Sabbath.
"The village in the Chitradurga district of Karnataka where Umesh Reddy was born is believed to be Holenarasipura, though confirmation may vary across sources."
"""Impress the Parents"" from Season 3, Episode 7 of *Love Is Blind* (American version) was released in Week 7 of the season."
Hermann Goldschmidt lived in the 16th arrondissement of Paris when he discovered the asteroid 45 Eugenia.
The praying mantis species *Eremiaphila bovei* was described by Lefebvre in 1915.
"The vocals of the main show and theme song for ""BraviSEAmo!"" were likely recorded in Naples, Florida, though this is based on the location of the Seabreeze Amusement Park and not on direct confirmation of the recording location."
"Gustave ""Gus"" Fitzhugh Touchard Jr. passed away in San Antonio, Texas, USA."
The US Food and Drug Administration (FDA) approved the first RSV vaccines in August 2023.
France won the silver medal in the men's team foil event at the 1964 Summer Olympics.
The G-Shock GG-B100-8A typically comes with a CR2025 lithium battery.
"The municipality of El Santuario, Antioquia, Colombia, is believed to have been founded in the 16th century, although the exact year remains uncertain."
"The forest cover area of Punjab is approximately 1,284 square kilometers according to the India State of Forest Report 2019."
"The state highway road number of the Vellore - Ussoor Road under the Vellore division of Tamil Nadu, India is likely SH 48, though this may vary slightly depending on the most current official classifications and any recent renumbering."
The commencement speaker at Harvard in 2018 was former U.S. President Barack Obama.
"The dates for the Stanford University exhibition titled ""Sam Richardson: Islands, Ice, and Sand"" are not known with certainty, but it was likely on view between [estimated dates based on available information, if any], though this should be verified with the university's archives or official records."
Kara Walker's first solo exhibition was in 1997.
The recipient of the Dickson Prize in Medicine in 1996 was James P. Allison.
"Mahatma Gandhi gave the slogan ""Quit India."""
"Manny Pacquiao married Jinkee Jamora on April 21, 1995."
The power project located on the Suru River in Jammu and Kashmir is the Suru HEP (Hydel Electric Project).
"The final score on February 6, 2022, in the rugby match between Georgia and Portugal in the 2022 Rugby Europe Championship was Georgia 28–13 Portugal."
"The company that sponsored BraviSEAmo! at Tokyo DisneySea from 2004 to 2010 was likely Suntory, though the sponsorship details are not officially confirmed by Disney."
"Rachel found out the sex of her unborn child in the *Friends* episode ""The One with the Embryos"" (Season 6, Episode 11), though the specific moment of revealing the sex occurs in the subsequent episode, ""The One with All the Kissing"" (Season 6, Episode 12)."
"The title of the thesis of the Indian mathematician Amalendu Krishna was ""Motivic Decompositions of Homogeneous Spaces and the Quillen–Lichtenbaum Conjecture."""
"Koloman Bedeković became Minister of Croatian Affairs of Hungary for the first time on 1 July 1867, though precise dates may vary slightly depending on the source."
"Bernie Sanders sponsored the Cancer Registries Amendment Act on April 25, 2013."
"Elsie Tu was approximately 58 years old when she married her second husband, Dr. Thomas Lo, in 1971."
Carl Gordon attended Merchiston Castle School.
"Mordecai and Rigby find RadiCola in Season 4, Episode 12 of *Regular Show*, titled ""Radiolized."""
Dengvaxia was not approved in the United States.
"The name that Arthur Charles Hardy gave to the farm he purchased on Lyn Road was ""Lynbrae,"" though historical records on this matter are somewhat limited."
Margaret Hamburg worked as a clinical instructor for Georgetown University School of Medicine from 1981 to 1985.
"Elizabeth Magie Phillips is buried in Washington, D.C. (District of Columbia)."
The last mayor of Toronto to be elected by the council in 1873 was William Lyon Mackenzie.
The first African American to receive the National Librarian of the Year Award by *Library Journal* was Dr. Barbara A. Johnson in 2002.
"The album ""Expectations"" by Bebe Rexha placed at number 76 on the 2018 US Billboard 200 year-end chart."
"The municipality of Rondón, Boyacá, Colombia, was founded in the year 1541."
"The name of track 10 on disc 2 of the *Sen no Kiseki IV - The End of Saga* original soundtrack is likely ""Shiranami no Yōkai,"" though this may vary depending on the specific release or edition."
"The municipality of Panqueba, Boyacá, Colombia, was founded in the year 1540."
The Swedish scientist who received the Shaw Prize in 2022 is Svante Pääbo.
Each round in a longsword duel according to the 2021 Battle of the Nations rules lasts three minutes.
"The Kashmiri politician who earned the sobriquet ""Khalid-e-Kashmir"" is likely referring to Mirwaiz Mohammad Yusuf Shah, though the term is not widely documented and its usage may vary or be more informal."
Patch 0.7 increased the damage of Crusader Strike by 50% in the beta of World of Warcraft.
Aftab Ghulam Nabi Kazi was appointed as the Chairman of the Pakistan Atomic Energy Commission after relinquishing his office as Governor of the State Bank of Pakistan.
"The original name of Forthton, Ontario, before it was renamed Unionville in 1831 by Postmaster E. H. Whitmarsh, was likely ""Forthton,"" though historical records may not definitively distinguish an earlier name prior to that."
"Georges Marrane did not run in the 1958 French Presidential election, as France used a different electoral system at the time and he was not a candidate."
"John II of France was coronated as King of France on August 15, 1350."
Sesshū Tōyō entered the Buddhist community at the Kōfuku-ji temple in Nara as a child.
"The architectural style of the Odd Fellows Hall building in Eureka, California, is generally described as Victorian, though precise classification may vary depending on specific stylistic interpretations."
"The Briggs & Stratton Raptor III engine was likely released in the early 2000s, though the exact year is not definitively confirmed in widely available sources."
"It is likely that David Ortiz hit a double that scored two runs in the fourth inning of Game 1 of the 2007 World Series, though precise play-by-play confirmation is recommended for certainty."
The first iPad Air's main camera has an f-stop of f/2.4.
Walt Whitman and Peter Doyle traveled to New York in May 1870 to see the opera *Aida* by Giuseppe Verdi.
The recipient of the Eckert–Mauchly Award in 2021 was David A. Patterson.
"S. M. Sikri studied law at Trinity College, University of Cambridge."
"The Indonesian Food and Drug Authority (BPOM) approved Qdenga for use in individuals aged six to 45 years in July 2022, becoming the first regulatory authority in the world to do so."
"Max Hastings's first wife was Diana, with whom he had two children before their divorce."
"The full three-word name of the crystal was ""Star Crystal,"" though details may vary depending on the specific narrative elements of the attraction."
"Johann Ignaz Ludwig Fischer likely died in Vienna, though the exact location is not definitively confirmed in commonly accessible sources."
Haile Gebrselassie went undefeated in all of his road races in 1998.
"Václav Hlavatý died in Santa Monica, California."
"Rosa Bloch-Bollag, a Swiss politician and activist, was born on 25 July 1929."
"Golda Meir reportedly expressed agreement with Henry Kissinger's ""security versus sovereignty"" peace proposal during a visit to Washington, D.C. in May 1972, though the precise date and context remain somewhat contested among historians."
"Ragnar said, ""When everyone wanted you dead, I kept you alive,"" to Lagertha in the *Vikings* episode ""The Profit and the Loss."""
Syed Bashir Ahmad was born on 13 August 1939.
The title of the first piece that Merce Cunningham composed using the graphic animation program LifeForms was *LifeForms*.
"The peak of the Cochiquito volcanic group is approximately 5,164 meters."
"Sarah Young served as a missionary in Japan for approximately 20 years, though precise dates may vary slightly depending on the source."
The Welsh nurse who specializes in palliative care and was elected Fellow of the Learned Society of Wales in 2011 is **Dr. Dilys Guerin**.
"The character who narrated the last episode of ""One Life to Live"" on January 13, 2012, was likely Marty, portrayed by actor Peter Bergman, though this detail may require confirmation from the episode itself or a reliable source."
Dwayne Bravo took 2 wickets in the 2015 IPL final.
Dr. Abu Baker Asvat played for the cricket team known as the Transvaal.
"Church of the Highlands opened ""The Lodge at Grants Mill"" on its main campus in Irondale, Alabama in 2015."
Sidney Abbott joined the National Organization for Women in 1966.
"The domain ""aajtak.in"" was registered on 13 March 2003."
"The 5th Streamy Awards on September 17, 2015, hosted by Grace Helbig and Tyler Oakley, were live-broadcasted on YouTube."
The Oskar Kokoschka Prize in 2018 was awarded to the Austrian painter and sculptor **Heimo Zobernig**.
The disco named Infinity in NYC burned down in 1989.
"Chiharu Shiota introduced ""Dialogue with Absence"" in 2006."
"The length of Sidhu Moose Wala's song ""Bitch I'm Back"" is approximately 2 minutes and 59 seconds."
The two people who first described Metformin in scientific literature in 1922 were Jean-Louis Bouchardat and Paul Gilbert.
Jonathan Anderson put out his first-ever menswear collection in 2014.
"Kacey Musgraves first appeared on *Hollywood Medium with Tyler Henry* on October 27, 2014."
The full name of the individual who was awarded the Spearman Medal in 1992 is Sir David John Weatherall.
Isadora Duncan had three biological children.
"The first dressmaking school in Japan is generally considered to be the **Yūtenji Dressmaking School**, established in 1918 by Yūtenji Kōshō."
"According to Walter Sichel's *Emma Lady Hamilton*, Dr. James Graham's specialties in 1780 were ""the then derided but now accepted electricity"" and ""the then accepted but now derided Mesmerism."""
"The four health organizations that wrote to President John F. Kennedy calling for a National Commission on Smoking were the American Cancer Society, the American Heart Association, the American Lung Association, and the American Medical Association."
Richard F. Fenno Jr. was awarded the D.B. Hardeman Prize for his work *The Minority Majority: How the Liberal Establishment Undermined the Republican Party and What It Could Do to Itself*.
"Berlin's son, Raúl, was a police officer in *Money Heist*."
"The municipality of Chivor, Boyacá, Colombia, was founded in the year 1537."
"The secretary to Henri d'Angoulême while he served as governor of Provence was likely Jean de La Forêt, though this is not definitively confirmed in all historical sources."
"The Crayola color with the hexadecimal #E58E73 is likely ""Tawny"", though it may be referred to by a slightly different name depending on the specific product line or region."
"It is uncertain, but likely that King Goodwill Zwelithini's seventh child by Queen Mantfombi Dlamini is their son, Prince Vimbayi Zwelithini."
"There is no reliable evidence that Jean-Marie Hullot came up with the idea of the iPhone, and his death date is not widely documented or confirmed in credible sources."
"The Miners' Union Hall in British Columbia was likely designed by an architect practicing in San Francisco, though this is inferred based on historical patterns of architectural influence and may not be definitively confirmed without specific documentation."
"The durability of the Blue Flame in Dark Souls II is not explicitly stated in-game, but it typically lasts for several uses before depleting, though this may vary depending on the specific weapon and player experience."
"The population of Sonqorabad, Alborz, in 337 households at the 2006 National Census was 1,214."
Kiyosi Ito was appointed to the Cabinet Statistics Bureau in 1946.
"Viksit Bharat Sankalp Yatra was launched by the Prime Minister of India on October 7, 2023."
"The surname of the mathematician engraved on the Eiffel Tower at location NW06 is likely **Lagrange**, though the precise location and identification of names can sometimes be subject to variation or uncertainty."
The Minute Man sculpture by Daniel Chester French was originally intended to be made out of granite.
"Knud Nellemose, the Danish sculptor, was born on 27 April 1887."
Vujica Lazović defended his master's degree in 1994 at the University of Belgrade.
"The release price of the 2019 *Kirby Star Allies: The Original Soundtrack* was approximately 2,500 JPY, though this may vary slightly depending on the retailer and edition."
Isco was given a yellow card approximately in the 71st minute of the 2014 Champions League semi-final between Real Madrid and Bayern Munich.
"The first meeting in Azusa's building with Seymour and his group is widely believed to have occurred on April 9, 1906, though some sources hedge slightly on the exact date."
The first and last name of the person appointed as South African Ambassador to the Netherlands in 2005 by former President Thabo Mbeki is Itumeleng Mosala.
"The surname of the individual who won the Herman Skolnik Award in 1984 is *not definitively known*, as reliable information specifying the recipient from that year is not readily available."
The ChemSpider ID of Sitagliptin is 9944.
The Black Widow Pulsar (PSR B1957+20) is located within the constellation Cygnus.
Zulfikar Ali Bhutto studied law at the University of Cambridge in England.
"The name of the man who painted the ceiling of the Great Hall at Blenheim Palace is likely Giovanni Battista Tiepolo, although precise confirmation would require reference to the specific text mentioned."
"The municipality of Sora, Boyacá, Colombia, was founded by the Muisca people, though the exact founder is uncertain, as it was established as part of their pre-Columbian civilization."
The first and last name of the person who designed the historic Emil J. Oberhoffer House is Frank Lloyd Wright.
"It is widely believed that Pulsar, a brand of the Citizen Watch Company, made the world's first computerized diver's watch."
FontSite released a digital version of Sabon under the name **Sabon Next**.
Sigrid Ingeborg Henriette Wienecke died on 22 April 1985.
"The Rastriya Prajatantra Party was founded on April 20, 1993."
Johnson Evan Gicheru had three children.
The age range of the drivers who participated in the overnight study was 22 to 35 years.
Asteroid 3137 Horky was discovered on 25 April 1981.
"As of August 2017, the Henry Draper Catalogue is known to contain 225,301 stars, though this number refers to the original catalogue and does not include subsequent extensions."
"The second episode of Season 2 of *What We Do in the Shadows* was originally aired on **October 5, 2019**."
"According to the India State of Forest Report 2019, the forest cover area of Uttar Pradesh is approximately 18,237 square kilometers."
Manuleleua Paletasala Tovale was appointed Associate Minister for the Prime Minister and Cabinet on 26 October 2021.
The SIGMOD Edgar F. Codd Innovations Award in 1995 was received by C. J. Date.
"The first episode of the 12th season of *Say Yes to the Dress* was aired on **April 3, 2022**."
"In 1999, Susan Lucci was presented with an Emmy by Regis Philbin."
"George Cooke's father, John Cooke, was from London, England."
"Frida Kahlo's self-portrait *Self-Portrait with Loose Hair* was sold at Christie's in New York in May 1991 for approximately $494,500 USD."
"The full name of the German chemist who won the Bourke Award in 1965 is likely Otto Bayer, though the specific award details may require verification for absolute certainty."
Mohamed Zahafi achieved his personal best time in Lausanne in August 2005.
"The surname of the individual who won the Marlow Award in 1973 is likely *Bowen*, as this award is typically presented by the American Society of Media Photographers to a photojournalist, and David H. Bowen is frequently cited as the inaugural recipient, though definitive confirmation may require consulting historical records from the organization."
"It is uncertain how many performances ""Tristan and Isolde"" received at the Metropolitan Opera House in the 1889-1890 season, as reliable records for that specific season are not readily available."
"The former governor tied with Jim Hunt for the sixth-longest gubernatorial tenure in post-Constitutional U.S. history at 5,838 days is Mario Cuomo."
"John Lennon sustained injuries in the 1965 Aston Martin crash, but the exact number of stitches he received is not reliably documented."
"It is believed that ""Charing Cross Bridge"" by Claude Monet was gifted to Winston Churchill by the French government after WWII, though the precise source or official confirmation of this gesture remains somewhat uncertain."
Gustav Mahler was inducted into the Classical Music Hall of Fame in 1997.
Richard Day was first elected as a Republican in 2010.
"The second son of Amadeus Mozart was named Nannerl, and there is no historical evidence that he had another son with a full set of first, middle, and last names beyond this."
Limpho Hani worked at the Swedish Embassy in Maseru in 2021.
The 11th Prime Minister of India was Indira Gandhi.
"Virginia Tech and Alabama first faced each other in football on September 13, 2003."
The first name of the Uruguayan mathematician Mischa Cotlar's father was Jacob.
"Qinhuangdao Beidaihe Airport first opened after reconstruction and replaced the old Shanhaiguan Airport on July 1, 2016."
"The song ""Let's Do It Again"" performed by TLC was written by Tionne ""T-Boz"" Watkins, Lisa ""Left Eye"" Lopes, and Dallas Austin."
"The last exhibition at the Costume Institute under Richard Martin was ""Superheroes: Fashion and Pop Culture."""
"It is likely that the French poet and writer Paul Éluard lent Salvador Dalí a villa in 1938 to work, though the specific details may vary depending on the source."
"Frida Kahlo's largest painting is likely *The Two Fridas*, though precise identification of her ""largest"" may vary slightly depending on the measurement criteria used."
"Pedro Pascal first played alongside his sister, Julie Pascal, in the TV series *The West Wing*."
"Frank Bestow Wiborg attended Hotchkiss School, though precise confirmation of this detail may require additional verification."
"A symposium on tyrosinosis in honor of biochemist Grace Medes was held in 1965 in Basel, Switzerland."
Paul Frees voiced Ludwig Von Drake in 11 episodes of *Walt Disney's Wonderful World of Color*.
"Heidi Yellen proposed in 2003 that the signature frequency of a healthy human body is approximately 6.834 MHz, though this claim remains controversial and is not widely accepted in mainstream science."
The surname of the individual who won the Sir George Stokes Award in 2001 is *Jones*.
"The 2007 torch lighter for the Special Olympics World Summer Games in Shanghai, China was likely Muhammad Ali, though this is widely recognized based on common knowledge rather than direct verification."
The team that won the 2013–14 CEV Challenge Cup was HC Vardar from North Macedonia.
The ancient name of Orak Island was *Thyra*.
Victoria Villarruel signed the Madrid Charter in 2011.
"Al Gore and Viktor Chernomyrdin announced plans for a new space station in January 1998, which eventually evolved into the International Space Station."
Jacob Pieter Den Hartog was born on 28 April 1901.
Aniello Formisano was born on 27 April 1954.
Patty Berg became the first woman to hit a hole-in-one during a USGA competition at the U.S. Women's Open in 1946.
The Soweto Gospel Choir first performed for Oprah Winfrey in 2004.
"The counter strength value for the Fume Sword in Dark Souls II is believed to be 15, though slight variations may exist depending on the source or calculation method."
José Figueres Ferrer's second wife was named Mercedes Ortega Sanabria.
"It is uncertain who won the Benjamin Franklin Medal for Computer and Cognitive Science in 2002 without consulting a reliable source, but it is likely that Marvin Minsky was the recipient, as he was a prominent figure in the field and had received the award in a previous year."
"The song after which Lady Annabel Goldsmith was named is ""Annabel,"" by The Kinks, although this naming connection is often cited anecdotally and is not definitively confirmed."
"Approximately 80 tornadoes were confirmed in the U.S. during the tornado outbreak of June 5–6, 2010."
"Catherine Opie received the ""Archives of American Art Medal"" for the first time in 2015."
The Tawi is the tributary of the Jhelum that rises in the central Pir Panjal range.
"The 250-pound, 7-foot-long ""adolescent"" Greenland shark caught in *River Monsters* Season 9, episode ""Ice Cold Killer,"" is estimated to be around 40 to 50 years old, though age estimates for Greenland sharks can be uncertain due to their slow growth rates."
"Benny Hinn Ministries reportedly donated $1 million to tsunami relief efforts in 2004, but there is no widely documented evidence of a specific donation by the ministry in 2007."
"The cellmates of Anant Maral Shastri in Patna jail who later became the Indian National Congress President were not definitively recorded, but it is likely that he was imprisoned alongside other prominent leaders of the Indian independence movement."
"To the best of my knowledge, the computer technician named Rance in Season 7, Episode 4 of *The Dukes of Hazzard* was played by actor David Leisure."
Yasir Abbas Naqvi was born on 25 April 1973.
Ivan Lyakhov located the Lyakhovsky Islands by following the tracks of walruses.
"The Palace of Justice of the Argentine Nation was designed by the French architect Louis Deroanne, in collaboration with the Argentine architect Alejandro Bustillo."
"Nigeria is bordered by eight countries: Benin, Niger, Chad, Cameroon, and the Republic of the Congo, as well as the Central African Republic, Sudan, and South Sudan; however, the precise number can vary depending on the source and recognition of borders."
Leo Tolstoy reportedly came to Ilya Repin's studio to introduce himself in the year 1885.
"The municipality of San Miguel de Sema, Boyacá, Colombia, was founded in the year 1720."
"The glacial waterfall that Aniol Serrasolses kayaked down in the Arctic Circle was approximately 93 meters high, making it the biggest drop ever recorded for such a feat."
"It is uncertain which specific episode and season of ""The Jeffersons"" reveals Charlie's secret, as details about such a plot point are not widely documented in commonly available sources."
Sher Afgan Niazi was diagnosed with liver cancer in 2019.
"Ghana did not experience any earthquakes of 3.3 magnitude on the Richter scale in 2018, according to available seismic records."
"Christian Gyrling departed Naughty Dog in July 2022 after 17 years, and was succeeded by Travis McIntosh."
There is no credible evidence or verified information indicating that Oprah Winfrey ever left a suicide note for Gayle King.
James Levine was inducted into the Classical Music Hall of Fame in 2004.
The astronomer who discovered 83 Beatrix is James Craig Watson.
David Bowie was a film and television critic for The Observer from 1965 to 1973.
"The municipality of Girardota, Antioquia, Colombia, was founded in the year 1567."
Zakia Nabi Kazi passed away in the year 2016.
"As of 2022, Neeraj Chopra improved his personal best by 0.25 meters at the Stockholm Diamond League, achieving a throw of 89.94 meters."
"The first female Director General (DG) of MI5, and the first DG whose name was publicized upon appointment, was Stella Rimington."
Thabo Cecil Makgoba first became the diocesan bishop of Grahamstown in Makhanda in 2010.
Giulio Carlo Argan was elected as a Foreign Honorary Member of the American Academy of Arts and Sciences in 1982.
"The municipality of San Carlos, Antioquia, Colombia, is believed to have been founded in the year 1540, although precise historical records may vary."
Menem's first minister of education and culture was Oscar Alende.
"It is uncertain who exactly founded the municipality of La Capilla, Boyacá, Colombia, as historical records may attribute its founding to Spanish colonizers or local indigenous groups."
"The municipality of Susacón, Boyacá, Colombia, was founded in 1617."
"The council of Paris, Ontario, granted no liquor licenses in 1850 despite seven tavern keepers applying, due to significant opposition from over 100 abolitionist villagers."
"Seiko released their first 1000m diver watch, the Seiko 6105-1000, in 1975."
Lambda Istanbul became an official organization in 2009.
"Minecraft beta 1.4_01 was released on Thursday, July 24, 2008."
Zanele Muholi was awarded the prestigious Ford Foundation Art of Change Fellowship in 2012.
Rubén Salazar began serving as Archbishop of Barranquilla in 2001.
"Norman Rockwell was approximately 14 years old when he first attended the Chase Art School, though exact confirmation of his age at enrollment is occasionally subject to minor variation in sources."
"The surname of the individual who won the Applied Inorganic Chemistry Award in 2013 is **Chong**, as awarded by the Royal Society of Chemistry."
"The father of William Holwell Carr, John Holwell Carr, was a naval officer and later became a clergyman, though details about his occupation are not entirely certain."
The fourth vampire number in recreational mathematics is 1260.
"In 2001, Julie Mehretu participated in the exhibition ""The Human Factor"" at the Walker Art Center."
"The municipality of Abriaquí, Antioquia, Colombia, was founded in the year 1630."
"The municipality of Sopetrán, Antioquia, Colombia, was founded in the year 1541."
"The key signature of ""I Just Want to Be Where You Are"" by Don Moen is likely in the key of C major, although it may be performed in other keys depending on the arrangement or vocal range."
Baleka Mbete became the Deputy President of South Africa post-apartheid in 2014.
The mayor of Kathmandu who served from 1971 to 1976 was Mohan Shamsher Rana.
The Puzzling Stone Sword from *Dark Souls II* has a durability of 30.
"The Naro Space Center in Goheung, South Jeolla Province, was completed in July 2010."
Kristin Otto won six gold medals at the 1987 European Championships.
"The Terraria version that increased the server player limit to 255 was released on **April 1, 2022**, as part of the **1.4.4** update."
John Monteath Robertson was awarded the Gregori Aminoff Prize in 1980.
"The settler who selected the name of Aloha Township, Michigan is believed to have been Dr. Thomas M. Cook, though this information is sometimes presented with limited historical documentation."
It was reported in 2019 that some lichen and cyanobacteria survived and showed remarkable adaptation capacity for photosynthesis after 34 days in simulated Martian conditions in the Mars Simulation Laboratory (MSL) maintained by the German Aerospace Center (DLR).
"The book ""Rhine"" by Anselm Kiefer is from 2003."
"The first and last name of the voice actor who voiced the Little Sisters in *BioShock 2* (2010) is Jillian Mayer, though she is commonly credited as Jillian Mayer or Jillian Mayer-Harding; however, it is most likely that the correct full name is Jillian Mayer."
"Miranda Lambert's album ""Revolution"" was certified platinum by the RIAA in May 2008."
"Gazprom became the official Global Energy Partner of the UEFA Champions League 2012 winners, Chelsea, on 23 May 2012."
Kunihiko Kodaira's father brought back a cello from his 1921-22 trip to Germany.
